name,bbl,shape_area,construction_year,ground_elevation,mappluto_bbl,objectid,feature_code,shape_length,height_roof,last_status_type,bin,last_edited_date,geom_source,doitt_id,address,bldgclass,numfloors,unitsres,yearbuilt,latitude,longitude,roof_area_m2,pv_kw_dc,annual_kwh,avg_daily_kwh,psh_daily_kwh,canopy_area_m2,zoning_dist,commercial_overlay,special_purpose,limited_height,in_mih,has_edesignation,fema_firm_zone,in_historic_district
,1002830072,179.4140625,1900,33,1002830072,40252,2100,55.584620815361589,69.14,Constructed,1003598,2017-08-22 18:32:46+00:00,Photogrammetric,480851,162 EAST BROADWAY,C7,6.0,10,1900,40.7142001,-73.9904012,102.96955901945061,17.504825033306606,21670.97339123358,59.37252983899611,64.4177561225683,87.52412516653303,C4-4A,C1-5,Special Transit Land Use District,,False,False,,True
,1002820054,229.921875,1900,36,1002820054,956313,2100,64.984474772819325,69.3,Constructed,1003546,2017-08-22 17:27:22+00:00,Photogrammetric,20373,94 EAST BROADWAY,C7,6.0,10,1900,40.713967,-73.9935828,131.9613384491672,22.433427536358423,27772.583290011728,76.08926928770336,82.555013333799,112.1671376817921,C4-4A,C1-5,Special Transit Land Use District,,False,False,,True
,1002930028,265.0859375,1900,39,1002930028,766204,2100,84.114628097081464,74.49,Constructed,1003793,2017-08-22 18:13:57+00:00,Photogrammetric,422323,88 DIVISION STREET,C7,6.0,15,1900,40.7144638,-73.9937487,152.13892989073327,25.863618081424654,32019.15918480372,87.7237237939828,95.17811453964272,129.31809040712326,R7A,C1-5,,,False,False,,True
,1002920029,306.03515625,1900,41,1002920029,111547,2100,78.817185816096668,58.72,Constructed,1003774,2017-08-22 18:59:50+00:00,Photogrammetric,489438,5 ELDRIDGE STREET,C7,6.0,9,1900,40.7145846,-73.9940336,175.64839381775582,29.86022694901849,36966.96096288489,101.27934510379423,109.88563517238805,149.30113474509244,R7A,C1-5,,,False,False,,True
,1002920028,222.6171875,1900,42,1002920028,638796,2100,63.997501685316138,57.5,Constructed,1003773,2017-08-22 18:10:47+00:00,Photogrammetric,149546,7 ELDRIDGE STREET,C7,6.0,8,1900,40.7146505,-73.9940012,127.76536560371987,21.72011215263238,26889.49884495889,73.66985984920244,79.93001272168716,108.6005607631619,C6-1,C1-5,,,False,False,,True
,1002920027,216.33984375,1910,42,1002920027,993962,2100,63.420917133398888,58.76,Constructed,1003772,2017-08-22 17:26:53+00:00,Photogrammetric,196771,9 ELDRIDGE STREET,C7,6.0,18,1910,40.7147136,-73.9939687,124.16220696012321,21.107575183220945,26131.17807682753,71.59226870363707,77.67587667425308,105.53787591610472,C4-4A,C1-5,,,False,False,,True
,1002920026,321.2421875,1900,42,1002920026,319572,2100,83.995632800768675,61.1,Constructed,1003771,2017-08-22 18:55:13+00:00,Photogrammetric,92002,11 ELDRIDGE STREET,C7,6.0,18,1900,40.7147904,-73.9939759,184.37391329185047,31.343565259614582,38803.33379140285,106.31050353809,115.34432015538167,156.7178262980729,C6-1G,C2-5,,,False,False,,True
,1002920025,388.44921875,1900,42,1002920025,1063942,2100,102.09559912967798,62,Constructed,1003770,2017-08-22 17:57:24+00:00,Other (Manual),609605,13 ELDRIDGE STREET,C7,6.0,12,1900,40.7148563,-73.9939398,222.9447380627576,37.90060547066879,46920.94957268797,128.55054677448757,139.47422813206114,189.50302735334395,C4-4A,C1-5,,,False,False,,True
,1002930020,273.671875,1910,42,1002930020,111489,2100,98.731940769617765,61.27,Constructed,1003792,2017-08-22 19:22:34+00:00,Photogrammetric,638772,3 ALLEN STREET,C7,6.0,10,1910,40.7146834,-73.9931354,157.07621357716428,26.70295630811793,33058.25990945,90.57057509438356,98.26687921387398,133.51478154058964,C4-4A,C1-5,,,False,False,,True
,1002930015,291.53125,1910,42,1002930015,882504,2100,76.863414375330336,67.8,Constructed,1003788,2017-08-22 19:27:05+00:00,Photogrammetric,1203940,70 CANAL STREET,C7,6.0,13,1910,40.7150182,-73.9928865,167.31129622068687,28.44292035751677,35212.33540260576,96.47215178796098,104.6699469156617,142.21460178758383,C4-4A,C1-5,,,False,False,,True
,1002940022,301.38671875,1900,40,1002940022,634512,2100,85.389373992991722,67.34,Constructed,1003799,2017-08-22 18:45:54+00:00,Photogrammetric,307464,50 CANAL STREET,C7,6.0,20,1900,40.7146915,-73.9918188,172.96744632006565,29.40446587441116,36402.72875252101,99.73350343156442,108.20843441783308,147.0223293720558,C4-4A,C1-5,,,False,False,,True
,1002990030,312.1171875,1900,42,1002990030,727053,2100,91.718472760819651,61.7,Constructed,1003872,2017-08-22 19:33:04+00:00,Photogrammetric,338429,19 ORCHARD STREET,C1,6.0,10,1900,40.7153448,-73.9919341,179.1228835067852,30.450890196153484,37698.20206283801,103.28274537763839,112.0592759218448,152.25445098076742,C4-4A,C1-5,,,False,False,,True
,1002970022,271.53515625,1900,35,1002970022,950083,2100,88.813998638195912,62.58,Constructed,1083703,2017-08-22 18:24:34+00:00,Photogrammetric,25259,13 ESSEX STREET,C7,6.0,44,1900,40.7151799,-73.9902604,313.8446105953891,53.353583801216146,66051.73674590558,180.96366231754953,196.34118838847542,266.7679190060807,C4-4A,C1-5,,,False,False,,True
,1002970022,271.53515625,1900,35,1002970022,950083,2100,88.813998638195912,62.58,Constructed,1083703,2017-08-22 18:24:34+00:00,Photogrammetric,25259,13 ESSEX STREET,C7,6.0,44,1900,40.7151799,-73.9902604,313.8446105953891,53.353583801216146,66051.73674590558,180.96366231754953,196.34118838847542,266.7679190060807,C4-4A,C1-5,,,False,False,,True
,1002970022,275.30859375,1900,35,1002970022,706175,2100,89.438415585331455,62.94,Constructed,1083702,2017-08-22 17:40:54+00:00,Photogrammetric,559583,13 ESSEX STREET,C7,6.0,44,1900,40.7151799,-73.9902604,313.8446105953891,53.353583801216146,66051.73674590558,180.96366231754953,196.34118838847542,266.7679190060807,C4-4A,C1-5,,,False,False,,True
,1002970022,275.30859375,1900,35,1002970022,706175,2100,89.438415585331455,62.94,Constructed,1083702,2017-08-22 17:40:54+00:00,Photogrammetric,559583,13 ESSEX STREET,C7,6.0,44,1900,40.7151799,-73.9902604,313.8446105953891,53.353583801216146,66051.73674590558,180.96366231754953,196.34118838847542,266.7679190060807,C4-4A,C1-5,,,False,False,,True
,1002990027,365.6171875,1900,41,1002990027,952598,2100,91.416996439161011,64.75,Constructed,1003869,2017-08-22 18:07:22+00:00,Photogrammetric,590231,25 ORCHARD STREET,C8,6.0,14,1900,40.7154765,-73.991862,209.83615345489275,35.67214608733177,44162.11685611673,120.99210097566227,131.2734976013809,178.36073043665883,C4-4A,C1-5,,,False,False,,True
,1002990022,363.8515625,1910,39,1002990022,926620,2100,94.945389036341624,66.75,Constructed,1003865,2017-08-22 19:03:41+00:00,Photogrammetric,122478,35 ORCHARD STREET,C7,6.0,15,1910,40.7158004,-73.9916924,208.8263812029737,35.500484804505525,43949.60018797784,120.40986352870641,130.64178408058032,177.50242402252763,C4-4A,C2-5,,,False,False,,True
,1002980018,335.55078125,1930,36,1002980018,68070,2100,85.781759574324752,62.14,Constructed,1003852,2017-08-22 17:51:31+00:00,Photogrammetric,162238,56 HESTER STREET,C7,6.0,15,1930,40.7156768,-73.990787,296.0412719652276,50.327016234088696,62304.846097801805,170.69820848712823,185.2034197414464,251.63508117044347,C4-4A,C2-5,,,False,False,,True
,1002980018,335.55078125,1930,36,1002980018,68070,2100,85.781759574324752,62.14,Constructed,1003852,2017-08-22 17:51:31+00:00,Photogrammetric,162238,56 HESTER STREET,C7,6.0,15,1930,40.7156768,-73.990787,296.0412719652276,50.327016234088696,62304.846097801805,170.69820848712823,185.2034197414464,251.63508117044347,C4-4A,C2-5,,,False,False,,True
,1002980018,180.26953125,1930,36,1002980018,69039,2100,64.6031044135624,63.4,Constructed,1084870,2017-08-22 19:01:06+00:00,Photogrammetric,811917,56 HESTER STREET,C7,6.0,15,1930,40.7156768,-73.990787,296.0412719652276,50.327016234088696,62304.846097801805,170.69820848712823,185.2034197414464,251.63508117044347,C4-4A,C1-5,,,False,False,,True
,1002980018,180.26953125,1930,36,1002980018,69039,2100,64.6031044135624,63.4,Constructed,1084870,2017-08-22 19:01:06+00:00,Photogrammetric,811917,56 HESTER STREET,C7,6.0,15,1930,40.7156768,-73.990787,296.0412719652276,50.327016234088696,62304.846097801805,170.69820848712823,185.2034197414464,251.63508117044347,C4-4A,C2-5,,,False,False,,True
,1002980015,595.703125,1900,35,1002980015,70024,2100,137.56641643110146,70.85,Constructed,1003851,2017-08-22 17:38:31+00:00,Photogrammetric,130999,58 HESTER STREET,C7,6.0,38,1900,40.7157344,-73.9909817,341.8841754390728,58.12030982464238,71952.94356290727,197.1313522271432,213.88274015468397,290.6015491232119,C4-4A,C2-5,,,False,False,,True
,1003100032,170.796875,1910,34,1003100032,190085,2100,54.0710284505245,58.51,Constructed,1004045,2017-08-22 18:38:40+00:00,Photogrammetric,652549,27 ESSEX STREET,C7,6.0,8,1910,40.7158277,-73.9898454,98.02299429798677,16.663909030657752,20629.919379954295,56.52032706836793,61.32318523282053,83.31954515328876,C4-4A,C2-5,,,False,False,,True
,1003100024,350.80859375,1910,36,1003100024,494557,2100,89.27374225026665,59.45,Constructed,1004038,2017-08-22 18:51:25+00:00,Photogrammetric,599528,43 ESSEX STREET,C7,6.0,9,1910,40.7163684,-73.9896505,201.33109482204878,34.226286119748295,42372.14221624839,116.08806086643393,125.95273292067372,171.13143059874147,C4-4A,C1-5,,,False,False,,True
,1004090026,331.04296875,1900,37,1004090026,837000,2100,95.780481514375964,69.72,Constructed,1005293,2017-08-22 18:44:15+00:00,Photogrammetric,451857,246 BROOME STREET,C7,6.0,20,1900,40.718103,-73.9895132,189.9779801031386,32.296256617533565,39982.76569250655,109.54182381508645,118.85022435252353,161.4812830876678,C4-4A,C1-5,,,False,False,,True
,1004090027,299.01953125,1920,37,1004090027,43484,2100,96.510270829996742,68.71,Constructed,1005294,2017-08-22 18:14:37+00:00,Photogrammetric,791088,248 BROOME STREET,C7,6.0,22,1920,40.7181333,-73.9896106,171.5996108041446,29.171933836704582,36114.85408984027,98.94480572558979,107.35271651907286,145.8596691835229,C4-4A,C1-5,,,False,False,,True
,1003530049,488.4375,1910,28,1003530049,732392,2100,100.70497090108174,69.84,Constructed,1004299,2017-08-22 17:44:57+00:00,Photogrammetric,406586,102 NORFOLK STREET,C7,6.0,25,1910,40.7187313,-73.9869121,280.29488088537323,47.65012975051345,58990.86063113565,161.6187962496867,175.3524774818895,238.25064875256723,C4-4A,C2-5,,,False,False,,True
,1003530051,402.76953125,1910,23,1003530051,367009,2100,99.439772899880879,74.84,Constructed,1004300,2017-08-22 17:34:53+00:00,Photogrammetric,107129,106 NORFOLK STREET,C7,6.0,28,1910,40.7188246,-73.9868616,231.13250358089866,39.292525608752776,48644.14670363594,133.27163480448203,144.5964942402102,196.46262804376386,C6-2A,C2-5,,,False,False,,True
,1004090043,477.84375,1920,34,1004090043,242846,2100,106.60337302487292,65.48,Constructed,1005300,2017-08-22 18:38:14+00:00,Photogrammetric,397844,101 DELANCEY STREET,C7,6.0,20,1920,40.7184873,-73.9889071,274.2169635204761,46.616883798480934,57711.702142519396,158.11425244525861,171.55013237840984,233.08441899240466,C6-2A,C2-5,,,False,False,,True
,1003530020,528.5234375,1920,28,1003530020,731703,2100,129.70367823292034,69.27,Constructed,1004286,2017-08-22 17:44:48+00:00,Photogrammetric,437566,121 RIVINGTON STREET,C7,6.0,27,1920,40.7195548,-73.9873593,303.296194562328,51.56035307559577,63831.71710758757,174.88141673311662,189.74209931819243,257.8017653779788,C6-2A,C1-5,,,False,False,,True
,1003000004,262.890625,1930,41,1003000004,516832,2100,89.126977978974423,64.42,Constructed,1003877,2017-08-22 19:12:12+00:00,Photogrammetric,237887,42 ELDRIDGE STREET,C7,6.0,20,1930,40.7157346,-73.9929477,150.87032321302382,25.64795494621405,31752.168223412995,86.99224170798081,94.3844742020677,128.23977473107024,C6-2A,C1-5,,,False,False,,True
,1003000005,258.26953125,1930,41,1003000005,336415,2100,88.71680061684313,64.58,Constructed,1003878,2017-08-22 18:02:10+00:00,Photogrammetric,170223,44 ELDRIDGE STREET,C7,6.0,20,1930,40.7157977,-73.9929116,148.2204211138512,25.197471589354702,31194.46982762112,85.46430089759211,92.7266954488253,125.9873579467735,C6-2A,C1-5,,,False,False,,True
,1003000006,254.5078125,1930,42,1003000006,562021,2100,88.512460991053189,63.18,Constructed,1003879,2017-08-22 17:56:25+00:00,Photogrammetric,567829,46 ELDRIDGE STREET,C7,6.0,20,1930,40.7158636,-73.9928792,146.0661141421633,24.83123940416776,30741.07438235969,84.222121595506,91.37896100733735,124.15619702083879,C4-4A,C2-5,,,False,False,,True
,1003000007,315.515625,1910,41,1003000007,214879,2100,99.676693637491169,64.44,Constructed,1003880,2017-08-22 18:03:49+00:00,Photogrammetric,227068,48 ELDRIDGE STREET,C7,6.0,11,1910,40.7159295,-73.9928467,181.0648877427097,30.781030916260647,38106.91627433068,104.402510340632,113.27419377183918,153.90515458130324,C6-2A,C1-5,,,False,False,,True
,1003060001,417.78125,1910,41,1003060001,1063336,2100,102.65582215079813,67,Constructed,1003946,2017-08-22 18:31:41+00:00,Other (Manual),546360,119 HESTER STREET,C7,6.0,25,1910,40.7167968,-73.9934094,239.7615727126137,40.75946736114433,50460.22059309668,138.24717970711419,149.99483988901113,203.79733680572164,C6-2A,C2-5,,,False,False,,True
,1003060035,275.09375,1913,39,1003060035,890765,2100,77.479419585176316,67.39,Constructed,1003971,2017-08-22 17:28:04+00:00,Photogrammetric,106804,107 HESTER STREET,C7,6.0,17,1913,40.7166486,-73.9929116,157.87536555868374,26.838812144976238,33226.44943548058,91.03136831638516,98.76682869351255,134.19406072488118,C4-4A,C2-5,,,False,False,,True
,1003060032,318.60546875,1920,40,1003060032,810096,2100,98.384277585179547,63.61,Constructed,1003968,2017-08-22 19:31:54+00:00,Photogrammetric,260902,73 ELDRIDGE STREET,C7,6.0,22,1920,40.7169066,-73.9928935,182.83912936118622,31.082651991401658,38480.32316535525,105.4255429187815,114.38415932835811,155.41325995700828,C4-4A,C2-5,,,False,False,,True
,1003060031,230.78515625,1910,41,1003060031,441113,2100,94.800479314694911,76.26,Constructed,1003967,2017-08-22 19:34:54+00:00,Photogrammetric,248335,75 ELDRIDGE STREET,C7,6.0,10,1910,40.7169642,-73.992861,132.44242741785752,22.51521266103578,27873.833274362296,76.36666650510217,82.85598259261167,112.57606330517889,C4-4A,C2-5,,,False,False,,True
,1003060007,311.38671875,1900,39,1003060007,212629,2100,100.33184376440252,63.91,Constructed,1003951,2017-08-22 18:04:12+00:00,Photogrammetric,221632,74 FORSYTH STREET,C7,6.0,18,1900,40.7171372,-73.9931712,178.69992516019184,30.378987277232614,37609.18624921398,103.03886643620268,111.79467318021601,151.89493638616307,C4-4A,C1-5,,,False,False,,True
,1003060028,280.6328125,1910,41,1003060028,694600,2100,95.095727454514744,67.97,Constructed,1003965,2017-08-22 19:05:57+00:00,Photogrammetric,465084,81 ELDRIDGE STREET,C7,6.0,20,1910,40.7171646,-73.99276,161.05368921346377,27.37912716628884,33895.35943186558,92.86399844346735,100.75518797194292,136.8956358314442,C4-4A,C1-5,,,False,False,,True
,1003060009,305.0546875,1900,40,1003060009,559155,2100,98.943117492499084,60.65,Constructed,1003953,2017-08-22 18:47:30+00:00,Photogrammetric,498074,78 FORSYTH STREET,C7,6.0,17,1900,40.7172662,-73.9931063,175.0673444416963,29.761448555088368,36844.673311199396,100.94431044164219,109.5221306827252,148.80724277544184,C4-4A,C1-5,,,False,False,,True
,1003060023,345.6640625,1900,40,1003060023,882134,2100,96.015429778659993,69.93,Constructed,1003961,2017-08-22 18:43:03+00:00,Photogrammetric,275889,289 GRAND STREET,C7,6.0,13,1900,40.7174802,-73.9924533,198.36999935062005,33.72289988960541,41748.9500633315,114.3806851050178,124.1002715937479,168.61449944802703,C6-3A,C1-5,,,False,False,,True
,1003100040,487.59765625,1915,34,1003100040,121137,2100,107.81126741902166,64.42,Constructed,1004051,2017-08-22 18:59:47+00:00,Photogrammetric,494051,61 HESTER STREET,C7,6.0,20,1915,40.7158963,-73.9903288,279.84122548200634,47.57300833194108,58895.38431494306,161.35721730121386,175.06867066154317,237.86504165970538,C4-4A,C1-5,,,False,False,,True
,1003100029,308.76953125,1900,34,1003100029,685068,2100,79.752611068325265,67.79,Constructed,1004042,2017-08-22 17:41:13+00:00,Photogrammetric,23824,33 ESSEX STREET,C7,6.0,10,1900,40.7160473,-73.9898165,177.2044111962129,30.124749903356197,37294.44038035497,102.17654898727389,110.8590796443508,150.62374951678098,C4-4A,C1-5,,,False,False,,True
,1003100026,282.86328125,1900,36,1003100026,950085,2100,77.189672718648239,64.06,Constructed,1004040,2017-08-22 18:41:37+00:00,Photogrammetric,60598,39 ESSEX STREET,C7,6.0,20,1900,40.7162394,-73.9897155,162.33650845067277,27.59720643661437,34165.341568528595,93.60367553021533,101.55771968674088,137.98603218307184,C4-4A,C1-5,,,False,False,,True
,1003100007,450.0390625,1900,36,1003100007,728498,2100,104.13220386954011,69.13,Constructed,1004024,2017-08-22 17:58:23+00:00,Photogrammetric,77489,48 LUDLOW STREET,C7,6.0,27,1900,40.7163492,-73.9900113,258.2740231503766,43.90658393556402,54356.35091222826,148.9215093485706,161.5762288828756,219.5329196778201,C4-4A,C1-5,,,False,False,,True
,1003090025,252.5546875,1910,37,1003090025,580703,2100,89.065964617670829,67.69,Constructed,1004018,2017-08-22 19:30:15+00:00,Photogrammetric,315007,45 LUDLOW STREET,C7,6.0,11,1910,40.7164041,-73.9905055,144.9372522231181,24.639332877930077,30503.494102877434,83.57121672021215,90.67274499078269,123.19666438965038,C4-4A,C1-5,,,False,False,,True
,1003080024,285.203125,1910,37,1003080024,702216,2100,96.10408146663211,61.27,Constructed,1003992,2017-08-22 18:26:48+00:00,Photogrammetric,594652,47 ORCHARD STREET,C7,6.0,20,1910,40.7164426,-73.9913604,163.67710802674682,27.82510836454696,34447.48415530914,94.37666891865517,102.39639878153281,139.1255418227348,C6-3A,C1-5,,,False,False,,True
,1003090024,262.51171875,1900,37,1003090024,503186,2100,79.403428950424754,70.81,Constructed,1004017,2017-08-22 19:11:58+00:00,Photogrammetric,377959,47 LUDLOW STREET,C7,6.0,16,1900,40.71647,-73.990473,150.6588089118551,25.611997515015368,31707.652923589027,86.87028198243569,94.25215085525656,128.05998757507683,C6-1G,C1-5,,,False,False,,True
,1003090008,296.99609375,1910,38,1003090008,894260,2100,77.613905230756473,60.22,Constructed,1004002,2017-08-22 19:04:12+00:00,Photogrammetric,145340,58 ORCHARD STREET,C7,6.0,16,1910,40.7166896,-73.9907111,170.4469837051001,28.97598722986702,35872.27219057537,98.28019778239828,106.63163300591064,144.8799361493351,C6-3A,C1-5,,,False,False,,False
,1004080020,278.6953125,1900,39,1004080020,321660,2100,75.898856003382832,65.32,Constructed,1005280,2017-08-22 18:36:30+00:00,Photogrammetric,127016,67 LUDLOW STREET,C4,6.0,21,1900,40.717384,-73.9900003,159.93830999989868,27.189512699982778,33660.61672257868,92.22086773309226,100.05740673593662,135.94756349991388,C6-3A,C2-5,,,False,False,,False
,1004130049,475.90234375,1910,39,1004130049,166126,2100,121.44244982105329,63.55,Constructed,1005449,2017-08-22 17:50:23+00:00,Photogrammetric,354856,75 ORCHARD STREET,C7,6.0,30,1910,40.7177107,-73.9907109,273.1097972065126,46.42866552510714,57478.687920082644,157.47585731529492,170.85748913239428,232.1433276255357,C6-3A,C2-5,,,False,False,,False
,1004130045,472.765625,1910,39,1004130045,924044,2100,121.70999064614496,63.37,Constructed,1005448,2017-08-22 18:07:48+00:00,Photogrammetric,296988,81 ORCHARD STREET,C7,6.0,30,1910,40.7178397,-73.990646,271.3070454901624,46.12219773332761,57099.28079385958,156.43638573660158,169.72968765864562,230.61098866663804,C6-3A,C2-5,,,False,False,,False
,1004130014,542.0703125,1900,40,1004130014,584256,2100,120.30296017424985,69.3,Constructed,1005436,2017-08-22 18:46:53+00:00,Photogrammetric,483614,277 BROOME STREET,C7,6.0,25,1900,40.7182267,-73.9912339,311.08210540788775,52.883957919340915,65470.33990414405,179.3707942579289,194.61296514317456,264.41978959670456,C6-3A,C1-5,,,False,False,,False
,1004080014,268.84765625,1900,37,1004080014,743271,2100,88.214802113990487,61.37,Constructed,1005277,2017-08-22 18:50:23+00:00,Photogrammetric,840935,245 BROOME STREET,C7,6.0,20,1900,40.7177819,-73.9897766,154.27987850395064,26.22757934567161,32469.743229941454,88.95820062997659,96.51749199207153,131.13789672835804,C6-3A,C2-5,,,False,False,,False
,1004090029,308.76171875,1920,37,1004090029,25715,2100,99.86144290588102,68.9,Constructed,1005295,2017-08-22 19:14:21+00:00,Photogrammetric,556494,250 BROOME STREET,C7,6.0,22,1890,40.7181635,-73.9897116,177.1950151588358,30.123152577002084,37292.46289032858,102.17113120637967,110.85320148336767,150.6157628850104,C6-3A,C1-5,,,False,False,,False
,1004090031,307.03515625,1920,37,1004090031,397997,2100,94.515765454802334,69.4,Constructed,1005296,2017-08-22 17:34:32+00:00,Photogrammetric,541827,252 BROOME STREET,C7,6.0,16,1890,40.7181991,-73.9898126,176.20076733972604,29.95413044775343,37083.21349431874,101.59784518991435,110.23120004773261,149.77065223876713,C6-3A,C1-5,,,False,False,,False
,1004090033,303.30859375,1900,38,1004090033,447757,2100,95.176846180383691,68.4,Constructed,1005297,2017-08-22 17:59:48+00:00,Photogrammetric,660917,254 BROOME STREET,C7,6.0,16,1900,40.7182293,-73.98991,174.0553460754568,29.589408832827658,36631.68813504064,100.36078941107024,108.88902450480577,147.94704416413828,C6-1,C2-5,,,False,False,,False
,1004130002,410.05078125,1900,40,1004130002,700419,2100,130.32400033813093,68.16,Constructed,1005430,2017-08-22 18:44:44+00:00,Photogrammetric,458283,108 ELDRIDGE STREET,C7,6.0,20,1900,40.7180154,-73.9917787,235.31197329441676,40.00303546005085,49523.75789954296,135.68152849189852,147.21117049298712,200.01517730025424,C6-3A,C2-5,,,False,False,,False
,1004130004,347.0625,1909,40,1004130004,864069,2100,90.896506704201656,68.06,Constructed,1005431,2017-08-22 18:43:38+00:00,Photogrammetric,415202,112 ELDRIDGE STREET,C7,6.0,16,1909,40.7181142,-73.9917282,199.16746249925492,33.85846862487334,41916.784157593196,114.84050454135122,124.59916453953389,169.29234312436668,C6-1,C2-5,,,False,False,,False
,1004180047,298.0703125,1900,40,1004180047,843774,2100,93.74961143378394,67.84,Constructed,1005573,2017-08-22 18:43:58+00:00,Photogrammetric,581860,109 ELDRIDGE STREET,C7,6.0,22,1900,40.7182076,-73.9922296,171.05216609814872,29.07886823668528,35999.638877016376,98.62914760826405,107.01023511100182,145.3943411834264,C6-3A,C2-5,,,False,False,,False
,1004090034,388.03125,1920,38,1004090034,615572,2100,95.295783918584974,69.68,Constructed,1005298,2017-08-22 18:27:56+00:00,Photogrammetric,626940,256 BROOME STREET,C7,6.0,20,1920,40.7182595,-73.9900146,222.67638702739987,37.85498579465798,46864.47241378658,128.395814832292,139.30634772434135,189.2749289732899,C4-4A,C2-5,,,False,False,,False
,1004140059,183.85546875,1900,39,1004140059,415586,2100,61.495273283322824,60.41,Constructed,1079706,2017-08-22 18:34:45+00:00,Photogrammetric,193965,260 BROOME STREET,C7,6.0,14,1900,40.7183035,-73.9903248,212.54318273929175,36.1323410656796,44731.83823931134,122.55298147756533,132.9670151217009,180.66170532839797,C4-4A,C2-5,,,False,False,,False
,1004140059,183.85546875,1900,39,1004140059,415586,2100,61.495273283322824,60.41,Constructed,1079706,2017-08-22 18:34:45+00:00,Photogrammetric,193965,260 BROOME STREET,C7,6.0,14,1900,40.7183035,-73.9903248,212.54318273929175,36.1323410656796,44731.83823931134,122.55298147756533,132.9670151217009,180.66170532839797,C4-4A,C2-5,,,False,False,,False
,1004140059,186.5234375,1900,39,1004140059,463604,2100,57.927742760789613,60.41,Constructed,1079707,2017-08-22 19:13:29+00:00,Photogrammetric,631530,260 BROOME STREET,C7,6.0,14,1900,40.7183035,-73.9903248,212.54318273929175,36.1323410656796,44731.83823931134,122.55298147756533,132.9670151217009,180.66170532839797,C4-4A,C2-5,,,False,False,,False
,1004140059,186.5234375,1900,39,1004140059,463604,2100,57.927742760789613,60.41,Constructed,1079707,2017-08-22 19:13:29+00:00,Photogrammetric,631530,260 BROOME STREET,C7,6.0,14,1900,40.7183035,-73.9903248,212.54318273929175,36.1323410656796,44731.83823931134,122.55298147756533,132.9670151217009,180.66170532839797,C4-4A,C2-5,,,False,False,,False
,1004130012,418.8515625,1900,40,1004130012,173590,2100,112.57933627262268,69.24,Constructed,1005435,2017-08-22 19:39:25+00:00,Photogrammetric,654175,281 BROOME STREET,C7,6.0,22,1900,40.7182734,-73.9913854,240.36237959999082,40.86160453199844,50586.66641061407,138.5936066044221,150.37070467775425,204.3080226599922,C4-4A,C2-5,,,False,False,,False
,1004140028,431.8203125,1900,39,1004140028,5775,2100,125.48079155602314,68.81,Constructed,1005466,2017-08-22 17:35:52+00:00,Photogrammetric,851020,284 BROOME STREET,C7,6.0,20,1900,40.7186412,-73.9912808,247.80549952245156,42.126934918816765,52153.145429495155,142.88532994382234,155.0271205012457,210.6346745940838,C4-4A,C2-5,,,False,False,,False
,1004140031,353.3515625,1900,42,1004140031,20221,2100,105.97652587988672,68.78,Constructed,1005468,2017-08-22 18:01:05+00:00,Photogrammetric,703088,288 BROOME STREET,C7,6.0,20,1900,40.7187125,-73.9914611,202.7717622013477,34.47119957422911,42675.34507289564,116.9187536243716,126.85401443316312,172.35599787114555,C4-4A,C2-5,,,False,False,,False
,1004140032,316.71484375,1900,40,1004140032,587469,2100,107.14322372160137,70.9,Constructed,1005469,2017-08-22 18:28:55+00:00,Photogrammetric,511764,128 ELDRIDGE STREET,C6,6.0,15,1900,40.7187373,-73.9915405,181.75712120379836,30.89871060464572,38252.6037285514,104.80165405082576,113.70725502509625,154.4935530232286,C4-4A,C2-5,,,False,False,,False
,1004190040,735.68359375,1900,40,1004190040,1067078,2100,138.61234651359069,69,Constructed,1005583,2017-08-22 17:55:51+00:00,Other (Manual),239910,110 FORSYTH STREET,C6,6.0,25,1900,40.7189679,-73.9923341,422.1712295967038,71.76910903143964,88850.15698092227,243.42508761896514,264.1103212356979,358.8455451571982,C4-4A,C2-5,,,False,False,,False
,1004140003,286.59375,1900,40,1004140003,747135,2100,76.575604932992988,57.05,Constructed,1005454,2017-08-22 18:14:08+00:00,Photogrammetric,594253,138 ELDRIDGE STREET,C7,6.0,18,1900,40.718998,-73.9912699,164.4668229186373,27.959359896168337,34613.6875514564,94.83202068892165,102.89044441789947,139.79679948084168,R7A,C1-5,,,False,False,,False
,1004140018,340.08984375,1900,37,1004140018,208536,2100,91.1583346908452,73.47,Constructed,1005457,2017-08-22 17:36:52+00:00,Photogrammetric,507136,61 DELANCEY STREET,C7,6.0,15,1900,40.7191023,-73.9908658,195.15654508295356,33.17661266410211,41072.64647815841,112.52779857029701,122.08993460389576,165.88306332051053,C4-4A,C1-5,,,False,False,,False
,1004140005,584.3125,1900,40,1004140005,208836,2100,124.12086535705977,67.01,Constructed,1005456,2017-08-22 17:50:01+00:00,Photogrammetric,384306,55 DELANCEY STREET,C7,6.0,30,1900,40.7191599,-73.9911869,335.3141438736065,57.0034044585131,70570.21471963922,193.34305402640882,209.77252840732822,285.0170222925655,C4-4A,C1-5,,,False,False,,False
,1004150078,748.390625,1920,37,1004150078,161056,2100,112.63231177162601,63.88,Constructed,1005508,2017-08-22 19:40:32+00:00,Photogrammetric,581279,80 DELANCEY STREET,C7,6.0,29,1920,40.7193492,-73.9898665,429.4654383214633,73.00912451464876,90385.29614913516,247.63094835379496,268.67357821390743,365.0456225732438,C4-4A,C1-5,,,False,False,,False
,1004190066,538.0390625,1900,40,1004190066,278480,2100,127.82142528922215,63.23,Constructed,1005591,2017-08-22 17:36:12+00:00,Photogrammetric,80501,135 ELDRIDGE STREET,C7,6.0,28,1900,40.7191133,-73.9917605,308.75038885189053,52.4875661048214,64979.606837768886,178.0263201034764,193.15424326574274,262.43783052410697,C4-4A,C1-5,,,False,False,,False
,1004190065,295.54296875,1900,40,1004190065,212372,2100,96.812867867735989,68.48,Constructed,1005590,2017-08-22 18:38:28+00:00,Photogrammetric,739009,139 ELDRIDGE STREET,C7,6.0,22,1900,40.7192121,-73.99171,169.59224643529254,28.83068189399973,35692.38418477167,97.78735393088128,106.09690936991902,144.15340946999865,C4-4A,C1-5,,,False,False,,False
,1004190063,682.99609375,1920,40,1004190063,708116,2100,128.89749909658312,68.56,Constructed,1005589,2017-08-22 19:28:04+00:00,Photogrammetric,79238,47 DELANCEY STREET,C7,6.0,35,1920,40.7193109,-73.9916595,391.9443308997439,66.63053625295646,82488.6038811601,225.996175016877,245.2003734108798,333.1526812647823,C4-4A,C1-5,,,False,False,,False
,1004150035,347.38671875,1900,39,1004150035,87882,2100,90.78661312607062,55.87,Constructed,1005494,2017-08-22 17:51:20+00:00,Photogrammetric,714920,123 ALLEN STREET,C7,6.0,17,1900,40.7198653,-73.9904761,199.34648152734746,33.888901859649074,41954.46050224555,114.94372740341247,124.7111588435086,169.44450929824535,C4-4A,C1-5,,,False,False,,False
,1004150033,273.15234375,1900,38,1004150033,886913,2100,86.5155387794535,74.15,Constructed,1005493,2017-08-22 18:25:43+00:00,Photogrammetric,652389,125 ALLEN STREET,C7,6.0,24,1900,40.7199311,-73.99044,156.74918664875676,26.64736173028865,32989.43382209735,90.3820104714996,98.06229116746223,133.23680865144325,C4-4A,C1-5,,,False,False,,False
,1004100011,377.9140625,1920,36,1004100011,957505,2100,110.25664749230383,62.41,Constructed,1005309,2017-08-22 18:41:35+00:00,Photogrammetric,175067,85 RIVINGTON STREET,C7,6.0,15,1920,40.720082,-73.9890908,216.86849427012586,36.8676440259214,45642.14330409069,125.04696795641286,135.67293001539073,184.33822012960698,C4-4A,C1-5,,,False,False,,False
,1004150072,545.92578125,1920,38,1004150072,888012,2100,101.00577577705113,66.45,Constructed,1079077,2024-02-26 17:04:44+00:00,Photogrammetric,660535,127 ORCHARD STREET,C7,6.0,20,1920,40.7196786,-73.9896969,313.2746560430167,53.256691527312846,65931.7841108133,180.63502496113233,195.98462482051127,266.2834576365642,C4-4A,C1-5,,,False,False,,False
,1004150032,276.89453125,1910,38,1004150032,181966,2100,85.826798053957887,74.19,Constructed,1005492,2017-08-22 18:21:49+00:00,Photogrammetric,246918,127 ALLEN STREET,C7,6.0,24,1910,40.719997,-73.9904112,158.89433033605758,27.012036157129785,33440.900762526675,91.61890619870321,99.40429305823761,135.06018078564892,C4-4A,C1-5,,,False,False,,False
,1004150025,355.15625,1910,38,1004150025,650097,2100,125.2526231577213,70.84,Constructed,1005488,2017-08-22 19:29:14+00:00,Photogrammetric,21453,139 ALLEN STREET,C7,6.0,22,1910,40.7203264,-73.9902055,203.79870664690387,34.64578012997366,42891.47580090739,117.51089260522573,127.49647087830306,173.22890064986828,C4-4A,C1-5,,,False,False,,False
,1004230025,304.4765625,1900,36,1004230025,991617,2100,95.485183461113891,63.93,Constructed,1005646,2017-08-22 17:38:53+00:00,Photogrammetric,224308,111 CHRYSTIE STREET,C7,6.0,23,1900,40.7185563,-73.9939936,174.73018936882468,29.704132192700197,36773.715654562846,100.7499059029119,109.31120646913672,148.52066096350097,C4-4A,C1-5,,,False,False,,False
,1004180046,300.54296875,1900,40,1004180046,901680,2100,91.693658517942637,69.97,Constructed,1005572,2017-08-22 18:25:29+00:00,Photogrammetric,113240,111 ELDRIDGE STREET,C7,6.0,16,1900,40.7182707,-73.9921971,172.47361333002303,29.320514266103913,36298.796661436645,99.44875797653876,107.89949249926241,146.60257133051957,C4-4A,C1-5,,,False,False,,False
,1004130010,413.56640625,1900,40,1004130010,317263,2100,111.39232926571857,68.64,Constructed,1005434,2017-08-22 18:02:21+00:00,Photogrammetric,249695,285 BROOME STREET,C7,6.0,21,1900,40.7183173,-73.9915333,237.32736106714944,40.34565138141541,49947.91641019227,136.8436066032665,148.4719970836087,201.72825690707703,C6-3A,C1-5,,,False,False,,False
,1004130008,488.15234375,1909,40,1004130008,213787,2100,108.16595968724337,69.1,Constructed,1005433,2017-08-22 17:36:41+00:00,Photogrammetric,746858,289 BROOME STREET,C7,6.0,20,1909,40.718364,-73.9916848,280.1347596820544,47.62290914594925,58957.16152268517,161.52646992516486,175.25230565709325,238.11454572974623,C6-1,C1-5,,,False,False,,False
,1004180044,263.35546875,1900,39,1004180044,885697,2100,85.561494619995855,71.05,Constructed,1005570,2017-08-22 18:25:43+00:00,Photogrammetric,13142,291 BROOME STREET,C7,6.0,15,1900,40.7184436,-73.9919554,151.12204051581563,25.69074688768866,31805.14464695856,87.13738259440701,94.54194854669427,128.4537344384433,C6-3A,C1-5,,,False,False,,False
,1004180037,471.4765625,1900,40,1004180037,441516,2100,115.90103427503593,69.44,Constructed,1005565,2017-08-22 17:46:15+00:00,Photogrammetric,275892,305 BROOME STREET,C7,6.0,22,1900,40.7185891,-73.9924388,270.5623725700777,45.995603336913206,56942.55693109855,156.00700529068095,169.26382027984062,229.97801668456603,C6-1,C1-5,,,False,False,,False
,1004230017,301.015625,1920,37,1004230017,907134,2100,81.109289184912342,30.92,Constructed,1005641,2017-08-22 18:25:15+00:00,Photogrammetric,340888,327 BROOME STREET,C2,6.0,6,2024,40.7190229,-73.9938023,172.73927090929374,29.365676054579936,36354.70695556996,99.60193686457524,108.06568788085416,146.82838027289966,C6-1,C1-5,,,False,False,,False
,1004240040,388.14453125,1900,38,1004240040,795061,2100,100.12779343828655,61.21,Constructed,1005672,2017-08-22 18:31:23+00:00,Photogrammetric,396417,334 BROOME STREET,C7,6.0,21,1900,40.7194291,-73.9938564,222.72846438914442,37.86383894615455,46875.432615339334,128.4258427817516,139.33892732184876,189.31919473077275,C6-1G,C1-5,,,False,False,,False
,1004240029,278.9375,1910,39,1004240029,137940,2100,94.673937497339452,69.18,Constructed,1005666,2017-08-22 17:50:33+00:00,Photogrammetric,425572,135 CHRYSTIE STREET,C7,6.0,44,1910,40.7196514,-73.9934343,320.13337639447525,54.4226739870608,67375.27039598126,184.58978190679798,200.27544027238372,272.113369935304,C6-1G,C1-5,,,False,False,,False
,1004240029,278.9375,1910,39,1004240029,137940,2100,94.673937497339452,69.18,Constructed,1005666,2017-08-22 17:50:33+00:00,Photogrammetric,425572,135 CHRYSTIE STREET,C7,6.0,44,1910,40.7196514,-73.9934343,320.13337639447525,54.4226739870608,67375.27039598126,184.58978190679798,200.27544027238372,272.113369935304,C6-1G,C1-5,,,False,False,,False
,1004240029,278.92578125,1910,39,1004240029,416190,2100,94.674255639952037,68.26,Constructed,1084898,2017-08-22 18:00:36+00:00,Photogrammetric,203981,135 CHRYSTIE STREET,C7,6.0,44,1910,40.7196514,-73.9934343,320.13337639447525,54.4226739870608,67375.27039598126,184.58978190679798,200.27544027238372,272.113369935304,C6-2A,C1-5,,,False,False,,False
,1004240029,278.92578125,1910,39,1004240029,416190,2100,94.674255639952037,68.26,Constructed,1084898,2017-08-22 18:00:36+00:00,Photogrammetric,203981,135 CHRYSTIE STREET,C7,6.0,44,1910,40.7196514,-73.9934343,320.13337639447525,54.4226739870608,67375.27039598126,184.58978190679798,200.27544027238372,272.113369935304,R8A,C1-5,,,False,False,,False
,1004240026,256.19140625,1900,39,1004240026,284623,2100,91.579083339361475,66.92,Constructed,1005663,2017-08-22 18:02:55+00:00,Photogrammetric,30109,9 DELANCEY STREET,C7,6.0,15,1900,40.71986,-73.9933405,147.00988353268247,24.99168020055602,30939.70008828835,84.7663016117489,91.96938313804615,124.95840100278009,C6-2A,C1-5,,,False,False,,False
,1004250041,175.1328125,1900,41,1004250041,997242,2100,72.709230155364324,65.37,Constructed,1077635,2017-08-22 17:26:53+00:00,Photogrammetric,330461,10 DELANCEY STREET,C7,6.0,20,1900,40.7203925,-73.993207,199.784500553275,33.96336509405675,42046.64598644225,115.19629037381438,124.98518354612882,169.81682547028373,R8A,C1-5,,,False,False,,False
,1004250041,175.1328125,1900,41,1004250041,997242,2100,72.709230155364324,65.37,Constructed,1077635,2017-08-22 17:26:53+00:00,Photogrammetric,330461,10 DELANCEY STREET,C7,6.0,20,1900,40.7203925,-73.993207,199.784500553275,33.96336509405675,42046.64598644225,115.19629037381438,124.98518354612882,169.81682547028373,R8A,C1-5,,,False,False,,False
,1004250041,173.015625,1900,41,1004250041,584396,2100,73.163237555273611,65.86,Constructed,1077631,2017-08-22 18:28:40+00:00,Photogrammetric,316917,10 DELANCEY STREET,C7,6.0,20,1900,40.7203925,-73.993207,199.784500553275,33.96336509405675,42046.64598644225,115.19629037381438,124.98518354612882,169.81682547028373,R8A,C1-5,,,False,False,,False
,1004250041,173.015625,1900,41,1004250041,584396,2100,73.163237555273611,65.86,Constructed,1077631,2017-08-22 18:28:40+00:00,Photogrammetric,316917,10 DELANCEY STREET,C7,6.0,20,1900,40.7203925,-73.993207,199.784500553275,33.96336509405675,42046.64598644225,115.19629037381438,124.98518354612882,169.81682547028373,R8A,C1-5,,,False,False,,False
,1004780012,409.53515625,1900,39,1004780012,544770,2100,111.77480335126694,67.69,Constructed,1007131,2017-08-22 17:43:08+00:00,Photogrammetric,68703,164 ELIZABETH STREET,C7,6.0,15,1900,40.7206862,-73.99465,234.9980979616623,39.94967665348259,49457.69969701145,135.50054711509986,147.01481008481593,199.74838326741295,R7A,C1-5,,,False,False,,False
,1004780013,297.58984375,1908,39,1004780013,720717,2100,97.245277330778791,67.31,Constructed,1007132,2017-08-22 17:28:53+00:00,Photogrammetric,97214,166 ELIZABETH STREET,C7,6.0,22,1908,40.7207603,-73.9946355,170.7638892535051,29.029861173095867,35938.968132292684,98.46292638984298,106.82988911699279,145.14930586547933,R8A,C2-5,,,False,False,,False
,1004780014,203.38671875,1900,39,1004780014,355508,2100,64.419027249503515,60.69,Constructed,1007133,2017-08-22 19:36:31+00:00,Photogrammetric,1532,168 ELIZABETH STREET,C7,6.0,10,1900,40.7208289,-73.9946103,116.71273755310416,19.841165384027708,24563.3627454263,67.29688423404465,73.01548861322196,99.20582692013853,R7A,C2-5,,,False,False,,False
,1004100037,280.49609375,1900,34,1004100037,323384,2100,89.942502675174623,64.32,Constructed,1005325,2017-08-22 18:02:20+00:00,Photogrammetric,104646,110 LUDLOW STREET,C7,6.0,19,1900,40.7192036,-73.9885426,160.96757823019115,27.364488299132496,33877.23651432603,92.81434661459187,100.70131694080759,136.82244149566247,R7A,C1-5,,,False,False,,False
,1004100043,268.96875,1920,34,1004100043,935390,2100,88.1335973288033,67.12,Constructed,1005327,2017-08-22 18:07:36+00:00,Photogrammetric,439634,122 LUDLOW STREET,C7,6.0,19,1920,40.7195906,-73.9883441,154.35579570114032,26.240485269193854,32485.72076326199,89.00197469386846,96.56498579063339,131.20242634596926,R7A,C1-5,,,False,False,,False
,1004100044,266.29296875,1900,34,1004100044,600542,2100,88.093995226712309,67.51,Constructed,1005328,2017-08-22 19:29:58+00:00,Photogrammetric,718247,124 LUDLOW STREET,C7,6.0,20,1900,40.7196565,-73.9883116,152.80609074090663,25.977035425954128,32159.56985733121,88.10841056803072,95.59549036751119,129.88517712977063,R7A,C1-5,,,False,False,,False
,1004100018,408.63671875,1900,35,1004100018,338629,2100,98.156652251205827,67.44,Constructed,1005313,2017-08-22 18:18:41+00:00,Photogrammetric,151744,123 LUDLOW STREET,C7,6.0,31,1900,40.7197773,-73.9887698,234.48950207118418,39.863215352101314,49350.66060590142,135.20728933123678,146.6966324957328,199.31607676050655,R7A,C1-5,,,False,False,,False
,1004100046,504.74609375,1910,32,1004100046,119536,2100,104.03116120164678,65.79,Constructed,1005329,2017-08-22 18:39:41+00:00,Photogrammetric,645102,101 RIVINGTON STREET,C7,6.0,25,1910,40.7198459,-73.9883152,289.6439722328335,49.2394752795817,60958.47039612214,167.0095079345812,181.20126902886065,246.19737639790847,R7A,C1-5,,,False,False,,False
,1004100025,415.78125,1920,35,1004100025,255624,2100,128.58495225498189,66.9,Constructed,1005319,2017-08-22 18:20:00+00:00,Photogrammetric,311681,109 LUDLOW STREET,C7,6.0,24,1920,40.7194122,-73.9889574,238.59433386977133,40.56103675786113,50214.56350623208,137.57414659241667,149.26461526892896,202.80518378930563,R7A,C2-5,,,False,False,,False
,1004100002,340.9765625,1910,36,1004100002,872527,2100,103.32359481990056,69.51,Constructed,1005303,2017-08-22 18:08:36+00:00,Photogrammetric,58645,122 ORCHARD STREET,C7,6.0,20,1910,40.7194452,-73.9892929,195.6674485290794,33.2634662499435,41180.17121743005,112.82238689706863,122.40955579979207,166.31733124971748,R7-2,C1-5,,,False,False,,False
,1004100022,227.75,1900,35,1004100022,563149,2100,91.249682896173155,62.03,Constructed,1005316,2017-08-22 17:30:34+00:00,Photogrammetric,337670,117 LUDLOW STREET,C7,6.0,10,1900,40.7195989,-73.9888636,130.69680187226695,22.21845631828538,27506.4489220373,75.3601340329789,81.76391925129019,111.0922815914269,R8A,C2-5,,,False,False,,False
,1004110075,550.8984375,1900,34,1004110075,285556,2100,113.80953715650817,67.05,Constructed,1005385,2017-08-22 18:19:45+00:00,Photogrammetric,481699,100 RIVINGTON STREET,C7,6.0,20,1900,40.7201917,-73.988124,316.1236518932044,53.74102082184475,66531.3837774438,182.27776377381863,197.76695662438868,268.7051041092237,R8B,C1-5,,,False,False,,False
,1004110034,436.41015625,1920,34,1004110034,135202,2100,124.39896207498794,68.28,Constructed,1005363,2017-08-22 18:04:47+00:00,Photogrammetric,122442,94 RIVINGTON STREET,C7,6.0,20,1920,40.720307,-73.9885316,250.42258252241112,42.57183902880989,52703.93671766664,144.39434717168942,156.6643676260204,212.85919514404944,R8A,C2-5,,,False,False,,False
,1003540034,252.6171875,1900,31,1003540034,921003,2100,76.881103400651185,62.24,Constructed,1004319,2017-08-22 17:53:02+00:00,Photogrammetric,189406,126 RIVINGTON STREET,C7,6.0,7,1900,40.7198457,-73.9869949,144.95916583215586,24.643058191466498,30508.106041035524,83.58385216722061,90.68645414459671,123.21529095733248,R8A,C2-5,,,False,False,,False
,1004110039,292.26953125,1920,35,1004110039,951328,2100,77.604720542290437,69.18,Constructed,1005367,2017-08-22 17:27:23+00:00,Photogrammetric,330336,86 RIVINGTON STREET,C7,6.0,15,1920,40.7204223,-73.988914,167.71563403381631,28.511657785748778,35297.43233875699,96.70529407878627,104.9229006515555,142.55828892874388,R8B,C2-5,,,False,False,,False
,1004160069,441.2265625,1920,36,1004160069,726476,2100,100.07881170466952,62.14,Constructed,1005536,2017-08-22 17:44:47+00:00,Photogrammetric,552817,78 RIVINGTON STREET,C7,6.0,20,1920,40.72048,-73.9892928,253.184455361284,43.04135741141828,53285.200475335834,145.98685061735844,158.3921952740193,215.2067870570914,R8B,C2-5,,,False,False,,False
,1004160068,316.16796875,1900,36,1004160068,149117,2100,97.149484647529391,62.14,Constructed,1005535,2017-08-22 18:22:15+00:00,Photogrammetric,510185,145 ORCHARD STREET,C7,6.0,10,1900,40.7205596,-73.9892531,181.4238470785299,30.842054003350082,38182.4628561474,104.60948727711617,113.4987587323283,154.2102700167504,R8A,C2-5,,,False,False,,False
,1004160067,308.2265625,1900,36,1004160067,43080,2100,95.567113550113731,62.14,Constructed,1005534,2017-08-22 18:32:21+00:00,Photogrammetric,92850,147 ORCHARD STREET,C7,6.0,15,1900,40.7206255,-73.9892206,176.86893312598622,30.067718631417655,37223.83566569506,101.98311141286317,110.64920456361698,150.33859315708827,R7A,C2-5,,,False,False,,False
,1004160066,323.09765625,1900,35,1004160066,813774,2100,98.2003504875798,63.14,Constructed,1005533,2017-08-22 19:31:55+00:00,Photogrammetric,509883,149 ORCHARD STREET,C7,6.0,14,1900,40.7206886,-73.9891881,185.41007937351188,31.51971349349702,39021.40530494931,106.90795973958714,115.99254565606903,157.59856746748508,R7A,C1-5,,,False,False,,False
,1004160065,294.08984375,1900,35,1004160065,362218,2100,94.93261844096827,63.14,Constructed,1005532,2017-08-22 18:18:12+00:00,Photogrammetric,15298,151 ORCHARD STREET,C7,6.0,18,1900,40.7207517,-73.989152,168.7561788847366,28.688550410405227,35516.42540808167,97.30527509063471,105.57386551029124,143.44275205202612,R7A,C1-5,,,False,False,,False
,1004110042,489.62890625,1920,34,1004110042,4369,2100,120.8507489646408,66.71,Constructed,1005369,2017-08-22 18:55:27+00:00,Photogrammetric,577862,138 LUDLOW STREET,C7,6.0,27,1920,40.7203948,-73.9879327,280.9656398063455,47.76415876707874,59132.02855364348,162.005557681215,175.77210426284978,238.8207938353937,R7A,C1-5,,,False,False,,False
,1004110027,336.5703125,1920,34,1004110027,687111,2100,97.729227127346888,66.64,Constructed,1005358,2017-08-22 17:54:42+00:00,Photogrammetric,128426,143 LUDLOW STREET,C7,6.0,23,1920,40.7206391,-73.9883331,193.1288691489593,32.83190775532308,40645.901801089974,111.35863507147938,120.82142053958893,164.1595387766154,R7A,C1-5,,,False,False,,False
,1004110003,368.48828125,1920,33,1004110003,440109,2100,92.540656794111612,58.9,Constructed,1005342,2017-08-22 18:16:16+00:00,Photogrammetric,788526,150 ORCHARD STREET,C7,6.0,20,1920,40.7206529,-73.9886758,211.44816808861285,35.946188575064184,44501.38145592946,121.92159302994374,132.28197395623621,179.73094287532092,R7A,C1-5,,,False,False,,False
,1004110005,93.8984375,1920,36,1004110005,1057271,2100,38.795889337274687,13,Constructed,1088378,2017-08-10 15:26:38+00:00,Other (Manual),1061399,154 ORCHARD STREET,C7,6.0,14,1920,40.7207791,-73.9886109,182.21232170311848,30.976094689530143,38348.405225638315,105.0641239058584,113.99202845747094,154.8804734476507,R7A,C1-5,,,False,False,,False
,1004110005,93.8984375,1920,36,1004110005,1057271,2100,38.795889337274687,13,Constructed,1088378,2017-08-10 15:26:38+00:00,Other (Manual),1061399,154 ORCHARD STREET,C7,6.0,14,1920,40.7207791,-73.9886109,182.21232170311848,30.976094689530143,38348.405225638315,105.0641239058584,113.99202845747094,154.8804734476507,R7A,C1-5,,,False,False,,False
,1004110005,223.6328125,1920,35,1004110005,257162,2100,64.30146304765816,78.05,Constructed,1005344,2017-08-22 17:49:15+00:00,Photogrammetric,308114,154 ORCHARD STREET,C7,6.0,14,1920,40.7207791,-73.9886109,182.21232170311848,30.976094689530143,38348.405225638315,105.0641239058584,113.99202845747094,154.8804734476507,R7A,,,,False,False,,False
,1004110005,223.6328125,1920,35,1004110005,257162,2100,64.30146304765816,78.05,Constructed,1005344,2017-08-22 17:49:15+00:00,Photogrammetric,308114,154 ORCHARD STREET,C7,6.0,14,1920,40.7207791,-73.9886109,182.21232170311848,30.976094689530143,38348.405225638315,105.0641239058584,113.99202845747094,154.8804734476507,R7A,,,,False,False,,False
,1004110021,267.50390625,1900,34,1004110021,597601,2100,83.93944522920448,67.16,Constructed,1005354,2017-08-22 18:11:19+00:00,Photogrammetric,571695,153 LUDLOW STREET,C7,6.0,20,1900,40.7209437,-73.9881779,153.50459613367636,26.09578134272498,32306.577302293525,88.51117069121514,96.03247534122792,130.4789067136249,R7A,,,,False,False,,False
,1004250026,360.07421875,1900,42,1004250026,12320,2100,95.504446573256018,66.51,Constructed,1005689,2017-08-22 18:01:41+00:00,Photogrammetric,97006,17 RIVINGTON STREET,C7,6.0,20,1900,40.7211143,-73.9925287,206.6186523332022,35.12517089664438,43484.961570045736,119.13688101382394,129.26062889965132,175.62585448322187,R7A,,,,False,False,,False
,1004260044,389.42578125,1920,44,1004260044,597604,2100,97.997431064828916,63.89,Constructed,1005726,2017-08-22 17:30:22+00:00,Photogrammetric,96125,8 RIVINGTON STREET,C7,6.0,23,1920,40.7215809,-73.9927126,223.4610899421813,37.988385290170825,47029.62098923148,128.84827668282597,139.79725786782862,189.9419264508541,R8A,,,,False,False,,False
,1004260002,369.36328125,1900,43,1004260002,585117,2100,88.028956396090408,62.69,Constructed,1005701,2017-08-22 17:30:32+00:00,Photogrammetric,268186,217 BOWERY,C7,6.0,10,1900,40.721688,-73.9931203,211.94470593614946,36.03060000914541,44605.882811322015,122.207898113211,132.5926080336551,180.15300004572703,R7A,,,,False,False,,False
,1004920007,391.30078125,1900,43,1004920007,179358,2100,105.25448583528549,62.49,Constructed,1007392,2017-08-22 18:04:25+00:00,Photogrammetric,384062,202 ELIZABETH STREET,C7,6.0,27,1900,40.7219515,-73.9941845,224.53664753034047,38.17123008015788,47255.98283923546,129.46844613489168,140.470126694981,190.8561504007894,R7A,,,,False,False,,False
,1004930009,272.50390625,1900,43,1004930009,777130,2100,72.266548099018792,75.82,Constructed,1007475,2017-08-22 18:31:42+00:00,Photogrammetric,615886,228 MOTT STREET,C4,6.0,14,1900,40.7223386,-73.994924,156.3616883018453,26.581487011313705,32907.88092000637,90.15857786303116,97.81987220163444,132.90743505656852,R8A,,,,False,False,,False
,1004930010,256.8671875,1900,44,1004930010,763671,2100,92.863017702127252,64.76,Constructed,1007476,2017-08-22 19:32:23+00:00,Photogrammetric,734759,230 MOTT STREET,C7,6.0,11,1900,40.7224072,-73.9948952,147.38591838155014,25.055606124863527,31018.840382581046,84.98312433583848,92.20463053949777,125.27803062431762,R8A,,,,False,False,,False
,1004930012,255.703125,1900,42,1004930012,588021,2100,82.865737668102128,66.24,Constructed,1007477,2017-08-22 18:28:42+00:00,Photogrammetric,366616,234 MOTT STREET,C4,6.0,20,1900,40.7225417,-73.9948446,146.71843268502465,24.94213355645419,30878.36134289029,84.59825025449395,91.78705148775143,124.71066778227095,R8A,,,,False,False,,False
,1004930017,664.56640625,1900,43,1004930017,867582,2100,157.184605658306,68.6,Constructed,1007482,2017-08-22 17:53:48+00:00,Photogrammetric,732658,20 PRINCE STREET,C7,6.0,48,1900,40.7226213,-73.9945452,381.328200205476,64.82579403493092,80254.33301524448,219.87488497327254,238.55892204854578,324.12897017465457,R7A,,,,False,False,,False
,1005070001,397.87109375,1910,46,1005070001,759970,2100,90.4241826276562,69.37130663,Constructed,1007845,2017-08-22 17:57:58+00:00,Photogrammetric,531633,13 PRINCE STREET,C7,6.0,20,1910,40.7228244,-73.9939499,228.29440596303965,38.81004901371674,48046.84067898133,131.6351799424146,142.8209803704776,194.0502450685837,R7A,,,,False,False,,False
,1004260022,202.62109375,1920,41,1004260022,691023,2100,60.272012181942259,59.88,Constructed,1077245,2017-08-22 17:29:24+00:00,Photogrammetric,507492,13 STANTON STREET,C7,6.0,10,1920,40.7223906,-73.9923626,116.26519431247719,19.765083033121122,24469.17279500395,67.03882957535329,72.73550556188573,98.8254151656056,R8A,,,,False,False,,False
,1004930013,404.56640625,1900,42,1004930013,23965,2100,115.39756960454393,71.96,Constructed,1007478,2017-08-22 17:46:26+00:00,Photogrammetric,92497,30 PRINCE STREET,C7,6.0,25,1900,40.7227668,-73.9948915,232.13443260359668,39.46285354261144,48855.01268575296,133.8493498239807,145.22330103681008,197.31426771305718,R8B,,,,False,False,,False
,1005080046,218.0078125,1914,44,1005080046,177618,2100,77.2409722482598,71.40646052,Constructed,1007909,2017-08-22 17:50:11+00:00,Photogrammetric,347924,17 PRINCE STREET,C7,6.0,15,1914,40.7229259,-73.994188,125.0882608622246,21.26500434657818,26326.075381063787,72.1262339207227,78.2552159954077,106.3250217328909,R7A,,,,False,False,,False
,1002920010,371.65234375,1900,45,1002920010,713058,2100,105.56042704414649,71.32,Constructed,1003759,2017-08-22 18:26:36+00:00,Photogrammetric,642428,28 FORSYTH STREET,C7,6.0,22,1900,40.7152077,-73.9941634,213.29494105700653,36.26013997969111,44890.05329485759,122.98644738317148,133.4373151252633,181.30069989845555,R8B,,,,False,False,,False
,1003030020,342.625,1910,41,1003030020,850746,2100,74.3620522808463,69.35,Constructed,1003912,2017-08-22 18:26:10+00:00,Photogrammetric,365705,122 HESTER STREET,C7,6.0,20,1910,40.7169122,-73.994726,196.6319649376729,33.427434039404396,41383.163340782645,113.37852970077437,123.01295726500817,167.13717019702196,R7A,,,,False,False,,False
,1003040035,729.6484375,1910,40,1003040035,2963,2100,115.53232744291026,65.14,Constructed,1003945,2017-08-22 17:48:31+00:00,Photogrammetric,214723,75 CHRYSTIE STREET,C7,6.0,35,1910,40.7171894,-73.9946863,418.73389477852163,71.18476211234868,88126.73549508766,241.44311094544565,261.9599245734432,355.9238105617434,R8A,,,,False,False,,False
,1003040031,520.1171875,1910,39,1003040031,707939,2100,126.56980184837472,66.74,Constructed,1003942,2017-08-22 18:09:25+00:00,Photogrammetric,113307,83 CHRYSTIE STREET,C7,6.0,28,1910,40.7174474,-73.9945528,298.4901329327717,50.74332259857119,62820.23337703113,172.11022843022226,186.73542716274198,253.71661299285594,R7A,,,,False,False,,False
,1002050004,543.27734375,1915,33,1002050004,589200,2100,130.47215409400019,64.74,Constructed,1002630,2017-08-22 17:42:37+00:00,Photogrammetric,733853,106 MULBERRY STREET,C7,6.0,33,1915,40.717324,-73.9981566,311.7809635950635,53.002763811160804,65617.42159821707,179.77375780333443,195.05017082507175,265.013819055804,R8B,,,,False,False,,False
,1002060004,228.17578125,1910,24,1002060004,336398,2100,65.155454367994238,57.71,Constructed,1079542,2017-08-22 19:17:13+00:00,Photogrammetric,568662,119 BAXTER STREET,C7,6.0,22,1910,40.7178922,-73.9988059,188.6570954907227,32.07170623342286,39704.7723169775,108.78019812870548,118.02387893899612,160.35853116711428,R8B,,,,False,False,,False
,1002060004,228.17578125,1910,24,1002060004,336398,2100,65.155454367994238,57.71,Constructed,1079542,2017-08-22 19:17:13+00:00,Photogrammetric,568662,119 BAXTER STREET,C7,6.0,22,1910,40.7178922,-73.9988059,188.6570954907227,32.07170623342286,39704.7723169775,108.78019812870548,118.02387893899612,160.35853116711428,R8B,,,,False,False,,False
,1002050023,280.54296875,1900,36,1002050023,405243,2100,91.011443951270948,66.49,Constructed,1002642,2017-08-22 19:15:22+00:00,Photogrammetric,695713,111 MOTT STREET,C7,6.0,22,1900,40.7176122,-73.9975686,161.00143143119422,27.37024334330302,33884.361259009136,92.83386646303873,100.7224955033551,136.8512167165151,R7A,,,,False,False,,False
,1002060004,100.55859375,1910,26,1002060004,528040,2100,40.111743167922924,46.34,Constructed,1079543,2009-02-14 00:00:00+00:00,Photogrammetric,645882,119 BAXTER STREET,C7,6.0,22,1910,40.7178922,-73.9988059,188.6570954907227,32.07170623342286,39704.7723169775,108.78019812870548,118.02387893899612,160.35853116711428,R7A,,,,False,False,,False
,1002060004,100.55859375,1910,26,1002060004,528040,2100,40.111743167922924,46.34,Constructed,1079543,2009-02-14 00:00:00+00:00,Photogrammetric,645882,119 BAXTER STREET,C7,6.0,22,1910,40.7178922,-73.9988059,188.6570954907227,32.07170623342286,39704.7723169775,108.78019812870548,118.02387893899612,160.35853116711428,R8A,,,,False,False,,False
,1002380040,714.734375,1910,36,1002380040,548300,2100,116.48789248548941,65.18,Constructed,1003114,2017-08-22 18:12:12+00:00,Photogrammetric,198788,173 HESTER STREET,C7,6.0,30,1910,40.7179992,-73.9968543,410.1702428906654,69.72894129141312,86324.42931876944,236.50528580484777,256.6025039524003,348.6447064570656,R8A,,,,False,False,,False
,1002370029,400.17578125,1912,34,1002370029,363721,2100,92.637850842702164,62.62,Constructed,1003096,2017-08-22 18:01:43+00:00,Photogrammetric,233404,121 MOTT STREET,C7,6.0,25,1912,40.7180486,-73.9972151,229.65451215516293,39.0412670663777,48333.08862817559,132.4194208991112,143.67186280426992,195.20633533188848,R7A,,,,False,False,,False
,1002370028,343.32421875,1912,33,1002370028,819102,2100,85.47023634529306,64.6,Constructed,1003095,2017-08-22 19:10:10+00:00,Photogrammetric,390929,123 MOTT STREET,C7,6.0,25,1912,40.7181776,-73.9971357,197.02200162544958,33.49374027632643,41465.25046209212,113.60342592354004,123.25696421688124,167.46870138163214,R7A,,,,False,False,,False
,1002050018,282.77734375,1910,34,1002050018,18506,2100,90.681654729311973,66.95,Constructed,1002640,2017-08-22 18:35:15+00:00,Photogrammetric,408254,174 HESTER STREET,C7,6.0,19,1910,40.7178455,-73.9976768,162.27675315594155,27.587048036510062,34152.765469199454,93.56922046356014,101.52033677435702,137.9352401825503,R7A,,,,False,False,,False
,1002030015,257.55859375,1900,41,1002030015,88060,2100,75.6507644782105,62.82,Constructed,1079529,2017-08-22 17:51:19+00:00,Photogrammetric,802790,58 ELIZABETH STREET,C7,6.0,45,1900,40.7173734,-73.9962267,342.5676951541982,58.2365081762137,72096.79712215255,197.52547156754125,214.3103500884664,291.18254088106846,R7A,,,,False,False,,False
,1002030015,257.55859375,1900,41,1002030015,88060,2100,75.6507644782105,62.82,Constructed,1079529,2017-08-22 17:51:19+00:00,Photogrammetric,802790,58 ELIZABETH STREET,C7,6.0,45,1900,40.7173734,-73.9962267,342.5676951541982,58.2365081762137,72096.79712215255,197.52547156754125,214.3103500884664,291.18254088106846,R7A,,,,False,False,,False
,1002030015,339.3828125,1900,40,1002030015,804264,2100,92.913041521717375,65.15,Constructed,1079528,2017-08-22 18:31:11+00:00,Photogrammetric,683610,58 ELIZABETH STREET,C7,6.0,45,1900,40.7173734,-73.9962267,342.5676951541982,58.2365081762137,72096.79712215255,197.52547156754125,214.3103500884664,291.18254088106846,R7A,,,,False,False,,False
,1002030015,339.3828125,1900,40,1002030015,804264,2100,92.913041521717375,65.15,Constructed,1079528,2017-08-22 18:31:11+00:00,Photogrammetric,683610,58 ELIZABETH STREET,C7,6.0,45,1900,40.7173734,-73.9962267,342.5676951541982,58.2365081762137,72096.79712215255,197.52547156754125,214.3103500884664,291.18254088106846,R8A,,,,False,False,,False
,1003040030,303.53125,1910,38,1003040030,459823,2100,93.648843787806243,69.14,Constructed,1003941,2017-08-22 17:33:36+00:00,Photogrammetric,588963,85 CHRYSTIE STREET,C7,6.0,20,1910,40.7175435,-73.9945023,174.19241175458671,29.61270999827974,36660.53497787032,100.43982185717896,108.97477279366944,148.0635499913987,R7A,,,,False,False,,False
,1003040029,282.9375,1900,38,1003040029,647520,2100,89.4964734541108,68.61,Constructed,1003940,2017-08-22 17:55:28+00:00,Photogrammetric,330839,87 CHRYSTIE STREET,CB,6.0,10,1900,40.7176011,-73.9944735,162.3762525940809,27.603962940993757,34173.70612095027,93.62659211219253,101.58258362285703,138.01981470496878,R7A,,,,False,False,,False
,1002390008,278.21484375,1910,36,1002390008,4298,2100,89.552397082258793,72.24,Constructed,1003116,2017-08-22 19:17:34+00:00,Photogrammetric,92314,84 ELIZABETH STREET,C7,6.0,24,1910,40.7180458,-73.9957829,159.65011265557436,27.140519151447645,33599.96270949218,92.0546923547731,99.87711047732734,135.7025957572382,R7A,,,,False,False,,False
,1002390010,268.26953125,1910,34,1002390010,556617,2100,86.848073728112368,73.53,Constructed,1003118,2017-08-22 19:08:42+00:00,Photogrammetric,769305,88 ELIZABETH STREET,C7,6.0,24,1910,40.7181721,-73.9957144,153.95095288491132,26.171661990434924,32400.517544158436,88.76854121687242,96.31171612480051,130.8583099521746,R7A,,,,False,False,,False
,1002380004,522.90234375,1912,35,1002380004,995651,2100,123.09356170610241,65.76,Constructed,1003100,2017-08-22 18:40:58+00:00,Photogrammetric,637901,124 MOTT STREET,C7,6.0,39,1912,40.7182242,-73.9966162,300.0738417781427,51.012553102284265,63153.54074062792,173.02339928939156,187.72619541640609,255.0627655114213,R7A,,,,False,False,,False
,1002380027,276.765625,1900,36,1002380027,231026,2100,88.6647446514492,62.08,Constructed,1079594,2017-08-22 18:38:03+00:00,Photogrammetric,297306,83 ELIZABETH STREET,C7,6.0,34,1900,40.7181748,-73.9962555,318.5624718998837,54.155620222980225,67044.65783604952,183.68399407136855,199.29268242056722,270.7781011149011,R8A,,,,False,False,,False
,1002380027,276.765625,1900,36,1002380027,231026,2100,88.6647446514492,62.08,Constructed,1079594,2017-08-22 18:38:03+00:00,Photogrammetric,297306,83 ELIZABETH STREET,C7,6.0,34,1900,40.7181748,-73.9962555,318.5624718998837,54.155620222980225,67044.65783604952,183.68399407136855,199.29268242056722,270.7781011149011,R8B,,,,False,False,,False
,1002380027,278.34375,1900,35,1002380027,933854,2100,88.93193567685789,62.48,Constructed,1079595,2017-08-22 18:24:48+00:00,Photogrammetric,127623,83 ELIZABETH STREET,C7,6.0,34,1900,40.7181748,-73.9962555,318.5624718998837,54.155620222980225,67044.65783604952,183.68399407136855,199.29268242056722,270.7781011149011,R8B,,,,False,False,,False
,1002380027,278.34375,1900,35,1002380027,933854,2100,88.93193567685789,62.48,Constructed,1079595,2017-08-22 18:24:48+00:00,Photogrammetric,127623,83 ELIZABETH STREET,C7,6.0,34,1900,40.7181748,-73.9962555,318.5624718998837,54.155620222980225,67044.65783604952,183.68399407136855,199.29268242056722,270.7781011149011,R8B,,,,False,False,,False
,1002380023,392.375,1910,34,1002380023,87770,2100,106.28753081222911,68.06,Constructed,1003107,2017-08-22 19:00:44+00:00,Photogrammetric,120272,91 ELIZABETH STREET,C7,6.0,27,1910,40.7184164,-73.9961292,225.17371875028417,38.279532187548305,47390.0608481848,129.8357831457118,140.86867845017775,191.39766093774153,R8B,,,,False,False,,False
,1002380021,397.97265625,1910,33,1002380021,541978,2100,106.44868440196109,69.97,Constructed,1003106,2017-08-22 17:43:00+00:00,Photogrammetric,380086,95 ELIZABETH STREET,C7,6.0,27,1910,40.7185179,-73.9960823,228.37906002545716,38.824440204327715,48064.65697295771,131.68399170673345,142.873939951926,194.12220102163857,R8B,,,,False,False,,False
,1002380014,466.30078125,1900,32,1002380014,991211,2100,121.86348521749639,64.86,Constructed,1003103,2017-08-22 18:40:59+00:00,Photogrammetric,680493,209 GRAND STREET,C7,6.0,20,1900,40.718754,-73.9962482,267.5867558402002,45.48974849283404,56316.30863412854,154.291256531859,167.40227445362927,227.44874246417018,R8A,,,,False,False,,False
,1002390011,289,1900,34,1002390011,498547,2100,95.662851135750159,69.66,Constructed,1003119,2017-08-22 18:33:01+00:00,Photogrammetric,143657,90 ELIZABETH STREET,C7,6.0,20,1900,40.7182297,-73.9956675,165.84815755472263,28.19418678430285,34904.40323896693,95.62850202456693,103.75460736623448,140.97093392151424,R8A,,,,False,False,,False
,1002390012,998.0078125,1912,33,1002390012,389245,2100,137.53046245022907,68.1,Constructed,1003120,2017-08-22 18:17:21+00:00,Photogrammetric,575746,92 ELIZABETH STREET,C7,6.0,53,1912,40.7183615,-73.9956061,572.7206110473069,97.36250387804216,120534.7798010162,330.2322734274416,358.2940142711952,486.8125193902108,R8B,,,,False,False,,False
,1004700031,263.6640625,1920,31,1004700031,992281,2100,89.3805136921089,64.03,Constructed,1006937,2017-08-22 19:24:26+00:00,Photogrammetric,785860,208 GRAND STREET,C7,6.0,22,1920,40.7191959,-73.9961977,151.30106881315118,25.7211816982357,31842.822942415798,87.24061080113917,94.65394864950737,128.6059084911785,R7A,,,,False,False,,False
,1004700032,322.69140625,1909,31,1004700032,965954,2100,90.086181527505175,63.14,Constructed,1006938,2017-08-22 17:39:21+00:00,Photogrammetric,18933,206 GRAND STREET,C7,6.0,20,1909,40.7192261,-73.9962807,185.1808167662272,31.48073885025862,38973.15469662017,106.77576629211006,115.84911896895171,157.4036942512931,R8A,,,,False,False,,False
,1004710052,639.6875,1910,30,1004710052,248801,2100,130.6954634485823,67.31,Constructed,1006992,2017-08-22 18:20:25+00:00,Photogrammetric,61632,200 GRAND STREET,C7,6.0,35,1910,40.7193167,-73.9965512,367.08253596209175,62.4040311135556,77256.19051858183,211.6607959413201,229.64683449788458,312.020155567778,R8B,,,,False,False,,False
,1002370011,350.2890625,1900,28,1002370011,437881,2100,97.590189361996636,66.92,Constructed,1077452,2017-08-22 18:00:17+00:00,Photogrammetric,796685,146 MULBERRY STREET,C7,6.0,15,1900,40.7188748,-73.9972511,201.01272893383745,34.17216391875237,42305.13893141543,115.90449022305597,125.7535632210087,170.86081959376182,R8B,,,,False,False,,False
,1002370012,632.64453125,1900,27,1002370012,276589,2100,126.8997884982744,66.01,Constructed,1077451,2017-08-22 18:37:25+00:00,Photogrammetric,962200,191 GRAND STREET,C7,6.0,35,1900,40.7190724,-73.9972439,363.04594574971475,61.71781077745151,76406.64974248497,209.33328696571223,227.12154366102155,308.58905388725753,R8B,,,,False,False,,False
,1002060016,365.24609375,1910,29,1002060016,545430,2100,87.955578853481484,67.91,Constructed,1002652,2017-08-22 18:47:50+00:00,Photogrammetric,432144,182 HESTER STREET,C7,6.0,20,1910,40.7180898,-73.998171,209.59977342681813,35.631961482559085,44112.368315408145,120.85580360385794,131.12561825581744,178.1598074127954,R8A,,,,False,False,,False
,1002060012,315.31640625,1910,26,1002060012,405075,2100,96.787035336226225,62.02,Constructed,1002650,2017-08-22 19:15:23+00:00,Photogrammetric,378002,190 HESTER STREET,C7,6.0,20,1910,40.7181337,-73.9984993,180.95582927323954,30.76249097645072,38083.96382884599,104.33962692834518,113.20596679333865,153.8124548822536,R8A,,,,False,False,,False
,1002360033,581.99609375,1910,26,1002360033,538114,2100,133.91748846788795,65.9,Constructed,1003085,2017-08-22 17:31:03+00:00,Photogrammetric,245763,197 HESTER STREET,C7,6.0,40,1910,40.7184521,-73.9981494,333.98403165137256,56.77728538073334,70290.27930134788,192.5761076749257,208.94041020109867,283.8864269036667,R7A,,,,False,False,,False
,1002370036,224.2734375,1900,32,1002370036,12840,2100,74.375706254374109,62.84,Constructed,1003098,2017-08-22 18:53:41+00:00,Photogrammetric,507117,191 HESTER STREET,C7,6.0,15,1900,40.7182627,-73.9977309,128.70407095824822,21.879692062902198,27087.05877387292,74.21111992841895,80.5172667914801,109.39846031451098,R8B,,,,False,False,,False
,1002350016,351.66015625,1900,22,1002350016,184223,2100,88.977081174992179,67.04,Constructed,1003066,2017-08-22 19:20:35+00:00,Photogrammetric,53152,150 BAXTER STREET,C7,6.0,20,1900,40.7192536,-73.9985029,201.80166538953404,34.30628311622078,42471.17849788133,116.35939314488036,126.24712186769248,171.53141558110391,R8B,,,,False,False,,False
,1004730044,275.60546875,1906,27,1004730044,1056532,2100,100.92305762951378,62.94,Constructed,1007027,2020-01-28 17:17:15+00:00,Photogrammetric,759215,178 LAFAYETTE STREET,C7,6.0,20,1906,40.7206287,-73.998943,158.1511394912192,26.885693713507266,33284.488817321995,91.19038032143013,98.93935286570674,134.42846856753633,R8A,,,,False,False,,False
,1004700038,285.54296875,1900,34,1004700038,35202,2100,96.302906774679712,67.49,Constructed,1006940,2017-08-22 18:33:16+00:00,Photogrammetric,717005,118 ELIZABETH STREET,C7,6.0,20,1900,40.7191464,-73.9952778,163.86287523548572,27.85668879003257,34486.580722060324,94.48378280016527,102.51261474731984,139.28344395016285,R8B,,,,False,False,,False
,1004700039,303.0703125,1900,34,1004700039,646884,2100,98.068239458936958,67.92,Constructed,1006941,2017-08-22 17:29:51+00:00,Photogrammetric,544531,120 ELIZABETH STREET,C7,6.0,22,1900,40.7192123,-73.9952489,173.91747667929275,29.565971035479766,36602.67214192395,100.28129353951766,108.80277341056554,147.82985517739883,R7A,,,,False,False,,False
,1004700021,519.484375,1921,33,1004700021,659560,2100,132.72306655940312,66.85,Constructed,1006929,2017-08-22 17:41:35+00:00,Photogrammetric,837111,119 ELIZABETH STREET,C7,6.0,35,1921,40.7193413,-73.9957359,298.10698984578835,50.67818827378402,62739.59708294462,171.8893070765606,186.4957328475252,253.3909413689201,R7A,,,,False,False,,False
,1004700042,305.0546875,1900,35,1004700042,689908,2100,99.96697278221373,68.74,Constructed,1006942,2017-08-22 17:29:31+00:00,Photogrammetric,287047,126 ELIZABETH STREET,C4,6.0,24,1900,40.7194154,-73.9951696,175.04918915206198,29.758362155850534,36840.852348942964,100.93384205189854,109.51077273352996,148.79181077925267,R7A,,,,False,False,,False
,1004700004,250.46875,1905,32,1004700004,993739,2100,96.367546752767751,68.33,Constructed,1006920,2017-08-22 18:06:36+00:00,Photogrammetric,294114,158 MOTT STREET,C7,6.0,17,1905,40.7194868,-73.9960426,143.73331168721955,24.434662986827323,30250.112777692226,82.87702130874582,89.91955979152455,122.17331493413661,R7A,,,,False,False,,False
,1004700007,262.32421875,1900,32,1004700007,997994,2100,87.748862381429475,71.23,Constructed,1006923,2017-08-22 17:26:53+00:00,Photogrammetric,254942,164 MOTT STREET,C7,6.0,20,1900,40.7196844,-73.9959632,150.53282639087064,25.590580486448008,31681.138642222635,86.79764011567845,94.17333619012868,127.95290243224004,R8A,,,,False,False,,False
,1004710021,277.421875,1900,29,1004710021,5244,2100,91.083937336926382,68.2,Constructed,1006969,2017-08-22 17:35:34+00:00,Photogrammetric,43205,163 MULBERRY STREET,C7,6.0,17,1900,40.7197943,-73.9974026,159.1943460060525,27.063038821028925,33504.04206043381,91.79189605598303,99.59198286138644,135.31519410514463,R8B,,,,False,False,,False
,1004710020,282.5390625,1920,30,1004710020,568289,2100,92.8851448545112,67.2,Constructed,1006968,2017-08-22 18:12:01+00:00,Photogrammetric,402079,165 MULBERRY STREET,C7,6.0,15,1920,40.7198601,-73.9973773,162.13414827896227,27.56280520742359,34122.752846790405,93.48699410079563,101.43112316331882,137.81402603711794,R8B,,,,False,False,,False
,1004710018,268.69140625,1914,30,1004710018,832388,2100,88.517214080950637,62.91,Constructed,1006966,2017-08-22 19:09:33+00:00,Photogrammetric,748548,169 MULBERRY STREET,C7,6.0,11,1914,40.7199919,-73.9973196,154.18806539103363,26.21197111647572,32450.420242196942,88.90526093752587,96.46005370863065,131.0598555823786,R8B,,,,False,False,,False
,1004790035,512.79296875,1900,37,1004790035,692347,2100,125.98737102594454,65.29,Constructed,1007171,2017-08-22 18:27:02+00:00,Photogrammetric,458011,358 BROOME STREET,C7,6.0,34,1900,40.7201757,-73.9954292,294.2592980442587,50.024080667523975,61929.81186639468,169.67071744217722,184.08861685648822,250.12040333761988,R8B,,,,False,False,,False
,1004700009,291.94140625,1900,34,1004700009,908540,2100,98.617813646926976,68.07,Constructed,1006924,2017-08-22 17:40:01+00:00,Photogrammetric,52779,365 BROOME STREET,C7,6.0,46,1900,40.7198738,-73.9959307,553.2484189190036,94.05223121623061,116436.6622456935,319.0045540977904,346.11221087572864,470.26115608115305,R8B,,,,False,False,,False
,1004700009,291.94140625,1900,34,1004700009,908540,2100,98.617813646926976,68.07,Constructed,1006924,2017-08-22 17:40:01+00:00,Photogrammetric,52779,365 BROOME STREET,C7,6.0,46,1900,40.7198738,-73.9959307,553.2484189190036,94.05223121623061,116436.6622456935,319.0045540977904,346.11221087572864,470.26115608115305,R8B,,,,False,False,,False
,1004700009,672.18359375,1900,35,1004700009,345808,2100,131.49801076263412,67.28,Constructed,1084908,2017-08-22 19:36:43+00:00,Photogrammetric,562089,365 BROOME STREET,C7,6.0,46,1900,40.7198738,-73.9959307,553.2484189190036,94.05223121623061,116436.6622456935,319.0045540977904,346.11221087572864,470.26115608115305,R7A,,,,False,False,,False
,1004700009,672.18359375,1900,35,1004700009,345808,2100,131.49801076263412,67.28,Constructed,1084908,2017-08-22 19:36:43+00:00,Photogrammetric,562089,365 BROOME STREET,C7,6.0,46,1900,40.7198738,-73.9959307,553.2484189190036,94.05223121623061,116436.6622456935,319.0045540977904,346.11221087572864,470.26115608115305,R7A,,,,False,False,,False
,1004710044,214.609375,1900,32,1004710044,363288,2100,65.166499954210678,68.35,Constructed,1006986,2017-08-22 19:16:31+00:00,Photogrammetric,47719,171 MOTT STREET,C7,6.0,10,1900,40.7199123,-73.9963203,123.15108286587788,20.935684087199242,25918.376899952662,71.00925178069222,77.0433174408932,104.6784204359962,R8B,,,,False,False,,False
,1004710043,473.7578125,1900,35,1004710043,340773,2100,103.22089418645159,65.66,Constructed,1006985,2017-08-22 19:17:12+00:00,Photogrammetric,130045,373 BROOME STREET,C7,6.0,30,1900,40.720066,-73.996259,271.86062757082345,46.21630668703999,57215.787678555505,156.755582680974,170.07600860830715,231.08153343519993,R8B,,,,False,False,,False
,1004710017,347.8671875,1900,30,1004710017,945657,2100,88.090688828203525,56.11,Constructed,1006965,2017-08-22 19:03:12+00:00,Photogrammetric,500650,171 MULBERRY STREET,C7,6.0,10,1900,40.7200578,-73.9972943,199.61705800471339,33.93489986080127,42011.406027671976,115.09974254156705,124.8804314877487,169.67449930400636,R8B,,,,False,False,,False
,1004800041,358.75390625,1900,35,1004800041,337213,2100,115.80404983326346,68.5,Constructed,1077734,2017-08-22 18:18:42+00:00,Photogrammetric,35848,384 BROOME STREET,C7,6.0,40,1900,40.7205957,-73.9964682,397.86272459932457,67.63666318188517,83734.18901917383,229.4087370388324,248.9029205093374,338.18331590942586,R8B,,,,False,False,,False
,1004800041,358.75390625,1900,35,1004800041,337213,2100,115.80404983326346,68.5,Constructed,1077734,2017-08-22 18:18:42+00:00,Photogrammetric,35848,384 BROOME STREET,C7,6.0,40,1900,40.7205957,-73.9964682,397.86272459932457,67.63666318188517,83734.18901917383,229.4087370388324,248.9029205093374,338.18331590942586,R8B,,,,False,False,,False
,1004800041,334.59375,1900,35,1004800041,926193,2100,109.50019387647652,67.78,Constructed,1077744,2017-08-22 18:25:00+00:00,Photogrammetric,63883,384 BROOME STREET,C7,6.0,40,1900,40.7205957,-73.9964682,397.86272459932457,67.63666318188517,83734.18901917383,229.4087370388324,248.9029205093374,338.18331590942586,R7A,,,,False,False,,False
,1004800041,334.59375,1900,35,1004800041,926193,2100,109.50019387647652,67.78,Constructed,1077744,2017-08-22 18:25:00+00:00,Photogrammetric,63883,384 BROOME STREET,C7,6.0,40,1900,40.7205957,-73.9964682,397.86272459932457,67.63666318188517,83734.18901917383,229.4087370388324,248.9029205093374,338.18331590942586,R8B,,,,False,False,,False
,1004790031,523.55078125,1900,38,1004790031,364930,2100,123.46301951330541,67.82,Constructed,1007168,2017-08-22 17:35:02+00:00,Photogrammetric,424024,149 ELIZABETH STREET,C7,6.0,39,1900,40.7204282,-73.9953138,300.43023920905347,51.073140665539086,63228.54814393739,173.228899024486,187.94915764918383,255.36570332769543,R8B,,,,False,False,,False
,1004790003,539.5390625,1900,38,1004790003,449144,2100,118.95099280228408,66.93,Constructed,1007157,2017-08-22 17:46:03+00:00,Photogrammetric,266357,184 MOTT STREET,C7,6.0,30,1900,40.7206616,-73.9955915,309.6002459966133,52.632041819424266,65158.46777244724,178.51635006149928,193.6859138954813,263.1602090971213,R8B,,,,False,False,,False
,1004790005,557.03515625,1900,40,1004790005,297012,2100,118.36271442077258,66.64,Constructed,1007158,2017-08-22 18:36:59+00:00,Photogrammetric,532057,192 MOTT STREET,C7,6.0,30,1900,40.7209662,-73.9954508,319.6341979842327,54.33781365731956,67270.21330776162,184.30195426784005,199.96315425893596,271.6890682865978,R7A,,,,False,False,,False
,1004810035,456.140625,1900,32,1004810035,28252,2100,104.09362979059274,69.98,Constructed,1007204,2017-08-22 18:15:46+00:00,Photogrammetric,775114,390 BROOME STREET,C7,6.0,30,1900,40.7207412,-73.9969624,261.7481183201073,44.49718011441825,55087.50898164979,150.92468214150628,163.74962282105915,222.48590057209123,R8B,,,,False,False,,False
,1004810039,273.71484375,1900,33,1004810039,733661,2100,90.07823513594694,66.15,Constructed,1007205,2017-08-22 17:44:48+00:00,Photogrammetric,477732,396 BROOME STREET,C7,6.0,16,1900,40.7209004,-73.9971031,157.06206665221978,26.700551330877364,33055.28254762618,90.56241793870186,98.25802889762869,133.50275665438681,R7A,,,,False,False,,False
,1004810033,311.8671875,1920,34,1004810033,387420,2100,82.6160007034561,67.64,Constructed,1082480,2017-08-22 18:01:29+00:00,Photogrammetric,319228,183 MULBERRY STREET,C7,6.0,43,1920,40.7209224,-73.9968975,357.3074994387578,60.74227490458883,75198.93633188098,206.02448310104378,223.5315716488869,303.71137452294414,R8B,,,,False,False,,False
,1004810033,311.8671875,1920,34,1004810033,387420,2100,82.6160007034561,67.64,Constructed,1082480,2017-08-22 18:01:29+00:00,Photogrammetric,319228,183 MULBERRY STREET,C7,6.0,43,1920,40.7209224,-73.9968975,357.3074994387578,60.74227490458883,75198.93633188098,206.02448310104378,223.5315716488869,303.71137452294414,R7A,,,,False,False,,False
,1004810033,310.8046875,1920,35,1004810033,619054,2100,83.030073412089408,65.75,Constructed,1077746,2017-08-22 17:30:02+00:00,Photogrammetric,37983,183 MULBERRY STREET,C7,6.0,43,1920,40.7209224,-73.9968975,357.3074994387578,60.74227490458883,75198.93633188098,206.02448310104378,223.5315716488869,303.71137452294414,R8B,,,,False,False,,False
,1004810033,310.8046875,1920,35,1004810033,619054,2100,83.030073412089408,65.75,Constructed,1077746,2017-08-22 17:30:02+00:00,Photogrammetric,37983,183 MULBERRY STREET,C7,6.0,43,1920,40.7209224,-73.9968975,357.3074994387578,60.74227490458883,75198.93633188098,206.02448310104378,223.5315716488869,303.71137452294414,R7A,,,,False,False,,False
,1004810032,590.40625,1900,35,1004810032,783534,2100,131.19751946779314,64.48,Constructed,1007203,2017-08-22 18:13:28+00:00,Photogrammetric,711665,86 KENMARE STREET,C7,6.0,30,1900,40.721098,-73.9968866,338.78584021714295,57.5935928369143,71300.86793209989,195.34484364958874,211.9444216398446,287.9679641845715,R7A,,,,False,False,,False
,1004810028,678.99609375,1900,36,1004810028,149384,2100,132.6122822729377,64.24,Constructed,1007202,2017-08-22 17:50:35+00:00,Photogrammetric,488695,195 MULBERRY STREET,C7,6.0,40,1900,40.7214219,-73.9967423,389.61144929184775,66.23394637961411,81997.62561796227,224.6510290903076,243.74092267697995,331.16973189807055,R7A,,,,False,False,,False
,1003410075,768.67578125,1910,27,1003410075,650533,2100,137.33002596251666,66.42,Constructed,1004077,2017-08-22 19:29:01+00:00,Photogrammetric,333561,157 BROOME STREET,C6,6.0,28,1910,40.7164063,-73.9853289,441.1412441244929,74.9940115011638,92842.58623844078,254.3632499683309,275.97796232428277,374.97005750581894,R7A,,,,False,False,,False
,1003480032,339.9140625,1920,28,1003480032,148867,2100,105.92619107677308,60.79,Constructed,1004188,2017-08-22 19:21:25+00:00,Photogrammetric,235845,107 CLINTON STREET,C7,6.0,20,1920,40.7181658,-73.9858552,195.068206533669,33.16159511072373,41054.05474707598,112.4768623207561,122.03467000746332,165.80797555361866,R8B,,,,False,False,,False
,1003480031,339.9140625,1920,28,1003480031,767766,2100,105.92660243463048,61.12,Constructed,1004187,2017-08-22 17:32:04+00:00,Photogrammetric,574355,105 CLINTON STREET,C7,6.0,20,1920,40.7182289,-73.9858228,195.0675108616398,33.16147684647876,41053.90833594071,112.47646119435811,122.03423479504184,165.80738423239382,R8B,,,,False,False,,False
,1003480073,316.65234375,1920,25,1003480073,694598,2100,99.9753412696189,64.12,Constructed,1004212,2017-08-22 18:44:46+00:00,Photogrammetric,290905,172 DELANCEY STREET,C6,6.0,12,1920,40.7179736,-73.9851158,181.71895388454334,30.892222160372366,38244.57103454099,104.77964666997532,113.6833775501703,154.46111080186182,R8B,,,,False,False,,False
,1003480074,301.68359375,1920,26,1003480074,4502,2100,97.5961378662577,62.94,Constructed,1004213,2017-08-22 18:55:27+00:00,Photogrammetric,744724,170 DELANCEY STREET,C7,6.0,22,1920,40.7179983,-73.9851987,173.1256492799146,29.43136037758548,36436.02414745082,99.82472369164608,108.30740618951457,147.1568018879274,R8B,,,,False,False,,False
,1003480076,248.3359375,1900,27,1003480076,227761,2100,67.790171521053779,65.14,Constructed,1004215,2017-08-22 18:20:50+00:00,Photogrammetric,845061,168 1/2 DELANCEY STREET,C7,6.0,7,1900,40.7179956,-73.9853935,142.5135719745592,24.227307235675063,29993.40635776573,82.17371604867323,89.15649062728423,121.13653617837531,R7B,,,,False,False,,False
,1003480053,426.6796875,1920,24,1003480053,39268,2100,110.81582529286835,67.7,Constructed,1004204,2017-08-22 18:32:46+00:00,Photogrammetric,725278,173 RIVINGTON STREET,C6,6.0,26,1920,40.7187695,-73.9847188,244.85697604008908,41.625685926815144,51532.59917739715,141.1852032257456,153.18252421067973,208.1284296340757,R8B,,,,False,False,,False
,1003430065,338.0546875,1900,20,1003430065,112707,2100,100.43740853708452,71.93,Constructed,1004084,2017-08-22 18:22:48+00:00,Photogrammetric,748596,57 PITT STREET,C7,6.0,22,1900,40.7177729,-73.9831137,194.00019016737198,32.980032328453234,40829.280022625106,111.861041157877,121.36651896870791,164.90016164226617,R8B,,,,False,False,,False
,1003440069,529.34765625,1920,19,1003440069,666093,2100,94.8919594269919,69.7,Constructed,1004105,2017-08-22 18:45:36+00:00,Photogrammetric,342069,210 RIVINGTON STREET,C7,6.0,20,1920,40.7184892,-73.982677,303.7761123662238,51.64193910225805,63932.72060859547,175.15813865368622,190.04233589630962,258.20969551129025,R8B,,,,False,False,,False
,1003440072,415.51953125,1920,17,1003440072,341345,2100,105.37274296006527,72.07,Constructed,1004106,2017-08-22 19:36:44+00:00,Photogrammetric,639604,206 RIVINGTON STREET,C7,6.0,25,1920,40.71861,-73.9828105,238.4519663464624,40.53683427889861,50184.60083727648,137.4920570884287,149.1755501463469,202.68417139449303,R8B,,,,False,False,,False
,1003440068,317.8828125,1920,18,1003440068,795552,2100,84.370349894300375,70.22,Constructed,1004104,2017-08-22 18:49:41+00:00,Photogrammetric,829239,85 PITT STREET,C7,6.0,21,1920,40.718621,-73.9826084,182.42461027321318,31.01218374644624,38393.083478100445,105.18653007698752,114.12483618692215,155.0609187322312,R8B,,,,False,False,,False
,1003440073,519.29296875,1920,18,1003440073,468929,2100,124.05684710429435,70.41,Constructed,1004107,2017-08-22 18:15:33+00:00,Photogrammetric,298970,202 RIVINGTON STREET,C7,6.0,33,1920,40.718643,-73.9829692,298.00283430608084,50.660481832033746,62717.676508057775,171.82925070700762,186.4305731418842,253.3024091601687,R7B,,,,False,False,,False
,1003440067,297.94921875,1920,17,1003440067,743542,2100,97.054345131661947,70.55,Constructed,1004103,2017-08-22 18:50:23+00:00,Photogrammetric,48601,89 PITT STREET,C4,6.0,12,1920,40.7187417,-73.9826228,170.98175186734474,29.066897817448606,35984.81949800137,98.58854656986678,106.96618396821087,145.334489087243,R7B,,,,False,False,,False
,1003440076,607.078125,1914,18,1003440076,689044,2100,123.48860239067152,70.18,Constructed,1004108,2017-08-22 18:09:50+00:00,Photogrammetric,220092,106 RIDGE STREET,C7,6.0,20,1914,40.7186952,-73.9831423,348.38039620004275,59.22466735400727,73320.138184261,200.87709091578355,217.94677586274676,296.12333677003636,R7A,,,,False,False,,False
,1003450029,269.91015625,1920,20,1003450029,636981,2100,76.014255599109646,66.97,Constructed,1004146,2017-08-22 18:27:41+00:00,Photogrammetric,165583,200 STANTON STREET,C7,6.0,12,1920,40.7199165,-73.9828462,154.8873122490502,26.33084308233854,32597.58373593511,89.30844859160304,96.89750254300583,131.6542154116927,R7B,,,,False,False,,False
,1003250001,2033.2109375,1920,8,1003250001,751857,2100,369.98328022683245,64.92,Constructed,1077594,2017-08-22 18:14:21+00:00,Photogrammetric,16412,140 BARUCH PLACE,C4,6.0,36,1920,40.7184085,-73.9764181,1166.7932875558772,198.35485888449912,245563.3152990099,672.7762062986573,729.9458806949568,991.7742944224956,R7B,,,,False,False,,False
,1003720039,354.890625,1900,12,1003720039,991122,2100,107.26125748329451,66.91,Constructed,1004369,2017-08-22 19:24:25+00:00,Photogrammetric,760163,11 AVENUE D,C7,6.0,16,1900,40.7205252,-73.9786541,203.6477489760462,34.62011732592785,42859.70524949868,117.42384999862652,127.4020317594145,173.10058662963925,R7B,,,,False,False,,False
,1003720023,229.296875,2001,14,1003720023,332423,2100,68.9447754347587,61.14,Constructed,1086166,2017-08-22 19:17:33+00:00,Photogrammetric,942316,300 EAST 3 STREET,C1,6.0,12,2001,40.7209645,-73.9795378,131.57457352369755,22.367677499028584,27691.18474379739,75.86625957204764,82.31305319642519,111.83838749514291,R8B,,,,False,False,,False
,1003720068,416.88671875,1905,9,1003720068,805687,2100,110.94511472429366,69.54,Constructed,1004378,2017-08-22 19:31:41+00:00,Photogrammetric,563233,264 EAST 2 STREET,C1,6.0,24,1905,40.7210415,-73.9805515,239.21840336496228,40.667128572043595,50345.90517218997,137.9339867731232,149.65503314512043,203.33564286021794,R7A,,,,False,False,,False
,1003730040,520.87109375,1920,12,1003730040,527496,2100,116.51041543025669,66.36,Constructed,1004395,2017-08-22 18:12:40+00:00,Photogrammetric,330661,327 EAST 3 STREET,C6,6.0,25,1920,40.7208929,-73.978423,298.8865352775851,50.81071099718947,62903.66021452056,172.33879510827552,186.98341646965724,254.05355498594733,R8B,,,,False,False,,False
,1003730046,507.7265625,1925,12,1003730046,290573,2100,126.30361665536363,64.98,Constructed,1004396,2017-08-22 17:48:43+00:00,Photogrammetric,40133,317 EAST 3 STREET,C6,6.0,35,1925,40.721151,-73.9787982,291.34247147118515,49.528220150101475,61315.93654582563,167.98886724883735,182.26385015237344,247.64110075050738,R7A,,,,False,False,,False
,1003730049,502.0234375,1920,12,1003730049,819104,2100,125.76055606992351,65.15,Constructed,1004397,2017-08-22 18:13:12+00:00,Photogrammetric,114951,311 EAST 3 STREET,C6,6.0,36,1920,40.7212169,-73.9789533,288.0669592937294,48.97138307993399,60626.572252958285,166.10019795331038,180.2146897341571,244.85691539966996,R7A,,,,False,False,,False
,1003730032,441.43359375,1900,12,1003730032,160737,2100,111.75285112827608,65.8,Constructed,1004392,2017-08-22 17:37:31+00:00,Photogrammetric,196575,37 AVENUE D,C7,6.0,16,1900,40.7212579,-73.9781415,253.30528894715454,43.06189912101627,53310.63111181814,146.0565235940223,158.46778876533986,215.30949560508134,R8B,,,,False,False,,False
,1003480007,314.58203125,1920,27,1003480007,553902,2100,99.36936210066672,64.67,Constructed,1004164,2017-08-22 18:48:08+00:00,Photogrammetric,385779,110 SUFFOLK STREET,C6,6.0,12,1920,40.7187202,-73.9859489,180.5273116743728,30.689642984643378,37993.7780149885,104.09254250681781,112.93788618348763,153.44821492321688,R8A,,,,False,False,,False
,1003480021,389.08984375,1920,25,1003480021,271914,2100,98.948239964242759,68.9,Constructed,1004177,2017-08-22 18:02:55+00:00,Photogrammetric,438892,163 RIVINGTON STREET,C7,6.0,20,1920,40.7189315,-73.9852959,223.2843506506576,37.958339610611795,46992.4244379374,128.74636832311617,139.6866897670514,189.79169805305895,R8B,,,,False,False,,False
,1003440173,402.75,1925,23,1003440173,748279,2100,99.481796388800049,69.49,Constructed,1004125,2017-08-22 17:44:36+00:00,Photogrammetric,828660,72 CLINTON STREET,C6,6.0,19,1925,40.7191593,-73.9848413,231.1198267213606,39.29037054263131,48641.47873177756,133.26432529254126,144.5885635968832,196.4518527131565,R7A,,,,False,False,,False
,1003530057,712.578125,1920,29,1003530057,419183,2100,134.13697322601575,67.74,Constructed,1004302,2017-08-22 17:46:37+00:00,Photogrammetric,337800,131 RIVINGTON STREET,C7,6.0,30,1920,40.7193489,-73.9866883,408.90604152266997,69.5140270588539,86058.36549886112,235.77634383249622,255.81161957658233,347.57013529426945,R8B,,,,False,False,,False
,1003530024,421.73828125,1930,28,1003530024,994495,2100,97.797857807845162,71.15,Constructed,1004289,2017-08-22 18:23:57+00:00,Photogrammetric,641966,129 RIVINGTON STREET,C7,6.0,15,1930,40.7195026,-73.9869913,242.00975462642407,41.14165828649209,50933.3729586772,139.54348755801973,151.4013024942909,205.70829143246044,R8B,,,,False,False,,False
,1003440146,318.7578125,1920,23,1003440146,765077,2100,100.60045990264311,65.83,Constructed,1004114,2017-08-22 19:32:36+00:00,Photogrammetric,214505,42 CLINTON STREET,C7,6.0,18,1920,40.7197384,-73.984448,182.9253094942701,31.097302614025917,38498.46063616408,105.47523461962763,114.43807361961538,155.48651307012958,R8B,,,,False,False,,False
,1003440154,589.67578125,1920,22,1003440154,797501,2100,99.568882155884054,63.11,Constructed,1004119,2017-08-22 18:49:30+00:00,Photogrammetric,68337,141 ATTORNEY STREET,C6,6.0,19,1920,40.719892,-73.983896,338.37949734531554,57.52451454870365,71215.34901129511,195.11054523642497,211.6902135392294,287.6225727435182,R8B,,,,False,False,,False
,1003490032,190.32421875,1900,27,1003490032,31750,2100,60.435003595645618,57.9,Constructed,1004234,2017-08-22 18:33:35+00:00,Photogrammetric,439525,158 RIVINGTON STREET,C7,6.0,9,1900,40.7193569,-73.9852706,109.21863816874473,18.567168488686605,22986.154588994017,62.97576599724388,68.3271800383667,92.83584244343302,R8B,,,,False,False,,False
,1003490027,311.6796875,1920,26,1003490027,40284,2100,99.398744832478826,71.6,Constructed,1004230,2017-08-22 19:12:28+00:00,Photogrammetric,379668,63 CLINTON STREET,C4,6.0,22,1920,40.7195079,-73.9851371,178.8622809208069,30.406587756537178,37643.35564259303,103.13248121258364,111.89624294405681,152.03293878268587,R8B,,,,False,False,,False
,1003490026,307.3046875,1920,26,1003490026,262366,2100,98.691020156767891,62.21,Constructed,1004229,2017-08-22 18:56:23+00:00,Photogrammetric,766458,61 CLINTON STREET,C4,6.0,22,1920,40.719571,-73.9851046,176.34089636295957,29.977952381703126,37112.70504854847,101.67864396862595,110.31886476466751,149.88976190851562,R7A,,,,False,False,,False
,1003500030,309.78515625,1920,25,1003500030,907137,2100,78.917355293162373,69,Constructed,1004252,2017-08-22 18:25:15+00:00,Photogrammetric,751151,168 STANTON STREET,C7,6.0,20,1920,40.7204218,-73.98452,177.76229566148217,30.219590262451973,37411.852744915544,102.49822669839875,111.20809216582325,151.09795131225985,R7A,,,,False,False,,False
,1003500028,353.45703125,1920,25,1003500028,87950,2100,90.987393261716392,73.7,Constructed,1004250,2017-08-22 19:22:55+00:00,Photogrammetric,825051,23 CLINTON STREET,C7,6.0,16,1920,40.7206579,-73.9845488,202.821465906247,34.47964920406199,42685.80571462875,116.94741291679108,126.88510907094813,172.39824602030995,R8B,,,,False,False,,False
,1003720001,559.52734375,1920,11,1003720001,325046,2100,127.28976187956533,68.17,Constructed,1004352,2017-08-22 18:36:17+00:00,Photogrammetric,416315,14 AVENUE C,C7,6.0,27,1920,40.7210553,-73.9807751,321.07135693748376,54.582130679372234,67572.67778106283,185.13062405770637,200.8622409000898,272.91065339686116,R7A,,,,False,False,,False
,1003500075,396.21875,1920,22,1003500075,340460,2100,86.025154587428773,67.74,Constructed,1004281,2017-08-22 18:02:09+00:00,Photogrammetric,631148,184 STANTON STREET,C4,6.0,9,1920,40.7201555,-73.9837083,227.3717153623148,38.65319161159351,47852.65121515277,131.1031540141172,142.2437451306641,193.26595805796757,R7B,,,,False,False,,False
,1003500077,205.39453125,1920,22,1003500077,993824,2100,75.121440626783325,67.78,Constructed,1004282,2017-08-22 18:06:36+00:00,Photogrammetric,351109,182 STANTON STREET,C4,6.0,8,1920,40.7201884,-73.9838093,117.85895825870956,20.036022903980626,24804.596355128015,67.95779823322744,73.7325642866487,100.18011451990313,R8B,,,,False,False,,False
,1003450018,310.6875,1920,19,1003450018,592868,2100,83.138682056177274,58.45,Constructed,1004140,2017-08-22 17:56:05+00:00,Photogrammetric,119075,333 EAST HOUSTON STREET,C7,6.0,9,1920,40.7207509,-73.9824203,178.27658151891484,30.30701885821552,37520.08934647081,102.79476533279674,111.52982939823312,151.5350942910776,R8B,,,,False,False,,False
,1003450014,252.92578125,1920,18,1003450014,807017,2100,101.64035674779134,66.64,Constructed,1004138,2017-08-22 17:57:25+00:00,Photogrammetric,844662,325 EAST HOUSTON STREET,C4,6.0,17,1920,40.7208278,-73.9827702,145.13148106524187,24.67235178109112,30544.371504990806,83.68320960271454,90.79425455441532,123.36175890545559,R8B,,,,False,False,,False
,1003840026,215.98046875,1900,18,1003840026,546644,2100,63.021047914003631,51.82,Constructed,1004583,2017-08-22 19:09:01+00:00,Photogrammetric,74458,243 EAST 2 STREET,C4,6.0,10,1900,40.7211927,-73.9819512,123.92823081911216,21.06779923924907,26081.935458190346,71.45735741969958,77.52950120043658,105.33899619624533,R8B,,,,False,False,,False
,1003850038,426.32421875,1900,16,1003850038,885267,2100,86.357879341061121,68.3,Constructed,1004599,2017-08-22 19:27:04+00:00,Photogrammetric,345074,21 AVENUE C,C4,6.0,20,1900,40.721382,-73.9810925,244.62949472030283,41.587014102451484,51484.72345883494,141.05403687352037,153.04021189702146,207.9350705122574,C4-4A,,,,False,False,,False
,1003850037,267.953125,2000,16,1003850037,110028,2100,72.29407787133978,65.99,Constructed,1086127,2017-08-22 18:39:52+00:00,Photogrammetric,957762,25 AVENUE C,C1,6.0,13,2000,40.721489,-73.9810781,153.75094709910513,26.137661006847875,32358.42432647767,88.65321733281553,96.18659250520017,130.68830503423936,C4-4A,,,,False,False,,False
,1003500057,531.3828125,1920,17,1003500057,368564,2100,128.5835318963731,71.11,Constructed,1004269,2017-08-22 19:36:29+00:00,Photogrammetric,772635,309 EAST HOUSTON STREET,C6,6.0,28,1920,40.7210502,-73.9835205,304.9077078059722,51.834310327015274,64170.87618484491,175.8106196845066,190.7502620034162,259.17155163507636,C4-4A,,,,False,False,,False
,1003850054,300.859375,1910,17,1003850054,325434,2100,81.64829847664592,59.31,Constructed,1004604,2017-08-22 17:48:07+00:00,Photogrammetric,281909,232 EAST 2 STREET,C4,6.0,24,1910,40.7217362,-73.9821711,172.6343740112225,29.347843581907824,36332.63035440189,99.5414530257586,108.0000643814208,146.73921790953912,C4-4A,,,,False,False,,False
,1003850035,268.23828125,2000,16,1003850035,641596,2100,72.313685430252889,65.46,Constructed,1086126,2017-08-22 19:29:14+00:00,Photogrammetric,965827,29 AVENUE C,C1,6.0,13,2000,40.7216152,-73.9809842,153.91824729546732,26.166102040229447,32393.634325804054,88.74968308439468,96.29125550804436,130.83051020114723,C4-4A,,,,False,False,,False
,1003850050,319.53125,1910,15,1003850050,125155,2100,97.854205404810429,72.09,Constructed,1004602,2017-08-22 17:37:53+00:00,Photogrammetric,369434,240 EAST 2 STREET,C4,6.0,24,1910,40.7216072,-73.9818609,183.3515982477218,31.16977170211271,38588.17736721553,105.72103388278228,114.70475986377477,155.84885851056353,C4-4A,,,,False,False,,False
,1003850034,369.55078125,1900,16,1003850034,892883,2100,98.3346631575017,69.09,Constructed,1004598,2017-08-22 17:53:25+00:00,Photogrammetric,36863,31 AVENUE C,C7,6.0,20,1900,40.7216811,-73.9809337,212.0530690558549,36.04902173949534,44628.68891349523,122.27038058491844,132.66040000134282,180.24510869747667,C4-4A,,,,False,False,,False
,1003970038,187.4375,1900,21,1003970038,585119,2100,77.2506790673787,67.22,Constructed,1004959,2017-08-22 17:30:32+00:00,Photogrammetric,758265,6 AVENUE B,C7,6.0,10,1900,40.7217365,-73.9839244,107.54859576844184,18.283261280635113,22634.67746542627,62.0128149737706,67.28240151273722,91.41630640317557,C4-4A,,,,False,False,,False
,1003970033,479.421875,1925,20,1003970033,213457,2100,94.489244684070371,68.53,Constructed,1004956,2017-08-22 18:20:50+00:00,Photogrammetric,276131,14 AVENUE B,C7,6.0,25,1925,40.7219862,-73.983744,275.09265386173706,46.7657511564953,57895.99993174118,158.6191778951813,172.0979642559027,233.8287557824765,C4-4A,,,,False,False,,False
,1003970025,340.8125,1915,22,1003970025,6136,2100,105.81364479128662,66.75,Constructed,1004950,2017-08-22 18:02:54+00:00,Photogrammetric,453750,185 EAST 2 STREET,C6,6.0,23,1915,40.7221592,-73.9843825,195.55595187094818,33.24451181806119,41156.70563075975,112.75809761851987,122.33980349046517,166.22255909030594,C4-4A,,,,False,False,,False
,1003970022,346.6953125,1910,23,1003970022,323439,2100,106.59972765515968,66.34,Constructed,1077497,2017-08-22 19:37:10+00:00,Photogrammetric,729623,181 EAST 2 STREET,C4,6.0,50,1910,40.7222169,-73.9845123,386.8584454558094,65.76593572748759,81418.22843062964,223.0636395359716,242.01864347715434,328.82967863743795,C4-4A,,,,False,False,,False
,1003970022,346.6953125,1910,23,1003970022,323439,2100,106.59972765515968,66.34,Constructed,1077497,2017-08-22 19:37:10+00:00,Photogrammetric,729623,181 EAST 2 STREET,C4,6.0,50,1910,40.7222169,-73.9845123,386.8584454558094,65.76593572748759,81418.22843062964,223.0636395359716,242.01864347715434,328.82967863743795,C4-4A,,,,False,False,,False
,1003550067,554.9453125,1900,28,1003550067,944434,2100,131.2174273025081,66.5,Constructed,1004342,2017-08-22 19:03:12+00:00,Photogrammetric,426783,157 SUFFOLK STREET,C1,6.0,35,1900,40.7209407,-73.9853748,318.43421355504535,54.13381630435771,67017.66458479484,183.610039958342,199.21244400003638,270.66908152178854,C4-4A,,,,False,False,,False
,1003500050,326.19140625,1930,22,1003500050,421730,2100,79.9583902045419,58.51,Constructed,1004264,2017-08-22 18:16:47+00:00,Photogrammetric,128840,6 CLINTON STREET,C4,6.0,20,1930,40.721031,-73.9838091,187.17822064227016,31.82029750918593,39393.52831637218,107.92747483937585,117.09869483380422,159.10148754592964,C4-4A,,,,False,False,,False
,1003500051,434.11328125,1920,21,1003500051,183452,2100,94.574588004300963,70.47,Constructed,1004265,2017-08-22 17:50:02+00:00,Photogrammetric,756386,299 EAST HOUSTON STREET,C7,6.0,15,1920,40.7211793,-73.9838271,249.11048339445742,42.348782177057764,52427.79233519751,143.6377872197192,155.84351841157257,211.7439108852888,C4-4A,,,,False,False,,False
,1003550044,334.23046875,1900,28,1003550044,266515,2100,91.172519494011254,65.66,Constructed,1004330,2017-08-22 19:38:20+00:00,Photogrammetric,448280,178 NORFOLK STREET,C7,6.0,20,1900,40.7212673,-73.9856057,191.78586665404646,32.6035973311879,40363.25349601062,110.58425615345375,119.98123817877148,163.0179866559395,C6-2A,,,,False,False,,False
,1003550046,311.49609375,1900,28,1003550046,25318,2100,99.173116909644918,65.56,Constructed,1083430,2017-08-22 17:34:03+00:00,Photogrammetric,148453,184 NORFOLK STREET,C4,6.0,38,1900,40.7214293,-73.9855227,357.56022810168804,60.78523877728696,75252.12560628126,206.17020714049661,223.68967870041604,303.9261938864348,C6-2A,,,,False,False,,False
,1003550046,311.49609375,1900,28,1003550046,25318,2100,99.173116909644918,65.56,Constructed,1083430,2017-08-22 17:34:03+00:00,Photogrammetric,148453,184 NORFOLK STREET,C4,6.0,38,1900,40.7214293,-73.9855227,357.56022810168804,60.78523877728696,75252.12560628126,206.17020714049661,223.68967870041604,303.9261938864348,C4-4A,,,,False,False,,False
,1003550046,311.61328125,1900,28,1003550046,995652,2100,99.227532822998612,64.84,Constructed,1083431,2017-08-22 18:06:35+00:00,Photogrammetric,651657,184 NORFOLK STREET,C4,6.0,38,1900,40.7214293,-73.9855227,357.56022810168804,60.78523877728696,75252.12560628126,206.17020714049661,223.68967870041604,303.9261938864348,C4-4A,,,,False,False,,False
,1003550046,311.61328125,1900,28,1003550046,995652,2100,99.227532822998612,64.84,Constructed,1083431,2017-08-22 18:06:35+00:00,Photogrammetric,651657,184 NORFOLK STREET,C4,6.0,38,1900,40.7214293,-73.9855227,357.56022810168804,60.78523877728696,75252.12560628126,206.17020714049661,223.68967870041604,303.9261938864348,C4-4A,,,,False,False,,False
,1003550048,223.37109375,1900,27,1003550048,734444,2100,79.397453120284226,64.19,Constructed,1004332,2017-08-22 19:11:56+00:00,Photogrammetric,763186,188 NORFOLK STREET,C4,6.0,13,1900,40.7215363,-73.9855154,128.16162773667617,21.78747671523495,26972.896173460867,73.89834568071471,80.17791431206462,108.93738357617474,R8B,,,,False,False,,False
,1003500007,374,1910,24,1003500007,200739,2100,92.627468823465847,73.69,Constructed,1004239,2017-08-22 19:19:52+00:00,Photogrammetric,512110,178 SUFFOLK STREET,C6,6.0,6,1910,40.7210806,-73.9847327,214.61312836666448,36.48423182233296,45167.4789960482,123.74651779739233,134.26197310618528,182.4211591116648,C4-4A,,,,False,False,,False
,1003550062,302.375,1900,28,1003550062,415852,2100,98.700403273651148,68.51,Constructed,1004340,2017-08-22 18:52:54+00:00,Photogrammetric,823566,167 SUFFOLK STREET,C4,6.0,26,1900,40.7211959,-73.9852449,348.6241199159476,59.266100385711084,73371.43227751032,201.01762267811046,218.09924941941676,296.3305019285554,C4-4A,,,,False,False,,False
,1003550062,302.375,1900,28,1003550062,415852,2100,98.700403273651148,68.51,Constructed,1004340,2017-08-22 18:52:54+00:00,Photogrammetric,823566,167 SUFFOLK STREET,C4,6.0,26,1900,40.7211959,-73.9852449,348.6241199159476,59.266100385711084,73371.43227751032,201.01762267811046,218.09924941941676,296.3305019285554,C4-4A,,,,False,False,,False
,1003550062,305.1796875,1900,27,1003550062,567313,2100,99.304172841339138,69.84,Constructed,1004339,2017-08-22 18:47:30+00:00,Photogrammetric,371068,167 SUFFOLK STREET,C4,6.0,26,1900,40.7211959,-73.9852449,348.6241199159476,59.266100385711084,73371.43227751032,201.01762267811046,218.09924941941676,296.3305019285554,C4-4A,,,,False,False,,False
,1003550062,305.1796875,1900,27,1003550062,567313,2100,99.304172841339138,69.84,Constructed,1004339,2017-08-22 18:47:30+00:00,Photogrammetric,371068,167 SUFFOLK STREET,C4,6.0,26,1900,40.7211959,-73.9852449,348.6241199159476,59.266100385711084,73371.43227751032,201.01762267811046,218.09924941941676,296.3305019285554,C4-4A,,,,False,False,,False
,1003500012,318.3828125,1920,23,1003500012,679896,2100,88.211199396091388,69.27,Constructed,1004241,2017-08-22 18:45:20+00:00,Photogrammetric,424332,271 EAST HOUSTON STREET,C7,6.0,15,1920,40.7214566,-73.9846604,182.69407218933543,31.057992272187022,38449.79443296753,105.34190255607542,114.29341156164824,155.2899613609351,C4-4A,,,,False,False,,False
,1003970018,281.7734375,1900,24,1003970018,148588,2100,97.6809701087372,62.6,Constructed,1004948,2017-08-22 17:37:42+00:00,Photogrammetric,45316,171 EAST 2 STREET,C1,6.0,18,1900,40.7223734,-73.9848911,161.6834649375493,27.48618903938338,34027.902030756624,93.22712885138802,101.14917566493084,137.4309451969169,C4-4A,,,,False,False,,False
,1003980053,460.484375,1900,23,1003980053,802602,2100,112.26959715527606,64.03,Constructed,1004984,2017-08-22 17:31:44+00:00,Photogrammetric,247299,170 EAST 2 STREET,C7,6.0,36,1900,40.7227796,-73.9846457,264.22708345483665,44.91860418732223,55609.23198390492,152.3540602298765,165.3004634093458,224.59302093661114,C6-2A,,,,False,False,,False
,1003970022,327.51171875,1910,23,1003970022,902935,2100,103.44857436957889,66.66,Constructed,1077488,2017-08-22 18:25:29+00:00,Photogrammetric,800988,181 EAST 2 STREET,C4,6.0,50,1910,40.7222169,-73.9845123,386.8584454558094,65.76593572748759,81418.22843062964,223.0636395359716,242.01864347715434,328.82967863743795,C6-2A,,,,False,False,,False
,1003970022,327.51171875,1910,23,1003970022,902935,2100,103.44857436957889,66.66,Constructed,1077488,2017-08-22 18:25:29+00:00,Photogrammetric,800988,181 EAST 2 STREET,C4,6.0,50,1910,40.7222169,-73.9845123,386.8584454558094,65.76593572748759,81418.22843062964,223.0636395359716,242.01864347715434,328.82967863743795,C6-2A,,,,False,False,,False
,1003980043,535.71484375,1900,22,1003980043,925709,2100,136.57549382068589,65.64,Constructed,1004978,2017-08-22 17:27:43+00:00,Photogrammetric,640861,190 EAST 2 STREET,C7,6.0,28,1900,40.7224858,-73.9839495,307.3916054961411,52.25657293434399,64693.63729271786,177.24284189785715,192.3041883983859,261.28286467171995,C6-2A,,,,False,False,,False
,1004290045,478.76171875,1920,28,1004290045,116657,2100,111.33037124210152,72.96,Constructed,1005754,2017-08-22 18:39:41+00:00,Photogrammetric,471798,114 EAST 1 STREET,C7,6.0,30,1920,40.7227496,-73.9865938,274.7065330649778,46.70011062104623,57814.73694885523,158.39653958590475,171.85640708545012,233.50055310523112,C6-2A,,,,False,False,,False
,1004290047,404.85546875,1900,29,1004290047,770307,2100,110.00178916127324,68.15,Constructed,1005755,2017-08-22 17:32:06+00:00,Photogrammetric,303830,110 EAST 1 STREET,C1,6.0,24,1900,40.722799,-73.9867129,232.3060386265566,39.492026566514625,48891.128889345106,133.9482983269729,145.3306577647738,197.46013283257312,R7A,,,,False,False,,False
,1003980061,400.44140625,1919,24,1003980061,425165,2100,95.301216143016191,65.96,Constructed,1004985,2017-08-22 17:34:13+00:00,Photogrammetric,48523,156 EAST 2 STREET,C7,6.0,26,1919,40.7229718,-73.9852012,229.76943634932633,39.06080417938548,48357.27557407922,132.48568650432662,143.74375938013856,195.30402089692737,R8B,,,,False,False,,False
,1003740041,507.18359375,1900,10,1003740041,333416,2100,127.25527519295269,70.41,Constructed,1004419,2017-08-22 18:36:16+00:00,Photogrammetric,133434,41 AVENUE D,C7,6.0,20,1900,40.7214967,-73.9779503,291.02744772315015,49.47466611293552,61249.63664781418,167.8072236926416,182.06677129560273,247.37333056467762,R8B,,,,False,False,,False
,1003730019,464.84765625,1920,13,1003730019,492917,2100,121.90414022938234,63.23,Constructed,1004387,2017-08-22 17:45:20+00:00,Photogrammetric,105272,332 EAST 4 STREET,C7,6.0,28,1920,40.7215655,-73.9790506,266.7363107725001,45.345172831325016,56137.32396518037,153.8008875758366,166.87023601927604,226.72586415662505,R8B,,,,False,False,,False
,1003730017,248.49609375,1900,11,1003730017,87833,2100,70.241141605195025,62.0000255,Constructed,1004385,2017-08-22 18:23:07+00:00,Photogrammetric,165942,328 EAST 4 STREET,C1,6.0,10,1900,40.7216424,-73.9792273,142.58752420273504,24.239879114464955,30008.970343707613,82.21635710604825,89.20275514123102,121.19939557232478,C6-2A,,,,False,False,,False
,1003730016,228.546875,1899,13,1003730016,87831,2100,68.665191611580852,59.93925243,Constructed,1004384,2017-08-22 19:00:44+00:00,Photogrammetric,554907,326 EAST 4 STREET,C1,6.0,10,1899,40.7216726,-73.9792994,131.14715017335533,22.295015529470405,27601.22922548436,75.61980609721742,82.04565714845108,111.47507764735202,R8B,,,,False,False,,False
,1003750042,300.109375,1900,10,1003750042,433816,2100,85.611642642437943,68.7,Constructed,1004447,2017-08-22 18:34:07+00:00,Photogrammetric,576060,63 AVENUE D,C7,6.0,16,1900,40.7221608,-73.9774738,172.20466930148098,29.274793781251766,36242.194701189685,99.29368411284845,107.7312411150065,146.37396890625882,C6-2A,,,,False,False,,False
,1003750039,379.9453125,1910,12,1003750039,836430,2100,107.52876534826073,64.15,Constructed,1004445,2017-08-22 17:31:22+00:00,Photogrammetric,231140,67 AVENUE D,C7,6.0,16,1910,40.7223008,-73.97738,218.019769316802,37.063360783856346,45884.44065041416,125.71079630250455,136.39316768459136,185.3168039192817,R8B,,,,False,False,,False
,1003740065,484.06640625,1900,7,1003740065,560797,2100,114.19264463080673,73.05,Constructed,1004423,2017-08-22 18:29:14+00:00,Photogrammetric,512761,307 EAST 4 STREET,C6,6.0,20,1900,40.722271,-73.9795807,277.75853954442795,47.21895172255275,58457.06223252031,160.1563348836173,173.76574233899413,236.09475861276374,C6-2A,,,,False,False,,False
,1003750030,473.10546875,1902,12,1003750030,926397,2100,116.6547929903833,66.88,Constructed,1004442,2017-08-22 18:25:00+00:00,Photogrammetric,66679,742 EAST 6 STREET,C6,6.0,19,1902,40.7226247,-73.9777875,271.4683787353374,46.149624385007364,57133.23498863912,156.5294109277784,169.8306177368271,230.7481219250368,C6-2A,,,,False,False,,False
,1003760041,522.734375,1900,12,1003760041,411802,2100,124.69092311117305,66.11,Constructed,1004491,2017-08-22 17:46:39+00:00,Photogrammetric,583414,745 EAST 6 STREET,C4,6.0,28,1900,40.7228799,-73.9772679,299.93298183332877,50.9886069116659,63123.89535664238,172.9421790592942,187.6380734349305,254.94303455832946,C6-2A,,,,False,False,,False
,1003740006,415.3984375,1910,12,1003740006,995379,2100,116.76817604239393,67.33,Constructed,1004413,2017-08-22 18:40:58+00:00,Photogrammetric,656919,64 AVENUE C,C6,6.0,16,1910,40.7225921,-73.979613,238.34112091263043,40.51799055514718,50161.27230727221,137.4281433075951,149.10620524294163,202.58995277573587,C6-2A,,,,False,False,,False
,1003740008,283.8828125,1900,11,1003740008,547128,2100,86.784247274933492,64.06,Constructed,1004414,2017-08-22 17:56:38+00:00,Photogrammetric,280772,702 EAST 5 STREET,C6,6.0,8,1900,40.72268,-73.9795481,162.8886819601131,27.691075933219224,34281.5520053254,93.92206028856275,101.90315943424675,138.45537966609612,R8B,,,,False,False,,False
,1003870143,326.015625,1900,9,1003870143,655066,2100,89.167773430784848,68.57,Constructed,1004659,2017-08-22 17:41:35+00:00,Photogrammetric,381125,653 EAST 5 STREET,C6,6.0,8,1900,40.7230972,-73.9799231,187.06461698212684,31.80098488696156,39369.619290058414,107.86197065769429,117.02762438401854,159.0049244348078,R8B,,,,False,False,,False
,1003870141,326.015625,1920,10,1003870141,22827,2100,91.134836968365136,61.67,Constructed,1004658,2017-08-22 18:17:04+00:00,Photogrammetric,300618,73 AVENUE C,C6,6.0,16,1920,40.7231713,-73.9798654,187.06587551722998,31.8011988379291,39369.884161356225,107.86269633248281,117.02841172357908,159.0059941896455,R8B,,,,False,False,,False
,1003760031,330.33984375,1920,12,1003760031,527904,2100,103.02646605120546,69.06,Constructed,1004487,2017-08-22 18:48:35+00:00,Photogrammetric,24915,276 EAST 7 STREET,C6,6.0,19,1920,40.7230912,-73.9770767,189.5438353869845,32.22245201578737,39891.39559554476,109.29149478231442,118.57862341809751,161.11226007893683,R8B,,,,False,False,,False
,1003760030,328.34765625,1910,12,1003760030,421742,2100,101.84249412967377,69.06,Constructed,1004486,2017-08-22 17:34:04+00:00,Photogrammetric,782494,274 EAST 7 STREET,C4,6.0,13,1910,40.7231297,-73.9771705,188.39737624737035,32.027553962052956,39650.11180502156,108.63044330142893,117.86139858035489,160.13776981026479,R8B,,,,False,False,,False
,1003760028,334.16015625,1900,11,1003760028,272586,2100,103.67720169631214,70.06,Constructed,1004485,2017-08-22 19:38:20+00:00,Photogrammetric,247891,272 EAST 7 STREET,C4,6.0,24,1900,40.7231709,-73.9772642,191.73559932665677,32.59505188553165,40352.674234288184,110.55527187476216,119.94979093875648,162.97525942765824,R8B,,,,False,False,,False
,1003760018,311.83984375,1928,10,1003760018,437530,2100,96.438980103524386,68.41,Constructed,1004476,2017-08-22 19:34:53+00:00,Photogrammetric,350078,250 EAST 7 STREET,C6,6.0,12,1928,40.7234674,-73.9779712,178.9187911647289,30.416194498003918,37655.24878852885,103.16506517405165,111.9315957526544,152.08097249001958,R7A,,,,False,False,,False
,1003760016,308.58203125,1928,10,1003760016,884016,2100,92.551473025997836,68.41,Constructed,1004475,2017-08-22 17:28:13+00:00,Photogrammetric,769229,248 EAST 7 STREET,C6,6.0,12,1928,40.7235059,-73.9780614,177.05834709051754,30.099919005387985,37263.699728670326,102.09232802375432,110.76770193982777,150.49959502693991,R8B,,,,False,False,,False
,1003760014,452.453125,1928,10,1003760014,537867,2100,117.72670419236613,67.25,Constructed,1004474,2017-08-22 17:56:51+00:00,Photogrammetric,486797,246 EAST 7 STREET,C1,6.0,24,1928,40.7235553,-73.9781733,259.60375848219985,44.13263894197397,54636.20701016378,149.68823838401036,162.4081113064642,220.66319470986986,R8B,,,,False,False,,False
,1003850002,267.296875,1900,16,1003850002,1062243,2100,83.359642424736791,45,Split,1082473,2020-02-25 19:07:15+00:00,Other (Manual),434536,21 AVENUE B,C7,6.0,7,1900,40.7220959,-73.983109,153.37764381332772,26.074199448265713,32279.85891695295,88.43796963548753,95.95305396961783,130.37099724132855,R7A,,,,False,False,,False
,1003850003,255.3828125,1900,16,1003850003,57366,2100,75.052897299068022,45,Split,1090905,2020-02-25 19:09:24+00:00,Other (Manual),1292145,23 AVENUE B,C7,6.0,7,1900,40.7221645,-73.9830585,146.53773989948778,24.911415782912922,30840.332739246198,84.49406229930466,91.67401008111955,124.5570789145646,R8B,,,,False,False,,False
,1003850055,284.3046875,1910,17,1003850055,222560,2100,80.586636232233616,59.44,Constructed,1004605,2017-08-22 17:49:39+00:00,Photogrammetric,225030,230 EAST 2 STREET,C4,6.0,24,1910,40.7217692,-73.9822432,163.13784120766883,27.7334330053037,34333.99006056598,94.06572619333144,102.05903345951761,138.6671650265185,R7A,,,,False,False,,False
,1003860053,495.60546875,1910,16,1003860053,43644,2100,109.81425710311427,66.65,Constructed,1004620,2017-08-22 18:14:37+00:00,Photogrammetric,540689,233 EAST 3 STREET,C1,6.0,29,1910,40.7223262,-73.9815793,284.38002168466676,48.344603686393356,59850.61936375497,163.97429962672595,177.90814156592754,241.72301843196675,R8B,,,,False,False,,False
,1003860011,325.109375,1900,16,1003860011,827731,2100,93.056027250237591,68.78,Constructed,1004614,2017-08-22 18:30:30+00:00,Photogrammetric,259064,250 EAST 4 STREET,C4,6.0,34,1900,40.7228835,-73.9821636,525.2956381672718,89.30025848843621,110553.72000868403,302.8869041333809,328.62495123744526,446.501292442181,R8B,,,,False,False,,False
,1003860011,325.109375,1900,16,1003860011,827731,2100,93.056027250237591,68.78,Constructed,1004614,2017-08-22 18:30:30+00:00,Photogrammetric,259064,250 EAST 4 STREET,C4,6.0,34,1900,40.7228835,-73.9821636,525.2956381672718,89.30025848843621,110553.72000868403,302.8869041333809,328.62495123744526,446.501292442181,R8B,,,,False,False,,False
,1003860011,325.109375,1900,16,1003860011,827731,2100,93.056027250237591,68.78,Constructed,1004614,2017-08-22 18:30:30+00:00,Photogrammetric,259064,250 EAST 4 STREET,C4,6.0,34,1900,40.7228835,-73.9821636,525.2956381672718,89.30025848843621,110553.72000868403,302.8869041333809,328.62495123744526,446.501292442181,R8B,,,,False,False,,False
,1003990038,298.91015625,1900,19,1003990038,668905,2100,79.436188116968083,68.04,Constructed,1004999,2017-08-22 17:55:05+00:00,Photogrammetric,568546,38 AVENUE B,C7,6.0,10,1900,40.7228562,-73.9831052,171.50794703556673,29.156350996046342,36095.562533105374,98.89195214549417,107.29537166545055,145.7817549802317,R8B,,,,False,False,,False
,1003860011,300.84375,1900,17,1003860011,848153,2100,93.9145915198937,67.78,Constructed,1004613,2017-08-22 19:27:36+00:00,Photogrammetric,597115,250 EAST 4 STREET,C4,6.0,34,1900,40.7228835,-73.9821636,525.2956381672718,89.30025848843621,110553.72000868403,302.8869041333809,328.62495123744526,446.501292442181,R8B,,,,False,False,,False
,1003860011,300.84375,1900,17,1003860011,848153,2100,93.9145915198937,67.78,Constructed,1004613,2017-08-22 19:27:36+00:00,Photogrammetric,597115,250 EAST 4 STREET,C4,6.0,34,1900,40.7228835,-73.9821636,525.2956381672718,89.30025848843621,110553.72000868403,302.8869041333809,328.62495123744526,446.501292442181,R8B,,,,False,False,,False
,1003860011,300.84375,1900,17,1003860011,848153,2100,93.9145915198937,67.78,Constructed,1004613,2017-08-22 19:27:36+00:00,Photogrammetric,597115,250 EAST 4 STREET,C4,6.0,34,1900,40.7228835,-73.9821636,525.2956381672718,89.30025848843621,110553.72000868403,302.8869041333809,328.62495123744526,446.501292442181,R8B,,,,False,False,,False
,1003860011,289.52734375,1900,17,1003860011,649822,2100,92.079956942855,67.78,Constructed,1004612,2017-08-22 18:10:30+00:00,Photogrammetric,76727,250 EAST 4 STREET,C4,6.0,34,1900,40.7228835,-73.9821636,525.2956381672718,89.30025848843621,110553.72000868403,302.8869041333809,328.62495123744526,446.501292442181,R8B,,,,False,False,,False
,1003860011,289.52734375,1900,17,1003860011,649822,2100,92.079956942855,67.78,Constructed,1004612,2017-08-22 18:10:30+00:00,Photogrammetric,76727,250 EAST 4 STREET,C4,6.0,34,1900,40.7228835,-73.9821636,525.2956381672718,89.30025848843621,110553.72000868403,302.8869041333809,328.62495123744526,446.501292442181,R7A,,,,False,False,,False
,1003860011,289.52734375,1900,17,1003860011,649822,2100,92.079956942855,67.78,Constructed,1004612,2017-08-22 18:10:30+00:00,Photogrammetric,76727,250 EAST 4 STREET,C4,6.0,34,1900,40.7228835,-73.9821636,525.2956381672718,89.30025848843621,110553.72000868403,302.8869041333809,328.62495123744526,446.501292442181,R8B,,,,False,False,,False
,1003860010,337.51171875,1900,17,1003860010,844768,2100,90.900137880771126,66.59,Constructed,1004611,2017-08-22 17:40:43+00:00,Photogrammetric,362135,53 AVENUE B,C7,6.0,16,1900,40.7230812,-73.9823656,193.66024491822412,32.9222416360981,40757.735145489445,111.66502779586149,121.153849220841,164.6112081804905,R7A,,,,False,False,,False
,1003990033,421.27734375,1900,19,1003990033,794443,2100,111.28829887421583,66.39,Constructed,1004995,2017-08-22 18:13:41+00:00,Photogrammetric,346551,46 AVENUE B,C7,6.0,21,1900,40.7231197,-73.9829139,241.72681988298964,41.093559380108246,50873.82651257401,139.38034660979181,151.22429851879835,205.4677969005412,R8B,,,,False,False,,False
,1003990030,575.703125,1900,19,1003990030,646597,2100,113.37749738951636,66.51,Constructed,1004994,2017-08-22 17:29:52+00:00,Photogrammetric,678477,50 AVENUE B,C7,6.0,26,1900,40.7232404,-73.9828237,330.32623660987304,56.15546022367842,69520.45975691389,190.46701303264078,206.65209362313658,280.7773011183921,R8B,,,,False,False,,False
,1004000039,637.3671875,1920,18,1004000039,475129,2100,120.7817746942853,67.89,Constructed,1005028,2017-08-22 19:13:10+00:00,Photogrammetric,649830,235 EAST 4 STREET,C7,6.0,30,1920,40.7235039,-73.9826793,365.70564526533724,62.16995969510734,76966.41010254288,210.86687699326816,228.78545167799498,310.84979847553666,R7A,,,,False,False,,False
,1003990041,503.69140625,1900,21,1003990041,559677,2100,120.48563810655939,65.07,Constructed,1005002,2017-08-22 19:30:41+00:00,Photogrammetric,138710,191 EAST 3 STREET,C7,6.0,12,1900,40.7230923,-73.9833974,289.0129852940249,49.132207499984226,60825.67288498047,166.64567913693278,180.80652359994195,245.66103749992112,R8B,,,,False,False,,False
,1003990043,242.171875,1900,21,1003990043,996145,2100,87.680897534919836,61.28,Constructed,1005003,2017-08-22 19:01:52+00:00,Photogrammetric,313119,189 EAST 3 STREET,C7,6.0,16,1900,40.7231417,-73.9835128,138.9537638150607,23.622139848560323,29244.20913251768,80.12112091100734,86.92947464270199,118.1106992428016,R8B,,,,False,False,,False
,1003990026,487.9453125,1900,19,1003990026,499634,2100,125.35718175847447,65.96,Constructed,1004992,2017-08-22 17:45:31+00:00,Photogrammetric,812718,234 EAST 4 STREET,C7,6.0,28,1900,40.7233009,-73.9831484,279.96968103369676,47.59484577572845,58922.419070351825,161.4312851242516,175.1490324546807,237.97422887864224,R8B,,,,False,False,,False
,1003990024,488.33203125,1900,20,1003990024,304249,2100,127.61721949314898,66.16,Constructed,1004991,2017-08-22 18:36:58+00:00,Photogrammetric,529913,230 EAST 4 STREET,C1,6.0,18,1900,40.7233668,-73.9832999,280.1957048727584,47.63326982836893,58969.98804752074,161.5616110890979,175.29043296839768,238.16634914184465,R7A,,,,False,False,,False
,1004000045,337.67578125,1937,18,1004000045,652849,2100,103.91857267295603,69.37,Constructed,1005030,2017-08-22 17:29:53+00:00,Photogrammetric,398060,225 EAST 4 STREET,C6,6.0,21,1937,40.7237482,-73.9830581,193.74816939359812,32.937188796911684,40776.239730576664,111.71572528925114,121.208854772635,164.6859439845584,R7A,,,,False,False,,False
,1003870047,315.9453125,1900,13,1003870047,139255,2100,92.779575461934627,71.21,Constructed,1004649,2017-08-22 19:21:24+00:00,Photogrammetric,682990,279 EAST 4 STREET,C4,6.0,12,1900,40.7228559,-73.9809514,181.28734872573492,30.818849283374938,38153.735412818176,104.5307819529265,113.41336536281977,154.09424641687468,R8B,,,,False,False,,False
,1003870048,317.3671875,1920,14,1003870048,823542,2100,92.624644728357453,70.19,Constructed,1004650,2017-08-22 17:57:12+00:00,Photogrammetric,4244,277 EAST 4 STREET,C1,6.0,13,1920,40.7228888,-73.9810308,182.09737656614544,30.956554016244723,38324.213872110966,104.99784622496155,113.92011877978058,154.78277008122362,R8B,,,,False,False,,False
,1003870015,340.02734375,1900,14,1003870015,942043,2100,94.592804729284993,65.36,Constructed,1004628,2017-08-22 18:41:50+00:00,Photogrammetric,795212,610 EAST 5 STREET,C6,6.0,23,1900,40.7234269,-73.9815826,195.10143200167872,33.16724344028538,41061.0473790733,112.49602021663918,122.05545586025022,165.8362172014269,R8B,,,,False,False,,False
,1003870157,516.6796875,1900,7,1003870157,495262,2100,122.37321564500022,73.25,Constructed,1004667,2017-08-22 19:34:00+00:00,Photogrammetric,627153,619 EAST 5 STREET,C1,6.0,40,1900,40.7236656,-73.9810089,296.45489981665594,50.397332968831506,62391.89821541341,170.93670743948877,185.46218532529994,251.98666484415753,R8B,,,,False,False,,False
,1003870119,351.48046875,1920,10,1003870119,614206,2100,96.482046003657814,66.23,Constructed,1004652,2017-08-22 17:30:22+00:00,Photogrammetric,139755,620 EAST 6 STREET,C7,6.0,22,1920,40.7239153,-73.9808537,201.67383312033746,34.284551630457365,42444.27491850622,116.28568470823622,126.1671500000831,171.42275815228683,R8B,,,,False,False,,False
,1004000047,337.57421875,1937,18,1004000047,450427,2100,103.02545947359712,69.94,Constructed,1005031,2017-08-22 18:52:26+00:00,Photogrammetric,627838,223 EAST 4 STREET,C6,6.0,19,1937,40.7237867,-73.9831555,193.69181020111887,32.92760773419021,40764.37837492748,111.68322842445885,121.17359646181997,164.63803867095103,R8B,,,,False,False,,False
,1004000050,493.98046875,1900,18,1004000050,694200,2100,125.91333465735052,66.89,Constructed,1005034,2017-08-22 18:26:47+00:00,Photogrammetric,445315,213 EAST 4 STREET,C7,6.0,28,1900,40.7238993,-73.9834188,283.4375413221075,48.18438202475828,59652.26494665075,163.4308628675363,177.31852585111045,240.92191012379138,R8B,,,,False,False,,False
,1004000038,317.65234375,1900,18,1004000038,918602,2100,95.189209935273865,67.12,Constructed,1005027,2017-08-22 17:27:52+00:00,Photogrammetric,775813,60 AVENUE B,C7,6.0,22,1900,40.7235945,-73.9826107,182.26480350356078,30.985016595605334,38359.4505453594,105.09438505577918,114.02486107182763,154.92508297802667,R8B,,,,False,False,,False
,1004000026,412.38671875,1929,17,1004000026,640301,2100,107.96776595389146,64.16,Constructed,1005025,2017-08-22 17:29:52+00:00,Photogrammetric,839875,540 EAST 5 STREET,C7,6.0,22,1929,40.7239623,-73.9828199,236.61416521259324,40.22440808614085,49797.817210642366,136.43237591956813,148.0258217569983,201.12204043070423,R7A,,,,False,False,,False
,1004000024,401.16796875,1929,17,1004000024,896616,2100,107.98825051204126,64.16,Constructed,1005024,2017-08-22 18:08:13+00:00,Photogrammetric,511348,536 EAST 5 STREET,C7,6.0,22,1929,40.7240145,-73.9829462,230.17807046050257,39.130271978285435,48443.27670911737,132.72130605237635,143.9994008800904,195.65135989142718,R8B,,,,False,False,,False
,1004010042,281.44921875,1900,15,1004010042,130513,2100,93.812010560960587,70.43,Constructed,1005063,2017-08-22 19:41:06+00:00,Photogrammetric,47101,543 EAST 5 STREET,C7,6.0,22,1900,40.7242559,-73.9823941,161.49027254493149,27.453346332638354,33987.24275980628,93.11573358851035,101.02831450410913,137.26673166319176,R7A,,,,False,False,,False
,1003760019,401.08203125,1910,11,1003760019,374993,2100,107.61856592635627,66.29,Constructed,1004477,2017-08-22 17:34:34+00:00,Photogrammetric,828042,254 EAST 7 STREET,C6,6.0,20,1910,40.7234262,-73.9778702,230.14013642706456,39.12382319260098,48435.29311244001,132.69943318476714,143.9756693487716,195.61911596300487,R8B,,,,False,False,,False
,1003870140,325.8125,1900,10,1003870140,633512,2100,89.9650505927907,60.12,Constructed,1004657,2017-08-22 17:41:56+00:00,Photogrammetric,60617,77 AVENUE C,C7,6.0,16,1900,40.7232619,-73.979804,186.94362682867518,31.78041656087478,39344.15570236298,107.7922074037342,116.95193294401918,158.9020828043739,R8B,,,,False,False,,False
,1003760011,458.7265625,1900,9,1003760011,775113,2100,116.7994486828122,63.485256,Constructed,1004472,2017-08-22 19:32:37+00:00,Photogrammetric,122189,238 EAST 7 STREET,C4,6.0,30,1900,40.7236459,-73.9783897,263.2128769485875,44.74618908125988,55395.782082599726,151.76926597972528,164.66597581903636,223.73094540629938,R8B,,,,False,False,,False
,1003760005,400.80078125,1900,9,1003760005,306329,2100,109.31935066757045,64.45,Constructed,1004468,2017-08-22 19:18:06+00:00,Photogrammetric,515619,98 AVENUE C,C6,6.0,22,1900,40.7237366,-73.9787829,229.96837725144647,39.094624132745906,48399.144676339434,132.6003963735327,143.8682168085049,195.4731206637295,R8B,,,,False,False,,False
,1003890036,999.66796875,1935,8,1003890036,1056979,2100,180.23377029908107,68,Constructed,1004688,2017-08-22 17:28:41+00:00,Other (Manual),1205729,645 EAST 6 STREET,C7,6.0,15,1935,40.7237669,-73.9793349,573.582837578246,97.50908238830182,120716.24399671765,330.7294356074456,358.8334231889507,487.5454119415091,R8B,,,,False,False,,False
,1003770062,382.296875,2001,10,1003770062,1035971,2100,119.70055753711453,69.85,Constructed,1004521,2020-01-17 20:46:58+00:00,Photogrammetric,945961,249 EAST 7 STREET,C6,6.0,13,2001,40.7239038,-73.9778737,219.3504588853144,37.28957801050345,46164.49757700327,126.47807555343361,137.22564707865268,186.44789005251724,R8B,,,,False,False,,False
,1003780039,338.87890625,1900,10,1003780039,485664,2100,83.794531983226847,65.47,Constructed,1004537,2017-08-22 18:51:59+00:00,Photogrammetric,754788,115 AVENUE D,C7,6.0,20,1900,40.7238952,-73.976142,194.44027460806308,33.05484668337072,40921.90019401295,112.11479505209029,121.64183579480424,165.2742334168536,R8B,,,,False,False,,False
,1003770016,520.2734375,1923,10,1003770016,875751,2100,126.83626297922824,63.6,Constructed,1004506,2017-08-22 17:40:22+00:00,Photogrammetric,152038,368 EAST 8 STREET,C6,6.0,29,1923,40.7241453,-73.9776968,298.5130975391887,50.74722658166208,62825.06650809766,172.12346988519909,186.74979382051646,253.7361329083104,R8B,,,,False,False,,False
,1003890032,537.1953125,1907,8,1003890032,430913,2100,130.34673709816428,67.11,Constructed,1004687,2017-08-22 19:35:07+00:00,Photogrammetric,642590,99 AVENUE C,C7,6.0,22,1907,40.7239892,-73.979259,308.23072787999683,52.399223739599464,64870.23898962414,177.7266821633538,192.829143361726,261.9961186979973,R7A,,,,False,False,,False
,1003770066,242.55859375,1899,8,1003770066,509485,2100,72.825389195644647,38.02,Constructed,1004523,2017-08-22 18:15:08+00:00,Photogrammetric,348323,243 EAST 7 STREET,C7,6.0,8,1899,40.7240192,-73.9781442,139.17278406131322,23.659373290423247,29290.30413354398,80.247408585052,87.06649370875755,118.29686645211623,R8B,,,,False,False,,False
,1003770067,275.81640625,1900,9,1003770067,517357,2100,91.678490878771257,68.76,Constructed,1004524,2017-08-22 19:33:44+00:00,Photogrammetric,34205,241 EAST 7 STREET,C6,6.0,17,1900,40.7240521,-73.9782236,158.26026617676604,26.904245250050224,33307.45561956218,91.25330306729363,99.00762252018482,134.52122625025112,R8B,,,,False,False,,False
,1003890054,289.34375,1920,11,1003890054,820010,2100,87.60786874782724,76.46,Constructed,1004702,2017-08-22 17:57:26+00:00,Photogrammetric,124919,613 EAST 6 STREET,C6,6.0,14,1920,40.7243243,-73.9806876,166.01491563107743,28.222535657283164,34939.49914371656,95.72465518826455,103.85893121880204,141.11267828641581,R8B,,,,False,False,,False
,1003890022,515.74609375,1900,10,1003890022,965262,2100,124.03664541891729,62.5,Constructed,1004680,2017-08-22 18:24:22+00:00,Photogrammetric,800037,208 EAST 7 STREET,C7,6.0,28,1900,40.7243324,-73.9800094,295.920004336502,50.306400737205344,62279.324112660215,170.62828524016498,185.12755471291567,251.5320036860267,C6-1,,,,False,False,,False
,1003890021,305.9921875,1900,10,1003890021,325385,2100,87.69542527882966,70.15,Constructed,1004679,2017-08-22 18:36:18+00:00,Photogrammetric,654743,206 EAST 7 STREET,C6,6.0,19,1900,40.7243818,-73.9801284,175.56851943670168,29.846648304239284,36950.15060064824,101.23328931684449,109.83566575960056,149.23324152119642,R8B,,,,False,False,,False
,1003890020,302.0234375,1900,10,1003890020,658009,2100,88.960284227888451,72.03,Constructed,1004678,2017-08-22 17:55:16+00:00,Photogrammetric,607472,204 EAST 7 STREET,C6,6.0,21,1900,40.7244148,-73.9802078,173.287634357747,29.45889784081699,36470.11552693143,99.918124731319,108.40874405420652,147.29448920408495,C6-1,,,,False,False,,False
,1003770002,525.86328125,1900,8,1003770002,260502,2100,126.7110887225225,68.23,Constructed,1004499,2017-08-22 18:03:39+00:00,Photogrammetric,741064,112 AVENUE C,C7,6.0,22,1900,40.7242717,-73.9783931,301.7301546351592,51.294126287977065,63502.12834451561,173.9784338205907,188.7623847397556,256.4706314398853,R7A,,,,False,False,,False
,1003900037,382.8828125,1900,7,1003900037,682915,2100,80.858486765666854,70.27,Constructed,1004720,2017-08-22 19:06:11+00:00,Photogrammetric,542676,107 AVENUE C,C6,6.0,10,1900,40.7242856,-73.9789956,219.6791225868541,37.3454508397652,46233.66813962931,126.6675839441899,137.43125909033594,186.727254198826,R8B,,,,False,False,,False
,1003990047,509.74609375,1900,22,1003990047,212369,2100,124.2670106179775,63,Constructed,1005005,2017-08-22 17:49:49+00:00,Photogrammetric,560019,181 EAST 3 STREET,C7,6.0,32,1900,40.7232927,-73.9838663,292.48380613414685,49.722247042804966,61556.141838992546,168.64696394244532,182.97786911752226,248.61123521402482,R8B,,,,False,False,,False
,1003980066,396.359375,1900,24,1003980066,346656,2100,106.31637656587884,65.67,Constructed,1004986,2017-08-22 17:47:45+00:00,Photogrammetric,192035,24 AVENUE A,C6,6.0,20,1900,40.7230404,-73.9854429,227.42305666018362,38.66191963223122,47863.45650470225,131.13275754712944,142.2758642466109,193.30959816115606,R8B,,,,False,False,,False
,1004000061,211.8828125,1900,20,1004000061,225353,2100,62.476213185529019,61.38,Constructed,1005044,2017-08-22 18:57:18+00:00,Photogrammetric,36913,193 EAST 4 STREET,C7,6.0,11,1900,40.7242397,-73.9842232,121.57200138679242,20.66724023575471,25586.04341186433,70.09874907360091,76.05544406757734,103.33620117877355,R8B,,,,False,False,,False
,1004340049,268.52734375,1897,22,1004340049,1046035,2100,92.811953168899663,67.54,Constructed,1005807,2020-01-28 17:16:34+00:00,Photogrammetric,648460,417 EAST 6 STREET,C1,6.0,24,1897,40.7262298,-73.9852186,154.0570923669919,26.189705702388622,32422.855659557114,88.82974153303319,96.37811698479013,130.9485285119431,R8B,,,,False,False,,False
,1004340019,258.48046875,1898,21,1004340019,1047795,2100,92.72858132611033,66.26,Constructed,1005784,2020-01-28 17:19:58+00:00,Photogrammetric,771224,110 EAST 7 STREET,C7,6.0,23,1898,40.7263423,-73.984782,148.3002507208246,25.211042622540184,31211.270766704747,85.51033086768423,92.77663685094787,126.05521311270091,R8B,,,,False,False,,False
,1004350043,434.38671875,1907,20,1004350043,1030207,2100,104.76741924971196,63.98,Constructed,1005848,2020-01-28 17:16:09+00:00,Photogrammetric,148239,117 EAST 7 STREET,C7,6.0,27,1907,40.7266085,-73.9842948,249.22167225060426,42.367684282602724,52451.193141862175,143.70189901880048,155.91307815997803,211.8384214130136,R8B,,,,False,False,,False
,1004350027,381.5703125,1920,20,1004350027,653400,2100,100.73983276292705,65.94,Constructed,1005834,2017-08-22 18:10:33+00:00,Photogrammetric,160779,126 ST MARKS PLACE,C7,6.0,22,1920,40.7267209,-73.9838078,218.91816240244347,37.216087608415386,46073.51645921825,126.22881221703629,136.95520239896862,186.08043804207693,R8B,,,,False,False,,False
,1004150012,386.3984375,1920,40,1004150012,127885,2100,115.08962188295169,74.74,Constructed,1077624,2017-08-22 17:37:52+00:00,Photogrammetric,836094,176 ELDRIDGE STREET,C7,6.0,56,1920,40.7203346,-73.9905843,443.5305055051023,75.4001859358674,93345.43018860384,255.7409046263119,277.472684243992,377.000929679337,R8B,,,,False,False,,False
,1004150012,386.3984375,1920,40,1004150012,127885,2100,115.08962188295169,74.74,Constructed,1077624,2017-08-22 17:37:52+00:00,Photogrammetric,836094,176 ELDRIDGE STREET,C7,6.0,56,1920,40.7203346,-73.9905843,443.5305055051023,75.4001859358674,93345.43018860384,255.7409046263119,277.472684243992,377.000929679337,R8B,,,,False,False,,False
,1004150012,386.53125,1920,39,1004150012,831444,2100,114.82525092644629,75.78,Constructed,1077623,2017-08-22 17:43:41+00:00,Photogrammetric,590631,176 ELDRIDGE STREET,C7,6.0,56,1920,40.7203346,-73.9905843,443.5305055051023,75.4001859358674,93345.43018860384,255.7409046263119,277.472684243992,377.000929679337,R7A,,,,False,False,,False
,1004150012,386.53125,1920,39,1004150012,831444,2100,114.82525092644629,75.78,Constructed,1077623,2017-08-22 17:43:41+00:00,Photogrammetric,590631,176 ELDRIDGE STREET,C7,6.0,56,1920,40.7203346,-73.9905843,443.5305055051023,75.4001859358674,93345.43018860384,255.7409046263119,277.472684243992,377.000929679337,R8B,,,,False,False,,False
,1004150022,200.41015625,1900,36,1004150022,780265,2100,70.871434776090425,67.48,Constructed,1005485,2017-08-22 19:11:02+00:00,Photogrammetric,706682,145 ALLEN STREET,C7,6.0,10,1900,40.7205075,-73.9901117,115.00162205028094,19.55027574854776,24203.241376702128,66.31025034712911,71.94501475465576,97.7513787427388,R7A,,,,False,False,,False
,1004160032,471.4296875,1900,38,1004160032,949455,2100,105.22303512543881,66.03,Constructed,1005516,2017-08-22 17:52:39+00:00,Photogrammetric,245599,66 RIVINGTON STREET,C7,6.0,20,1900,40.7207353,-73.9899457,270.5189274622964,45.98821766859039,56933.4134737149,155.98195472250657,169.23664102041263,229.94108834295193,R8B,,,,False,False,,False
,1004210078,532.734375,1900,40,1004210078,213516,2100,121.98924333546904,74.23,Constructed,1005611,2017-08-22 18:03:49+00:00,Photogrammetric,247166,42 RIVINGTON STREET,C7,6.0,31,1900,40.7210703,-73.9909738,305.7056781346745,51.96996528289466,64338.81702022359,176.27073156225643,191.24947224105236,259.8498264144733,R7A,,,,False,False,,False
,1004210080,287.8046875,1900,41,1004210080,626687,2100,96.231606618786316,66.33,Constructed,1005612,2017-08-22 18:46:13+00:00,Photogrammetric,315893,40 RIVINGTON STREET,C7,6.0,22,1900,40.7211142,-73.9910784,165.14701254437978,28.074992132544562,34756.84026009017,95.22421989065799,103.31597104776398,140.3749606627228,R7A,,,,False,False,,False
,1004210043,355.21484375,1900,42,1004210043,502057,2100,106.84231264038971,62.4,Constructed,1005605,2017-08-22 18:32:34+00:00,Photogrammetric,38027,172 FORSYTH STREET,C6,6.0,17,1900,40.7212981,-73.9910387,203.82268323288986,34.64985614959127,42896.521913193996,117.52471757039451,127.51147063049586,173.24928074795636,R7A,,,,False,False,,False
,1004160064,307.234375,1900,35,1004160064,771302,2100,96.961954696620779,63.14,Constructed,1005531,2017-08-22 18:13:55+00:00,Photogrammetric,357314,153 ORCHARD STREET,C7,6.0,18,1900,40.7208148,-73.9891195,176.2981820709547,29.970690952062302,37103.71539865313,101.65401479083049,110.29214270358928,149.8534547603115,R8B,,,,False,False,,False
,1004160063,310.828125,1900,36,1004160063,9742,2100,97.559743752551853,62.14,Constructed,1005530,2017-08-22 17:47:23+00:00,Photogrammetric,276928,155 ORCHARD STREET,C7,6.0,18,1900,40.7208807,-73.9890871,178.35557443172362,30.320447653393018,37536.71419490055,102.84031286274124,111.57924736448629,151.6022382669651,R8B,,,,False,False,,False
,1004160062,326.73046875,1900,35,1004160062,507746,2100,100.47099942205827,63.14,Constructed,1005529,2017-08-22 19:12:11+00:00,Photogrammetric,116101,157 ORCHARD STREET,C7,6.0,18,1900,40.7209466,-73.9890546,187.48755345141834,31.87288408674112,39458.63049938551,108.10583698461784,117.29221343920732,159.3644204337056,R8B,,,,False,False,,False
,1004160055,279.9140625,1900,34,1004160055,955893,2100,82.466883033945436,61.01,Constructed,1005523,2017-08-22 17:27:22+00:00,Photogrammetric,219932,85 STANTON STREET,C6,6.0,10,1900,40.7213665,-73.9888236,160.6207136450875,27.305521319664877,33804.23539374512,92.61434354450718,100.48431845636674,136.52760659832438,R8B,,,,False,False,,False
,1004220064,391.82421875,1900,38,1004220064,628873,2100,109.09344254492086,63.33,Constructed,1005625,2017-08-22 17:42:05+00:00,Photogrammetric,93559,231 ELDRIDGE STREET,C7,6.0,22,1900,40.7223547,-73.9901042,224.82423745262966,38.22012036694704,47316.50901428044,129.6342712720012,140.6500429503651,191.10060183473522,R8B,,,,False,False,,False
,1004170019,381.859375,1900,37,1004170019,951061,2100,86.809633081125057,63.46,Constructed,1005543,2017-08-22 19:25:41+00:00,Photogrammetric,286947,201 ALLEN STREET,C7,6.0,27,1900,40.7225385,-73.9891698,219.1081265934988,37.2483815208948,46113.496322867766,126.33834609004867,137.07404399689287,186.241907604474,R8B,,,,False,False,,False
,1004170018,691.45703125,1920,36,1004170018,609794,2100,119.27677471587576,63.15,Constructed,1005542,2017-08-22 18:28:28+00:00,Photogrammetric,332002,159 EAST HOUSTON STREET,C7,6.0,33,1900,40.7227389,-73.9890868,396.7559187970764,67.44850619550299,83501.25067003269,228.7705497809115,248.21050279945098,337.24253097751495,R8B,,,,False,False,,False
,1004220062,390.32421875,1900,38,1004220062,686725,2100,109.61843937547404,63.37,Constructed,1005624,2017-08-22 18:44:32+00:00,Photogrammetric,503045,233 ELDRIDGE STREET,C7,6.0,22,1900,40.7224508,-73.9900537,223.96458755830145,38.073979884911246,47135.587097520125,129.13859478772636,140.1122459764734,190.36989942455622,R8B,,,,False,False,,False
,1004220060,538.6015625,1900,38,1004220060,834212,2100,129.49280473577738,67.88,Constructed,1005623,2017-08-22 19:31:39+00:00,Photogrammetric,813890,237 ELDRIDGE STREET,C6,6.0,40,1900,40.7225633,-73.9899959,309.0437889869344,52.53744412777884,65041.3558301902,178.19549542517862,193.33779439022612,262.6872206388942,R7A,,,,False,False,,False
,1004220057,379.15234375,1900,38,1004220057,830582,2100,102.07461216956243,69.38,Constructed,1005621,2017-08-22 18:12:42+00:00,Photogrammetric,504338,245 ELDRIDGE STREET,C7,6.0,10,1900,40.7227692,-73.9898913,217.55454503275303,36.98427265556801,45786.5295475932,125.4425467057348,136.10212337249027,184.92136327784007,R8B,,,,False,False,,False
,1004420021,409.83203125,1920,37,1004420021,630069,2100,83.720466576923187,75.98,Constructed,1006078,2017-08-22 19:29:45+00:00,Photogrammetric,393208,49 EAST 1 STREET,C6,6.0,10,1920,40.7236173,-73.9897288,235.15742186938598,39.97676171779562,49491.23100663097,135.59241371679718,147.11448312148786,199.88380858897807,R7A,,,,False,False,,False
,1004120040,317.08203125,1900,31,1004120040,993536,2100,88.283773653373814,69.45,Constructed,1005411,2017-08-22 19:24:25+00:00,Photogrammetric,792060,162 LUDLOW STREET,C7,6.0,20,1900,40.7212511,-73.9874888,181.9473079543728,30.93104235224338,38292.630432077305,104.91131625226659,113.82623585625564,154.6552117612169,R7A,,,,False,False,,False
,1004120035,319.44921875,1900,33,1004120035,796015,2100,82.461576130497349,73.54,Constructed,1005409,2017-08-22 18:31:11+00:00,Photogrammetric,591389,161 LUDLOW STREET,C4,6.0,8,1900,40.7214488,-73.9878929,183.3052269531811,31.16188858204079,38578.4180645665,105.69429606730547,114.6757499819101,155.80944291020393,R8B,,,,False,False,,False
,1004110009,254.79296875,1930,34,1004110009,722638,2100,70.652775944168738,65,Constructed,1005345,2017-08-22 19:28:03+00:00,Photogrammetric,584762,162 ORCHARD STREET,C7,6.0,10,1930,40.7210371,-73.9884774,146.2061677282771,24.85504851380711,30770.5500600932,84.30287687696767,91.46657853081017,124.27524256903554,R7A,,,,False,False,,False
,1004110018,308.54296875,1920,33,1004110018,549194,2100,73.3702892221187,61.16,Constructed,1005351,2017-08-22 18:47:48+00:00,Photogrammetric,699919,101 STANTON STREET,C7,6.0,15,1920,40.7211523,-73.9879831,177.0435407134743,30.09740192129063,37260.5835785578,102.08379062618576,110.75843907034951,150.48700960645314,R8A,,,,False,False,,False
,1004110011,271.125,1920,34,1004110011,810103,2100,90.796578465176722,68.03,Constructed,1005347,2017-08-22 18:13:10+00:00,Photogrammetric,393462,166 ORCHARD STREET,C7,6.0,25,1920,40.7211661,-73.9884124,155.57571151032704,26.447870956755594,32742.464244463426,89.70538149168063,97.32816512086059,132.23935478377797,R8B,,,,False,False,,False
,1004120001,386.17578125,1920,34,1004120001,446070,2100,101.28300640577555,67.54,Constructed,1005386,2017-08-22 19:13:43+00:00,Photogrammetric,398529,172 ORCHARD STREET,C7,6.0,20,1920,40.7214762,-73.9882356,221.5939307700678,37.67096823091153,46636.65866986847,127.77166758868074,138.62916308975443,188.35484115455762,R7A,,,,False,False,,False
,1004170068,303.29296875,1920,34,1004170068,157193,2100,73.4737717048429,68.94,Constructed,1005558,2017-08-22 18:59:07+00:00,Photogrammetric,26569,86 STANTON STREET,C7,6.0,15,1920,40.7216272,-73.988618,174.02935933060274,29.584991086202468,36626.21896471865,100.34580538279083,108.87276719722509,147.92495543101234,R7A,,,,False,False,,False
,1004170056,334.734375,1900,34,1004170056,993968,2100,96.043324301391124,68.38,Constructed,1005548,2017-08-22 17:52:04+00:00,Photogrammetric,646097,185 EAST HOUSTON STREET,C7,6.0,31,1900,40.7224698,-73.9881993,391.3359413332785,66.52711002665735,82360.5622130018,225.64537592603233,244.81976489809904,332.63555013328676,R8B,,,,False,False,,False
,1004170056,334.734375,1900,34,1004170056,993968,2100,96.043324301391124,68.38,Constructed,1005548,2017-08-22 17:52:04+00:00,Photogrammetric,646097,185 EAST HOUSTON STREET,C7,6.0,31,1900,40.7224698,-73.9881993,391.3359413332785,66.52711002665735,82360.5622130018,225.64537592603233,244.81976489809904,332.63555013328676,R8B,,,,False,False,,False
,1004170056,347.27734375,1900,35,1004170056,876691,2100,106.1338954477003,76.94,Constructed,1005547,2017-08-22 18:43:19+00:00,Photogrammetric,945986,185 EAST HOUSTON STREET,C7,6.0,31,1900,40.7224698,-73.9881993,391.3359413332785,66.52711002665735,82360.5622130018,225.64537592603233,244.81976489809904,332.63555013328676,R8B,,,,False,False,,False
,1004170056,347.27734375,1900,35,1004170056,876691,2100,106.1338954477003,76.94,Constructed,1005547,2017-08-22 18:43:19+00:00,Photogrammetric,945986,185 EAST HOUSTON STREET,C7,6.0,31,1900,40.7224698,-73.9881993,391.3359413332785,66.52711002665735,82360.5622130018,225.64537592603233,244.81976489809904,332.63555013328676,R8B,,,,False,False,,False
,1004170054,273.35546875,1900,35,1004170054,354777,2100,93.130033783381919,70.05,Constructed,1005546,2017-08-22 18:54:19+00:00,Photogrammetric,812635,179 EAST HOUSTON STREET,C7,6.0,15,1900,40.722511,-73.9883256,156.84392056414254,26.66346649590423,33009.37152192944,90.436634306656,98.12155670492757,133.31733247952116,R7A,,,,False,False,,False
,1004290005,475.03125,1900,32,1004290005,434030,2100,118.34544215335778,67.42,Constructed,1005732,2017-08-22 18:16:14+00:00,Photogrammetric,788032,18 1 AVENUE,C7,6.0,27,1900,40.7234607,-73.9879177,272.56286498693333,46.33568704777866,57363.58056514998,157.16049469904104,170.51532833582547,231.67843523889331,R8B,,,,False,False,,False
,1004430050,295.1015625,1910,36,1004430050,37045,2100,97.853441429595478,64.95,Constructed,1006105,2017-08-22 18:32:45+00:00,Photogrammetric,201938,54 EAST 1 STREET,C6,6.0,24,1910,40.7239164,-73.9893716,169.3249044067233,28.785233749142964,35636.11938143899,97.63320378476436,105.92966019684611,143.92616874571482,R7A,,,,False,False,,False
,1005070004,373.31640625,1910,44,1005070004,750214,2100,101.55616395727093,69.08630395,Constructed,1007847,2017-08-22 17:32:25+00:00,Photogrammetric,36656,232 ELIZABETH STREET,C7,6.0,28,1910,40.7230686,-73.9937479,214.19844694180296,36.4137359801065,45080.20514337185,123.50741135170371,134.00254840679193,182.06867990053252,R7A,,,,False,False,,False
,1005080044,425.49609375,1910,44,1005080044,406324,2100,113.56768908170717,70.89672915,Constructed,1007908,2017-08-22 18:53:40+00:00,Photogrammetric,211316,233 ELIZABETH STREET,C7,6.0,27,1910,40.7231263,-73.9942601,244.14511941147953,41.50467029995152,51382.781831339984,140.7747447433972,152.7371867038216,207.52335149975758,R8B,,,,False,False,,False
,1005080053,333.06640625,1910,43,1005080053,374834,2100,83.4872333014361,77.31881193,Constructed,1007914,2017-08-22 18:17:38+00:00,Photogrammetric,4741,31 PRINCE STREET,C7,6.0,16,1910,40.7231455,-73.9947219,191.10849891887267,32.48844481620835,40220.69468246594,110.19368406155051,119.55747692364672,162.44222408104176,R8B,,,,False,False,,False
,1005080042,203.1640625,1914,44,1005080042,25040,2100,86.1444130772486,67.52195597,Constructed,1007906,2017-08-22 17:46:26+00:00,Photogrammetric,633371,239 ELIZABETH STREET,CB,6.0,10,1914,40.7232553,-73.994188,116.57022797932859,19.81693875648586,24533.370180529495,67.21471282336847,72.92633462386797,99.0846937824293,R8B,,,,False,False,,False
,1005080001,273.921875,1897,42,1005080001,182158,2100,85.328206276729475,69.96137956,Constructed,1077759,2017-08-22 18:04:37+00:00,Photogrammetric,310058,246 MOTT STREET,C7,6.0,80,1897,40.7233514,-73.9945054,615.1617685022703,104.57750064538595,129466.94579898781,354.7039610931173,384.84520237502034,522.8875032269298,R8B,,,,False,False,,False
,1005080001,273.921875,1897,42,1005080001,182158,2100,85.328206276729475,69.96137956,Constructed,1077759,2017-08-22 18:04:37+00:00,Photogrammetric,310058,246 MOTT STREET,C7,6.0,80,1897,40.7233514,-73.9945054,615.1617685022703,104.57750064538595,129466.94579898781,354.7039610931173,384.84520237502034,522.8875032269298,R8B,,,,False,False,,False
,1005080001,273.921875,1897,42,1005080001,182158,2100,85.328206276729475,69.96137956,Constructed,1077759,2017-08-22 18:04:37+00:00,Photogrammetric,310058,246 MOTT STREET,C7,6.0,80,1897,40.7233514,-73.9945054,615.1617685022703,104.57750064538595,129466.94579898781,354.7039610931173,384.84520237502034,522.8875032269298,R8B,,,,False,False,,False
,1005080001,273.921875,1897,42,1005080001,182158,2100,85.328206276729475,69.96137956,Constructed,1077759,2017-08-22 18:04:37+00:00,Photogrammetric,310058,246 MOTT STREET,C7,6.0,80,1897,40.7233514,-73.9945054,615.1617685022703,104.57750064538595,129466.94579898781,354.7039610931173,384.84520237502034,522.8875032269298,R8B,,,,False,False,,False
,1005080001,265.91015625,1897,42,1005080001,236380,2100,87.338720993148826,70.24261066,Constructed,1077769,2017-08-22 17:36:22+00:00,Photogrammetric,809952,246 MOTT STREET,C7,6.0,80,1897,40.7233514,-73.9945054,615.1617685022703,104.57750064538595,129466.94579898781,354.7039610931173,384.84520237502034,522.8875032269298,R8B,,,,False,False,,False
,1005080001,265.91015625,1897,42,1005080001,236380,2100,87.338720993148826,70.24261066,Constructed,1077769,2017-08-22 17:36:22+00:00,Photogrammetric,809952,246 MOTT STREET,C7,6.0,80,1897,40.7233514,-73.9945054,615.1617685022703,104.57750064538595,129466.94579898781,354.7039610931173,384.84520237502034,522.8875032269298,R7A,,,,False,False,,False
,1005080001,265.91015625,1897,42,1005080001,236380,2100,87.338720993148826,70.24261066,Constructed,1077769,2017-08-22 17:36:22+00:00,Photogrammetric,809952,246 MOTT STREET,C7,6.0,80,1897,40.7233514,-73.9945054,615.1617685022703,104.57750064538595,129466.94579898781,354.7039610931173,384.84520237502034,522.8875032269298,R7A,,,,False,False,,False
,1005080001,265.91015625,1897,42,1005080001,236380,2100,87.338720993148826,70.24261066,Constructed,1077769,2017-08-22 17:36:22+00:00,Photogrammetric,809952,246 MOTT STREET,C7,6.0,80,1897,40.7233514,-73.9945054,615.1617685022703,104.57750064538595,129466.94579898781,354.7039610931173,384.84520237502034,522.8875032269298,R7B,,,,False,False,,False
,1005080001,264.9140625,1897,42,1005080001,968694,2100,86.887996333425576,70.29534149,Constructed,1077770,2017-08-22 19:02:52+00:00,Photogrammetric,355534,246 MOTT STREET,C7,6.0,80,1897,40.7233514,-73.9945054,615.1617685022703,104.57750064538595,129466.94579898781,354.7039610931173,384.84520237502034,522.8875032269298,R7B,,,,False,False,,False
,1005080001,264.9140625,1897,42,1005080001,968694,2100,86.887996333425576,70.29534149,Constructed,1077770,2017-08-22 19:02:52+00:00,Photogrammetric,355534,246 MOTT STREET,C7,6.0,80,1897,40.7233514,-73.9945054,615.1617685022703,104.57750064538595,129466.94579898781,354.7039610931173,384.84520237502034,522.8875032269298,R7B,,,,False,False,,False
,1005080001,264.9140625,1897,42,1005080001,968694,2100,86.887996333425576,70.29534149,Constructed,1077770,2017-08-22 19:02:52+00:00,Photogrammetric,355534,246 MOTT STREET,C7,6.0,80,1897,40.7233514,-73.9945054,615.1617685022703,104.57750064538595,129466.94579898781,354.7039610931173,384.84520237502034,522.8875032269298,R7A,,,,False,False,,False
,1005080001,264.9140625,1897,42,1005080001,968694,2100,86.887996333425576,70.29534149,Constructed,1077770,2017-08-22 19:02:52+00:00,Photogrammetric,355534,246 MOTT STREET,C7,6.0,80,1897,40.7233514,-73.9945054,615.1617685022703,104.57750064538595,129466.94579898781,354.7039610931173,384.84520237502034,522.8875032269298,R7A,,,,False,False,,False
,1005080001,267.375,1897,43,1005080001,35193,2100,87.569829767007022,69.11957205,Constructed,1077771,2017-08-22 17:33:15+00:00,Photogrammetric,180106,246 MOTT STREET,C7,6.0,80,1897,40.7233514,-73.9945054,615.1617685022703,104.57750064538595,129466.94579898781,354.7039610931173,384.84520237502034,522.8875032269298,R7A,,,,False,False,,False
,1005080001,267.375,1897,43,1005080001,35193,2100,87.569829767007022,69.11957205,Constructed,1077771,2017-08-22 17:33:15+00:00,Photogrammetric,180106,246 MOTT STREET,C7,6.0,80,1897,40.7233514,-73.9945054,615.1617685022703,104.57750064538595,129466.94579898781,354.7039610931173,384.84520237502034,522.8875032269298,R7A,,,,False,False,,False
,1005080001,267.375,1897,43,1005080001,35193,2100,87.569829767007022,69.11957205,Constructed,1077771,2017-08-22 17:33:15+00:00,Photogrammetric,180106,246 MOTT STREET,C7,6.0,80,1897,40.7233514,-73.9945054,615.1617685022703,104.57750064538595,129466.94579898781,354.7039610931173,384.84520237502034,522.8875032269298,R7A,,,,False,False,,False
,1005080001,267.375,1897,43,1005080001,35193,2100,87.569829767007022,69.11957205,Constructed,1077771,2017-08-22 17:33:15+00:00,Photogrammetric,180106,246 MOTT STREET,C7,6.0,80,1897,40.7233514,-73.9945054,615.1617685022703,104.57750064538595,129466.94579898781,354.7039610931173,384.84520237502034,522.8875032269298,R7A,,,,False,False,,False
,1005080035,214.4453125,1910,45,1005080035,44671,2100,83.305489661006419,58.10259995,Constructed,1007900,2017-08-22 17:58:44+00:00,Photogrammetric,82270,253 ELIZABETH STREET,C7,6.0,8,1910,40.7236423,-73.9940328,123.0490582202067,20.91833989743514,25896.904793024703,70.95042409047863,76.97949082256132,104.59169948717569,R8B,,,,False,False,,False
,1005080014,387.16796875,1925,43,1005080014,510923,2100,142.85439649373535,70.29722728,Constructed,1007889,2017-08-22 18:14:52+00:00,Photogrammetric,543325,274 MOTT STREET,C4,6.0,30,1925,40.7240128,-73.9942312,222.14253358501142,37.764230709451944,46752.117618301505,128.08799347479865,138.97236901078313,188.8211535472597,R7A,,,,False,False,,False
,1005090027,737.52734375,1900,42,1005090027,299575,2100,175.40313106911898,69.36,Constructed,1007923,2017-08-22 17:35:34+00:00,Photogrammetric,682929,285 MOTT STREET,C7,6.0,54,1900,40.7242928,-73.9946172,423.16573078093074,71.93817423275823,89059.4597001547,243.9985197264512,264.73248117655027,359.69087116379114,R8B,,,,False,False,,False
,1005210026,561.4609375,1905,45,1005210026,732914,2100,130.33817901677392,63,Constructed,1008183,2017-08-22 19:11:39+00:00,Photogrammetric,407249,302 MOTT STREET,C7,6.0,43,1905,40.7248802,-73.9938487,322.14008769754986,54.76381490858347,67797.60285682634,185.74685714198998,201.53083886358718,273.81907454291735,R8B,,,,False,False,,False
,1004430020,731.3984375,1899,35,1004430020,1054389,2100,155.77202227661544,72.91,Constructed,1006084,2020-01-28 17:15:45+00:00,Photogrammetric,754942,67 EAST 2 STREET,C4,6.0,49,1899,40.7241607,-73.9892489,419.65621712044674,71.34155691047594,88320.84745516922,241.9749245347102,262.5369294305514,356.70778455237974,R8B,,,,False,False,,False
,1004570020,673.953125,1900,42,1004570020,216482,2100,138.31172750611515,62.47,Constructed,1006540,2017-08-22 18:57:20+00:00,Photogrammetric,604839,21 EAST 2 STREET,C1,6.0,42,1900,40.72502,-73.9910887,386.68092006725306,65.73575641143303,81380.8664373541,222.96127791055918,241.90758359407357,328.6787820571651,R8B,,,,False,False,,False
,1004580032,378.09765625,1901,38,1004580032,1047751,2100,104.98450117692343,74.44,Constructed,1006553,2020-01-28 17:25:19+00:00,Photogrammetric,400765,32 EAST 2 STREET,C6,6.0,28,1901,40.7252121,-73.9905114,216.93447023286075,36.87885993958633,45656.02860520787,125.08500987728185,135.7142045776777,184.39429969793164,R8B,,,,False,False,,False
,1004430004,203.55859375,1900,37,1004430004,872158,2100,58.730636400327256,49.7,Constructed,1076851,2018-08-27 17:46:39+00:00,Photogrammetric,801497,26 2 AVENUE,C7,6.0,25,1900,40.7244216,-73.9902879,252.5384182619897,42.93153110453825,53149.23550741836,145.61434385594072,157.98803446470077,214.65765552269124,R7A,,,,False,False,,False
,1004430004,203.55859375,1900,37,1004430004,872158,2100,58.730636400327256,49.7,Constructed,1076851,2018-08-27 17:46:39+00:00,Photogrammetric,801497,26 2 AVENUE,C7,6.0,25,1900,40.7244216,-73.9902879,252.5384182619897,42.93153110453825,53149.23550741836,145.61434385594072,157.98803446470077,214.65765552269124,R8B,,,,False,False,,False
,1004430004,236.5859375,1900,38,1004430004,468949,2100,63.128597145657878,59.51,Constructed,1076850,2017-08-22 18:52:01+00:00,Photogrammetric,304027,26 2 AVENUE,C7,6.0,25,1900,40.7244216,-73.9902879,252.5384182619897,42.93153110453825,53149.23550741836,145.61434385594072,157.98803446470077,214.65765552269124,R8B,,,,False,False,,False
,1004430004,236.5859375,1900,38,1004430004,468949,2100,63.128597145657878,59.51,Constructed,1076850,2017-08-22 18:52:01+00:00,Photogrammetric,304027,26 2 AVENUE,C7,6.0,25,1900,40.7244216,-73.9902879,252.5384182619897,42.93153110453825,53149.23550741836,145.61434385594072,157.98803446470077,214.65765552269124,R8B,,,,False,False,,False
,1004440008,287.8125,1899,37,1004440008,1053325,2100,68.522783376047443,70.13,Constructed,1006115,2020-01-28 17:20:17+00:00,Photogrammetric,821303,50 2 AVENUE,CB,6.0,10,1899,40.7253657,-73.9897502,165.13303191041487,28.07261542477053,34753.89789586591,95.21615861881072,103.30722476315555,140.36307712385263,R8B,,,,False,False,,False
,1004440024,313.6328125,1920,34,1004440024,728090,2100,97.805898925302145,66.78,Constructed,1006126,2017-08-22 17:44:46+00:00,Photogrammetric,271412,70 EAST 3 STREET,C1,6.0,24,1920,40.72491,-73.9888663,179.94194171238144,30.590130091104847,37870.5810527878,103.75501658298028,112.57167873526583,152.95065045552423,R7A,,,,False,False,,False
,1004440022,391.45703125,1910,34,1004440022,125457,2100,103.28853510596753,67.14,Constructed,1006125,2017-08-22 19:41:18+00:00,Photogrammetric,183484,66 EAST 3 STREET,C7,6.0,24,1910,40.7249512,-73.9889637,224.6039926009488,38.18267874216129,47270.15628279568,129.50727748711145,140.51225777115357,190.91339371080647,R8B,,,,False,False,,False
,1004440019,273.8671875,1898,34,1004440019,1053754,2100,102.89189177967448,69.27,Constructed,1006122,2020-01-28 17:15:49+00:00,Photogrammetric,728271,60 EAST 3 STREET,C7,6.0,16,1898,40.7250418,-73.9891766,157.1299145868963,26.71208547977237,33069.561823958196,90.60153924372109,98.30047456556231,133.56042739886183,R8B,,,,False,False,,False
,1004440018,347.34375,1900,35,1004440018,1045165,2100,104.45587558536923,73.5,Constructed,1006121,2020-01-28 17:22:14+00:00,Photogrammetric,745865,58 EAST 3 STREET,C1,6.0,24,1900,40.7250775,-73.9892523,199.28706117848742,33.87880040034286,41941.95489562446,114.90946546746427,124.67398547326172,169.3940020017143,R8B,,,,False,False,,False
,1004440014,455.640625,1900,35,1004440014,1032203,2100,117.21658961307018,70.46,Constructed,1006119,2020-01-28 17:25:21+00:00,Photogrammetric,455840,50 EAST 3 STREET,C1,6.0,24,1900,40.7251681,-73.989476,261.42693788843803,44.44257944103447,55019.91334800067,150.73948862465937,163.54869234300685,222.2128972051723,R7A,,,,False,False,,False
,1004590039,254.1640625,1906,38,1004590039,1054200,2100,89.1926326775978,63.74,Constructed,1077972,2020-01-28 17:16:38+00:00,Photogrammetric,614469,21 EAST 3 STREET,C7,6.0,16,1906,40.7260794,-73.9904861,145.82477713775535,24.79021211341841,30690.28259641199,84.0829660175671,91.22798057737975,123.95106056709204,R8B,,,,False,False,,False
,1004590035,341.7109375,1897,37,1004590035,1053645,2100,96.6870044109805,82.76,Constructed,1006578,2020-01-28 17:23:58+00:00,Photogrammetric,839894,53 2 AVENUE,C7,6.0,20,1897,40.7258076,-73.9901109,196.0542936548969,33.32922992133248,41261.5866426096,113.04544285646466,122.6515661105035,166.64614960666236,R8B,,,,False,False,,False
,1004590036,229.5546875,1898,38,1004590036,1031855,2100,76.996321943504086,69.5,Constructed,1077975,2020-01-28 17:21:12+00:00,Photogrammetric,414953,27 EAST 3 STREET,C7,6.0,13,1898,40.7259614,-73.9902588,131.70743188232524,22.390263419995293,27719.14611395417,75.94286606562787,82.39616938558268,111.95131709997645,R8B,,,,False,False,,False
,1004590016,332.12890625,1891,38,1004590016,1032459,2100,102.19351929907761,67.04,Constructed,1077963,2020-01-28 17:18:09+00:00,Photogrammetric,539177,60 EAST 4 STREET,C7,6.0,22,1891,40.7265021,-73.9907927,190.55288021973368,32.39398963735473,40103.75917104515,109.87331279738397,119.2098818654654,161.96994818677362,R8B,,,,False,False,,False
,1004290009,413.7578125,1920,31,1004290009,905188,2100,100.93313098035584,66.12,Constructed,1005735,2017-08-22 17:28:02+00:00,Photogrammetric,86729,26 1 AVENUE,C7,6.0,20,1920,40.723694,-73.9877986,237.40958716491457,40.35962981803548,49965.22171472792,136.89101839651485,148.52343773037055,201.7981490901774,R8B,,,,False,False,,False
,1004450042,287.3125,1900,32,1004450042,998240,2100,76.375587775924842,56.79,Constructed,1006185,2017-08-22 18:40:59+00:00,Photogrammetric,806692,89 EAST 3 STREET,C1,6.0,15,1900,40.724984,-73.9878814,164.84930293808233,28.024381499474,34694.18429634881,95.05255971602413,103.12972391806431,140.12190749737,R8B,,,,False,False,,False
,1004450033,259.1875,1900,31,1004450033,923349,2100,71.532013586268,53.8,Constructed,1006179,2017-08-22 19:03:42+00:00,Photogrammetric,41031,57 1 AVENUE,C7,6.0,14,1900,40.7251047,-73.9875314,148.70697956509125,25.280186526065513,31296.870919269106,85.74485183361399,93.0310864159211,126.40093263032756,R8B,,,,False,False,,False
,1004450028,271.6484375,1910,32,1004450028,715800,2100,90.335619001268512,69.28,Constructed,1006174,2017-08-22 18:26:36+00:00,Photogrammetric,224560,124 EAST 4 STREET,C7,6.0,24,1910,40.7252557,-73.9877875,155.85735836013097,26.495750921222267,32801.73964047317,89.86777983691279,97.50436339009794,132.47875460611132,R8B,,,,False,False,,False
,1004450047,303.29296875,1900,32,1004450047,852134,2100,86.514593109867633,69.3,Constructed,1006189,2017-08-22 19:27:35+00:00,Photogrammetric,213463,77 EAST 3 STREET,C7,6.0,11,1900,40.7251487,-73.9882782,174.01268670577755,29.582156739982185,36622.71004409795,100.33619190163822,108.86233680313444,147.91078369991092,R8B,,,,False,False,,False
,1004450049,279.6171875,1900,32,1004450049,712789,2100,90.288735980653072,69.42,Constructed,1006190,2017-08-22 18:26:36+00:00,Photogrammetric,149054,75 EAST 3 STREET,C4,6.0,24,1900,40.7251817,-73.9883576,160.427206014635,27.27262502248795,33763.50977784008,92.50276651463037,100.36326008275566,136.36312511243975,R8B,,,,False,False,,False
,1004450050,265.921875,1900,32,1004450050,785555,2100,90.788217919571409,70.23,Constructed,1006191,2017-08-22 18:13:27+00:00,Photogrammetric,6985,73 EAST 3 STREET,C4,6.0,24,1900,40.7252174,-73.9884369,152.57382391214838,25.937550065065228,32110.686980550752,87.97448487822123,95.45018423944003,129.68775032532614,R7A,,,,False,False,,False
,1004450051,273.5546875,1900,32,1004450051,120084,2100,93.867107883296768,70.98,Constructed,1006192,2017-08-22 18:39:40+00:00,Photogrammetric,421988,71 EAST 3 STREET,C6,6.0,24,1900,40.7252503,-73.9885163,156.95642430045214,26.682592131076866,33033.04905827316,90.50150426924152,98.19193904236286,133.41296065538432,R8B,,,,False,False,,False
,1004460026,277.3671875,1900,31,1004460026,371581,2100,89.144726528460637,66.33,Constructed,1006210,2017-08-22 18:01:29+00:00,Photogrammetric,563468,336 EAST 5 STREET,C7,6.0,22,1900,40.7258925,-73.9874266,159.1318523860085,27.052414905621443,33490.88965315935,91.75586206345027,99.55288685268691,135.2620745281072,R8B,,,,False,False,,False
,1004450020,513.44921875,1900,32,1004450020,364266,2100,123.97082300872236,67.28,Constructed,1006172,2017-08-22 18:18:12+00:00,Photogrammetric,301136,108 EAST 4 STREET,C7,6.0,29,1900,40.7255056,-73.9883792,294.5961554645947,50.0813464289811,62000.7068790786,169.86495035364,184.29935485865045,250.40673214490548,R8B,,,,False,False,,False
,1004460011,504.3515625,1920,33,1004460011,409506,2100,100.91349317005296,73.09,Constructed,1006207,2017-08-22 17:46:49+00:00,Photogrammetric,787554,306 EAST 5 STREET,C1,6.0,34,1920,40.7263235,-73.9884476,289.3640027083138,49.19188046041335,60899.548009991726,166.84807673970334,181.02612009432113,245.95940230206674,R8B,,,,False,False,,False
,1004470036,214.82421875,1900,29,1004470036,346374,2100,59.460191926800846,61.37,Constructed,1082479,2017-08-22 17:47:46+00:00,Photogrammetric,298505,343 EAST 5 STREET,C4,6.0,28,1900,40.7261587,-73.9869828,240.10441158030062,40.81774996865111,50532.37446119007,138.44486153750705,150.20931988463607,204.08874984325553,R8B,,,,False,False,,False
,1004470036,214.82421875,1900,29,1004470036,346374,2100,59.460191926800846,61.37,Constructed,1082479,2017-08-22 17:47:46+00:00,Photogrammetric,298505,343 EAST 5 STREET,C4,6.0,28,1900,40.7261587,-73.9869828,240.10441158030062,40.81774996865111,50532.37446119007,138.44486153750705,150.20931988463607,204.08874984325553,R7A,,,,False,False,,False
,1004470036,203.671875,1900,29,1004470036,616159,2100,61.412161926944037,62.77,Constructed,1082478,2017-08-22 17:42:06+00:00,Photogrammetric,531189,343 EAST 5 STREET,C4,6.0,28,1900,40.7261587,-73.9869828,240.10441158030062,40.81774996865111,50532.37446119007,138.44486153750705,150.20931988463607,204.08874984325553,R7A,,,,False,False,,False
,1004470036,203.671875,1900,29,1004470036,616159,2100,61.412161926944037,62.77,Constructed,1082478,2017-08-22 17:42:06+00:00,Photogrammetric,531189,343 EAST 5 STREET,C4,6.0,28,1900,40.7261587,-73.9869828,240.10441158030062,40.81774996865111,50532.37446119007,138.44486153750705,150.20931988463607,204.08874984325553,R7A,,,,False,False,,False
,1004450009,426.43359375,1907,34,1004450009,1048727,2100,102.84642380146586,66.78,Constructed,1006168,2020-01-28 17:20:52+00:00,Photogrammetric,757594,68 2 AVENUE,C7,6.0,25,1907,40.7259503,-73.9892305,244.6606955620155,41.592318245542636,51491.289987981785,141.07202736433365,153.05973114359688,207.96159122771317,R8B,,,,False,False,,False
,1004470026,263.80859375,1908,28,1004470026,1055365,2100,86.452246855794414,61.22,Constructed,1006242,2020-01-28 17:17:17+00:00,Photogrammetric,187906,340 EAST 6 STREET,C7,6.0,22,1908,40.7264359,-73.9868276,151.35558179543267,25.730448905223554,31854.29574466676,87.27204313607332,94.68805197122268,128.65224452611776,R7A,,,,False,False,,False
,1004460009,452.65234375,1920,33,1004460009,992182,2100,107.93984716109077,66.7,Constructed,1006206,2017-08-22 17:26:53+00:00,Photogrammetric,61120,302 EAST 5 STREET,C7,6.0,22,1920,40.7263784,-73.9885847,259.70396657610155,44.14967431793727,54657.29680560634,149.74601864549683,162.47080149000914,220.74837158968631,R8B,,,,False,False,,False
,1004470053,519.03515625,1900,32,1004470053,858656,2100,128.33337458003933,68.83,Constructed,1006258,2017-08-22 19:05:02+00:00,Photogrammetric,729199,309 EAST 5 STREET,C7,6.0,34,1900,40.7267462,-73.9883032,297.778847701675,50.62240410928475,62670.53628729452,171.70009941724527,186.29044712216788,253.11202054642374,R8B,,,,False,False,,False
,1004470001,537.85546875,1904,34,1004470001,1028550,2100,93.814987397980133,66.01,Constructed,1006222,2020-01-28 17:18:13+00:00,Photogrammetric,256598,88 2 AVENUE,C7,6.0,20,1904,40.7268066,-73.9886315,308.57790604120754,52.45824402700528,64943.30610543254,177.92686604228092,193.04633801937942,262.2912201350264,R8B,,,,False,False,,False
,1004470003,546.0234375,1904,33,1004470003,1050687,2100,119.00220631837695,69.69,Constructed,1006223,2020-01-28 17:15:16+00:00,Photogrammetric,744776,92 2 AVENUE,C7,6.0,20,1904,40.7269109,-73.9885016,313.26497816581127,53.25504628818792,65929.74730477664,180.62944467062093,195.97857034053152,266.2752314409396,R8B,,,,False,False,,False
,1004480024,343.85546875,1852,27,1004480024,1050955,2100,92.326144134448654,62.88,Constructed,1006280,2020-01-28 17:20:23+00:00,Photogrammetric,461450,80 EAST 7 STREET,C7,6.0,22,1852,40.7270671,-73.9864956,197.27945210802022,33.537506858363436,41519.43349065394,113.75187257713408,123.41802523877743,167.68753429181717,R8B,,,,False,False,,False
,1004480022,336.4921875,1852,28,1004480022,1027123,2100,92.224334250077632,61.36,Constructed,1006279,2020-01-28 17:16:14+00:00,Photogrammetric,596129,76 EAST 7 STREET,C7,6.0,22,1852,40.7271165,-73.9866146,193.0533755620623,32.8190738455506,40630.01342079164,111.31510526244286,120.7741917516262,164.09536922775297,R7A,,,,False,False,,False
,1004480021,254.90234375,1897,28,1004480021,1028472,2100,91.430429224980685,66.26,Constructed,1006278,2020-01-28 17:16:12+00:00,Photogrammetric,24999,74 EAST 7 STREET,C7,6.0,21,1897,40.7271577,-73.9867156,146.23779448855913,24.860425063055054,30777.206228062158,84.32111295359495,91.4863642320426,124.30212531527526,R7A,,,,False,False,,False
,1004480020,261.71484375,1897,29,1004480020,1053072,2100,91.4059576363535,64.73,Constructed,1006277,2020-01-28 17:21:40+00:00,Photogrammetric,437913,72 EAST 7 STREET,C7,6.0,22,1897,40.7271934,-73.9867914,150.15288688701347,25.52599077079229,31601.176574240857,86.57856595682426,93.93564603651562,127.62995385396144,R8B,,,,False,False,,False
,1004480019,248.89453125,1897,29,1004480019,1053531,2100,90.097574452707121,65.76,Constructed,1006276,2020-01-28 17:21:41+00:00,Photogrammetric,345043,70 EAST 7 STREET,C1,6.0,24,1897,40.7272264,-73.9868708,142.79244087908177,24.2747149494439,30052.097107411548,82.33451262304534,89.33095101395355,121.3735747472195,R8B,,,,False,False,,False
,1004480017,252.375,1897,30,1004480017,1052739,2100,89.771521673758969,65.65,Constructed,1006274,2020-01-28 17:17:20+00:00,Photogrammetric,50764,66 EAST 7 STREET,C7,6.0,22,1897,40.7272922,-73.9870295,144.78987425183257,24.61427862281154,30472.476935040686,83.48623817819366,90.58054533194647,123.07139311405768,R7A,,,,False,False,,False
,1004490043,257.91796875,1899,27,1004490043,1055319,2100,87.310603032768014,69.16,Constructed,1006346,2020-01-28 17:18:38+00:00,Photogrammetric,712366,77 EAST 7 STREET,C7,6.0,16,1899,40.7274431,-73.9862971,147.97288366326896,25.155390222755724,31142.373095771585,85.3215701254016,92.57183601974106,125.77695111377861,R7A,,,,False,False,,False
,1004490044,556.5078125,1897,28,1004490044,1053536,2100,157.57981073969449,66.25,Constructed,1006347,2020-01-28 17:17:17+00:00,Photogrammetric,177966,73 EAST 7 STREET,C7,6.0,33,1897,40.7275035,-73.9864089,319.2738365062634,54.27655220606478,67194.3716311082,184.09416885235123,199.73771211831837,271.3827610303239,R7A,,,,False,False,,False
,1004600042,264.55078125,1887,37,1004600042,1049112,2100,76.4902686501591,60.95,Constructed,1006597,2020-01-28 17:25:19+00:00,Photogrammetric,78046,69 2 AVENUE,C7,6.0,10,1887,40.726395,-73.9896273,151.78090497144026,25.802753845144846,31943.80926028932,87.51728564462827,94.95413415013303,129.01376922572422,R8B,,,,False,False,,False
,1004600037,453.9375,1903,35,1004600037,1053426,2100,118.43413057317444,68.38,Constructed,1006593,2020-01-28 17:23:25+00:00,Photogrammetric,641551,77 2 AVENUE,C7,6.0,20,1903,40.7266557,-73.9894938,260.4351207042779,44.27397051972724,54811.175503422324,150.16760411896527,162.92821151259625,221.36985259863621,R8B,,,,False,False,,False
,1004600052,288.546875,1899,38,1004600052,1049670,2100,96.330467558958375,69.53,Constructed,1077982,2020-01-28 17:20:18+00:00,Photogrammetric,530718,69 EAST 4 STREET,C7,6.0,21,1899,40.7268589,-73.9904354,165.55091487114075,28.14365552809393,34841.845543780284,95.45711107885009,103.56865234338566,140.71827764046964,R8B,,,,False,False,,False
,1004600053,284.875,1897,38,1004600053,1052607,2100,95.402813499509108,66.91,Constructed,1077981,2020-01-28 17:16:52+00:00,Photogrammetric,91214,67 EAST 4 STREET,C7,6.0,18,1897,40.7268919,-73.9905148,163.43946242343816,27.784708611984485,34397.46926163679,94.23964181270354,102.2477276921029,138.92354305992242,R8B,,,,False,False,,False
,1004600054,279.32421875,1897,38,1004600054,1049704,2100,94.475962627144753,66.85,Constructed,1077980,2020-01-28 17:24:43+00:00,Photogrammetric,484074,65 EAST 4 STREET,C7,6.0,14,1897,40.7269248,-73.9905942,160.25267518817532,27.242954781989802,33726.778020103375,92.40213156192705,100.25407359772247,136.214773909949,R8B,,,,False,False,,False
,1004600048,291.1953125,1892,37,1004600048,1053012,2100,92.949595392817571,66.61,Constructed,1077986,2020-01-28 17:24:47+00:00,Photogrammetric,412735,77 EAST 4 STREET,C7,6.0,15,1892,40.7267216,-73.9901252,167.06582629936568,28.401190470892164,35160.6738029645,96.33061315880684,104.51638093288317,142.00595235446082,R8B,,,,False,False,,False
,1004600049,265.515625,1897,38,1004600049,1029135,2100,94.015887209352869,65.77,Constructed,1077985,2020-01-28 17:25:51+00:00,Photogrammetric,549557,75 EAST 4 STREET,C7,6.0,20,1897,40.7267601,-73.9901973,152.33771929008662,25.89741227931473,32060.996401791635,87.83834630627845,95.3024771878782,129.48706139657364,R8B,,,,False,False,,False
,1004600050,279.17578125,1901,38,1004600050,1027857,2100,95.039685599324926,65.8,Constructed,1077984,2020-01-28 17:19:47+00:00,Photogrammetric,287413,73 EAST 4 STREET,C7,6.0,18,1901,40.726793,-73.9902767,160.17436651370238,27.229642307329403,33710.2971764738,92.35697856568166,100.2050836909722,136.148211536647,R8B,,,,False,False,,False
,1004600051,284.7890625,1899,38,1004600051,1053863,2100,95.86534103610083,69.14,Constructed,1077983,2020-01-28 17:26:11+00:00,Photogrammetric,589815,71 EAST 4 STREET,C4,6.0,13,1899,40.726826,-73.9903561,163.39061408786682,27.776404394937362,34387.18864093246,94.21147572858207,102.21716817336949,138.8820219746868,R8B,,,,False,False,,False
,1004600029,675.1484375,1912,37,1004600029,1047541,2100,141.94486942754017,68.75,Constructed,1006588,2020-01-28 17:17:10+00:00,Photogrammetric,478312,236 EAST 5 STREET,C1,6.0,30,1912,40.7268781,-73.9897572,387.3542364739186,65.85022020056617,81522.57260830092,223.34951399534498,242.32881033808349,329.2511010028308,R8B,,,,False,False,,False
,1004610035,698.82421875,1910,36,1004610035,202460,2100,132.9132367256957,67.75,Constructed,1006629,2017-08-22 18:04:01+00:00,Photogrammetric,3826,87 2 AVENUE,C7,6.0,25,1910,40.7270482,-73.9892015,400.92486733591085,68.15722744710484,84378.6475795158,231.17437693018027,250.81859700534585,340.7861372355242,R7A,,,,False,False,,False
,1004610037,316.31640625,1909,36,1004610037,1026597,2100,102.98822853400192,69.18,Constructed,1006630,2020-01-28 17:22:08+00:00,Photogrammetric,38207,237 EAST 5 STREET,C7,6.0,17,1909,40.7271937,-73.9893711,181.47123938338927,30.850110695176177,38192.43704062811,104.63681380994002,113.52840735824833,154.25055347588088,R7A,,,,False,False,,False
,1004610046,289.15625,1896,38,1004610046,1031547,2100,90.745662933670644,66.33,Constructed,1006637,2020-01-28 17:23:56+00:00,Photogrammetric,440078,221 EAST 5 STREET,C1,6.0,24,1896,40.7274655,-73.9900132,165.88925190622567,28.201172824058364,34913.05195618425,95.65219714023083,103.78031599253478,141.00586412029182,R7A,,,,False,False,,False
,1004600059,300.46875,1900,38,1004600059,1048785,2100,88.150747063299576,68.48,Constructed,1082515,2020-01-28 17:22:59+00:00,Photogrammetric,552432,57 EAST 4 STREET,C4,6.0,17,1900,40.7270538,-73.9909153,172.3893395302865,29.306187720148706,36281.0603975441,99.40016547272356,107.84677081014723,146.53093860074353,R8B,,,,False,False,,False
,1004610053,308.2421875,1905,40,1004610053,1032272,2100,100.37316044634632,64.14,Constructed,1006641,2020-01-28 17:20:53+00:00,Photogrammetric,484747,207 EAST 5 STREET,C1,6.0,22,1905,40.7277016,-73.990576,176.83924142813285,30.062671042782586,37217.586750964845,101.96599109853382,110.63062943743992,150.31335521391293,R8B,,,,False,False,,False
,1004610030,374.78515625,1903,36,1004610030,1055987,2100,95.856800073770728,69.05,Constructed,1006625,2020-01-28 17:20:17+00:00,Photogrammetric,495901,97 2 AVENUE,C7,6.0,10,1903,40.7273172,-73.9890175,215.02327881344132,36.55395739828503,45253.79925907686,123.98301166870374,134.5185632256889,182.76978699142512,R8B,,,,False,False,,False
,1004610012,534.33203125,1900,38,1004610012,329529,2100,118.38811321454683,66.76,Constructed,1006613,2017-08-22 17:35:31+00:00,Photogrammetric,668499,208 EAST 6 STREET,C7,6.0,36,1900,40.7278909,-73.9902729,306.5473187357557,52.11304418507847,64515.94870112715,176.75602383870452,191.77600260108878,260.56522092539234,R8B,,,,False,False,,False
,1004490050,290.6484375,1898,30,1004490050,1054301,2100,94.576202041460661,70.62,Constructed,1006352,2020-01-28 17:20:16+00:00,Photogrammetric,400591,63 EAST 7 STREET,C7,6.0,24,1898,40.7276847,-73.9868418,166.74239131875507,28.346206524188364,35092.6036769452,96.14411966286356,104.31404000901318,141.73103262094182,R7A,,,,False,False,,False
,1004490052,282.12109375,1897,30,1004490052,1053041,2100,91.889029804633054,68.61,Constructed,1006354,2020-01-28 17:26:18+00:00,Photogrammetric,825714,59 EAST 7 STREET,C7,6.0,24,1897,40.7277534,-73.9870041,161.8554714026749,27.515430138454736,34064.10251140696,93.32630825043003,101.25678290951343,137.57715069227368,R8B,,,,False,False,,False
,1004490021,289.3046875,1900,27,1004490021,317423,2100,94.494535303229213,72.4,Constructed,1006327,2017-08-22 17:35:23+00:00,Photogrammetric,45961,64 ST MARKS PLACE,C4,6.0,26,1900,40.7278192,-73.9864341,165.97541312951137,28.215820232016934,34931.18544723697,95.70187793763553,103.83421845382232,141.07910116008466,R8B,,,,False,False,,False
,1004630036,373.296875,1903,36,1004630036,1052131,2100,109.10825897728991,67.18,Constructed,1006684,2020-01-28 17:20:20+00:00,Photogrammetric,178284,41 EAST 7 STREET,C7,6.0,22,1903,40.7283738,-73.9885519,214.1570136329545,36.406692317602264,45071.4850891916,123.48352079230575,133.97662772877632,182.0334615880113,C1-6A,,,,False,False,,False
,1004620017,281.890625,1900,34,1004620017,449194,2100,90.3978347432622,74.34,Constructed,1006648,2017-08-22 18:33:52+00:00,Photogrammetric,665577,36 EAST 7 STREET,C1,6.0,16,1900,40.7281433,-73.989057,161.72719322577726,27.49362284838213,34037.10508629708,93.25234270218378,101.17653208204624,137.46811424191065,C1-6A,,,,False,False,,False
,1004620016,263.5,1900,36,1004620016,436552,2100,90.019376528530145,67.19,Constructed,1006647,2017-08-22 19:14:01+00:00,Photogrammetric,136280,34 EAST 7 STREET,C7,6.0,22,1900,40.7281763,-73.9891328,151.1703915564674,25.698966564599456,31815.320606974125,87.16526193691541,94.57219695772599,128.49483282299727,R8B,,,,False,False,,False
,1004620015,263.08203125,1900,36,1004620015,916715,2100,91.152178156475088,67.06,Constructed,1006646,2017-08-22 19:26:23+00:00,Photogrammetric,660015,32 EAST 7 STREET,C7,6.0,22,1900,40.7282092,-73.9892121,150.9242401109731,25.65712081886543,31763.5155737554,87.02333033905589,94.41820461342478,128.28560409432714,R8B,,,,False,False,,False
,1004490018,262.31640625,1900,29,1004490018,882921,2100,88.13071739792224,76.76,Constructed,1006324,2017-08-22 18:25:43+00:00,Photogrammetric,491396,58 ST MARKS PLACE,C7,6.0,19,1900,40.7279235,-73.9866686,150.4896658431597,25.583243193337154,31672.055073351396,86.77275362562027,94.14633495148072,127.91621596668575,R7A,,,,False,False,,False
,1004490004,415.8203125,1920,34,1004490004,134153,2100,125.95214679783172,68.08,Constructed,1006310,2017-08-22 17:50:46+00:00,Photogrammetric,286207,124 2 AVENUE,C7,6.0,22,1920,40.7281322,-73.9875561,238.55762583952,40.5547963927184,50206.83793418538,137.55298064160377,149.2416507252037,202.773981963592,R7A,,,,False,False,,False
,1004490006,363.12890625,1920,33,1004490006,792865,2100,124.73298436493086,71.07,Constructed,1006312,2017-08-22 18:31:12+00:00,Photogrammetric,343242,128 2 AVENUE,C7,6.0,22,1920,40.7282584,-73.9874659,208.3269661371716,35.415584243319174,43844.493293229134,120.12189943350448,130.32935001541455,177.07792121659585,R8B,,,,False,False,,False
,1004500047,296.30859375,1900,28,1004500047,184604,2100,86.167114850498763,71.05,Constructed,1006395,2017-08-22 17:50:02+00:00,Photogrammetric,289194,55 ST MARKS PLACE,C1,6.0,12,1900,40.7283379,-73.9864737,169.9916708431434,28.898584043334377,35776.44704564796,98.01766313876153,106.3467892794705,144.49292021667188,R8B,,,,False,False,,False
,1004630031,330.90625,1920,36,1004630031,434036,2100,101.31454890684189,67.82,Constructed,1006679,2017-08-22 18:34:05+00:00,Photogrammetric,379755,127 2 AVENUE,C7,6.0,21,1900,40.7284616,-73.9881694,189.83850352507548,32.272545599262834,39953.41145188739,109.46140123804764,118.76296780528722,161.36272799631416,R7A,,,,False,False,,False
,1004630030,329.3359375,1900,36,1004630030,570730,2100,101.02483960289888,66.7,Constructed,1006678,2017-08-22 17:42:58+00:00,Photogrammetric,370487,129 2 AVENUE,C7,6.0,21,1900,40.7285248,-73.9881261,188.93532425712382,32.11900512371105,39763.32834315428,108.94062559768297,118.19793885525665,160.59502561855524,R8B,,,,False,False,,False
,1004630028,478.19140625,1900,36,1004630028,537976,2100,108.47126210915309,65.56,Constructed,1006677,2017-08-22 17:43:10+00:00,Photogrammetric,4560,131 2 AVENUE,C7,6.0,19,1900,40.7286071,-73.9880647,274.3357358625035,46.637075096625594,57736.698969622485,158.1827369030753,171.6244363555822,233.18537548312796,R7A,,,,False,False,,False
,1004630027,222.5859375,1900,36,1004630027,843464,2100,78.873029837746429,66.85,Constructed,1006676,2017-08-22 18:43:59+00:00,Photogrammetric,340925,34 1/2 ST MARKS PLACE,C7,6.0,11,1900,40.7286263,-73.9883065,127.69724921127685,21.708532365917065,26875.163069005328,73.63058375069953,79.8873991065748,108.54266182958533,R7A,,,,False,False,,False
,1004630024,329.57421875,1900,36,1004630024,803149,2100,103.04084880745364,74.14,Constructed,1006673,2017-08-22 17:57:47+00:00,Photogrammetric,227636,30 ST MARKS PLACE,C7,6.0,24,1900,40.728695,-73.9885734,189.06928370549787,32.14177822993464,39791.52144865908,109.01786698262761,118.28174388615946,160.70889114967318,R8B,,,,False,False,,False
,1004500018,338.81640625,1900,28,1004500018,123268,2100,94.831012098545159,62.05,Constructed,1006370,2017-08-22 18:59:47+00:00,Photogrammetric,544982,328 EAST 9 STREET,C7,6.0,22,1900,40.728541,-73.9862499,194.37408557445062,33.0435945476566,40907.970049998876,112.07663027396953,121.6004279353763,165.217972738283,R7A,,,,False,False,,False
,1004500016,355.2890625,1910,28,1004500016,925144,2100,98.930487417707823,63.16,Constructed,1006369,2017-08-22 17:27:43+00:00,Photogrammetric,356884,324 EAST 9 STREET,C7,6.0,22,1910,40.7285877,-73.986369,203.8265731561828,34.65051743655108,42897.340586450235,117.52696051082256,127.51390416650796,173.25258718275538,R7A,,,,False,False,,False
,1004500014,273.81640625,1910,29,1004500014,246186,2100,86.841840973857231,67.58,Constructed,1006367,2017-08-22 18:20:26+00:00,Photogrammetric,677284,318 EAST 9 STREET,C7,6.0,16,1910,40.7286618,-73.9865494,157.08496876079073,26.704444689334423,33060.10252539602,90.57562335724937,98.27235645675069,133.52222344667211,R8B,,,,False,False,,False
,1004500012,279.55078125,1910,30,1004500012,956833,2100,86.840385948512861,66.58,Constructed,1006366,2017-08-22 18:41:36+00:00,Photogrammetric,746757,314 EAST 9 STREET,C7,6.0,16,1910,40.7286948,-73.9866287,160.3742685033001,27.26362564556102,33752.36854920454,92.47224260056039,100.33014237566455,136.3181282278051,R7A,,,,False,False,,False
,1004500011,257.171875,1910,30,1004500011,521700,2100,82.0199224672377,66.42,Constructed,1006365,2017-08-22 19:31:25+00:00,Photogrammetric,370285,312 EAST 9 STREET,C7,6.0,16,1910,40.728736,-73.9866973,147.5384816018388,25.0815418723126,31050.948837923,85.07109270663835,92.30007409011036,125.40770936156298,R8B,,,,False,False,,False
,1004630021,307.1171875,1900,36,1004630021,418392,2100,112.78912442008516,66.82,Constructed,1006671,2017-08-22 17:34:13+00:00,Photogrammetric,532032,24 ST MARKS PLACE,C7,6.0,16,1900,40.7287993,-73.9888188,176.18913997199243,29.952153795238715,37080.766398505526,101.59114081782336,110.22392596647848,149.76076897619356,R8B,,,,False,False,,False
,1004500001,276.08203125,1900,33,1004500001,134126,2100,84.442257056461585,63.72,Constructed,1006360,2017-08-22 18:22:18+00:00,Photogrammetric,203774,132 2 AVENUE,C7,6.0,15,1900,40.7286153,-73.9873287,158.3817716399643,26.92490117879393,33333.02765934689,91.32336345026545,99.08363633796166,134.62450589396965,R8B,,,,False,False,,False
,1004640036,343.7734375,1900,34,1004640036,749456,2100,116.82591940693472,66.39,Constructed,1006747,2017-08-22 17:58:10+00:00,Photogrammetric,160270,139 2 AVENUE,C7,6.0,20,1900,40.7291203,-73.9877363,197.2136246094777,33.52631618361121,41505.579435310676,113.71391626112514,123.37684355568925,167.63158091805604,R8B,,,,False,False,,False
,1004640034,458.2109375,1900,34,1004640034,433899,2100,103.06847736048596,66.04,Constructed,1006746,2017-08-22 17:46:06+00:00,Photogrammetric,570121,141 2 AVENUE,C7,6.0,19,1900,40.7291807,-73.9875992,262.8692022456631,44.68776438176272,55323.452304622246,151.57110220444451,164.4509729248868,223.4388219088136,R8B,,,,False,False,,False
,1004640033,226.10546875,1900,34,1004640033,283492,2100,69.572542701580019,66.78,Constructed,1006745,2017-08-22 19:37:52+00:00,Photogrammetric,555920,240 EAST 9 STREET,C7,6.0,12,1900,40.7292631,-73.987794,129.7091859750627,22.050561615760657,27298.595280311692,74.79067200085395,81.14606674599922,110.25280807880328,R8B,,,,False,False,,False
,1004790009,545.1640625,1900,40,1004790009,409023,2100,128.48741481356504,65.24,Constructed,1007159,2017-08-22 18:00:35+00:00,Photogrammetric,54781,196 MOTT STREET,C7,6.0,37,1900,40.7210897,-73.9954147,312.8209862277693,53.179567658720785,65836.30476149633,180.37343770272966,195.70080898409248,265.8978382936039,R8B,,,,False,False,,False
,1004790018,309.375,1900,40,1004790018,847320,2100,117.16096022382254,68.27,Constructed,1007164,2017-08-22 17:28:42+00:00,Photogrammetric,389770,20 SPRING STREET,C7,6.0,15,1900,40.721216,-73.995137,177.52642587834828,30.17949239931921,37362.21159035718,102.36222353522516,111.06053202949468,150.89746199659604,R8B,,,,False,False,,False
,1004790014,579.85546875,1900,41,1004790014,274571,2100,123.72051172976646,67.3,Constructed,1007161,2017-08-22 19:18:36+00:00,Photogrammetric,94456,26 SPRING STREET,C7,6.0,35,1900,40.721367,-73.9953931,332.72758630140595,56.56368967123902,70025.8478129939,191.8516378438189,208.1543779901596,282.81844835619506,R8B,,,,False,False,,False
,1004800004,611.1484375,1900,36,1004800004,801032,2100,126.8894964991222,64.04,Constructed,1007178,2017-08-22 19:31:54+00:00,Photogrammetric,158126,184 MULBERRY STREET,C7,6.0,35,1900,40.7209388,-73.9964068,350.6888173082109,59.617098942395856,73805.96849068606,202.2081328511947,219.39092410801675,298.08549471197927,R8B,,,,False,False,,False
,1004800029,538.88671875,1900,39,1004800029,148388,2100,118.57172832861535,66.15,Constructed,1007185,2017-08-22 19:21:44+00:00,Photogrammetric,744784,193 MOTT STREET,C7,6.0,25,1900,40.7211282,-73.9959234,309.22651796576616,52.56850805418025,65079.812971075145,178.3008574550004,193.4521096393833,262.8425402709012,R8B,,,,False,False,,False
,1004920044,343.9296875,1900,41,1004920044,479391,2100,92.126958313247172,60.48,Constructed,1007412,2017-08-22 18:33:00+00:00,Photogrammetric,461507,11 SPRING STREET,C0,6.0,3,1895,40.721441,-73.99452,197.3499969217002,33.549499476689036,41534.280352141024,113.79254890997541,123.46215807421564,167.74749738344516,R8B,,,,False,False,,False
,1004920004,295.80859375,1900,43,1004920004,924248,2100,87.876317562938752,64.23,Constructed,1007390,2017-08-22 17:27:44+00:00,Photogrammetric,735259,196 ELIZABETH STREET,C7,6.0,20,1900,40.7217704,-73.994253,169.73786771803358,28.85543751206571,35723.03163993735,97.87131956147219,106.18801004440182,144.27718756032854,R8B,,,,False,False,,False
,1004920005,417.6484375,1900,43,1004920005,348335,2100,106.76956091635356,62.83,Constructed,1007391,2017-08-22 19:16:52+00:00,Photogrammetric,763838,198 ELIZABETH STREET,C7,6.0,27,1900,40.7218527,-73.9942206,239.64356967835408,40.7394068453202,50435.385674506404,138.1791388342641,149.92101719077831,203.69703422660098,R8B,,,,False,False,,False
,1004940033,257.46875,1900,41,1004940033,509250,2100,69.394626837061139,65.17,Constructed,1007502,2017-08-22 18:14:52+00:00,Photogrammetric,735642,213 MOTT STREET,C6,6.0,12,1900,40.7220422,-73.9955734,147.73819412728545,25.115493001638526,31092.980336028497,85.18624749596849,92.42501424602978,125.57746500819263,R7A,,,,False,False,,False
,1004940032,237.18359375,1900,41,1004940032,992905,2100,67.700039567059733,65.35,Constructed,1007501,2017-08-22 17:26:53+00:00,Photogrammetric,3876,215 MOTT STREET,C6,6.0,12,1900,40.7221108,-73.9955482,136.09599713900306,23.13631951363052,28642.763557874587,78.47332481609476,85.14165581016032,115.6815975681526,R8B,,,,False,False,,False
,1004950042,226.1484375,1910,38,1004950042,813349,2100,74.420914752361057,65.45,Constructed,1007535,2017-08-22 17:57:15+00:00,Photogrammetric,696953,213 MULBERRY STREET,C7,6.0,15,1910,40.7221081,-73.9964104,129.76563610212185,22.060158137360716,27310.475774052567,74.82322129877416,81.18138194548743,110.30079068680357,R8B,,,,False,False,,False
,1004950040,191.41015625,1900,38,1004950040,321042,2100,70.953070320608617,64.61,Constructed,1007533,2017-08-22 18:02:20+00:00,Photogrammetric,143554,217 MULBERRY STREET,C7,6.0,10,1900,40.7222343,-73.9963815,109.82991208986267,18.671085055276656,23114.8032984325,63.32822821488356,68.70959300341809,93.35542527638327,R8B,,,,False,False,,False
,1004950038,330.5546875,1920,38,1004950038,348243,2100,94.972737532514031,64.13,Constructed,1007532,2017-08-22 18:18:13+00:00,Photogrammetric,628860,219 MULBERRY STREET,C7,6.0,25,1890,40.7223249,-73.9963454,189.67423799665931,32.244620459432085,39918.84012877692,109.36668528432034,118.66020329071007,161.2231022971604,R8B,,,,False,False,,False
,1004950031,199.78515625,1910,39,1004950031,711260,2100,58.826109037800222,62.13,Constructed,1077747,2017-08-22 18:44:30+00:00,Photogrammetric,712615,239 MULBERRY STREET,C7,6.0,16,1910,40.7228217,-73.9961975,183.73457340182176,31.2348774783097,38668.77831814741,105.94185840588331,114.9443491201797,156.1743873915485,R8B,,,,False,False,,False
,1004950031,199.78515625,1910,39,1004950031,711260,2100,58.826109037800222,62.13,Constructed,1077747,2017-08-22 18:44:30+00:00,Photogrammetric,712615,239 MULBERRY STREET,C7,6.0,16,1910,40.7228217,-73.9961975,183.73457340182176,31.2348774783097,38668.77831814741,105.94185840588331,114.9443491201797,156.1743873915485,R8B,,,,False,False,,False
,1004950031,120.43359375,1910,39,1004950031,159531,2100,43.915774405769696,50.43,Constructed,1077760,2009-02-14 00:00:00+00:00,Photogrammetric,772544,239 MULBERRY STREET,C7,6.0,16,1910,40.7228217,-73.9961975,183.73457340182176,31.2348774783097,38668.77831814741,105.94185840588331,114.9443491201797,156.1743873915485,R8B,,,,False,False,,False
,1004950031,120.43359375,1910,39,1004950031,159531,2100,43.915774405769696,50.43,Constructed,1077760,2009-02-14 00:00:00+00:00,Photogrammetric,772544,239 MULBERRY STREET,C7,6.0,16,1910,40.7228217,-73.9961975,183.73457340182176,31.2348774783097,38668.77831814741,105.94185840588331,114.9443491201797,156.1743873915485,R8B,,,,False,False,,False
,1004950030,315.1484375,1900,40,1004950030,760701,2100,83.440734252151387,60.85,Constructed,1007528,2017-08-22 18:14:09+00:00,Photogrammetric,302654,241 MULBERRY STREET,C7,6.0,24,1900,40.7228903,-73.9961722,180.82866906229023,30.740873740589336,38057.2016908496,104.26630600232767,113.12641536536876,153.70436870294668,R7A,,,,False,False,,False
,1004940009,286.765625,1901,39,1004940009,269339,2100,76.415403629930353,69.53,Constructed,1007491,2017-08-22 19:38:08+00:00,Photogrammetric,844772,240 MULBERRY STREET,C7,6.0,21,1901,40.7227778,-73.9956708,164.5412409552579,27.972010962393842,34629.34957144358,94.87493033272213,102.93700034160935,139.8600548119692,R8B,,,,False,False,,False
,1004940010,319.66015625,1905,39,1004940010,43646,2100,91.044931467922822,67.12,Constructed,1007492,2017-08-22 17:32:44+00:00,Photogrammetric,85562,242 MULBERRY STREET,C4,6.0,21,1905,40.7228491,-73.9956455,183.42168782469457,31.18168693019808,38602.92841958522,105.76144772489103,114.74860790312891,155.9084346509904,R8B,,,,False,False,,False
,1004730130,217.5546875,1900,24,1004730130,59391,2100,62.295669440114949,66,Constructed,1076936,2017-08-22 19:36:43+00:00,Other (Manual),200810,37B CROSBY STREET,C6,6.0,6,1900,40.7208291,-73.9990801,124.83894181950286,21.222620109315486,26273.60369533257,71.98247587762349,78.09924200228099,106.11310054657743,R8B,,,,False,False,,False
,1004820025,414.09375,1900,34,1004820025,671278,2100,93.890715725759833,62.16,Constructed,1007218,2017-08-22 19:28:33+00:00,Photogrammetric,650429,222 LAFAYETTE STREET,C7,6.0,10,1900,40.7221109,-73.9976875,237.60735485413895,40.393250325203624,50006.843902602086,137.00505178795092,148.64716119674935,201.9662516260181,R8B,,,,False,False,,False
,1004820024,190.88671875,1900,34,1004820024,458131,2100,58.117795673629722,61.08,Constructed,1007217,2017-08-22 17:59:47+00:00,Photogrammetric,671783,224 LAFAYETTE STREET,C7,6.0,9,1900,40.7221328,-73.9975612,109.52693785499122,18.61957943534851,23051.039340961455,63.15353244099029,68.5200523220825,93.09789717674253,R8B,,,,False,False,,False
,1004940014,273.51171875,1900,41,1004940014,470539,2100,73.872876902235831,68.39,Constructed,1007494,2017-08-22 18:52:00+00:00,Photogrammetric,759344,46 PRINCE STREET,C7,6.0,15,1900,40.7231593,-73.9956671,156.93629042544265,26.679169372325248,33028.811682938656,90.48989502174975,98.17934329015691,133.39584686162624,R8B,,,,False,False,,False
,1004950011,1986.52734375,1926,38,1004950011,284294,2100,186.35048016015938,66.47,Constructed,1007524,2017-08-22 17:48:41+00:00,Photogrammetric,91083,255 LAFAYETTE STREET,C7,6.0,93,1926,40.7233267,-73.9963851,1139.832430374717,193.7715131637019,239889.13329666297,657.2305021826382,713.079168442423,968.8575658185094,R8B,,,,False,False,,False
,1005100026,404.83984375,1915,39,1005100026,239771,2100,111.09258710121216,68.15,Constructed,1007934,2017-08-22 18:03:51+00:00,Photogrammetric,546143,49 PRINCE STREET,C7,6.0,27,1915,40.7236177,-73.9958619,232.29129113058627,39.48951949219967,48888.02513134319,133.9397948803923,145.32143173129478,197.44759746099834,R7A,,,,False,False,,False
,1005090014,368.20703125,1920,41,1005090014,339766,2100,93.330159821561281,66.03,Constructed,1007916,2017-08-22 18:18:41+00:00,Photogrammetric,213977,280 MULBERRY STREET,C7,6.0,33,1920,40.7243258,-73.9949563,211.2642859067262,35.914928604143455,44462.6816119296,121.8155660600811,132.16693726324792,179.57464302071728,R8B,,,,False,False,,False
,1003790037,368.29296875,1930,9,1003790037,795551,2100,111.95446909746578,66.62,Constructed,1004556,2017-08-22 18:31:11+00:00,Photogrammetric,367077,133 AVENUE D,C7,6.0,20,1930,40.7245786,-73.975716,211.31008646437536,35.922714698943814,44472.32079729244,121.84197478710259,132.19559009211324,179.61357349471905,R8B,,,,False,False,,False
,1003900042,446.21875,1910,6,1003900042,515201,2100,116.73654666007221,66.86,Constructed,1004722,2017-08-22 17:32:53+00:00,Photogrammetric,378035,219 EAST 7 STREET,C6,6.0,24,1910,40.7245244,-73.9793419,256.02662792894665,43.52452674792093,53883.36411392611,147.62565510664686,160.17025843234902,217.62263373960465,R8B,,,,False,False,,False
,1003780004,320.25,1900,8,1003780004,992911,2100,105.30829412269556,66.82,Constructed,1004527,2017-08-22 17:52:04+00:00,Photogrammetric,753216,134 AVENUE C,C7,6.0,22,1900,40.7249194,-73.9779275,375.49009942917553,63.83331690295984,79025.64632586428,216.50862007086104,234.9066062028922,319.1665845147992,R8B,,,,False,False,,False
,1003780004,320.25,1900,8,1003780004,992911,2100,105.30829412269556,66.82,Constructed,1004527,2017-08-22 17:52:04+00:00,Photogrammetric,753216,134 AVENUE C,C7,6.0,22,1900,40.7249194,-73.9779275,375.49009942917553,63.83331690295984,79025.64632586428,216.50862007086104,234.9066062028922,319.1665845147992,R7A,,,,False,False,,False
,1003890019,253.17578125,1910,10,1003890019,932252,2100,85.327227372400969,61.73,Constructed,1004677,2017-08-22 19:03:29+00:00,Photogrammetric,749243,202 EAST 7 STREET,C7,6.0,18,1910,40.7244477,-73.9802871,145.2626221725094,24.6946457693266,30571.97146242633,83.75882592445569,90.87629643112189,123.47322884663298,R8B,,,,False,False,,False
,1003890018,262.8671875,1910,10,1003890018,317741,2100,91.600357925352938,62.91,Constructed,1004676,2017-08-22 19:17:31+00:00,Photogrammetric,227657,200 EAST 7 STREET,C1,6.0,18,1910,40.7244807,-73.9803665,150.82148584136584,25.639652593032192,31741.889910173853,86.96408194568178,94.35392154235846,128.19826296516095,R8B,,,,False,False,,False
,1003890017,269.8984375,1930,9,1003890017,240027,2100,89.401598231055289,72.43,Constructed,1004675,2017-08-22 18:57:39+00:00,Photogrammetric,359935,198 EAST 7 STREET,C6,6.0,14,1930,40.7245136,-73.9804458,154.85199312394073,26.324838831069926,32590.150472864567,89.28808348730018,96.87540689833732,131.6241941553496,R8B,,,,False,False,,False
,1003900050,481.6640625,1900,8,1003900050,748401,2100,102.99985188869411,71.02,Constructed,1004723,2017-08-22 19:32:51+00:00,Photogrammetric,743480,209 EAST 7 STREET,C6,6.0,29,1900,40.7247194,-73.9798108,276.35443151365405,46.98025335732119,58161.553656363634,159.34672234620174,172.88733235494198,234.90126678660593,R8B,,,,False,False,,False
,1003780009,432.3125,1920,8,1003780009,919796,2100,102.35355284416737,66.82,Constructed,1004529,2017-08-22 17:39:51+00:00,Photogrammetric,778110,140 AVENUE C,C7,6.0,25,1920,40.7250676,-73.9778156,248.03877972772383,42.16659255371306,52202.24158149677,143.0198399493062,155.17306059766406,210.83296276856527,R8B,,,,False,False,,False
,1003790057,420.19921875,1900,8,1003790057,162360,2100,97.311089725336473,74.48,Constructed,1004562,2017-08-22 18:21:50+00:00,Photogrammetric,721917,713 EAST 9 STREET,C4,6.0,24,1900,40.7251635,-73.9771373,241.08858584603374,40.98505959382574,50739.503777156264,139.01233911549662,150.82501930527872,204.92529796912868,C6-1,,,,False,False,,False
,1003780004,334.21484375,1900,8,1003780004,322842,2100,106.79475856625673,66.82,Constructed,1084875,2017-08-22 19:36:58+00:00,Photogrammetric,587202,134 AVENUE C,C7,6.0,22,1900,40.7249194,-73.9779275,375.49009942917553,63.83331690295984,79025.64632586428,216.50862007086104,234.9066062028922,319.1665845147992,C6-2A,,,,False,False,,False
,1003780004,334.21484375,1900,8,1003780004,322842,2100,106.79475856625673,66.82,Constructed,1084875,2017-08-22 19:36:58+00:00,Photogrammetric,587202,134 AVENUE C,C7,6.0,22,1900,40.7249194,-73.9779275,375.49009942917553,63.83331690295984,79025.64632586428,216.50862007086104,234.9066062028922,319.1665845147992,C6-2A,,,,False,False,,False
,1003900009,268.40625,1900,10,1003900009,737112,2100,91.292340558020328,64.44,Constructed,1004705,2017-08-22 18:50:53+00:00,Photogrammetric,805483,304 EAST 8 STREET,C6,6.0,16,1900,40.7252355,-73.9802905,300.1016414885281,51.017279053049776,63159.391467675625,173.03942867856335,187.74358691522318,255.08639526524888,R8B,,,,False,False,,False
,1003900009,268.40625,1900,10,1003900009,737112,2100,91.292340558020328,64.44,Constructed,1004705,2017-08-22 18:50:53+00:00,Photogrammetric,805483,304 EAST 8 STREET,C6,6.0,16,1900,40.7252355,-73.9802905,300.1016414885281,51.017279053049776,63159.391467675625,173.03942867856335,187.74358691522318,255.08639526524888,R8B,,,,False,False,,False
,1003900009,254.63671875,1900,11,1003900009,884213,2100,89.504872650053528,63.42,Constructed,1004704,2017-08-22 19:27:05+00:00,Photogrammetric,587474,304 EAST 8 STREET,C6,6.0,16,1900,40.7252355,-73.9802905,300.1016414885281,51.017279053049776,63159.391467675625,173.03942867856335,187.74358691522318,255.08639526524888,R8B,,,,False,False,,False
,1003900009,254.63671875,1900,11,1003900009,884213,2100,89.504872650053528,63.42,Constructed,1004704,2017-08-22 19:27:05+00:00,Photogrammetric,587474,304 EAST 8 STREET,C6,6.0,16,1900,40.7252355,-73.9802905,300.1016414885281,51.017279053049776,63159.391467675625,173.03942867856335,187.74358691522318,255.08639526524888,R8B,,,,False,False,,False
,1003790017,450.41015625,1900,8,1003790017,997238,2100,117.03495066217224,64.01,Constructed,1004546,2017-08-22 18:40:59+00:00,Photogrammetric,192549,416 EAST 10 STREET,C6,6.0,30,1900,40.7252952,-73.9767548,258.4249504760571,43.93224158092971,54388.11507719098,149.00853445805748,161.67064901782135,219.66120790464853,R8B,,,,False,False,,False
,1003790015,388.18359375,1930,8,1003790015,949456,2100,99.53753946533152,62.08,Constructed,1004545,2017-08-22 19:25:42+00:00,Photogrammetric,300133,412 EAST 10 STREET,C6,6.0,26,1930,40.7253529,-73.9768883,222.71288228656596,37.86118998871621,46872.15320603067,128.41685809871416,139.32917915847565,189.30594994358106,R8B,,,,False,False,,False
,1003790012,376.16796875,1930,8,1003790012,222202,2100,108.39182806293977,64.75,Constructed,1004543,2017-08-22 17:49:48+00:00,Photogrammetric,244174,406 EAST 10 STREET,C6,6.0,22,1930,40.7254325,-73.9770759,215.82341950912965,36.68998131655204,45422.19686989143,124.44437498600391,135.0191312449115,183.4499065827602,R8B,,,,False,False,,False
,1003910048,310.03515625,1910,10,1003910048,654954,2100,95.14637459535183,69.36,Constructed,1004753,2017-08-22 19:29:01+00:00,Photogrammetric,64569,323 EAST 8 STREET,C6,6.0,25,1910,40.7253314,-73.9793741,177.89002668311895,30.24130453613022,37438.73501572921,102.5718767554225,111.2880006929592,151.2065226806511,R8B,,,,False,False,,False
,1003920037,519.48046875,1900,8,1003920037,422059,2100,110.19563933106713,65.62,Constructed,1004778,2017-08-22 18:00:36+00:00,Photogrammetric,765722,145 AVENUE C,C7,6.0,25,1900,40.7255123,-73.9781437,298.04829129353675,50.66820951990125,62727.24338563775,171.85546133051437,186.4590110332366,253.34104759950623,R8B,,,,False,False,,False
,1003920036,204.74609375,1900,8,1003920036,767229,2100,85.172226979726133,62.3,Constructed,1004777,2017-08-22 18:13:43+00:00,Photogrammetric,484201,149 AVENUE C,C6,6.0,9,1900,40.7256001,-73.9780788,117.47134763433564,19.97012909783706,24723.01982312228,67.73430088526652,73.49007508004038,99.8506454891853,C1-6A,,,,False,False,,False
,1004010047,270.98046875,1900,15,1004010047,996978,2100,92.535393170600486,71.11,Constructed,1005067,2017-08-22 19:24:26+00:00,Photogrammetric,125275,533 EAST 5 STREET,C4,6.0,24,1900,40.7244097,-73.9827621,155.48111791054083,26.43179004479194,32722.55607545242,89.65083856288334,97.26898736483433,132.1589502239597,C1-6A,,,,False,False,,False
,1004010030,290.53125,1920,14,1004010030,269000,2100,92.0567456560289,70.24,Constructed,1005061,2017-08-22 18:56:24+00:00,Photogrammetric,33651,540 EAST 6 STREET,C4,6.0,13,1920,40.7244892,-73.9822245,166.6985268813931,28.338749569836825,35083.37196745799,96.11882730810409,104.28659841699951,141.69374784918412,R7A,,,,False,False,,False
,1004010056,206.29296875,1920,19,1004010056,606050,2100,61.943500222701957,72.45,Constructed,1005076,2017-08-22 17:30:14+00:00,Photogrammetric,13102,515 EAST 5 STREET,C4,6.0,24,1920,40.724709,-73.9834727,118.36191167319416,20.12152498444301,24910.447930740447,68.24780254997383,74.04721194275027,100.60762492221504,R7A,,,,False,False,,False
,1003890007,308.015625,1900,12,1003890007,847194,2100,95.8257102972234,84.38,Constructed,1004673,2017-08-22 19:05:04+00:00,Photogrammetric,189514,105 AVENUE B,C7,6.0,12,1900,40.7247855,-73.9811096,176.73014975904687,30.04412545903797,37194.62731828901,101.90308854325755,110.56238168925972,150.22062729518984,R8B,,,,False,False,,False
,1004020039,194.3359375,1900,13,1004020039,213311,2100,66.314843057606041,65.64,Constructed,1005097,2017-08-22 18:38:03+00:00,Photogrammetric,257003,102 AVENUE B,C6,6.0,5,1900,40.7248651,-73.9816219,111.50338247540928,18.955575020819577,23467.001875774637,64.2931558240401,69.75651607661604,94.77787510409789,C1-6A,,,,False,False,,False
,1003890009,442.80859375,1900,12,1003890009,785621,2100,104.24123586304745,71.37,Constructed,1004674,2017-08-22 17:44:03+00:00,Photogrammetric,341902,184 EAST 7 STREET,C6,6.0,20,1900,40.7248596,-73.9810555,254.06799326177912,43.19155885450245,53471.14986187404,146.49630099143573,158.94493658456904,215.95779427251225,C1-6A,,,,False,False,,False
,1004350030,268.21875,1920,20,1004350030,210982,2100,71.507681172264967,63.71,Constructed,1005837,2017-08-22 17:49:49+00:00,Photogrammetric,15956,125 AVENUE A,C7,6.0,10,1920,40.7266605,-73.9833893,153.88663549218782,26.16072803367193,32386.981305685847,88.73145563201602,96.2714791639127,130.80364016835964,C1-7A,,,,False,False,,False
,1004020032,278.22265625,1900,13,1004020032,896159,2100,97.07683375109734,65.48,Constructed,1005093,2017-08-22 18:42:45+00:00,Photogrammetric,446609,178 EAST 7 STREET,C7,6.0,16,1900,40.7250381,-73.9816868,159.62839985116884,27.136827974698704,33595.393032677,92.04217269226575,99.86352694689123,135.6841398734935,R7A,,,,False,False,,False
,1004360034,635.2734375,1920,18,1004360034,530422,2100,102.0847649767921,65.59,Constructed,1005881,2017-08-22 17:57:01+00:00,Photogrammetric,555077,131 AVENUE A,C7,6.0,30,1920,40.7269075,-73.9831835,364.4693539280095,61.95979016776162,76706.22022768889,210.15402802106544,228.01202781736276,309.7989508388081,C1-6A,,,,False,False,,False
,1004360036,567.25390625,1907,17,1004360036,569529,2100,111.58837886897946,66.51,Constructed,1005882,2017-08-22 19:30:43+00:00,Photogrammetric,712480,121 ST MARKS PLACE,C7,6.0,30,1907,40.7269844,-73.9833675,325.44434733942353,55.325539047702,68493.01734105508,187.6521023042605,203.59798369554335,276.62769523851,C1-6A,,,,False,False,,False
,1004360037,354.625,1910,19,1004360037,718058,2100,102.99606444406878,66.54,Constructed,1005883,2017-08-22 19:28:04+00:00,Photogrammetric,515406,119 ST MARKS PLACE,C7,6.0,22,1910,40.727064,-73.9835082,203.44938323574442,34.58639515007655,42817.95719579477,117.30947176930074,127.27793415228169,172.93197575038275,C1-6A,,,,False,False,,False
,1004360039,351.18359375,1900,20,1004360039,157805,2100,102.55248803465113,65.56,Constructed,1005884,2017-08-22 19:40:51+00:00,Photogrammetric,727282,115 ST MARKS PLACE,C7,6.0,22,1900,40.7271134,-73.9836237,201.4823843637755,34.25200534184184,42403.98261320019,116.17529483068546,126.04737965797796,171.26002670920917,C1-6A,,,,False,False,,False
,1003910055,254.26953125,1900,10,1003910055,568441,2100,90.5811214232396,68.9,Constructed,1004757,2017-08-22 19:08:20+00:00,Photogrammetric,750938,309 EAST 8 STREET,C4,6.0,17,1900,40.7255181,-73.9798322,145.88447850812335,24.80036134638097,30702.847346819643,84.11738999128669,91.26532975468197,124.00180673190485,C1-6A,,,,False,False,,False
,1003910056,274.5625,1900,11,1003910056,199566,2100,92.573082260183909,66.96,Constructed,1004758,2017-08-22 17:50:00+00:00,Photogrammetric,400639,307 EAST 8 STREET,C6,6.0,12,1900,40.7255565,-73.9799044,157.52936752614067,26.77999247944392,33153.63068955157,90.83186490288102,98.55037232435362,133.89996239721958,C1-6A,,,,False,False,,False
,1003910057,485.27734375,1900,11,1003910057,272582,2100,125.40186031169631,65.88,Constructed,1004759,2017-08-22 17:36:13+00:00,Photogrammetric,674101,303 EAST 8 STREET,C6,6.0,12,1900,40.7256005,-73.980027,278.423795004286,47.33204515072862,58597.07189660203,160.53992300438912,174.18192615468132,236.66022575364306,C1-6A,,,,False,False,,False
,1003910059,508.66796875,1900,11,1003910059,44887,2100,126.33464270987885,65.34,Constructed,1004760,2017-08-22 17:58:35+00:00,Photogrammetric,362068,299 EAST 8 STREET,C1,6.0,30,1900,40.7256691,-73.9801749,291.84905548712874,49.61433943281189,61422.55221782112,168.28096498033182,182.58076911274773,248.07169716405943,C1-6A,,,,False,False,,False
,1003920041,229.2421875,1900,9,1003920041,1064985,2100,65.8673088697497,61,Constructed,1004780,2024-07-30 19:23:11+00:00,Other (Manual),667471,643 EAST 9 STREET,C4,6.0,10,1900,40.7257072,-73.9784359,131.52649497998107,22.35950414659678,27681.066133486813,75.83853735201866,82.28297525947615,111.7975207329839,C1-6A,,,,False,False,,False
,1003920045,320.7578125,1900,9,1003920045,722621,2100,96.600498138662672,72.78,Constructed,1004781,2017-08-22 18:26:36+00:00,Photogrammetric,836943,635 EAST 9 STREET,C4,6.0,24,1900,40.7258171,-73.9786957,184.03250329675325,31.285525560448054,38731.48064383469,106.1136455995471,115.13073406244882,156.42762780224027,C1-6A,,,,False,False,,False
,1003920027,1146.30078125,1900,8,1003920027,882015,2100,215.06325709643122,74.34,Constructed,1004772,2017-08-22 17:40:21+00:00,Photogrammetric,564850,384 EAST 10 STREET,C4,6.0,45,1900,40.7259213,-73.9782302,657.6801402858623,111.8056238485966,138415.3623245626,379.2201707522263,411.44469576283547,559.0281192429829,C1-6A,,,,False,False,,False
,1003920048,1081.83203125,1900,9,1003920048,451137,2100,219.10225344409287,72.36,Constructed,1004783,2017-08-22 17:59:46+00:00,Photogrammetric,277015,627 EAST 9 STREET,C1,6.0,35,1900,40.7259571,-73.9790275,620.6842561519134,105.51632354582529,130629.2085497317,357.88824260200465,388.3000706486371,527.5816177291264,C1-6A,,,,False,False,,False
,1003920022,505.46484375,1900,7,1003920022,689060,2100,120.96633541332224,68.27,Constructed,1004769,2017-08-22 18:45:04+00:00,Photogrammetric,104017,374 EAST 10 STREET,C4,6.0,17,1900,40.7260888,-73.9786234,290.00432811542373,49.30073577962204,61034.310895172086,167.21729012375914,181.4267076690091,246.50367889811017,C1-6A,,,,False,False,,False
,1003910012,320.63671875,1910,11,1003910012,748281,2100,99.572999787203,63.11,Constructed,1004740,2017-08-22 18:31:55+00:00,Photogrammetric,417045,610 EAST 9 STREET,C1,6.0,24,1910,40.725809,-73.9798105,183.96440609829196,31.273949036709634,38717.14890744653,106.07438056834665,115.08813245509145,156.36974518354816,C1-6A,,,,False,False,,False
,1003910003,581.91015625,1940,12,1003910003,519232,2100,122.47968961925065,64.56,Constructed,1004734,2017-08-22 17:45:09+00:00,Photogrammetric,66544,131 AVENUE B,C6,6.0,18,1940,40.725853,-73.9803336,333.8650078233426,56.75705132996824,70265.22954650069,192.50747820959094,208.86594889428312,283.7852566498412,,,,,False,False,,False
,1003910011,301.3359375,1910,11,1003910011,564984,2100,95.917282287303067,67.17,Constructed,1004739,2017-08-22 17:30:42+00:00,Photogrammetric,463066,608 EAST 9 STREET,C4,6.0,24,1910,40.725853,-73.9798862,172.8794035391032,29.389498601647546,36384.199268839664,99.6827377228484,108.15335485406297,146.94749300823773,,,,,False,False,,False
,1003930047,267.3125,1900,7,1003930047,992184,2100,90.709077068833409,71.61,Constructed,1004898,2017-08-22 18:40:59+00:00,Photogrammetric,413870,377 EAST 10 STREET,C4,6.0,12,1900,40.7264703,-73.978396,153.3666584216474,26.07233193168006,32277.546931419914,88.43163542854771,95.94618150858263,130.3616596584003,,,,,False,False,,False
,1003930051,439.8984375,1900,9,1003930051,156715,2100,152.82493388210992,71.42,Constructed,1004900,2017-08-22 19:21:24+00:00,Photogrammetric,319482,367 EAST 10 STREET,C6,6.0,14,1900,40.7265938,-73.9786882,252.3742425251019,42.90362122926732,53114.68308183295,145.51967967625464,157.88532612370375,214.5181061463366,,,,,False,False,,False
,1003930023,510.30859375,1900,8,1003930023,351067,2100,126.93035611754861,63.72,Constructed,1004886,2017-08-22 18:36:15+00:00,Photogrammetric,592096,632 EAST 11 STREET,C7,6.0,33,1900,40.7266871,-73.9781867,292.78248595808833,49.77302261287502,61619.00199473927,168.8191835472309,183.16472321538006,248.86511306437507,,,,,False,False,,False
,1003930018,273.57421875,1900,9,1003930018,993826,2100,91.817258491680079,68.91,Constructed,1004882,2017-08-22 18:06:36+00:00,Photogrammetric,16148,622 EAST 11 STREET,C1,6.0,26,1900,40.726871,-73.9786195,156.9476865771226,26.68110671811084,33031.21011702122,90.49646607403074,98.18647272264789,133.4055335905542,,,,,False,False,,False
,1003930016,284.890625,1900,9,1003930016,214543,2100,93.825234729282414,70.21,Constructed,1004881,2017-08-22 18:04:01+00:00,Photogrammetric,416630,620 EAST 11 STREET,C4,6.0,26,1900,40.726904,-73.9786989,163.45109306946583,27.786685821809193,34399.91704739978,94.24634807506789,102.25500382425783,138.93342910904596,,,,,False,False,,False
,1004350025,382.86328125,1920,20,1004350025,554064,2100,100.30502296396755,65.57,Constructed,1005833,2017-08-22 17:56:38+00:00,Photogrammetric,357834,122 ST MARKS PLACE,C7,6.0,22,1920,40.7267731,-73.9839304,219.65749604171555,37.34177432709165,46229.116616939464,126.65511401901223,137.41772952369726,186.70887163545822,,,,,False,False,,False
,1004350019,416.734375,1920,21,1004350019,315564,2100,110.60653754899032,67.38,Constructed,1005828,2017-08-22 17:48:07+00:00,Photogrammetric,191021,110 ST MARKS PLACE,C7,6.0,22,1920,40.7269351,-73.9843453,239.08577301744307,40.64458141296532,50317.99178925107,137.8575117513728,149.5720595997124,203.22290706482661,,,,,False,False,,False
,1004360042,286.7578125,1920,21,1004360042,376561,2100,91.185924089747829,74.17,Constructed,1005887,2017-08-22 19:16:09+00:00,Photogrammetric,531415,109 ST MARKS PLACE,C7,6.0,25,1920,40.7272205,-73.9838798,164.52176778908805,27.96870052414497,34625.25124889147,94.86370205175746,102.92481792885349,139.84350262072485,,,,,False,False,,False
,1004360009,313.17578125,1929,22,1004360009,411940,2100,88.635117216417086,62.59,Constructed,1005865,2017-08-22 17:46:38+00:00,Photogrammetric,537240,406 EAST 9 STREET,C7,6.0,22,1929,40.7278025,-73.9844533,179.66880614176523,30.54369704410009,37813.09694059591,103.59752586464633,112.40080512228832,152.71848522050044,,,,,False,False,,False
,1003940053,394.98828125,1910,8,1003940053,43915,2100,104.46319970247112,65.35,Constructed,1004918,2017-08-22 18:50:54+00:00,Photogrammetric,94494,631 EAST 11 STREET,C4,6.0,30,1910,40.7270548,-73.9778979,226.61162934705268,38.52397698899895,47692.6835123807,130.6648863352896,141.76823531951615,192.61988494499477,,,,,False,False,,False
,1003940050,302.015625,1900,8,1003940050,337936,2100,95.495168546263557,70.01,Constructed,1004916,2017-08-22 17:47:43+00:00,Photogrammetric,685262,635 EAST 11 STREET,C4,6.0,11,1900,40.7269807,-73.9777175,173.26791110831053,29.45554488841279,36465.96457185503,99.90675225165762,108.39640518935906,147.27772444206394,,,,,False,False,,False
,1003940052,312.23046875,1937,8,1003940052,950817,2100,99.824995904407018,70.01,Constructed,1004917,2017-08-22 17:27:23+00:00,Photogrammetric,795037,633 EAST 11 STREET,C6,6.0,24,1937,40.7270136,-73.9777969,179.14011763088826,30.453819997251003,37701.829156596745,103.292682620813,112.07005758988369,152.26909998625501,,,,,False,False,,False
,1004040021,441.08203125,1920,14,1004040021,720095,2100,150.76014265817867,69.64,Constructed,1005132,2017-08-22 17:54:22+00:00,Photogrammetric,461625,534 EAST 11 STREET,C6,6.0,29,1920,40.727607,-73.9803764,253.05820344377267,43.01989458544136,53258.6294967764,145.91405341582575,158.3132120744242,215.09947292720676,,,,,False,False,,False
,1004040018,636.3828125,1900,14,1004040018,994001,2100,138.93601458754091,66.17,Constructed,1005131,2017-08-22 17:26:53+00:00,Photogrammetric,166260,528 EAST 11 STREET,C7,6.0,33,1900,40.7276729,-73.9805315,365.09437279698386,62.066043375487254,76837.76169885322,210.5144156132965,228.4030396217931,310.33021687743627,,,,,False,False,,False
,1003950001,593.25,1910,12,1003950001,87102,2100,122.9181973198389,63.67,Constructed,1004926,2017-08-22 18:40:07+00:00,Photogrammetric,321922,195 AVENUE B,C7,6.0,16,1910,40.7281364,-73.9786697,340.35181694794477,57.859808881150606,71630.44339486444,196.24779012291629,212.92409668263423,289.299044405753,,,,,False,False,,False
,1003950003,379.5234375,1910,12,1003950003,88089,2100,96.092615666342127,63.67,Constructed,1077464,2017-08-22 17:51:20+00:00,Photogrammetric,218922,199 AVENUE B,C7,6.0,23,1910,40.7282928,-73.9785541,433.43205978941023,73.68345016419974,91220.11130327928,249.91811315966925,271.155096604255,368.4172508209987,,,,,False,False,,False
,1003950003,379.5234375,1910,12,1003950003,88089,2100,96.092615666342127,63.67,Constructed,1077464,2017-08-22 17:51:20+00:00,Photogrammetric,218922,199 AVENUE B,C7,6.0,23,1910,40.7282928,-73.9785541,433.43205978941023,73.68345016419974,91220.11130327928,249.91811315966925,271.155096604255,368.4172508209987,,,,,False,False,,False
,1004050046,302.78125,1920,16,1004050046,241110,2100,99.444131675377236,68.08,Constructed,1005188,2017-08-22 18:57:00+00:00,Photogrammetric,455254,533 EAST 11 STREET,C4,6.0,14,1920,40.7280406,-73.9802392,173.70491638038865,29.52983578466607,36557.93670141659,100.15873068881258,108.66979568757114,147.64917892333034,,,,,False,False,,False
,1004370133,117.0546875,1900,19,1004370133,65472,2100,43.239325421677336,57,Constructed,1089856,2018-10-03 17:33:40+00:00,Other (Manual),1286989,445 EAST 9 STREET,C7,6.0,10,1900,40.7274619,-73.9828406,67.1542057976078,11.416214985593328,14133.27415216454,38.721299047026136,42.011671146983446,57.08107492796663,,,,,False,False,,False
,1004040016,379.98828125,1900,15,1004040016,183471,2100,106.04734421623834,62.1,Constructed,1005129,2017-08-22 18:58:26+00:00,Photogrammetric,805283,522 EAST 11 STREET,C4,6.0,23,1900,40.7277744,-73.9807696,217.99447404540828,37.05906058771941,45879.11700759663,125.6962109797168,136.37734296280743,185.29530293859705,,,,,False,False,,False
,1004040014,375.15625,1900,16,1004040014,397993,2100,105.3592577848236,59.72,Constructed,1005128,2017-08-22 18:17:21+00:00,Photogrammetric,207030,520 EAST 11 STREET,C7,6.0,27,1900,40.7278239,-73.980885,215.22842102561748,36.58883157435497,45296.97348905145,124.10129723027795,134.6469001936263,182.94415787177485,,,,,False,False,,False
,1004040013,272.796875,1900,16,1004040013,996437,2100,92.097276560773267,70.3,Constructed,1005127,2017-08-22 19:02:11+00:00,Photogrammetric,703133,518 EAST 11 STREET,C6,6.0,13,1900,40.7278651,-73.9809824,156.50084517239125,26.605143679306515,32937.16787498147,90.23881609583964,97.90692873984797,133.02571839653257,,,,,False,False,,False
,1004040012,275.71875,1900,16,1004040012,727408,2100,92.560085662261059,72.1,Constructed,1005126,2017-08-22 17:44:47+00:00,Photogrammetric,362663,516 EAST 11 STREET,C7,6.0,18,1900,40.727898,-73.9810654,158.17700746201308,26.89009126854222,33289.93299045527,91.20529586426102,98.95553586823537,134.4504563427111,,,,,False,False,,False
,1004370021,523.2265625,1900,18,1004370021,668276,2100,125.45547615774386,64.7,Constructed,1005909,2017-08-22 19:29:00+00:00,Photogrammetric,310076,280 EAST 10 STREET,C7,6.0,33,1900,40.7279669,-73.9830822,300.18480168246776,51.03141628601952,63176.89336209217,173.0873790742251,187.79561193255185,255.1570814300976,,,,,False,False,,False
,1004380028,287.5859375,1900,18,1004380028,650528,2100,79.541426856813928,67.21,Constructed,1005945,2017-08-22 19:06:45+00:00,Photogrammetric,829938,171 AVENUE A,C7,6.0,18,1900,40.7284032,-73.9821765,164.98593013860383,28.047608123562654,34722.93885697056,95.13133933416593,103.21519789471057,140.23804061781325,,,,,False,False,,False
,1004380027,386.20703125,1920,18,1004380027,851779,2100,94.245382374195387,66.59,Constructed,1005944,2017-08-22 19:05:03+00:00,Photogrammetric,15115,173 AVENUE A,C7,6.0,20,1920,40.7284636,-73.9821296,221.55863111808534,37.66496729007451,46629.22950511224,127.75131371263627,138.60707962747418,188.32483645037254,,,,,False,False,,False
,1004380050,282.9375,1900,21,1004380050,992522,2100,88.876409465290578,68.15,Constructed,1005962,2017-08-22 18:06:46+00:00,Photogrammetric,111797,255 EAST 10 STREET,C4,6.0,23,1900,40.728656,-73.9835836,162.31167198582148,27.59298423758965,34160.114486135986,93.58935475653695,101.54218199432991,137.96492118794825,,,,,False,False,,False
,1004500028,274.1796875,1900,26,1004500028,881080,2100,93.657256159754454,67.54,Constructed,1006379,2017-08-22 18:43:03+00:00,Photogrammetric,432756,348 EAST 9 STREET,C7,6.0,15,1900,40.7282253,-73.9855176,157.29570033246387,26.740269056518855,33104.45309197034,90.69713175882285,98.40419012798938,133.70134528259427,,,,,False,False,,False
,1004370005,285.65234375,1900,24,1004370005,950207,2100,91.0548254857791,69.23,Constructed,1005895,2017-08-22 19:25:42+00:00,Photogrammetric,195404,156 1 AVENUE,C7,6.0,22,1900,40.7283816,-73.9843305,163.87577272693656,27.858881363579215,34489.295128111065,94.49121952907142,102.52068341797151,139.29440681789606,,,,,False,False,,False
,1004370006,195.5859375,1920,23,1004370006,514073,2100,77.522235509889256,70.23,Constructed,1005896,2017-08-22 17:58:56+00:00,Photogrammetric,390170,158 1 AVENUE,C7,6.0,10,1920,40.7284447,-73.9843052,112.19791984314857,19.073646373335258,23613.17421018905,64.69362797312068,70.19101865387374,95.36823186667628,,,,,False,False,,False
,1004510032,407.86328125,1900,25,1004510032,205521,2100,96.407000518999453,61.7,Constructed,1006417,2017-08-22 18:21:03+00:00,Photogrammetric,54531,159 1 AVENUE,C7,6.0,30,1900,40.7287659,-73.9848067,233.98781434853888,39.77792843925161,49245.07540779349,134.91801481587257,146.3827766564459,198.88964219625805,,,,,False,False,,False
,1004510044,233.30859375,1900,26,1004510044,514682,2100,65.703673335114942,54.54,Constructed,1006421,2017-08-22 18:14:51+00:00,Photogrammetric,624784,335 EAST 9 STREET,C7,6.0,8,1900,40.7287193,-73.9855788,133.84542194265103,22.753721730250675,28169.107502050334,77.17563699191872,83.73369596732249,113.76860865125337,,,,,False,False,,False
,1004510046,250.36328125,1900,27,1004510046,253302,2100,69.550667460690633,55.56,Constructed,1006422,2017-08-22 18:20:01+00:00,Photogrammetric,453853,331 EAST 9 STREET,C7,6.0,9,1900,40.7287852,-73.9857339,143.6273490617216,24.41664934049267,30227.811883529925,82.81592296857514,89.85326957301302,122.08324670246334,,,,,False,False,,False
,1004510045,358.2421875,1900,27,1004510045,859170,2100,93.250036651264566,54.69,Constructed,1083487,2017-08-22 17:28:32+00:00,Photogrammetric,559801,333 EAST 9 STREET,CB,6.0,9,1900,40.7287523,-73.9856582,205.5218365320959,34.93871221045631,43254.12571654491,118.50445401793127,128.57446093447922,174.69356105228152,,,,,False,False,,False
,1004510054,266.44921875,1900,29,1004510054,38284,2100,88.829514389688853,68.33,Constructed,1006428,2017-08-22 19:33:46+00:00,Photogrammetric,834126,315 EAST 9 STREET,C7,6.0,24,1900,40.7290186,-73.9862859,152.8496097368926,25.984433655271744,32168.728865226418,88.13350374034636,95.62271585140002,129.92216827635872,,,,,False,False,,False
,1004510056,181.859375,1900,30,1004510056,747949,2100,55.917387324775959,43.39,Constructed,1006430,2017-08-22 19:11:18+00:00,Photogrammetric,313962,311 EAST 9 STREET,C1,6.0,7,1900,40.7290845,-73.9864446,104.33086427580159,17.73624692688627,21957.4736954852,60.15746217941151,65.26938869094147,88.68123463443135,,,,,False,False,,False
,1004510023,256.55078125,1900,27,1004510023,589197,2100,86.587031103822838,67.38,Constructed,1006413,2017-08-22 18:28:54+00:00,Photogrammetric,570717,224 EAST 10 STREET,C7,6.0,22,1900,40.7290487,-73.9856437,147.17407153635494,25.01959216118034,30974.255095541263,84.86097286449662,92.07209915314365,125.09796080590169,,,,,False,False,,False
,1004510021,262.30859375,1900,28,1004510021,924343,2100,89.717804423176631,65.27,Constructed,1006411,2017-08-22 18:07:48+00:00,Photogrammetric,106145,220 EAST 10 STREET,C6,6.0,9,1900,40.7291146,-73.9858024,150.47348811075508,25.580492978828364,31668.650307789514,86.76342550079319,94.13621416208838,127.90246489414181,,,,,False,False,,False
,1004510019,502.15234375,1900,28,1004510019,707389,2100,124.97752000583047,63.4,Constructed,1006410,2017-08-22 18:44:16+00:00,Photogrammetric,721057,216 EAST 10 STREET,C7,6.0,28,1900,40.729164,-73.9859215,288.0765608303362,48.97301534115715,60628.592992352555,166.10573422562345,180.22069645545832,244.86507670578575,,,,,False,False,,False
,1004510018,269.69140625,1900,28,1004510018,777577,2100,89.248385774878486,65.65,Constructed,1006409,2017-08-22 18:31:42+00:00,Photogrammetric,358009,214 EAST 10 STREET,C7,6.0,22,1900,40.7292135,-73.9860405,154.71718468461512,26.30192139638457,32561.778688724098,89.21035257184684,96.79107073869523,131.50960698192284,,,,,False,False,,False
,1004520046,269.1796875,1900,27,1004520046,367720,2100,93.05209380144575,64.94,Constructed,1006461,2017-08-22 18:35:44+00:00,Photogrammetric,647817,223 EAST 10 STREET,C7,6.0,21,1900,40.7294467,-73.985456,154.43515865537717,26.25397697141412,32502.42349061068,89.0477355907142,96.61463525480396,131.2698848570706,,,,,False,False,,False
,1003950003,375.98828125,1910,12,1003950003,514896,2100,95.552395652877166,63.67,Constructed,1077492,2017-08-22 19:11:58+00:00,Photogrammetric,626513,199 AVENUE B,C7,6.0,23,1910,40.7282928,-73.9785541,433.43205978941023,73.68345016419974,91220.11130327928,249.91811315966925,271.155096604255,368.4172508209987,,,,,False,False,,False
,1003950003,375.98828125,1910,12,1003950003,514896,2100,95.552395652877166,63.67,Constructed,1077492,2017-08-22 19:11:58+00:00,Photogrammetric,626513,199 AVENUE B,C7,6.0,23,1910,40.7282928,-73.9785541,433.43205978941023,73.68345016419974,91220.11130327928,249.91811315966925,271.155096604255,368.4172508209987,,,,,False,False,,False
,1004040004,364.36328125,1920,18,1004040004,426297,2100,94.709620495510947,61.5,Constructed,1005121,2017-08-22 18:16:49+00:00,Photogrammetric,848121,170 AVENUE A,C7,6.0,25,1920,40.7282247,-73.9816354,209.02575004081433,35.53437750693844,43991.559353589786,120.52482014682133,130.76650922553344,177.6718875346922,,,,,False,False,,False
,1004060050,293.8125,1901,12,1004060050,422078,2100,98.332692788715661,72.29,Constructed,1083458,2017-08-22 18:34:45+00:00,Photogrammetric,26312,527 EAST 12 STREET,C6,6.0,48,1901,40.7287322,-73.979889,339.98584887865115,57.7975943093707,71553.42175500093,196.0367719315094,212.69514705848417,288.9879715468535,,,,,False,False,,False
,1004060050,293.8125,1901,12,1004060050,422078,2100,98.332692788715661,72.29,Constructed,1083458,2017-08-22 18:34:45+00:00,Photogrammetric,26312,527 EAST 12 STREET,C6,6.0,48,1901,40.7287322,-73.979889,339.98584887865115,57.7975943093707,71553.42175500093,196.0367719315094,212.69514705848417,288.9879715468535,,,,,False,False,,False
,1004060050,298.81640625,1901,14,1004060050,437524,2100,98.0596451439041,72.4,Constructed,1083455,2017-08-22 17:46:06+00:00,Photogrammetric,246976,527 EAST 12 STREET,C6,6.0,48,1901,40.7287322,-73.979889,339.98584887865115,57.7975943093707,71553.42175500093,196.0367719315094,212.69514705848417,288.9879715468535,,,,,False,False,,False
,1004060050,298.81640625,1901,14,1004060050,437524,2100,98.0596451439041,72.4,Constructed,1083455,2017-08-22 17:46:06+00:00,Photogrammetric,246976,527 EAST 12 STREET,C6,6.0,48,1901,40.7287322,-73.979889,339.98584887865115,57.7975943093707,71553.42175500093,196.0367719315094,212.69514705848417,288.9879715468535,,,,,False,False,,False
,1004060027,290.140625,1900,13,1004060027,522407,2100,86.525159283571313,69.07,Constructed,1005214,2017-08-22 19:31:12+00:00,Photogrammetric,734060,544 EAST 13 STREET,C4,6.0,14,1900,40.7287842,-73.9790988,166.45231748554065,28.29689397254191,35031.55473800688,95.97686229590927,104.13256981895422,141.48446986270955,,,,,False,False,,False
,1004060021,560.67578125,1900,14,1004060021,926399,2100,134.08405603993671,61.75,Constructed,1005212,2017-08-22 18:25:00+00:00,Photogrammetric,697855,530 EAST 13 STREET,C7,6.0,38,1900,40.7289215,-73.9795462,321.650924751857,54.6806572078157,67694.65362327584,185.46480444733106,201.22481852476176,273.40328603907847,,,,,False,False,,False
,1004070040,293.55078125,1900,12,1004070040,527777,2100,95.593045802780864,67.66,Constructed,1005254,2017-08-22 18:48:35+00:00,Photogrammetric,696561,541 EAST 13 STREET,C4,6.0,15,1900,40.7291547,-73.9789111,168.40878652738544,28.629493709655527,35443.31321255354,97.10496770562614,105.35653685153234,143.14746854827763,,,,,False,False,,False
,1004070032,432.40625,1905,12,1004070032,771937,2100,109.8780379957668,62.5,Constructed,1005248,2017-08-22 17:31:55+00:00,Photogrammetric,571163,224 AVENUE B,C7,6.0,26,1905,40.7291986,-73.9785214,248.0655386770161,42.17114157509274,52207.87326996481,143.0352692327803,155.1898009963413,210.85570787546368,,,,,False,False,,False
,1004060011,428.31640625,1900,15,1004060011,575009,2100,111.66758353044956,61.98,Constructed,1005205,2017-08-22 19:30:29+00:00,Photogrammetric,173883,510 EAST 13 STREET,C7,6.0,27,1900,40.7292785,-73.9803903,245.71250277582115,41.7711254718896,51712.65333419932,141.67850228547758,153.71774173655373,208.85562735944796,,,,,False,False,,False
,1004060009,420.57421875,1900,16,1004060009,696909,2100,109.83828426254055,60.96,Constructed,1005204,2017-08-22 18:27:00+00:00,Photogrammetric,672108,506 EAST 13 STREET,C7,6.0,27,1900,40.7293279,-73.9805094,241.2774360394753,41.0171641267108,50779.24918886797,139.1212306544328,150.94316398629573,205.085820633554,,,,,False,False,,False
,1004370007,289.63671875,1900,22,1004370007,269257,2100,94.346477207914134,71.25,Constructed,1005897,2017-08-22 17:49:03+00:00,Photogrammetric,698414,160 1 AVENUE,C7,6.0,22,1900,40.7284914,-73.9842511,166.16216494948188,28.247568041411924,34970.48923526796,95.80955954867935,103.95105039239589,141.2378402070596,,,,,False,False,,False
,1004050012,416.89453125,1930,16,1004050012,565668,2100,112.68553393517641,63.32,Constructed,1005169,2017-08-22 18:29:14+00:00,Photogrammetric,287913,508 EAST 12 STREET,C7,6.0,28,1930,40.7286391,-73.9808595,239.16871760775598,40.65868199331852,50335.44830772832,137.90533782939266,149.62394973541214,203.29340996659258,,,,,False,False,,False
,1004050010,417.578125,1930,16,1004050010,603752,2100,114.41864258884343,63.07,Constructed,1005168,2017-08-22 17:42:25+00:00,Photogrammetric,482144,504 EAST 12 STREET,C7,6.0,28,1930,40.7286885,-73.9809786,239.55705929584656,40.724700080293914,50417.17869940386,138.12925671069553,149.8668962954816,203.62350040146956,,,,,False,False,,False
,1004380023,250.3515625,1910,19,1004380023,800484,2100,90.604471792503276,64.68,Constructed,1005942,2017-08-22 18:13:10+00:00,Photogrammetric,63844,430 EAST 11 STREET,C7,6.0,22,1910,40.7285597,-73.9826239,143.6217657297057,24.415700174049967,30226.63681547386,82.81270360403798,89.84977664050388,122.07850087024983,,,,,False,False,,False
,1004060004,348.40625,1910,17,1004060004,168753,2100,90.9160165842972,69.63,Constructed,1005199,2017-08-22 17:37:32+00:00,Photogrammetric,77388,200 AVENUE A,C4,6.0,15,1910,40.7292566,-73.9808413,199.8752694665804,33.97879580931867,42065.74921193651,115.24862797790826,125.04196857829271,169.89397904659333,,,,,False,False,,False
,1004400038,669.09375,1910,18,1004400038,264847,2100,163.77350789333272,64.43,Constructed,1005999,2017-08-22 17:36:12+00:00,Photogrammetric,193141,195 AVENUE A,C7,6.0,40,1910,40.7293336,-73.9815088,383.8427442502557,65.25326652254347,80783.54395490882,221.3247779586543,240.13202080295997,326.26633261271735,,,,,False,False,,False
,1004400040,530.7109375,1910,18,1004400040,993363,2100,129.16636097736134,63.94,Constructed,1006000,2017-08-22 17:38:53+00:00,Photogrammetric,467781,437 EAST 12 STREET,C7,6.0,38,1910,40.7294956,-73.9817036,304.4552071449273,51.75738521463764,64075.642895721394,175.54970656362025,190.4671775898665,258.78692607318817,,,,,False,False,,False
,1004400033,298.34765625,1900,17,1004400033,86947,2100,79.112897482968677,60.19874813,Constructed,1005996,2017-08-22 19:22:55+00:00,Photogrammetric,400154,205 AVENUE A,C7,6.0,9,1900,40.7296163,-73.9813031,171.15841207352443,29.096930052499154,36021.999404993956,98.69040932875056,107.0767025931969,145.48465026249576,,,,,False,False,,False
,1004400030,277.84765625,1900,17,1004400030,621151,2100,94.738813084721045,61.67,Constructed,1005994,2017-08-22 18:10:48+00:00,Photogrammetric,849290,444 EAST 13 STREET,C7,6.0,15,1900,40.7297343,-73.9814798,159.39515528700164,27.09717639879028,33546.304381702364,91.90768323754072,99.71760914754822,135.48588199395138,,,,,False,False,,False
,1004400050,289.75390625,1900,19,1004400050,638789,2100,96.239975686473088,61.16,Constructed,1006004,2017-08-22 18:27:55+00:00,Photogrammetric,33924,419 EAST 12 STREET,C4,6.0,11,1900,40.7298003,-73.9824323,166.22550219698152,28.258335373486858,34983.81919237673,95.84607997911432,103.99067417443165,141.2916768674343,,,,,False,False,,False
,1004400051,285.7890625,1920,20,1004400051,438941,2100,95.489936508223153,69.44,Constructed,1006005,2017-08-22 17:33:55+00:00,Photogrammetric,780156,417 EAST 12 STREET,C1,6.0,15,1920,40.7298333,-73.9825081,163.95475898661508,27.87230902772456,34505.918576323005,94.53676322280275,102.57009722202639,139.3615451386228,,,,,False,False,,False
,1004400052,263.5,1900,20,1004400052,630077,2100,89.718656393233573,61.79,Constructed,1006006,2017-08-22 18:46:31+00:00,Photogrammetric,802482,415 EAST 12 STREET,C6,6.0,15,1900,40.729858,-73.9825911,151.1674740119477,25.69847058203111,31814.706580554513,87.16357967275209,94.57037174187448,128.49235291015555,,,,,False,False,,False
,1004400053,265.046875,1920,20,1004400053,445308,2100,90.065009290950087,62.67,Constructed,1006007,2017-08-22 19:14:00+00:00,Photogrammetric,117208,413 EAST 12 STREET,C7,6.0,16,1920,40.7298992,-73.9826632,152.05003616939567,25.848506148797266,32000.450612211014,87.6724674307151,95.12250262757394,129.24253074398632,,,,,False,False,,False
,1004400021,428.21875,1900,19,1004400021,351878,2100,104.91108582214014,63.59,Constructed,1005988,2017-08-22 18:18:26+00:00,Photogrammetric,659364,424 EAST 13 STREET,C4,6.0,35,1900,40.7300336,-73.9821977,245.65162046916848,41.76077547975864,51699.8400439412,141.64339738066082,153.6796537655118,208.8038773987932,,,,,False,False,,False
,1004400019,421.52734375,1900,19,1004400019,601998,2100,103.45622527587223,64,Constructed,1005987,2017-08-22 17:30:14+00:00,Photogrammetric,127008,420 EAST 13 STREET,C4,6.0,33,1900,40.7300858,-73.982324,241.81310826407287,41.10822840489239,50891.98676525678,139.4301007267309,151.27828053000397,205.54114202446192,,,,,False,False,,False
,1004400018,413.80078125,1900,19,1004400018,36829,2100,104.69239471714077,72.51,Constructed,1005986,2017-08-22 17:58:57+00:00,Photogrammetric,690118,416 EAST 13 STREET,C4,6.0,35,1900,40.7301352,-73.9824503,237.38334180235663,40.355168106400626,49959.69811572397,136.87588524855883,148.5070186315543,201.77584053200312,,,,,False,False,,False
,1004400014,450.89453125,1900,20,1004400014,528934,2100,119.56761977843205,71.78,Constructed,1005985,2017-08-22 17:31:14+00:00,Photogrammetric,739803,410 EAST 13 STREET,C4,6.0,35,1900,40.7301929,-73.9825802,258.6596114247186,43.97213394220216,54437.501820446276,149.1438406039624,161.81745290730396,219.86066971101081,,,,,False,False,,False
,1004520047,273.88671875,1900,27,1004520047,801033,2100,90.9127525260452,69.08,Constructed,1006462,2017-08-22 19:10:09+00:00,Photogrammetric,349683,221 EAST 10 STREET,C7,6.0,24,1900,40.7294796,-73.9855353,157.12196429861095,26.710733930763862,33067.88860628566,90.59695508571414,98.29550086521101,133.5536696538193,,,,,False,False,,False
,1004520048,270.125,1900,27,1004520048,209421,2100,93.101799222735167,66.14,Constructed,1006463,2017-08-22 17:37:03+00:00,Photogrammetric,294900,219 EAST 10 STREET,C7,6.0,21,1900,40.7295126,-73.9856147,154.9619554528754,26.343532426988816,32613.293144612155,89.35148806743057,96.94419933131884,131.71766213494408,,,,,False,False,,False
,1004520050,279.203125,1900,28,1004520050,297223,2100,91.328532475465082,68.19,Constructed,1006465,2017-08-22 19:37:25+00:00,Photogrammetric,391175,215 EAST 10 STREET,C7,6.0,24,1900,40.7295812,-73.9857734,160.1642298239796,27.22791907007654,33708.163808754754,92.35113372261577,100.19874217788166,136.13959535038268,,,,,False,False,,False
,1004520052,292.921875,1900,28,1004520052,864133,2100,105.07497707252442,71.78,Constructed,1006467,2017-08-22 18:08:48+00:00,Photogrammetric,795768,211 EAST 10 STREET,C1,6.0,20,1900,40.7296471,-73.9859322,168.04442291895927,28.567551896223076,35366.62924752417,96.89487465075115,105.12859097810093,142.83775948111537,,,,,False,False,,False
,1004520017,251.890625,1900,27,1004520017,655917,2100,85.100052250181022,62.87,Constructed,1006440,2017-08-22 19:06:26+00:00,Photogrammetric,502751,318 EAST 11 STREET,C7,6.0,16,1900,40.7297486,-73.9854451,144.4974440667862,24.56456549135365,30410.93207829582,83.31762213231731,90.39760100818143,122.82282745676825,,,,,False,False,,False
,1004540047,558.47265625,1920,23,1004540047,525242,2100,129.70573206277163,67.06,Constructed,1006500,2017-08-22 18:29:42+00:00,Photogrammetric,852422,345 EAST 12 STREET,C7,6.0,37,1920,40.7304373,-73.9839403,320.37465868739616,54.46369197685735,67426.0506673494,184.72890593794355,200.42638647483503,272.3184598842867,,,,,False,False,,False
,1004540050,561.94921875,1900,23,1004540050,248078,2100,130.24553924351571,66.78,Constructed,1006501,2017-08-22 18:37:38+00:00,Photogrammetric,301303,339 EAST 12 STREET,C1,6.0,37,1900,40.7305032,-73.9840991,322.36612239974033,54.802240807955855,67845.17412024934,185.87718937054615,201.67224617327756,274.0112040397793,,,,,False,False,,False
,1004540056,322.86328125,1900,24,1004540056,293025,2100,103.76620727759494,71.14,Constructed,1006503,2017-08-22 18:03:05+00:00,Photogrammetric,65586,329 EAST 12 STREET,C1,6.0,24,1900,40.7306625,-73.9844743,185.22073084737033,31.48752424405296,38981.555014137564,106.79878086065087,115.87408921811489,157.4376212202648,,,,,False,False,,False
,1004520021,277.98046875,1900,26,1004520021,997490,2100,98.656818188509646,67.42,Constructed,1006442,2017-08-22 17:52:04+00:00,Photogrammetric,738587,326 EAST 11 STREET,C4,6.0,15,1900,40.7296141,-73.9851276,159.46880052355627,27.109696089004565,33561.80375818765,91.95014728270588,99.7636816075368,135.54848044502282,,,,,False,False,,False
,1004520019,260.6875,1900,27,1004520019,759847,2100,89.623945326397418,74.23,Constructed,1006441,2017-08-22 18:50:08+00:00,Photogrammetric,268911,322 EAST 11 STREET,C6,6.0,24,1900,40.7296827,-73.9852863,149.5444819509041,25.422561931653696,31473.131671387277,86.22775800380076,93.5550279084856,127.11280965826847,,,,,False,False,,False
,1004510014,286.578125,1900,29,1004510014,192341,2100,93.101326453259674,67.65,Constructed,1006405,2017-08-22 19:39:41+00:00,Photogrammetric,489618,206 EAST 10 STREET,C4,6.0,26,1900,40.729348,-73.986358,164.4034151482588,27.948580575203994,34600.342752102544,94.79545959480149,102.8507765167507,139.74290287601997,,,,,False,False,,False
,1004540059,468.2265625,1900,24,1004540059,579947,2100,155.99703339252255,73.47,Constructed,1006505,2017-08-22 18:11:34+00:00,Photogrammetric,207566,323 EAST 12 STREET,C4,6.0,37,1900,40.7307421,-73.9846655,268.6003315916509,45.66205637058065,56529.625786778844,154.87568708706533,168.0363674437368,228.31028185290324,,,,,False,False,,False
,1004540060,558.78515625,1920,25,1004540060,305638,2100,130.61815980512642,64.37,Constructed,1006506,2017-08-22 18:02:53+00:00,Photogrammetric,59239,321 EAST 12 STREET,C6,6.0,36,1920,40.7308025,-73.9848062,320.55407880883075,54.49419339750123,67463.81142610652,184.8323600715247,200.5386317028045,272.47096698750613,,,,,False,False,,False
,1004540063,541.09765625,1900,25,1004540063,154696,2100,128.32537247314161,65,Constructed,1006507,2017-08-22 18:38:52+00:00,Photogrammetric,594458,315 EAST 12 STREET,C6,6.0,36,1900,40.7308684,-73.984965,310.39929790920274,52.76788064456447,65326.636237970815,178.97708558348168,194.18580077199726,263.83940322282234,,,,,False,False,,False
,1004530008,575.00390625,1920,29,1004530008,711284,2100,103.73342032886217,67.05,Constructed,1006476,2017-08-22 17:54:21+00:00,Photogrammetric,759581,188 2 AVENUE,C7,6.0,20,1920,40.7307697,-73.9856866,329.85426232904814,56.07522459593819,69421.12804977148,190.19487136923692,206.3568265130525,280.37612297969093,,,,,False,False,,False
,1004540057,314.21484375,1900,24,1004540057,254461,2100,102.61019728850138,71.99,Constructed,1006504,2017-08-22 18:37:48+00:00,Photogrammetric,45794,327 EAST 12 STREET,C7,6.0,22,1900,40.7306982,-73.9845573,180.25608953541212,30.64353522102006,37936.69660362283,103.93615507841872,112.76820961335382,153.21767610510028,,,,,False,False,,False
,1004540032,449.828125,1920,20,1004540032,848224,2100,109.68038490351033,71.34,Constructed,1006487,2017-08-22 18:26:10+00:00,Photogrammetric,14352,346 EAST 13 STREET,C1,6.0,24,1920,40.7307338,-73.9838465,258.04941865840465,43.86840117192879,54309.08065084784,148.79200178314477,161.43571631269793,219.34200585964393,,,,,False,False,,False
,1004540024,507.8203125,1900,24,1004540024,853062,2100,120.04037218233174,63.13,Constructed,1006483,2017-08-22 18:43:40+00:00,Photogrammetric,409650,334 EAST 13 STREET,C7,6.0,34,1900,40.730904,-73.9842505,291.3241668820099,49.52510836994168,61312.0841619878,167.9783127725693,182.25239880138537,247.62554184970838,,,,,False,False,,False
,1004680027,473.8515625,1900,26,1004680027,865047,2100,107.11310309663351,67.97,Constructed,1077726,2017-08-22 18:25:57+00:00,Photogrammetric,710671,236 EAST 13 STREET,C7,6.0,84,1900,40.7317634,-73.9862889,793.5664578785999,134.90629783936197,167013.99672513013,457.5725937674798,496.455176048852,674.5314891968098,,,,,False,False,,False
,1004680027,473.8515625,1900,26,1004680027,865047,2100,107.11310309663351,67.97,Constructed,1077726,2017-08-22 18:25:57+00:00,Photogrammetric,710671,236 EAST 13 STREET,C7,6.0,84,1900,40.7317634,-73.9862889,793.5664578785999,134.90629783936197,167013.99672513013,457.5725937674798,496.455176048852,674.5314891968098,,,,,False,False,,False
,1004680027,473.8515625,1900,26,1004680027,865047,2100,107.11310309663351,67.97,Constructed,1077726,2017-08-22 18:25:57+00:00,Photogrammetric,710671,236 EAST 13 STREET,C7,6.0,84,1900,40.7317634,-73.9862889,793.5664578785999,134.90629783936197,167013.99672513013,457.5725937674798,496.455176048852,674.5314891968098,,,,,False,False,,False
,1004540004,622.87890625,1920,26,1004540004,903700,2100,141.18449050742311,67.81,Constructed,1006479,2017-08-22 18:42:43+00:00,Photogrammetric,41201,198 2 AVENUE,C7,6.0,33,1920,40.7311347,-73.9853943,357.3178286741557,60.74403087460647,75201.11022276281,206.03043896647347,223.53803361855182,303.72015437303236,,,,,False,False,,False
,1004640046,336.953125,1900,35,1004640046,17299,2100,104.49225196816481,63.95,Constructed,1006752,2017-08-22 17:34:15+00:00,Photogrammetric,727141,27 ST MARKS PLACE,C7,6.0,20,1900,40.7291451,-73.9883497,193.3022489704253,32.861382324972304,40682.39131831571,111.4586063515499,120.92988695589807,164.3069116248615,,,,,False,False,,False
,1004640051,339.3984375,1900,37,1004640051,460482,2100,99.920744060299185,67.24,Constructed,1006755,2017-08-22 18:15:58+00:00,Photogrammetric,328036,17 ST MARKS PLACE,C7,6.0,22,1900,40.7293208,-73.988761,194.69835292639215,33.09871999748667,40976.2153568885,112.26360371750273,121.80328959075094,165.49359998743333,,,,,False,False,,False
,1004650057,306.28515625,1900,34,1004650057,267245,2100,90.889612798392747,69.09,Constructed,1006801,2017-08-22 17:48:52+00:00,Photogrammetric,297443,233 EAST 9 STREET,C1,6.0,18,1900,40.729576,-73.9877074,175.71425846389215,29.871423938861668,36980.82283631074,101.3173228392075,109.92684009501093,149.35711969430832,,,,,False,False,,False
,1004650050,573.49609375,1900,33,1004650050,707498,2100,140.87340944644933,65.19,Constructed,1006798,2017-08-22 18:09:26+00:00,Photogrammetric,179395,151 2 AVENUE,C7,6.0,27,1900,40.7296336,-73.9873574,328.99354924748746,55.92890337207287,69239.98237462621,189.69858184829098,205.81836440922814,279.6445168603643,,,,,False,False,,False
,1004660021,419.90625,1910,34,1004660021,542226,2100,100.98147354395454,63.64,Constructed,1006814,2017-08-22 17:30:54+00:00,Photogrammetric,659435,224 EAST 11 STREET,C6,6.0,26,1910,40.7306409,-73.9875737,240.87989981317747,40.94958296824017,50695.583714681336,138.89201017720913,150.6944653231238,204.74791484120084,,,,,False,False,,False
,1004660018,420.4609375,1920,34,1004660018,312190,2100,103.89751656399201,67.48,Constructed,1006812,2017-08-22 18:02:33+00:00,Photogrammetric,14710,218 EAST 11 STREET,C1,6.0,24,1920,40.730726,-73.9877793,241.20248846397257,41.00442303887534,50763.47572212767,139.0780156770621,150.89627678306124,205.02211519437668,,,,,False,False,,False
,1004670047,282.2265625,1900,32,1004670047,761093,2100,102.43079716535972,72.44,Constructed,1006839,2017-08-22 17:58:11+00:00,Photogrammetric,696531,229 EAST 11 STREET,C7,6.0,24,1900,40.7309867,-73.987238,161.9047276204884,27.523803695483025,34074.468975007985,93.35470952056983,101.28759759937753,137.61901847741512,,,,,False,False,,False
,1004680045,280.89453125,1930,30,1004680045,389829,2100,102.74930227370677,63.43,Constructed,1006874,2017-08-22 17:34:33+00:00,Photogrammetric,143976,233 EAST 12 STREET,C5,6.0,22,1930,40.7314724,-73.9863936,161.13006964054486,27.392111838892625,33911.43445654907,92.90803960698375,100.80297156712486,136.96055919446312,,,,,False,False,,False
,1004610009,355.24609375,1930,40,1004610009,246815,2100,108.69387364557647,68.91,Constructed,1006611,2017-08-22 19:38:33+00:00,Photogrammetric,486284,202 EAST 6 STREET,C7,6.0,16,1930,40.7280007,-73.9904786,203.8060723343635,34.6470322968418,42893.02598349015,117.51513968079493,127.50107885237782,173.235161484209,,,,,False,False,,False
,1005560015,1289.09765625,1900,38,1005560015,469209,2100,151.47277271500411,73.46,Constructed,1078005,2017-08-22 18:33:34+00:00,Photogrammetric,144023,85 EAST 10 STREET,C4,6.0,107,1900,40.7311791,-73.989605,739.4856241160486,125.71255609972826,155632.1444514636,426.3894368533249,462.62220644700005,628.5627804986412,,,,,False,False,,False
,1005560052,653.7734375,1900,40,1005560052,905970,2100,112.65414463975743,68.54,Constructed,1008980,2017-08-22 17:53:14+00:00,Photogrammetric,831079,126 EAST 12 STREET,C6,6.0,24,1900,40.7320546,-73.9889842,375.02314370360386,63.753934429612656,78927.37082386047,216.23937212016568,234.61447870097456,318.76967214806325,,,,,False,False,,False
,1005580048,299.2421875,1900,42,1005580048,600913,2100,79.108824471663524,61.45,Constructed,1009028,2017-08-22 19:30:00+00:00,Photogrammetric,193439,111 EAST 12 STREET,C7,6.0,9,1900,40.7326749,-73.9892331,171.65578555886796,29.181483545007552,36126.676628719346,98.9771962430667,107.38785944562778,145.90741772503776,,,,,False,False,,False
,1004680027,458.26171875,1900,28,1004680027,797221,2100,110.08218480031471,67.46,Constructed,1077725,2017-08-22 17:57:37+00:00,Photogrammetric,302822,236 EAST 13 STREET,C7,6.0,84,1900,40.7317634,-73.9862889,793.5664578785999,134.90629783936197,167013.99672513013,457.5725937674798,496.455176048852,674.5314891968098,,,,,False,False,,False
,1004680027,458.26171875,1900,28,1004680027,797221,2100,110.08218480031471,67.46,Constructed,1077725,2017-08-22 17:57:37+00:00,Photogrammetric,302822,236 EAST 13 STREET,C7,6.0,84,1900,40.7317634,-73.9862889,793.5664578785999,134.90629783936197,167013.99672513013,457.5725937674798,496.455176048852,674.5314891968098,,,,,False,False,,False
,1004680027,458.26171875,1900,28,1004680027,797221,2100,110.08218480031471,67.46,Constructed,1077725,2017-08-22 17:57:37+00:00,Photogrammetric,302822,236 EAST 13 STREET,C7,6.0,84,1900,40.7317634,-73.9862889,793.5664578785999,134.90629783936197,167013.99672513013,457.5725937674798,496.455176048852,674.5314891968098,,,,,False,False,,False
,1004680027,451.28515625,1900,28,1004680027,307413,2100,108.45098043280836,68.76,Constructed,1083490,2017-08-22 17:35:42+00:00,Photogrammetric,837196,236 EAST 13 STREET,C7,6.0,84,1900,40.7317634,-73.9862889,793.5664578785999,134.90629783936197,167013.99672513013,457.5725937674798,496.455176048852,674.5314891968098,,,,,False,False,,False
,1004680027,451.28515625,1900,28,1004680027,307413,2100,108.45098043280836,68.76,Constructed,1083490,2017-08-22 17:35:42+00:00,Photogrammetric,837196,236 EAST 13 STREET,C7,6.0,84,1900,40.7317634,-73.9862889,793.5664578785999,134.90629783936197,167013.99672513013,457.5725937674798,496.455176048852,674.5314891968098,,,,,False,False,,False
,1004680027,451.28515625,1900,28,1004680027,307413,2100,108.45098043280836,68.76,Constructed,1083490,2017-08-22 17:35:42+00:00,Photogrammetric,837196,236 EAST 13 STREET,C7,6.0,84,1900,40.7317634,-73.9862889,793.5664578785999,134.90629783936197,167013.99672513013,457.5725937674798,496.455176048852,674.5314891968098,,,,,False,False,,False
,1004680024,338.09375,1900,32,1004680024,946774,2100,105.69240758848531,76.45,Constructed,1006863,2017-08-22 17:52:40+00:00,Photogrammetric,384749,228 EAST 13 STREET,C6,6.0,28,1900,40.7319226,-73.9866678,193.94534085159464,32.97070794477109,40817.73643562661,111.8294148921277,121.33220523675762,164.85353972385545,,,,,False,False,,False
,1004680023,353.8046875,1930,32,1004680023,697768,2100,107.92253505965978,76.33,Constructed,1006862,2017-08-22 17:29:13+00:00,Photogrammetric,148352,226 EAST 13 STREET,C4,6.0,28,1930,40.731961,-73.986758,202.95387043889613,34.50215797461234,42713.67157257008,117.0237577330687,126.9679413465734,172.5107898730617,,,,,False,False,,False
,1004680021,337.39453125,1920,33,1004680021,823695,2100,104.38902478246045,75.63,Constructed,1006861,2017-08-22 17:43:32+00:00,Photogrammetric,428091,224 EAST 13 STREET,C7,6.0,27,1920,40.7319967,-73.9868482,193.53783785506087,32.90143243536035,40731.973354976115,111.59444754787977,121.07727136212607,164.50716217680173,,,,,False,False,,False
,1004690046,385.3984375,1920,32,1004690046,924427,2100,105.66506748308029,78.78,Constructed,1006916,2017-08-22 18:07:48+00:00,Photogrammetric,481620,235 EAST 13 STREET,C4,6.0,23,1920,40.7322492,-73.9862492,221.0755938080798,37.582850947373565,46527.569472848474,127.4727930762972,138.30489148633472,187.9142547368678,,,,,False,False,,False
,1004690047,494.7578125,1920,32,1004690047,693834,2100,120.83674212194894,78.2,Constructed,1006917,2009-02-14 00:00:00+00:00,Photogrammetric,232321,231 EAST 13 STREET,C4,6.0,26,1920,40.7322959,-73.9863574,283.8009908490584,48.24616844433993,59728.756534092834,163.64042886052832,177.54589987517093,241.23084222169962,,,,,False,False,,False
,1004690014,264.84765625,1920,36,1004690014,703676,2100,86.765240731673032,52.86,Constructed,1006895,2017-08-22 19:05:57+00:00,Photogrammetric,474296,212 EAST 14 STREET,CB,6.0,10,1920,40.73279,-73.9867434,151.9200212235456,25.82640360800275,31973.087666707404,87.59750045673262,95.04116527745012,129.13201804001375,,,,,False,False,,False
,1005590043,265.17578125,1900,40,1005590043,591049,2100,89.934229907321424,65.33,Constructed,1009084,2017-08-22 18:11:47+00:00,Photogrammetric,466703,139 EAST 13 STREET,C4,6.0,20,1900,40.7330426,-73.9881433,152.1111533546417,25.858896070289088,32013.31333501789,87.70770776717231,95.16073753866385,129.29448035144543,,,,,False,False,,False
,1004400003,429.03515625,1905,22,1004400003,688399,2100,103.35160791484024,71.05,Constructed,1005978,2017-08-22 18:09:50+00:00,Photogrammetric,363935,202 1 AVENUE,C7,6.0,20,1905,40.7301298,-73.9830817,246.11586515176202,41.83969707579954,51797.54497983983,141.9110821365475,153.97008523894232,209.1984853789977,,,,,False,False,,False
,1004400007,350.125,1912,22,1004400007,536089,2100,83.835253903922691,62.91,Constructed,1005981,2017-08-22 18:29:43+00:00,Photogrammetric,109243,210 1 AVENUE,C7,6.0,20,1912,40.7303274,-73.982959,200.85483931649537,34.14532268380421,42271.909482549614,115.81345063712223,125.65478747639948,170.72661341902105,,,,,False,False,,False
,1004400024,521.4453125,1900,18,1004400024,1079689,2100,128.25940026733224,68.2,Constructed,1005989,2021-08-20 18:04:20+00:00,Photogrammetric,774610,432 EAST 13 STREET,C7,6.0,38,1900,40.7299101,-73.9819019,299.1323618275218,50.85250151067871,62955.39687022024,172.4805393704664,187.13720555929763,254.2625075533935,,,,,False,False,,False
,1004410035,592.109375,1900,16,1004410035,840391,2100,139.5754584476046,68.12,Constructed,1006022,2017-08-22 18:09:11+00:00,Photogrammetric,252482,211 AVENUE A,C7,6.0,35,1900,40.7299758,-73.9810432,339.68004554981826,57.7456077434691,71489.06238641475,195.86044489428699,212.5038364959663,288.7280387173455,,,,,False,False,,False
,1004410031,284.7734375,1900,16,1004410031,269948,2100,94.775375626812789,66.72,Constructed,1006020,2017-08-22 18:03:17+00:00,Photogrammetric,196819,221 AVENUE A,C7,6.0,22,1900,40.7302612,-73.9808338,163.36017127526898,27.77122911679573,34380.78164659312,94.1939223194332,102.19812314980828,138.85614558397864,,,,,False,False,,False
,1004550042,200.74609375,1910,23,1004550042,611611,2100,62.872461691113109,69.71991288,Constructed,1083488,2017-08-22 17:56:02+00:00,Photogrammetric,186395,219 1 AVENUE,C7,6.0,9,1910,40.7308545,-73.9832511,115.15899231898497,19.577028694227447,24236.36152345358,66.40099047521528,72.04346559475701,97.88514347113723,,,,,False,False,,False
,1004400008,482.44921875,1910,20,1004400008,535062,2100,94.350199799004457,65.42,Constructed,1005982,2017-08-22 19:31:11+00:00,Photogrammetric,278536,214 1 AVENUE,C7,6.0,25,1910,40.7304207,-73.9828832,276.76110713770237,47.0493882134094,58247.14260820084,159.58121262520777,173.1417486253466,235.246941067047,,,,,False,False,,False
,1004550050,496.99609375,1910,25,1004550050,912299,2100,109.37701194458455,67.51,Constructed,1006534,2017-08-22 19:26:36+00:00,Photogrammetric,280646,329 EAST 13 STREET,C1,6.0,24,1910,40.73128,-73.9839546,285.09750327309433,48.46657555642604,60001.62053885543,164.38800147631625,178.3569980476478,242.33287778213017,,,,,False,False,,False
,1004550021,465.6484375,1900,26,1004550021,607504,2100,115.8410302586008,64.41,Constructed,1006516,2017-08-22 17:42:17+00:00,Photogrammetric,621289,328 EAST 14 STREET,C7,6.0,33,1900,40.7316011,-73.983922,267.1167657534736,45.409850178090515,56217.39452047606,154.0202589602084,167.1082486553731,227.04925089045256,,,,,False,False,,False
,1004070031,319.54296875,1900,12,1004070031,246257,2100,101.44611990238423,61.95,Constructed,1005247,2017-08-22 19:19:04+00:00,Photogrammetric,122248,228 AVENUE B,C7,6.0,21,1900,40.7292864,-73.9784564,183.30987199129507,31.162678238520165,38579.39565928796,105.69697440900812,114.6786559177542,155.81339119260082,,,,,False,False,,False
,1004070029,512.7578125,1900,12,1004070029,701118,2100,116.97337523290234,61.52,Constructed,1005246,2017-08-22 19:28:18+00:00,Photogrammetric,406322,232 AVENUE B,C7,6.0,25,1900,40.7293715,-73.978395,294.1544853002304,50.006262501039174,61907.752976286494,169.6102821268123,184.02304600382416,250.03131250519584,,,,,False,False,,False
,1004070027,299.1171875,1920,13,1004070027,760582,2100,95.787483805802708,67.42,Constructed,1005244,2017-08-22 19:11:18+00:00,Photogrammetric,409652,538 EAST 14 STREET,C7,6.0,20,1920,40.7294072,-73.978727,171.598016445103,29.171662795667512,36114.51854103638,98.9438864137983,107.35171908805644,145.85831397833755,,,,,False,False,,False
,1004070054,406.6640625,1900,16,1004070054,138543,2100,110.80348338754645,59.35,Constructed,1005262,2017-08-22 19:40:51+00:00,Photogrammetric,361004,513 EAST 13 STREET,C7,6.0,27,1900,40.729627,-73.980033,233.28441570952953,39.658350670620024,49097.03813022759,134.51243323350025,145.9427304678817,198.2917533531001,,,,,False,False,,False
,1004070018,575.02734375,1900,14,1004070018,9694,2100,134.22690063269607,63.92,Constructed,1005239,2017-08-22 17:48:18+00:00,Photogrammetric,543494,520 EAST 14 STREET,C7,6.0,44,1900,40.7296901,-73.9793944,329.88315565246864,56.08013646091967,69427.20893861855,190.21153133868097,206.37490217618438,280.4006823045983,,,,,False,False,,False
,1004690040,446.7890625,1920,31,1004690040,906011,2100,111.5613081265428,71.57,Constructed,1006912,2017-08-22 18:25:16+00:00,Photogrammetric,677156,245 EAST 13 STREET,C7,6.0,24,1920,40.7320927,-73.9858775,256.2970573008565,43.57049974114561,53940.27867953826,147.7815854233925,160.33943904741585,217.85249870572804,,,,,False,False,,False
,1004690042,359.51953125,1920,31,1004690042,25298,2100,101.60890852935391,71.5,Constructed,1006913,2017-08-22 18:52:53+00:00,Photogrammetric,406573,243 EAST 13 STREET,C7,6.0,18,1920,40.7321394,-73.9859822,206.22714957140155,35.058615427138264,43402.56589879717,118.91113944875937,129.01570477186883,175.2930771356913,,,,,False,False,,False
,1004690043,277.7734375,1900,31,1004690043,839246,2100,101.94482245582513,79.87,Constructed,1006914,2017-08-22 18:26:23+00:00,Photogrammetric,124035,241 EAST 13 STREET,C1,6.0,23,1900,40.7321751,-73.9860688,159.34207786690882,27.088153237374502,33535.13370786963,91.87707865169762,99.68440391353818,135.4407661868725,,,,,False,False,,False
,1004690044,392.2265625,1920,32,1004690044,416313,2100,109.00394167630088,78.91,Constructed,1006915,2017-08-22 18:16:48+00:00,Photogrammetric,548036,239 EAST 13 STREET,C4,6.0,24,1920,40.7322107,-73.9861517,224.98999054371137,38.24829839243093,47351.39340982949,129.72984495843696,140.75373808414582,191.24149196215467,,,,,False,False,,False
,1004690027,523.51171875,1920,31,1004690027,693814,2100,114.90032362209064,66.99,Constructed,1006905,2017-08-22 17:54:34+00:00,Photogrammetric,766112,238 EAST 14 STREET,C7,6.0,21,1920,40.7323891,-73.9857909,300.29401990387476,51.04998338365871,63199.879428969485,173.1503545999164,187.86393885186408,255.24991691829354,,,,,False,False,,False
,1004690023,517.5859375,1920,32,1004690023,485827,2100,115.63588122491521,65.68,Constructed,1006903,2017-08-22 18:15:46+00:00,Photogrammetric,746582,230 EAST 14 STREET,C7,6.0,33,1920,40.7325127,-73.9860831,296.8986148064187,50.47276451709118,62485.28247215888,171.19255471824349,185.73977342289552,252.3638225854559,,,,,False,False,,False
,1004690021,517.3671875,1920,33,1004690021,956062,2100,114.44748387844456,65.21,Constructed,1006902,2017-08-22 17:39:22+00:00,Photogrammetric,547089,226 EAST 14 STREET,C7,6.0,36,1920,40.7325731,-73.9862274,296.7745669451516,50.45167638067577,62459.1753592766,171.12102838157975,185.66216908088683,252.25838190337885,,,,,False,False,,False
