{"type":"FeatureCollection","features":[{"type":"Feature","id":1,"geometry":{"type":"Polygon","coordinates":[[[-73.9709295212536,40.7264398804843],[-73.9709748176075,40.7261675770342],[-73.9710396645562,40.7257777386062],[-73.9710469604009,40.7257430690339],[-73.9710570624265,40.7257090935584],[-73.9710699766077,40.7256756735021],[-73.971085651984,40.7256429439277],[-73.9711020913695,40.7256143911047],[-73.9711040233929,40.725611036292],[-73.9711250173874,40.7255800802487],[-73.9711392043857,40.7255620673163],[-73.9713741997903,40.7244183107184],[-73.9714785028004,40.7239598233102],[-73.9718757585386,40.7222504584958],[-73.9718766253013,40.7222468035388],[-73.9722177782043,40.7208345799846],[-73.9725068858206,40.7196209871405],[-73.9725083997733,40.7196148298147],[-73.9725162438202,40.7195876389871],[-73.9727726305042,40.7187954059528],[-73.9729821648434,40.7181479354005],[-73.972984421052,40.7181411505858],[-73.9729876925511,40.718131903114],[-73.973723534959,40.7161215355989],[-73.9737311039679,40.7161022339849],[-73.974400968229,40.7145017112423],[-73.974403038813,40.7144968399403],[-73.9744099833998,40.7144815328038],[-73.9748290909537,40.7136000279668],[-73.9752932572918,40.7126237218013],[-73.9769049996252,40.7130450001606],[-73.9778096417517,40.7133122830669],[-73.9793346243701,40.7137628285372],[-73.9808729736409,40.714217295731],[-73.9823470000192,40.7146559996736],[-73.9844882719949,40.7144952427359],[-73.9866003121043,40.714336640717],[-73.986822034056,40.7143199888497],[-73.9892241050884,40.7141176886508],[-73.9912702982546,40.7139453196151],[-73.9929911135719,40.713800706235],[-73.993928686211,40.7137389331182],[-73.9939771957505,40.7139543783332],[-73.9941679785501,40.7143062248495],[-73.9945662760049,40.7150433725403],[-73.9948024331778,40.715285998973],[-73.9953589558525,40.7157751899161],[-73.995621567402,40.7160357016446],[-73.9958360793598,40.7161888341821],[-73.9965500583333,40.7163881173019],[-73.9985840499361,40.717084292517],[-73.9988494689894,40.7171973824463],[-74.0018506003726,40.719383941461],[-73.9987750313796,40.7230037748675],[-73.9942579998971,40.7284140002634],[-73.9914836572577,40.7316384033386],[-73.9914064422558,40.7318455316599],[-73.9907231907977,40.7348098294011],[-73.9907005310484,40.7348010602273],[-73.9901308089936,40.7345390703261],[-73.9898868899814,40.7344236094307],[-73.9709295212536,40.7264398804843]]]},"properties":{"NETWORK":"Cooper Square","BOROUGH":"Manhattan","LSRV_Status":"Not LSRV Eligible","CapacityMW":0,"SubscribedMW":0,"RemainingMW":0,"CapacityRange":"25-49.99","CapacityRangeDate":1771891200000,"LSRV_as_of_date":1665705600000,"Notes":"The Cooper Square network is experiencing a high volume of energy storage project applications, which may cause future substation or upstream infrastructure constraints. This may affect the network's ability to host BESS \u003e50kW. Please email dgexpert@cone","LoadCurve":"https://www.coned.com/-/media/files/coned/documents/business-partners/local-generation-facilities/systemdata/loadcurve/M-07-LC","SystemData":"https://www.coned.com/-/media/files/coned/documents/business-partners/local-generation-facilities/systemdata/forecasted-network-data","LSRV_Rate_URL":"https://lite.coned.com/_external/cerates/elec_VDER_CREDstatement_PSC10.asp","OBJECTID":1,"Shape__Area":42476755.490097046,"Shape__Length":26391.764219669716}},{"type":"Feature","id":3,"geometry":{"type":"Polygon","coordinates":[[[-73.9658330592314,40.7494598976456],[-73.9660654917392,40.7491800205558],[-73.9662196703989,40.7489943679596],[-73.9663148107183,40.7490340063929],[-73.9768553976242,40.7534782515077],[-73.9768618278839,40.7534809903368],[-73.9767207894016,40.7536725940416],[-73.9737622003568,40.7576916128048],[-73.9736208264944,40.7578836438664],[-73.9735824719126,40.7578697952144],[-73.9719708537461,40.7571473785115],[-73.9703216097248,40.7564547794424],[-73.9680751782014,40.7555073270914],[-73.9625175898866,40.7531691577055],[-73.9626827825893,40.7529877143869],[-73.9643669969446,40.7511608761484],[-73.9652705307123,40.7501372388],[-73.9658330592314,40.7494598976456]]]},"properties":{"NETWORK":"Beekman","BOROUGH":"Manhattan","LSRV_Status":"Not LSRV Eligible","CapacityMW":0,"SubscribedMW":0,"RemainingMW":0,"CapacityRange":"50-99.99","CapacityRangeDate":1771891200000,"LSRV_as_of_date":1665705600000,"Notes":" ","LoadCurve":"https://www.coned.com/-/media/files/coned/documents/business-partners/local-generation-facilities/systemdata/loadcurve/M-29-LC","SystemData":"https://www.coned.com/-/media/files/coned/documents/business-partners/local-generation-facilities/systemdata/forecasted-network-data","LSRV_Rate_URL":"https://lite.coned.com/_external/cerates/elec_VDER_CREDstatement_PSC10.asp","OBJECTID":3,"Shape__Area":6282188.6781311035,"Shape__Length":10567.947025430067}},{"type":"Feature","id":4,"geometry":{"type":"Polygon","coordinates":[[[-74.0127900748496,40.7169777994006],[-74.0127915861304,40.7169712579261],[-74.0133299558265,40.7147359562075],[-74.0134642599373,40.7143229844397],[-74.013624593283,40.7139129919055],[-74.0136851618973,40.7137924999973],[-74.013692329563,40.7137782404591],[-74.0137511507999,40.713667540875],[-74.0139858932609,40.7128765715148],[-74.0142300584863,40.7120520491943],[-74.0150106110734,40.7098530390734],[-74.0157849997201,40.707982000009],[-74.0173090001916,40.7045329999586],[-74.0177110000101,40.7031989998125],[-74.0177804107674,40.7026708145422],[-74.0178083240247,40.702458410967],[-74.0178974926135,40.702556961774],[-74.0179116746762,40.7025726365807],[-74.0179469972328,40.7026158331401],[-74.0179769141221,40.702661333142],[-74.0182701903475,40.7031643633583],[-74.0182716050284,40.703166805322],[-74.0182886258205,40.7031991418023],[-74.0183029170226,40.7032322342436],[-74.0183144217976,40.7032659502807],[-74.0183188540176,40.7032819777866],[-74.0183936620023,40.7035740531884],[-74.0183979019801,40.7035922293427],[-74.018400610227,40.7036083498731],[-74.0184075891019,40.7036079264171],[-74.0184533558932,40.703607367074],[-74.0184990771488,40.7036090166757],[-74.0185445682802,40.7036128707494],[-74.0185896470618,40.7036189122151],[-74.0186341324492,40.7036271176891],[-74.018677843395,40.7036374529822],[-74.018720604766,40.7036498785011],[-74.0187622461586,40.7036643420452],[-74.0188025971672,40.703680786911],[-74.0188414956655,40.7036991455881],[-74.0188787866252,40.7037193460625],[-74.0189143197473,40.7037413046128],[-74.0189479506475,40.7037649348153],[-74.0189795444045,40.703790140339],[-74.0190089743781,40.7038168203493],[-74.0190361210249,40.7038448668061],[-74.0190608766326,40.703874167165],[-74.019065847084,40.7038805797869],[-74.0192809494286,40.7041624689875],[-74.0192982418981,40.7041864926445],[-74.0193179244149,40.704217941518],[-74.0193349459829,40.7042502778391],[-74.0193492379297,40.704283370146],[-74.0193569595716,40.7043059969077],[-74.0193595300896,40.7043073895671],[-74.0193950636834,40.7043293479673],[-74.0194286950507,40.7043529780275],[-74.0194602892682,40.7043781834174],[-74.0194897196939,40.7044048633027],[-74.0195168667824,40.704432909644],[-74.0195416228197,40.7044622098973],[-74.0195638860059,40.7044926461142],[-74.0195835687384,40.7045240949409],[-74.0196005905134,40.7045564312215],[-74.0196148826578,40.7045895234941],[-74.0196247798522,40.7046179473608],[-74.0200435095874,40.7059652036521],[-74.0200451181315,40.7059704956786],[-74.0200537915302,40.7060046991999],[-74.0200595966651,40.7060392526189],[-74.0200625098233,40.7060740163607],[-74.0200625203082,40.7061088499477],[-74.0200596280735,40.7061436147012],[-74.0200538437222,40.7061781701391],[-74.0200510075189,40.7061907381727],[-74.0198342572936,40.7070886703565],[-74.0198284405005,40.7071103088481],[-74.0198169543463,40.7071440286768],[-74.0198026812191,40.7071771258298],[-74.0197856778767,40.7072094679212],[-74.0197660129107,40.7072409234633],[-74.0197437667484,40.7072713672698],[-74.0197190269185,40.7073006759543],[-74.0196918951521,40.7073287315308],[-74.0196624790989,40.7073554214151],[-74.0196308982445,40.7073806375238],[-74.0195972791771,40.7074042789764],[-74.0195617567703,40.7074262493934],[-74.0195244753683,40.7074464622995],[-74.0194855852333,40.70746483392],[-74.019445241365,40.7074812921862],[-74.019403605865,40.7074957695309],[-74.0193801089714,40.707502898336],[-74.019344429211,40.707513174671],[-74.0193304350525,40.7075218300363],[-74.0193275268629,40.7075235063765],[-74.019277459318,40.7075522122708],[-74.0192961201413,40.7075623200857],[-74.0193316554493,40.7075842784963],[-74.0193652884363,40.707607908565],[-74.0193968841726,40.7076331139616],[-74.0194263160098,40.7076597938519],[-74.0194534643973,40.7076878401962],[-74.0194782216155,40.7077171404507],[-74.0195004858599,40.7077475766669],[-74.0195201695235,40.7077790254912],[-74.0195371920989,40.7078113617675],[-74.0195514849097,40.707844454034],[-74.0195629911123,40.707878169926],[-74.0195716645118,40.7079123734751],[-74.0195774695629,40.7079469269097],[-74.0195803825531,40.7079816906552],[-74.0195803927864,40.7080165242336],[-74.0195775002174,40.7080512889662],[-74.0195717154507,40.7080858443714],[-74.0195685327691,40.7080998379583],[-74.0189553276406,40.7106027322375],[-74.0188112591398,40.7111828929813],[-74.0185627877001,40.7124478980914],[-74.0185616756094,40.7124533715756],[-74.0185530211814,40.7124875779739],[-74.0185415334553,40.7125212976515],[-74.0185272585434,40.712554394623],[-74.0185102532105,40.7125867365032],[-74.0184905860561,40.7126181918052],[-74.0184683375166,40.7126486353437],[-74.0184435951301,40.7126779437334],[-74.018416460638,40.7127059989894],[-74.018387041701,40.7127326885289],[-74.0183554578164,40.7127579042699],[-74.0183218355844,40.7127815453333],[-74.0182863098915,40.7128035153412],[-74.0182490250952,40.71282372782],[-74.0182101314712,40.7128420989966],[-74.0181697840332,40.7128585568041],[-74.0181281448974,40.7128730336772],[-74.0180853844674,40.7128854728555],[-74.0180416731484,40.7128958220814],[-74.0179971860835,40.7129040417041],[-74.0179521043348,40.7129100974749],[-74.0179066089675,40.7129139659518],[-74.017860882232,40.7129156299963],[-74.0178151087493,40.7129150850769],[-74.0177694731417,40.712912331165],[-74.017724158851,40.71290738084],[-74.0177065615175,40.7129048504116],[-74.0173991218381,40.7128576339874],[-74.0173892760132,40.7128865337665],[-74.017384804315,40.7128976908699],[-74.0173448915254,40.71299360579],[-74.0177559719923,40.7130529930291],[-74.017769017676,40.7130549730401],[-74.0178135092601,40.7130631788212],[-74.0178572262666,40.7130735144131],[-74.0178999935383,40.7130859402216],[-74.0179416406478,40.7131004040446],[-74.0179819971663,40.7131168491778],[-74.0180209009453,40.7131352081095],[-74.0180581969355,40.7131554088249],[-74.0180937348175,40.7131773676014],[-74.0181273701878,40.7132009980144],[-74.0181589681072,40.7132262037323],[-74.0181884019187,40.7132528839194],[-74.0182155520633,40.7132809305351],[-74.0182403108148,40.7133102310343],[-74.0182625763621,40.7133406674675],[-74.0182822610934,40.7133721164805],[-74.0182992844967,40.713404452916],[-74.0183135778922,40.7134375453118],[-74.018325084434,40.7134712613027],[-74.0183337579261,40.71350546492],[-74.0183395628226,40.7135400183916],[-74.0183424754117,40.7135747821428],[-74.0183424849989,40.7136096156956],[-74.0183395915415,40.7136443803716],[-74.0183361266922,40.7136670485784],[-74.0182313882128,40.7142469967715],[-74.0183063952424,40.7142595091684],[-74.0183440019574,40.7142665929013],[-74.0183877198355,40.7142769282902],[-74.0184304879783,40.7142893538996],[-74.0184721359549,40.7143038175284],[-74.0185124933328,40.714320262473],[-74.0185513979604,40.7143386212226],[-74.0185886947847,40.7143588217628],[-74.0186242334832,40.714380780372],[-74.0186578696489,40.7144044106263],[-74.0186894683393,40.7144296161945],[-74.0187189028946,40.7144562962418],[-74.0187460537526,40.7144843427279],[-74.0187708131843,40.7145136431083],[-74.0187930793758,40.7145440794341],[-74.0188127647129,40.7145755283513],[-74.0188297886809,40.7146078647032],[-74.0188440825978,40.7146409570278],[-74.0188555896158,40.7146746729604],[-74.0188642635367,40.7147088765322],[-74.0188700688131,40.7147434299716],[-74.0188729817314,40.7147781937038],[-74.018872991596,40.7148130272511],[-74.0188700983631,40.7148477919348],[-74.0188664977437,40.7148712103015],[-74.0187779255306,40.7153566917998],[-74.0187757403959,40.7153678287693],[-74.0187670856993,40.7154020351706],[-74.0187555975792,40.7154357548565],[-74.0187413221495,40.7154688518418],[-74.0187243161768,40.7155011937411],[-74.0187046482634,40.7155326490675],[-74.0186823988489,40.7155630926356],[-74.0186576554746,40.71559240106],[-74.0186305198861,40.7156204563556],[-74.0186010997485,40.7156471459395],[-74.0185695145638,40.7156723617295],[-74.0185358909375,40.7156960028463],[-74.0185003637618,40.7157179729117],[-74.0184630774,40.715738185452],[-74.0184241821343,40.7157565566938],[-74.018383832985,40.71577301457],[-74.0183421920749,40.7157874915149],[-74.018299429815,40.7157999307679],[-74.018255716618,40.7158102800712],[-74.0182112276342,40.7158184997734],[-74.0181661439337,40.7158245556257],[-74.0181206465893,40.7158284241857],[-74.0180749178597,40.7158300883145],[-74.0180291423738,40.7158295434804],[-74.018015976988,40.7158289764191],[-74.0179462999681,40.7158254897209],[-74.0176439936657,40.7174992276353],[-74.0174653895786,40.7174800686022],[-74.0129686361292,40.7169975942488],[-74.0127899317623,40.7169784171666],[-74.0127900748496,40.7169777994006]]]},"properties":{"NETWORK":"Battery Park City","BOROUGH":"Manhattan","LSRV_Status":"Not LSRV Eligible","CapacityMW":0,"SubscribedMW":0,"RemainingMW":0,"CapacityRange":"25-49.99","CapacityRangeDate":1771891200000,"LSRV_as_of_date":1665705600000,"Notes":" ","LoadCurve":"https://www.coned.com/-/media/files/coned/documents/business-partners/local-generation-facilities/systemdata/loadcurve/M-18-LC","SystemData":"https://www.coned.com/-/media/files/coned/documents/business-partners/local-generation-facilities/systemdata/forecasted-network-data","LSRV_Rate_URL":"https://lite.coned.com/_external/cerates/elec_VDER_CREDstatement_PSC10.asp","OBJECTID":4,"Shape__Area":5592375.93397522,"Shape__Length":13352.502537892564}},{"type":"Feature","id":5,"geometry":{"type":"Polygon","coordinates":[[[-73.9552003822692,40.7993986085804],[-73.9376239994571,40.8237680000607],[-73.9335199878617,40.8240924674775],[-73.9335179736432,40.824092650918],[-73.9335073738043,40.8240936155414],[-73.9334866421094,40.8238467460879],[-73.9333934070287,40.8227364966234],[-73.9333919985013,40.8227071612428],[-73.9333858339544,40.8222256649995],[-73.9333213765953,40.8210100475885],[-73.9332836162907,40.8204440627451],[-73.9332831434066,40.8204357121663],[-73.9332647695283,40.820041724342],[-73.9332509605433,40.820028362884],[-73.9332249886624,40.8199996562215],[-73.9332014645653,40.8199697560119],[-73.9331804853273,40.8199387829795],[-73.9331621337966,40.8199068605416],[-73.9331464833314,40.8198741184138],[-73.9331335989904,40.8198406881071],[-73.9331235316039,40.8198067047267],[-73.933116321333,40.8197723042714],[-73.9331119976676,40.8197376254355],[-73.9331107816184,40.819716282057],[-73.9330952163734,40.8192191880033],[-73.9330950707837,40.819213087053],[-73.9330758716642,40.8180617032842],[-73.9330758352654,40.8180590017721],[-73.9330666863897,40.8171615484986],[-73.9330666650107,40.8171568776077],[-73.9330667923094,40.8171469803178],[-73.9330801457446,40.8166072525866],[-73.9330813578187,40.816584151935],[-73.9330920430958,40.8164510385341],[-73.9330991603984,40.816006858888],[-73.9331005972125,40.8159783058532],[-73.9331025093538,40.8159603339373],[-73.9331017206834,40.815931312253],[-73.9330977968234,40.8157868684077],[-73.9330967064305,40.8157467191021],[-73.9330966961415,40.8157463426883],[-73.9330963920969,40.8157351628376],[-73.9330895307933,40.8154826152774],[-73.9330888918883,40.8154590804081],[-73.9330797527379,40.8151226636881],[-73.9331280391213,40.8145010900139],[-73.9331287192664,40.8144776864783],[-73.9331744819427,40.8136772697291],[-73.9331752910659,40.8136658581916],[-73.9331762360533,40.8136560631261],[-73.9332977244835,40.8125345797853],[-73.9332984167275,40.8125285900745],[-73.9333633482596,40.8120000642099],[-73.9333661038169,40.8119811751581],[-73.9333667058247,40.8119777013853],[-73.9334009737007,40.8117846796518],[-73.9334634173896,40.8114242688972],[-73.9335545950497,40.8109193483219],[-73.9335760657234,40.8106571068473],[-73.9336127393254,40.8100779960269],[-73.9336115239614,40.809621092456],[-73.9335812673945,40.809436275684],[-73.9334748133417,40.8091259566362],[-73.9334645772361,40.8090914760529],[-73.9334576954873,40.8090590118192],[-73.9334137346272,40.8088029819712],[-73.9330951088139,40.8082053843724],[-73.9328804049447,40.807825948917],[-73.9324936842096,40.8073441122063],[-73.9322765127678,40.8071293410997],[-73.9322672960769,40.8071200227289],[-73.9322651295956,40.8071177711101],[-73.9315018679612,40.8063203446238],[-73.9312585316917,40.8060661105644],[-73.9311637559432,40.8059670901013],[-73.9311483906011,40.8059503937832],[-73.9305522534255,40.8052763100149],[-73.9305149107489,40.8052291346913],[-73.9300357245754,40.8045486917355],[-73.9296898297631,40.8040838364142],[-73.9296871222063,40.8040801652293],[-73.9296696208133,40.8040546668285],[-73.9292717993225,40.8034360435096],[-73.9292683281861,40.8034305681462],[-73.9292499830829,40.8033986450003],[-73.9292343384236,40.8033659022537],[-73.9292214592428,40.8033324714205],[-73.9292113963504,40.8032984876075],[-73.9292043653542,40.8032651288008],[-73.9291454096257,40.8029171522989],[-73.9286677133168,40.8018901525321],[-73.9286504787237,40.801847708535],[-73.9286378181584,40.8018043443547],[-73.9285678645498,40.8015086454631],[-73.9285433945851,40.8014925059549],[-73.9285107509915,40.8014680506638],[-73.928480213656,40.8014420712241],[-73.9284519068931,40.8014146721725],[-73.9284259443443,40.8013859643425],[-73.9284024289809,40.8013560630637],[-73.9283814578425,40.8013250890649],[-73.9283631137449,40.8012931657671],[-73.9283474700167,40.8012604228892],[-73.9283345916886,40.8012269919457],[-73.9283245295673,40.8011930080439],[-73.9283173237927,40.8011586071849],[-73.928313282402,40.801127148424],[-73.9282761286621,40.8007157798378],[-73.9281928838771,40.7998559517038],[-73.928191396116,40.7997960846585],[-73.9282151747362,40.7992900492485],[-73.9282543624254,40.7983122938361],[-73.9282790951301,40.7976951534018],[-73.9282937328711,40.7973299143059],[-73.9283186050293,40.7967597592488],[-73.928322761063,40.7967164117579],[-73.9283314170619,40.7966734497771],[-73.9285623935256,40.7957697115962],[-73.9285724421834,40.7957360769352],[-73.9285853912754,40.7957026619912],[-73.9286011040261,40.7956699385407],[-73.9286195151206,40.7956380380152],[-73.9286379129926,40.7956107183231],[-73.9290132267627,40.7950898422503],[-73.9290148679044,40.7950875776021],[-73.9292297017283,40.794792722896],[-73.9293667726216,40.794566917349],[-73.9293707108817,40.7945605379159],[-73.9293855256011,40.7945382533039],[-73.9294304595248,40.7944743164771],[-73.929436679935,40.7944656529687],[-73.9294602566623,40.7944357806908],[-73.9294862777251,40.7944071048675],[-73.9295146399139,40.7943797406978],[-73.9295452293604,40.7943537988722],[-73.9295785914701,40.7943289438354],[-73.9295971984652,40.7943059618235],[-73.9296232194183,40.7942772859686],[-73.9296515814955,40.7942499217647],[-73.929682170829,40.7942239799022],[-73.9297148628943,40.7941995647615],[-73.9297495260651,40.7941767744151],[-73.9297827589222,40.7941574744272],[-73.9315554609204,40.793188405363],[-73.9319329071192,40.7929786726581],[-73.9319406996332,40.7929744034836],[-73.9319533466524,40.7929677229325],[-73.9322813865771,40.7927983653662],[-73.9330428082854,40.7923562483398],[-73.934413753073,40.7913948677408],[-73.9344216020663,40.7913894448884],[-73.9345043226727,40.7913331349797],[-73.9345141973235,40.7913076456111],[-73.9345299061228,40.7912749213299],[-73.9345483131608,40.7912430198354],[-73.9345693448472,40.7912120707567],[-73.9345929181192,40.7911821974138],[-73.9346189356995,40.7911535204172],[-73.9346472943926,40.7911261549707],[-73.9346778803441,40.7911002117697],[-73.9346897164079,40.7910910099553],[-73.9349563815599,40.7908884949227],[-73.9350351102562,40.7908373719632],[-73.9552003822692,40.7993986085804]]]},"properties":{"NETWORK":"Triboro","BOROUGH":"Manhattan","LSRV_Status":"Not LSRV Eligible","CapacityMW":0,"SubscribedMW":0,"RemainingMW":0,"CapacityRange":"0-24.99","CapacityRangeDate":1771891200000,"LSRV_as_of_date":1665705600000,"Notes":" ","LoadCurve":"https://www.coned.com/-/media/files/coned/documents/business-partners/local-generation-facilities/systemdata/loadcurve/m-44-lc","SystemData":"https://www.coned.com/-/media/files/coned/documents/business-partners/local-generation-facilities/systemdata/forecasted-network-data","LSRV_Rate_URL":"https://lite.coned.com/_external/cerates/elec_VDER_CREDstatement_PSC10.asp","OBJECTID":5,"Shape__Area":48242339.062911987,"Shape__Length":30973.192727833935}},{"type":"Feature","id":8,"geometry":{"type":"Polygon","coordinates":[[[-74.0088440003338,40.7072469996955],[-74.0088155927541,40.7072277219256],[-74.008781000186,40.7072199999835],[-74.0087399487136,40.7071925933418],[-74.0087128347365,40.7071744924166],[-74.0077219994491,40.7065129997196],[-74.0079290002795,40.7062980002233],[-74.007957660128,40.7063146739174],[-74.0079840005037,40.7063299996996],[-74.0080250004168,40.7062899997274],[-74.0086459995409,40.7060260004003],[-74.0086990002055,40.7060500004422],[-74.0087197989313,40.7060275761301],[-74.0087697754475,40.7059736947251],[-74.0087601803628,40.7059683599248],[-74.0087599590447,40.7059680807831],[-74.008756858225,40.7059641727989],[-74.008749817472,40.7059552987929],[-74.0087468314548,40.705951535782],[-74.0086878047211,40.7058771399868],[-74.0086280001932,40.7057989998918],[-74.008760000587,40.7058069999695],[-74.0090660004493,40.7058620002281],[-74.0091659995302,40.7058460001211],[-74.009170087111,40.705848840009],[-74.0091926350844,40.7058645080121],[-74.0093754629747,40.7059909809192],[-74.0097340000332,40.7062389997602],[-74.0097352438053,40.7065312687751],[-74.0097369998239,40.7069440000551],[-74.0097299719685,40.7069440177592],[-74.0093489995661,40.7069810000268],[-74.0090249995442,40.7070590002788],[-74.0088440003338,40.7072469996955]]]},"properties":{"NETWORK":"Fulton SN3","BOROUGH":"Manhattan","LSRV_Status":"Not LSRV Eligible","CapacityMW":0,"SubscribedMW":0,"RemainingMW":0,"CapacityRange":"50-99.99","CapacityRangeDate":1771891200000,"LSRV_as_of_date":1665705600000,"Notes":" ","LoadCurve":"https://www.conedison.com/en/404","SystemData":"https://www.coned.com/-/media/files/coned/documents/business-partners/local-generation-facilities/systemdata/forecasted-network-data","LSRV_Rate_URL":"https://lite.coned.com/_external/cerates/elec_VDER_CREDstatement_PSC10.asp","OBJECTID":8,"Shape__Area":176010.68057250977,"Shape__Length":1778.7957071655335}},{"type":"Feature","id":9,"geometry":{"type":"Polygon","coordinates":[[[-74.0034952362399,40.6667839568024],[-74.0036691321969,40.6668269005913],[-74.0036886210375,40.6668324012195],[-74.0037226056573,40.6668431874046],[-74.0039898249105,40.6669341593676],[-74.0040156860498,40.6669434355823],[-74.0040560112076,40.6669598856923],[-74.0040948842317,40.6669782494361],[-74.004132150195,40.6669984547797],[-74.0041676588997,40.667020417982],[-74.0042012660602,40.6670440526003],[-74.0042328368509,40.667069262286],[-74.0042622447233,40.6670959461878],[-74.0042893702239,40.6671239962497],[-74.0043141057244,40.6671532999131],[-74.0043298444388,40.6671748369605],[-74.0051704688679,40.6674107905266],[-74.0051729724291,40.6674096899836],[-74.0052139614835,40.6673942190704],[-74.005256155786,40.6673807589393],[-74.0052993862266,40.667369363628],[-74.0053434789647,40.6673600790697],[-74.0053882566115,40.6673529430932],[-74.0054335382298,40.6673479836224],[-74.0054791416993,40.6673452204767],[-74.0055248837167,40.6673446662718],[-74.0055705797951,40.6673463210163],[-74.005616045447,40.6673501802169],[-74.0056610985493,40.6673562267729],[-74.0057055581607,40.6673644372804],[-74.0057081540984,40.6673649873667],[-74.0058610531542,40.6673976359832],[-74.0059134700239,40.6674104917659],[-74.0059644455459,40.6674263562231],[-74.0066747348873,40.6658530122334],[-74.0072893372725,40.6659979634035],[-74.0064438687695,40.6675998813783],[-74.0064811357917,40.6676200859594],[-74.0065166456008,40.667642048435],[-74.0065502539068,40.6676656823653],[-74.0065818258795,40.6676908914046],[-74.0066112349657,40.6677175747039],[-74.0066383617069,40.6677456242099],[-74.00666309847,40.667774927366],[-74.0066853435338,40.6678053662121],[-74.0067050093677,40.6678368173839],[-74.0067220155364,40.6678691557159],[-74.0067362934299,40.6679022497379],[-74.006747786264,40.6679359670784],[-74.0067564478979,40.667970171763],[-74.0067622428339,40.6680047260156],[-74.0067651474004,40.668039490258],[-74.0067651490109,40.6680553627497],[-74.0067849973094,40.6680541602923],[-74.00682750525,40.6680535715406],[-74.0068738604532,40.6680539704092],[-74.0074605438583,40.6668608754741],[-74.0080045289637,40.667022829107],[-74.0074920911486,40.6680244912305],[-74.0075981624622,40.6680196854225],[-74.0076438590545,40.6680213393433],[-74.0076893252865,40.6680251977242],[-74.0077343790327,40.6680312434678],[-74.0077788393492,40.6680394531734],[-74.0078225252906,40.6680497926343],[-74.0078652618238,40.6680622222409],[-74.007868502419,40.6680633485645],[-74.0082681620274,40.668068289572],[-74.0085069586883,40.6680636074843],[-74.008747727991,40.6680590346139],[-74.0087568352002,40.6680561288568],[-74.0088000654804,40.6680447322309],[-74.0088441581777,40.6680354463315],[-74.0088889359033,40.668028308993],[-74.0089342177198,40.6680233481448],[-74.008979821506,40.6680205836115],[-74.0090223270405,40.6680199940491],[-74.0090868146404,40.6680205472918],[-74.009150410153,40.6680184017235],[-74.0091860563245,40.6680178702791],[-74.0093315305954,40.6680184430025],[-74.0098685514326,40.6669137056264],[-74.0098698259227,40.6669111039265],[-74.0108669104195,40.664891275405],[-74.0108724195462,40.6648804641879],[-74.0108907551857,40.6648485499614],[-74.0109117115891,40.6648175864282],[-74.0109352059925,40.6647876969657],[-74.0109611414409,40.6647590022505],[-74.010989415066,40.6647316175571],[-74.0110199133563,40.664705653658],[-74.0110525121564,40.6646812150234],[-74.0110870802151,40.6646583998202],[-74.0111234803678,40.6646373008133],[-74.0111615636233,40.6646180008628],[-74.0112011774427,40.6646005801279],[-74.0112421633727,40.6645851070617],[-74.0112843546817,40.6645716447153],[-74.0113275822717,40.664560247135],[-74.0113716723138,40.664550960263],[-74.0114144548152,40.6645440922905],[-74.0128770293883,40.6643443285123],[-74.0129069433581,40.6643407663191],[-74.0145488601573,40.6641723286954],[-74.0145778469296,40.6641692821806],[-74.0145941791919,40.6641675898404],[-74.0145996095249,40.6641672199395],[-74.0152514223918,40.6641155015534],[-74.0152916012152,40.6641131800907],[-74.0153175941987,40.6641125912964],[-74.0157276909555,40.6641089365858],[-74.0157962822459,40.6641108137675],[-74.0158643283674,40.6641176492259],[-74.0166952558269,40.664231988129],[-74.0167145752143,40.6642348543678],[-74.0167590341054,40.6642430606065],[-74.0168027189522,40.6642533966619],[-74.0168454547262,40.6642658229378],[-74.0168517595916,40.664267858982],[-74.0170012860647,40.664316802547],[-74.0170365976526,40.6643292307496],[-74.0170538781157,40.6643359721547],[-74.0172592494128,40.6644187592961],[-74.0173180816663,40.6644452670534],[-74.017373350724,40.6644758987826],[-74.0176184317821,40.6646257632309],[-74.017662569057,40.6646550745674],[-74.0177034348413,40.6646870185991],[-74.0179820755165,40.6649233041385],[-74.0180118794714,40.6649503167611],[-74.0180384089428,40.6649776991011],[-74.0182697365753,40.6652326482395],[-74.0182947779878,40.6652622811457],[-74.0183030520607,40.6652730761172],[-74.0184104968006,40.6654170019691],[-74.0184470950318,40.6654732990742],[-74.0184750066839,40.6655324107751],[-74.0185868312223,40.6658199365513],[-74.0186001786543,40.6658598470669],[-74.0186095586199,40.6659004074948],[-74.0187890739105,40.6668934772741],[-74.0187901625194,40.6668997672002],[-74.0191215518959,40.6689041438071],[-74.0191226443114,40.6689111118164],[-74.0194111635641,40.6708564150098],[-74.0196935573929,40.6711986619638],[-74.019701566067,40.671208601383],[-74.0197238182262,40.6712390376951],[-74.0197434912207,40.6712704866249],[-74.0197605045865,40.6713028230158],[-74.0197747896844,40.6713359154057],[-74.0197862897016,40.6713696314294],[-74.0197949584679,40.6714038351181],[-74.0198008173649,40.671438852455],[-74.0198120695432,40.6715299844841],[-74.0198148660665,40.671563820871],[-74.0198148764166,40.6715986546081],[-74.0198119855492,40.6716334195052],[-74.0198062040626,40.6716679750797],[-74.0197975555651,40.6717021817472],[-74.0197860754932,40.6717359017222],[-74.0197718099281,40.671768999018],[-74.0197548155977,40.6718013412481],[-74.0197351610569,40.6718327969243],[-74.0197129266908,40.6718632408597],[-74.0196881999814,40.6718925496675],[-74.019661082606,40.6719206053609],[-74.0196316821572,40.6719472953556],[-74.0196001180571,40.6719725115677],[-74.0195665168268,40.6719961531161],[-74.0195310132684,40.672018123621],[-74.0194937516493,40.6720383366067],[-74.0194871376042,40.6720414625158],[-74.0195000316993,40.6720659705591],[-74.0195143168315,40.6720990629783],[-74.0195258168485,40.672132779025],[-74.0195344855805,40.6721669827301],[-74.0195402875011,40.6722015363214],[-74.0195431989107,40.6722363002234],[-74.0195432091191,40.6722711339578],[-74.019540318081,40.6723058988453],[-74.0195345363953,40.6723404544033],[-74.0195258876713,40.6723746610477],[-74.0195144073462,40.6724083809928],[-74.0195001415026,40.6724414782522],[-74.019483146869,40.6724738204396],[-74.0194634920019,40.6725052760668],[-74.0194412572876,40.6725357199473],[-74.0194165302096,40.6725650286943],[-74.0193894124465,40.6725930843214],[-74.0193595492585,40.6726201669471],[-74.0182070410241,40.6735976087358],[-74.0183675992437,40.6737353449321],[-74.0186106917327,40.6739404639382],[-74.0186126295433,40.6739421061644],[-74.0186420461991,40.673968786368],[-74.0186691805424,40.6739968330159],[-74.0186939249098,40.6740261335629],[-74.0187161775492,40.6740565700596],[-74.018722848768,40.6740666709534],[-74.0187641485918,40.6741308430409],[-74.0187986198002,40.6741844045583],[-74.0188116196128,40.6742057500459],[-74.0188286332756,40.6742380865633],[-74.0188429185399,40.6742711790572],[-74.018854418592,40.6743048951622],[-74.018863087262,40.674339098909],[-74.0188675533013,40.6743639361856],[-74.0188761066923,40.6744212129492],[-74.0188797570247,40.6744557813257],[-74.0188803605902,40.6744904582638],[-74.0188864614359,40.6744909750586],[-74.0189315205646,40.6744970164123],[-74.0189759865694,40.6745052217841],[-74.0190196784815,40.674515556985],[-74.0190624212444,40.6745279824222],[-74.0191040445282,40.6745424458952],[-74.0191443780016,40.674558890701],[-74.0191832596088,40.6745772493295],[-74.0192205343888,40.6745974497667],[-74.0192560521076,40.6746194082914],[-74.0192896684438,40.6746430384801],[-74.0192929063838,40.6746454792336],[-74.0194136581029,40.674737078228],[-74.0194420003337,40.6747598429662],[-74.019471417682,40.6747865229551],[-74.0194985527068,40.6748145694047],[-74.019523297742,40.6748438697705],[-74.0195455510326,40.6748743061037],[-74.0195652250154,40.6749057550503],[-74.0195822392222,40.6749380914535],[-74.0195965250103,40.674971183851],[-74.0196080255641,40.6750048998778],[-74.0196166947116,40.6750391035649],[-74.0196224969247,40.6750736571401],[-74.0196254085025,40.675108421028],[-74.0196254187542,40.6751432547504],[-74.0196225276345,40.6751780196279],[-74.0196167457424,40.6752125751782],[-74.0196080966882,40.6752467818169],[-74.0195966159102,40.6752805017586],[-74.019582349493,40.6753135990167],[-74.0195653541674,40.6753459412051],[-74.0195456984927,40.6753773968355],[-74.0195234628584,40.6754078407214],[-74.0194987347516,40.6754371494758],[-74.0194716158552,40.6754652051127],[-74.0194477738135,40.6754871060693],[-74.019223299127,40.6756827527715],[-74.0192284788523,40.6757002245987],[-74.0192370946186,40.6757342500184],[-74.0192428966956,40.6757688036098],[-74.0192458081059,40.6758035675045],[-74.0192458181594,40.6758384012239],[-74.0192429268117,40.675873166089],[-74.0192371446626,40.6759077216173],[-74.0192284953235,40.6759419282245],[-74.019217014234,40.6759756481255],[-74.0192054637198,40.6760024448776],[-74.0192804918067,40.6760109241838],[-74.0193537688825,40.6760258361141],[-74.0196260234753,40.6760124020331],[-74.0196381895148,40.6760118803598],[-74.0196839373582,40.6760113205255],[-74.0197296397254,40.6760129696441],[-74.0197751121044,40.6760168232448],[-74.0198201723446,40.6760228642493],[-74.019864639476,40.6760310692762],[-74.0199083325255,40.6760414041377],[-74.0199510764318,40.6760538292424],[-74.0199896536449,40.6760671501673],[-74.0200775757421,40.6760999154022],[-74.0200806229609,40.6761010576239],[-74.0201209576177,40.6761175020843],[-74.0201598404024,40.6761358603792],[-74.0201971163493,40.6761560604963],[-74.0202326352198,40.6761780187154],[-74.0202662526876,40.6762016486142],[-74.0202978338854,40.6762268538631],[-74.0203272522231,40.6762535336285],[-74.0203543882047,40.6762815798713],[-74.0203791341602,40.6763108800478],[-74.0203915230511,40.6763272591199],[-74.0204552400262,40.6764149561624],[-74.0204651053325,40.676429013247],[-74.0204847802075,40.6764604620304],[-74.0205017952567,40.6764927982915],[-74.0205160818342,40.6765258905687],[-74.020527583121,40.6765596064972],[-74.0205362529421,40.6765938101086],[-74.0205400975429,40.6766146167199],[-74.0205667930604,40.676782293229],[-74.0205717685735,40.6767881844083],[-74.0205940229915,40.6768186205317],[-74.0206136980423,40.6768500692915],[-74.0206307132534,40.6768824055321],[-74.0206449999783,40.6769154977916],[-74.0206565013975,40.6769492137057],[-74.0206651713354,40.6769834173057],[-74.0206689484476,40.6770038006819],[-74.0206746855265,40.6770396023212],[-74.020676711342,40.6770537724591],[-74.0206796235558,40.677088536312],[-74.0206796343585,40.677123370026],[-74.0206767437025,40.6771581349217],[-74.020670962185,40.6771926905166],[-74.0206623134146,40.6772268972263],[-74.0206508328289,40.6772606172651],[-74.0206365665113,40.6772937146461],[-74.0206195711923,40.6773260569824],[-74.0205999154312,40.6773575127854],[-74.0205776796179,40.6773879568677],[-74.0205529512403,40.6774172658417],[-74.0205258319822,40.6774453217202],[-74.0204964294439,40.6774720119182],[-74.0204648630559,40.6774972283507],[-74.0204312593486,40.6775208701358],[-74.0203957531339,40.6775428408929],[-74.0203584886902,40.6775630541453],[-74.0203196162113,40.6775814261168],[-74.0202792906266,40.6775978847372],[-74.0202376739643,40.6776123624381],[-74.0201949365362,40.6776248024556],[-74.0201512486558,40.6776351525289],[-74.0201067853723,40.6776433730035],[-74.0200617276511,40.6776494296276],[-74.020042283762,40.6776510845608],[-74.0200541608286,40.677695562519],[-74.0200608963693,40.6777406591255],[-74.0200636077308,40.6777692842168],[-74.0200651070554,40.6777912258986],[-74.0200651175372,40.6778260596096],[-74.0200622265304,40.6778608244868],[-74.0200564446336,40.6778953800479],[-74.0200477954569,40.6779295867086],[-74.0200363144395,40.6779633066832],[-74.0200220476666,40.6779964039851],[-74.0200050518705,40.6780287462279],[-74.0199853956125,40.6780602019232],[-74.0199631592844,40.6780906458841],[-74.0199384303761,40.6781199547235],[-74.0199113105737,40.6781480104549],[-74.0198819074797,40.6781747004935],[-74.0198503405268,40.6781999167552],[-74.0198167362475,40.6782235583589],[-74.0197812294562,40.6782455289245],[-74.0197439644336,40.6782657419761],[-74.0197050913759,40.6782841137384],[-74.0196647652146,40.6783005721421],[-74.0196231479804,40.6783150496194],[-74.0195804099874,40.6783274894076],[-74.0195367215513,40.6783378392466],[-74.0194922577236,40.6783460594831],[-74.0194842621356,40.6783472990453],[-74.0194805600314,40.6783478561904],[-74.0194179449683,40.6783741582038],[-74.0193520530961,40.6783953160937],[-74.0193708168497,40.6783969059464],[-74.0194158786613,40.6784029471076],[-74.01946034733,40.6784111522883],[-74.0195040418762,40.6784214873003],[-74.0195166128534,40.6784248972187],[-74.0197674713648,40.6784949324434],[-74.0197976458097,40.6785039477105],[-74.0198392717346,40.6785184109106],[-74.0198796077939,40.6785348554508],[-74.0199184919216,40.6785532138219],[-74.0199557691465,40.6785734140112],[-74.019991289225,40.6785953722984],[-74.0200249078259,40.6786190022608],[-74.0200564900772,40.6786442075686],[-74.0200859093847,40.6786708873878],[-74.0201130462485,40.6786989336793],[-74.0201377929949,40.6787282338991],[-74.0201600478622,40.6787586700991],[-74.0201797232807,40.6787901189258],[-74.0201967387764,40.6788224552228],[-74.0202090156859,40.6788504329583],[-74.0202257644177,40.6788923120516],[-74.0202277744359,40.6788974266215],[-74.0202392759859,40.6789311425692],[-74.0202479459675,40.6789653461924],[-74.0202537488493,40.6789998997193],[-74.0202566609276,40.6790346635747],[-74.0202566715097,40.6790694972804],[-74.0202537805488,40.6791042621573],[-74.0202479986434,40.6791388177228],[-74.0202393494037,40.6791730243926],[-74.020227868269,40.6792067443812],[-74.0202180400217,40.6792302756556],[-74.0199656306081,40.6797906415308],[-74.0199611918382,40.6798002075668],[-74.0199441955529,40.6798325497934],[-74.0199245387345,40.6798640054714],[-74.0199023017772,40.6798944494139],[-74.0198775721733,40.6799237582338],[-74.0198504516117,40.6799518139447],[-74.0198210476981,40.6799785039618],[-74.0197894798683,40.6800037202013],[-74.0197558746585,40.680027361782],[-74.0197380298171,40.6800387590554],[-74.0196601004507,40.6800869238116],[-74.0196535282216,40.6801021688445],[-74.0196365317102,40.6801345110245],[-74.0196168746577,40.6801659666488],[-74.0195946374592,40.6801964105307],[-74.019569907608,40.6802257192834],[-74.0195427867943,40.6802537749206],[-74.0195133826244,40.6802804648582],[-74.0194818145353,40.6803056810124],[-74.0194482090643,40.6803293225024],[-74.0194216005887,40.6803460513527],[-74.0182429860706,40.6810516055532],[-74.0182340863256,40.6810568470575],[-74.018196819263,40.6810770596011],[-74.0181579441403,40.6810954308344],[-74.0181176158972,40.6811118886901],[-74.0180759965726,40.6811263656029],[-74.0180332564893,40.6811388048121],[-74.0179895659713,40.6811491540602],[-74.0179451000785,40.681157373696],[-74.0179000397865,40.6811634294709],[-74.0178545660745,40.6811672979429],[-74.0178088611063,40.6811689619734],[-74.0177631094149,40.6811684170311],[-74.0177174955346,40.6811656630875],[-74.0177110687454,40.6811649607753],[-74.0176446866333,40.6811965961408],[-74.0160425941102,40.6821800825032],[-74.0160389938019,40.6822015890875],[-74.0160303420059,40.6822357954281],[-74.0160188582156,40.682269514984],[-74.0160045885275,40.6823026117704],[-74.0159875896855,40.6823349534026],[-74.0159679302632,40.6823664083949],[-74.0159456906651,40.6823968515634],[-74.0159209583942,40.682426159524],[-74.0158938351505,40.6824542142936],[-74.0158644285498,40.6824809032914],[-74.0158328580393,40.6825061184377],[-74.0157992501658,40.6825297588555],[-74.0157710656693,40.6825474263096],[-74.0132251639953,40.6840625821646],[-74.0132178377534,40.6840668838617],[-74.0131805674882,40.6840870947731],[-74.0131416892288,40.6841054643048],[-74.0131013579274,40.6841219203964],[-74.0130597356352,40.6841363954893],[-74.0130169926869,40.6841488328306],[-74.0129732994184,40.6841591801702],[-74.0129288309001,40.6841673978644],[-74.0128837681188,40.6841734516726],[-74.0128449672579,40.6841767221758],[-74.0128391775193,40.6842112494318],[-74.0128305238212,40.6842454555234],[-74.0128190380668,40.6842791747516],[-74.0128047663605,40.6843122711329],[-74.0127877654543,40.6843446122844],[-74.0127681039301,40.6843760667222],[-74.0127458622009,40.6844065092647],[-74.0127211277784,40.6844358165302],[-74.0126940023709,40.6844638705386],[-74.0126645936034,40.684490558712],[-74.0126330209316,40.6845157729741],[-74.0125994109108,40.6845394124515],[-74.012575799823,40.6845543338507],[-74.0090253536406,40.6867024729747],[-74.0088304447364,40.6868203914687],[-74.0088185424921,40.6868274389019],[-74.0087812693505,40.6868476483814],[-74.0087423882697,40.6868660164204],[-74.0087020542129,40.6868824709644],[-74.0086604292427,40.6868969444611],[-74.0086176837043,40.6869093801641],[-74.0085739879443,40.6869197258295],[-74.008529517043,40.6869279418208],[-74.0084844519967,40.6869339939042],[-74.0084389738035,40.6869378586523],[-74.0083932646452,40.6869395189416],[-74.0083475090717,40.6869389702559],[-74.0083018916331,40.6869362125818],[-74.0082565956982,40.6869312585135],[-74.0082118034535,40.6869241278497],[-74.0081676959033,40.686914848494],[-74.008124450504,40.6869034582562],[-74.0081135086545,40.6868999704382],[-74.0080950838598,40.6869015359286],[-74.0080831369508,40.6869019699158],[-74.008110397456,40.686910111343],[-74.008152026093,40.6869245787561],[-74.0081923643547,40.6869410273762],[-74.0082312501663,40.6869593896779],[-74.0082685285499,40.6869795936326],[-74.0083040492572,40.6870015555048],[-74.0083376679543,40.6870251888574],[-74.008369249769,40.6870503973468],[-74.0083986681088,40.6870770801264],[-74.0084258034777,40.687105129145],[-74.0084505482081,40.6871344318479],[-74.0084728005462,40.6871648702767],[-74.0084924729329,40.6871963210691],[-74.0085094849059,40.6872286590608],[-74.0085237678318,40.6872617527831],[-74.0085352649066,40.6872954698657],[-74.0085439299721,40.6873296743352],[-74.0085497275168,40.6873642284165],[-74.0085526338584,40.687398992532],[-74.0085526383277,40.6874338262026],[-74.0085497409021,40.6874685907492],[-74.0085439522062,40.6875031456906],[-74.0085352958775,40.6875373514451],[-74.008523807384,40.6875710702308],[-74.0085092785646,40.6876046964872],[-74.008389365861,40.687853961173],[-74.0086841974801,40.6879571831841],[-74.0117778408307,40.6888996512446],[-74.0120720398571,40.688525515001],[-74.0120754637795,40.6885270698287],[-74.0124837093282,40.688006016098],[-74.0125314366758,40.6879316951206],[-74.0125490940625,40.6879059484113],[-74.012572595867,40.6878760586979],[-74.0125985395911,40.6878473636939],[-74.0126268223337,40.6878199786746],[-74.0126573305466,40.687794014414],[-74.012689940034,40.6877695753836],[-74.0127245195018,40.6877467597522],[-74.0127609317401,40.6877256602861],[-74.0127796200666,40.6877158606231],[-74.0131084764086,40.687549163757],[-74.0144571589902,40.6868216977732],[-74.0144937907732,40.6868031885068],[-74.0145334169018,40.6867857666711],[-74.0145744156948,40.6867702924592],[-74.0146166203682,40.6867568289267],[-74.0146598617708,40.6867454301248],[-74.0147039660177,40.6867361420006],[-74.0147487556738,40.6867290023976],[-74.0147940497535,40.6867240392541],[-74.0148396660863,40.6867212724042],[-74.0148854213172,40.6867207144787],[-74.0149265503423,40.6867221004439],[-74.0158665172238,40.6867742737975],[-74.0167465874831,40.6863739175077],[-74.0198527997996,40.6849662552133],[-74.0204652957232,40.6846840843972],[-74.0204716673589,40.6846811836085],[-74.0215262706917,40.684206548099],[-74.0214996613038,40.6841722696028],[-74.0214904221696,40.6841600108296],[-74.0214694446606,40.6841290532705],[-74.0214510882488,40.684097144276],[-74.0214354263147,40.6840644135076],[-74.0214225239586,40.6840309924294],[-74.0214124320862,40.6839970161099],[-74.0214051909569,40.68396262052],[-74.0214008301841,40.6839279443339],[-74.0213993675525,40.6838931280287],[-74.0214008078341,40.6838583111835],[-74.0214025118646,40.6838417864325],[-74.0214167243508,40.6837263063586],[-74.0214193588152,40.6837081533043],[-74.0214265778171,40.6836737550216],[-74.0214366477994,40.6836397749463],[-74.0214495285825,40.6836063490626],[-74.0214651693399,40.6835736124563],[-74.0214835050496,40.6835416966135],[-74.0215044624089,40.6835107312206],[-74.0215279586502,40.6834808396622],[-74.0215538968106,40.6834521426237],[-74.0215775040345,40.6834290382094],[-74.0224900225721,40.6825834706153],[-74.0224946924311,40.682579187757],[-74.022525194404,40.6825532208637],[-74.0225577977121,40.6825287790213],[-74.0225923710859,40.68250596041],[-74.0226287773401,40.682484857808],[-74.022666867458,40.6824655540903],[-74.0227064888736,40.6824481294309],[-74.022747483103,40.6824326522989],[-74.0227896833809,40.6824191857617],[-74.0228329205735,40.6824077838825],[-74.022877020813,40.6823984926209],[-74.0229218066806,40.6823913498329],[-74.0229670972055,40.6823863834697],[-74.0230127102318,40.6823836133786],[-74.0230584624179,40.682383052203],[-74.0231041692354,40.6823846999799],[-74.0231496461543,40.6823885522439],[-74.0231947110054,40.6823945919221],[-74.0232391828009,40.6824027956384],[-74.0232828805482,40.6824131292103],[-74.0233256291674,40.6824255530518],[-74.0233672583052,40.6824400149685],[-74.0234075976066,40.682456458264],[-74.0234464849921,40.682474815434],[-74.023483765478,40.6824950144706],[-74.0234979148189,40.682503420584],[-74.0236406692685,40.6825904341491],[-74.0236620433135,40.6826039851966],[-74.0236956652359,40.6826276140749],[-74.0237272507732,40.6826528183627],[-74.0237566733177,40.6826794972302],[-74.0237838133566,40.6827075426421],[-74.0238085632034,40.682736842058],[-74.0238308210839,40.6827672775331],[-74.0238504994163,40.6827987257166],[-74.0238675177148,40.682831061455],[-74.0238818073204,40.6828641532885],[-74.023893311402,40.6828978688545],[-74.0239019837736,40.6829320721857],[-74.0239077888939,40.6829666255115],[-74.0239107030503,40.6830013892575],[-74.0239107155417,40.683036222946],[-74.0239078263139,40.6830709878976],[-74.0239020459581,40.6831055436299],[-74.0238933980783,40.6831397505578],[-74.0238819181084,40.6831734708946],[-74.0238676521295,40.6832065686523],[-74.0238506568707,40.6832389114424],[-74.0238310008909,40.6832703677745],[-74.0238087645811,40.6833008124593],[-74.0237840354309,40.6833301221065],[-74.0237569151276,40.6833581787264],[-74.0237519107095,40.683362970495],[-74.0236392870286,40.683469584851],[-74.0239588979619,40.6834441107328],[-74.0240078759565,40.6834414854302],[-74.0240569755235,40.6834414049344],[-74.0245461517883,40.6834532802527],[-74.0246128228249,40.6834572606907],[-74.024678721971,40.6834659248298],[-74.0250816347119,40.6835336824402],[-74.0251180453682,40.6835405670326],[-74.0251435253732,40.6835463103496],[-74.0255334002084,40.6836401715295],[-74.0255856804111,40.683654464583],[-74.0256363589322,40.6836717809956],[-74.0260042893963,40.6838108836947],[-74.0260439108494,40.6838270542705],[-74.02608279976,40.6838454105465],[-74.0261200818106,40.6838656087255],[-74.0261556067378,40.6838875650954],[-74.026189230191,40.6839111932413],[-74.0261936698678,40.6839145466458],[-74.0264878558338,40.6841386938033],[-74.0265150034324,40.6841605439282],[-74.0265448466786,40.6841876281131],[-74.0267705916687,40.6844068599957],[-74.02679689583,40.6844340935227],[-74.0268180260102,40.6844588410298],[-74.0270149110124,40.6847035925131],[-74.027047585776,40.6847488662847],[-74.027074527706,40.6847962765146],[-74.0271992466278,40.6850475958706],[-74.0272193617091,40.6850943746172],[-74.0272338925785,40.6851423361562],[-74.0273077240653,40.6854480476547],[-74.0273152031933,40.6854867139488],[-74.0273190507674,40.6855256863786],[-74.0273312740614,40.6857617577071],[-74.0273314626227,40.6857657901637],[-74.0273314769016,40.6858006238398],[-74.0273285893374,40.6858353888655],[-74.0273228105147,40.6858699447577],[-74.0273214727353,40.685876098287],[-74.0272946952986,40.6859950481208],[-74.0272768413659,40.6860543773095],[-74.0272504704315,40.6861118372446],[-74.0272118612941,40.6861830166956],[-74.0271943417886,40.686212777418],[-74.0271745316874,40.6862416930962],[-74.0270020391874,40.6864762077017],[-74.0269716838395,40.6865138409911],[-74.0269374534033,40.6865494949496],[-74.0262642615366,40.687194517517],[-74.0262592924675,40.6871992256366],[-74.02429869344,40.6890358370271],[-74.0222628791411,40.6909650442418],[-74.0222260157955,40.6910168326851],[-74.0221817287229,40.6910651339589],[-74.0210108193668,40.6922073639049],[-74.0209751679405,40.6922395205306],[-74.0209363853678,40.692269503876],[-74.0208372654567,40.6923404760019],[-74.0205559569001,40.6929880936935],[-74.0205554437995,40.6929931033395],[-74.0205543712763,40.6930025355052],[-74.0205485883215,40.6930370910263],[-74.0205399374331,40.6930712976597],[-74.0205284540572,40.6931050176202],[-74.020525847368,40.6931116260501],[-74.0204901084558,40.6932002122884],[-74.0204654000147,40.6932520304061],[-74.0204339862593,40.693301701085],[-74.0203700434355,40.6933910325104],[-74.0203556012963,40.6934102745272],[-74.0203308668786,40.6934395833954],[-74.0203037410102,40.6934676391659],[-74.0202743313173,40.6934943292541],[-74.0202427572597,40.6935195455756],[-74.0202091453984,40.693543187249],[-74.0201736305781,40.6935651578939],[-74.0201524412305,40.6935769808402],[-74.0200388142358,40.6936379870274],[-74.0200227300886,40.6936463772054],[-74.0199838481403,40.6936647490268],[-74.0199435127453,40.6936812074968],[-74.0199018859711,40.6936956850473],[-74.0198591381711,40.6937081249153],[-74.0198435235431,40.6937120898663],[-74.0196738169329,40.6937535525102],[-74.0196457330562,40.6937599374429],[-74.0196012589572,40.6937681577057],[-74.019556190293,40.6937742141198],[-74.0195107080761,40.6937780832401],[-74.0194955479809,40.6937788809625],[-74.0193608057076,40.6937848858198],[-74.0193172913122,40.6937858224623],[-74.0192737822534,40.6937847608491],[-74.0187752865728,40.6937611093443],[-74.0177792673987,40.6938239396503],[-74.0168559776001,40.6938900699953],[-74.0168210387214,40.6938927856522],[-74.0168104548401,40.6938936138698],[-74.0167647411219,40.6938952774829],[-74.0167189807063,40.6938947321263],[-74.0166733581626,40.6938919777732],[-74.0166280568803,40.6938870270045],[-74.0165832590676,40.6938798996054],[-74.0165629097501,40.6938757322607],[-74.0165390890011,40.6938707819651],[-74.0158350089566,40.6937243360291],[-74.0158318209552,40.6937263085913],[-74.015794546083,40.6937465203249],[-74.0157556629112,40.6937648907176],[-74.0157153264119,40.6937813477054],[-74.0156736986573,40.6937958237264],[-74.0156309500042,40.6938082620237],[-74.0155872508113,40.6938186103433],[-74.0155427761728,40.6938268290377],[-74.0154977071003,40.6938328838623],[-74.015452224608,40.6938367513788],[-74.0154065108949,40.6938384144524],[-74.0153607505294,40.6938378685558],[-74.0153151280808,40.6938351136643],[-74.015269826938,40.6938301623608],[-74.0152250293087,40.693823034433],[-74.0152156385776,40.6938212499579],[-74.0150812280874,40.6937949915845],[-74.0150748499394,40.693794909573],[-74.0150292275319,40.6937921545682],[-74.0149839264396,40.6937872031522],[-74.0149391288697,40.6937800751131],[-74.0148950158479,40.693770798344],[-74.0148517648527,40.6937594106442],[-74.0148095498144,40.6937459579185],[-74.0147685399324,40.6937304941771],[-74.0147289020415,40.6937130824359],[-74.0146907946951,40.693693791115],[-74.0146827864701,40.6936893895291],[-74.014513512091,40.6935949886139],[-74.0144850962369,40.6935782993849],[-74.0144505044573,40.6935554919387],[-74.0144178822154,40.6935310606102],[-74.0143873608569,40.6935051035408],[-74.0143590646297,40.6934777251759],[-74.0143331071343,40.6934490362662],[-74.0143095913236,40.6934191520662],[-74.0143059556883,40.6934137872616],[-74.0140229189461,40.6933568781617],[-74.0139930845483,40.6933503539748],[-74.0139498339798,40.6933389659354],[-74.0139076193896,40.6933255128782],[-74.0138666099755,40.6933100488146],[-74.01382697257,40.6932926367619],[-74.013788865725,40.6932733451412],[-74.0137524420782,40.6932522540817],[-74.0137178507184,40.6932294464143],[-74.0136852289045,40.6932050148772],[-74.0136547079805,40.6931790576124],[-74.0136495652794,40.6931743404346],[-74.0132538105897,40.6928072123998],[-74.0129293670792,40.6928734235191],[-74.0128682916169,40.6929245542948],[-74.0128406517181,40.6929464452537],[-74.0128070375211,40.6929700847669],[-74.0127715205671,40.6929920531291],[-74.0127342451776,40.6930122638734],[-74.0126953615909,40.6930306332337],[-74.0126550247805,40.6930470891505],[-74.012618968852,40.6930597669314],[-74.0124553439359,40.6931131878863],[-74.0124497718949,40.693114985013],[-74.0124070230769,40.6931274221138],[-74.0123633238299,40.69313776921],[-74.0123188492482,40.6931459866593],[-74.0122737803432,40.693152040222],[-74.0122282981283,40.6931559064646],[-74.0121825848017,40.6931575682578],[-74.0121368249299,40.6931570210792],[-74.0121188748542,40.6931562008028],[-74.0119655595267,40.6931477376178],[-74.0119378877608,40.6931458016876],[-74.0118925873372,40.6931408490543],[-74.0118477905321,40.6931337198114],[-74.0118036783682,40.6931244418565],[-74.0117604283202,40.6931130529941],[-74.0117182143148,40.6930995991334],[-74.0117043736061,40.6930946540239],[-74.0116113255544,40.6930604889807],[-74.0115621491762,40.693040616908],[-74.0115151338499,40.6930179160863],[-74.0113997742759,40.6929573401535],[-74.0113910552756,40.692952688066],[-74.0113546325625,40.6929315962467],[-74.0113200421893,40.6929087878577],[-74.0112874214109,40.69288435564],[-74.0112569015672,40.6928583977382],[-74.0112286068999,40.6928310186014],[-74.0112026510032,40.6928023289833],[-74.0111791368237,40.6927724441412],[-74.0111581613928,40.6927414847359],[-74.0111398075447,40.692709574131],[-74.0111348168347,40.6926998202562],[-74.0110895817323,40.692608859293],[-74.0110702616487,40.6925643622976],[-74.0110560002782,40.6925187724905],[-74.0110322900242,40.6924254680982],[-74.0110250166346,40.6923909260119],[-74.0110206607091,40.692356249469],[-74.0110192033129,40.6923214330688],[-74.0110206491969,40.6922866163903],[-74.0110231004104,40.6922643752816],[-74.0110301194345,40.692213189441],[-74.0110320126687,40.6922007531727],[-74.0110392379489,40.6921663555783],[-74.0110493145076,40.6921323764482],[-74.0110622021385,40.6920989517629],[-74.011077849988,40.6920662166034],[-74.0110936370663,40.6920384351513],[-74.0111465853471,40.6919518907167],[-74.0111797802875,40.6919039657858],[-74.0112190211391,40.6918587643082],[-74.0112310627143,40.6918462793188],[-74.011239709705,40.6918317414898],[-74.0112606744273,40.6918007779948],[-74.0112841781822,40.6917708885591],[-74.0113101239762,40.6917421938596],[-74.0113384089001,40.6917148091703],[-74.0113689193968,40.6916888452639],[-74.0114015312614,40.6916644066106],[-74.01143611319,40.6916415913775],[-74.011472527963,40.6916204923293],[-74.0115106265294,40.6916011923267],[-74.0115502562888,40.6915837715287],[-74.0115912587244,40.6915682983889],[-74.0116334670372,40.6915548359587],[-74.0116767120614,40.6915434382845],[-74.0117072990844,40.6915367560696],[-74.0117188489592,40.6915344414753],[-74.0117164281239,40.6915328451118],[-74.0116838078735,40.6915084130022],[-74.0116532885053,40.6914824552011],[-74.0116249942592,40.691455076157],[-74.0115990387276,40.6914263866234],[-74.0115755248556,40.6913965018571],[-74.0115545496735,40.6913655425186],[-74.0115361960144,40.6913336319714],[-74.0115205372477,40.6913008998832],[-74.0115076384612,40.6912674777236],[-74.0114975505459,40.6912335005654],[-74.0114903137454,40.6911991043828],[-74.0114859576557,40.6911644278524],[-74.0114845000427,40.6911296114528],[-74.0114848225428,40.6911131203208],[-74.0114882890891,40.6910249363101],[-74.0114644506755,40.6909985860668],[-74.0114409370147,40.6909687012713],[-74.0114199620296,40.6909377419067],[-74.0114016085528,40.6909058313364],[-74.0113859499526,40.6908730992281],[-74.0113730513163,40.6908396770516],[-74.0113629635343,40.6908056998798],[-74.0113597634324,40.6907921600774],[-74.0113450940182,40.6907252957088],[-74.0113410574441,40.6907044393175],[-74.0113367014644,40.6906697627793],[-74.01133524394,40.6906349463757],[-74.0113366896224,40.6906001296859],[-74.0113410337985,40.6905654522898],[-74.0113482587422,40.690531054669],[-74.0113583348962,40.6904970755048],[-74.0113712220562,40.690463650778],[-74.0113868693701,40.6904309155698],[-74.0114052117895,40.6903990013604],[-74.0114261759844,40.6903680378296],[-74.0114496791601,40.6903381483548],[-74.0114756243254,40.6903094536127],[-74.0115039085735,40.6902820688778],[-74.0115179634424,40.6902701059524],[-74.0115199481451,40.6902196049631],[-74.0115205790341,40.6902078045725],[-74.0115846901989,40.6892597168708],[-74.0115851823869,40.6892531917005],[-74.0115895263461,40.6892185142891],[-74.0115967510155,40.6891841166469],[-74.0116068268394,40.6891501374552],[-74.0116197136145,40.689116712695],[-74.0113177692032,40.689025925105],[-74.0082668952614,40.6881085425424],[-74.0082156747592,40.688215014837],[-74.0081116377848,40.6884312751572],[-74.0080951421186,40.688462554758],[-74.0080754771665,40.6884940083779],[-74.0080532319214,40.6885244499977],[-74.0080284939089,40.6885537562395],[-74.0080013648519,40.6885818091273],[-74.00797195239,40.6886084960878],[-74.0079403759939,40.6886337090493],[-74.0079067622338,40.688657347144],[-74.0078712459626,40.6886793140057],[-74.0078339714988,40.6886995231737],[-74.0077950890771,40.6887178908884],[-74.0077547536664,40.6887343450966],[-74.0077131273345,40.6887488182473],[-74.0076703804323,40.6887612535955],[-74.0076266833118,40.6887715988989],[-74.0075822110586,40.6887798145222],[-74.0075371446748,40.6887858662332],[-74.0074968597464,40.6887892890159],[-74.0074984340961,40.6888081222536],[-74.0074984380147,40.6888429559181],[-74.0074955399783,40.688877720432],[-74.0074897506137,40.6889122753144],[-74.0074810935613,40.6889464809835],[-74.0074696042919,40.6889801996581],[-74.0074551858119,40.6890135934358],[-74.007057599505,40.6898423187393],[-74.0070408806333,40.689874062862],[-74.0070212147677,40.6899055162962],[-74.0069989685703,40.6899359577069],[-74.0069742295707,40.6899652637168],[-74.0069470994959,40.6899933163511],[-74.0069176859894,40.6900200030374],[-74.0068861085262,40.6900452157052],[-74.0068524936808,40.6900688534877],[-74.0068169763104,40.6900908200203],[-74.006779700738,40.6901110288433],[-74.0067408172029,40.6901293961985],[-74.0067004806781,40.6901458500342],[-74.0066588532361,40.690160322801],[-74.0066161052325,40.6901727577554],[-74.0065724070233,40.6901831026565],[-74.0065279336988,40.690191317871],[-74.0064828662652,40.690197369168],[-74.00645019325,40.690200144586],[-74.0064521239071,40.6902116503372],[-74.0064550292793,40.6902464144933],[-74.0064550326529,40.6902812481516],[-74.0064521340099,40.690316012633],[-74.0064463439797,40.6903505674566],[-74.0064376862053,40.6903847730411],[-74.0064261961605,40.6904184916054],[-74.0064126438457,40.6904500652605],[-74.0060247137665,40.6912690364494],[-74.00602398987,40.6912705583547],[-74.0060069839007,40.6913028984763],[-74.0059873171259,40.6913343517281],[-74.0059650699798,40.6913647929335],[-74.0059403299956,40.6913940987159],[-74.0059131989044,40.6914221511014],[-74.0058837843538,40.6914488375187],[-74.0058522058229,40.6914740498983],[-74.0058185898907,40.6914976873746],[-74.0057830714186,40.6915196535841],[-74.005745794734,40.6915398620685],[-74.0057069100808,40.6915582290711],[-74.0056665724365,40.6915746825415],[-74.0056249438781,40.6915891549317],[-74.0055821947655,40.6916015894997],[-74.0055384954595,40.6916119340065],[-74.0054999410383,40.691619055314],[-74.0055084772954,40.6916527548118],[-74.0055142736429,40.6916873090273],[-74.0055171785903,40.6917220732006],[-74.005517181474,40.6917569068524],[-74.0055142822779,40.6917916713038],[-74.0055084916336,40.6918262260738],[-74.0054998331864,40.6918604315814],[-74.005488342413,40.6918941500458],[-74.0054753062675,40.691924630337],[-74.0051066732,40.6927080117822],[-74.0051054323414,40.6927106269273],[-74.0050884255593,40.6927429669073],[-74.0050687579264,40.6927744199965],[-74.0050465098804,40.6928048610187],[-74.0050217689581,40.6928341665984],[-74.0049946368945,40.6928622187623],[-74.0049652213409,40.6928889049399],[-74.0049336417807,40.6929141170629],[-74.0049000247967,40.6929377542666],[-74.0048645052548,40.6929597201886],[-74.0048272274867,40.6929799283718],[-74.0047883417406,40.6929982950607],[-74.0047480029985,40.6930147482061],[-74.0047063733416,40.6930292202614],[-74.004673553819,40.6930387661376],[-74.0046865179041,40.6930688058253],[-74.0046980140396,40.6931025232667],[-74.0047066778913,40.6931367280003],[-74.0047124739523,40.6931712822497],[-74.0047153785464,40.6932060464367],[-74.0047153810112,40.6932408800821],[-74.0047124813325,40.6932756445068],[-74.0047066901437,40.69331019923],[-74.0046980310925,40.6933444046709],[-74.0046865396579,40.6933781230489],[-74.0046722619671,40.6934112183838],[-74.0046552547961,40.6934435582969],[-74.0046425473846,40.6934644561155],[-74.0041039651022,40.694303572774],[-74.004097004297,40.6943141279341],[-74.0040747552936,40.6943445687625],[-74.0040500133728,40.6943738741276],[-74.0040228802738,40.6944019260569],[-74.0039934636519,40.694428611981],[-74.0039618829949,40.6944538238324],[-74.0039282648902,40.6944774607477],[-74.0038927442078,40.6944994263654],[-74.0038554652844,40.69451963423],[-74.0038165783726,40.6945380005869],[-74.0037762384591,40.6945544533885],[-74.0037346076298,40.6945689250895],[-74.0036918562542,40.6945813589508],[-74.00368385018,40.6945832538866],[-74.0036846713523,40.6945848153496],[-74.0036989534592,40.6946179096401],[-74.0037104493626,40.6946516271736],[-74.0037191129089,40.6946858319748],[-74.0037249085927,40.6947203862672],[-74.0037278127393,40.6947551504724],[-74.0037278146883,40.6947899841109],[-74.0037249144273,40.6948247485039],[-74.0037191225921,40.6948593031706],[-74.003710462833,40.6948935085305],[-74.0036989706319,40.6949272268033],[-74.0036846921193,40.6949603220092],[-74.0036676840741,40.69499266177],[-74.0036578307,40.6950090613231],[-74.0030675970532,40.6959502179995],[-74.0030577811888,40.6959652712317],[-74.0030355311599,40.6959957118529],[-74.0030107881696,40.6960250169884],[-74.0029836539613,40.6960530686668],[-74.0029542361951,40.6960797543197],[-74.0029226543629,40.6961049658806],[-74.0028890350572,40.6961286024873],[-74.0028535131528,40.6961505677798],[-74.0028162329911,40.6961707753035],[-74.00277734483,40.6961891413054],[-74.002737003661,40.6962055937393],[-74.0026953715753,40.6962200650613],[-74.002652618947,40.6962324985339],[-74.0026089161512,40.6962428419222],[-74.0025644382962,40.6962510555986],[-74.0025193664069,40.6962571053388],[-74.0024738815084,40.696260967725],[-74.0024281658099,40.6962626256429],[-74.0023824038873,40.6962620745861],[-74.0023367803166,40.6962593145506],[-74.002291478491,40.6962543581401],[-74.0022466806208,40.6962472251628],[-74.0022025677332,40.6962379435315],[-74.0021593173058,40.6962265510655],[-74.0021167838128,40.6962129829312],[-74.0006108895531,40.6956882198133],[-74.0002324121725,40.6963037972981],[-74.0002419436964,40.6963190366544],[-74.0002589539953,40.6963513758285],[-74.0002732347802,40.6963844705368],[-74.0002847292556,40.6964181884048],[-74.0002933912739,40.6964523934562],[-74.0002991853358,40.6964869479133],[-74.0003020877731,40.6965217121972],[-74.0003020879323,40.6965565458279],[-74.0002991858082,40.6965913101267],[-74.000293392044,40.6966258646133],[-74.0002847302979,40.6966600697077],[-74.0002732360598,40.6966937876308],[-74.0002597363468,40.6967252416684],[-74.0001637365216,40.6969279940665],[-74.0001437683706,40.6969656967558],[-74.0001199478132,40.6970020810951],[-74.0013202911663,40.6974189028228],[-74.0013411884889,40.6974264695878],[-74.0013815314243,40.6974429205736],[-74.0014204214852,40.6974612851524],[-74.0014577036766,40.6974814912866],[-74.0014932277356,40.6975034552321],[-74.0015268493139,40.6975270905431],[-74.0015584335281,40.6975523008683],[-74.001587853776,40.6975789853537],[-74.0016149905537,40.6976070359412],[-74.0016397361884,40.6976363400697],[-74.0016619889222,40.6976667797752],[-74.0016816611946,40.6976982316902],[-74.0016986725437,40.6977305706458],[-74.0017129543388,40.6977636651695],[-74.00172444978,40.6977973828879],[-74.0017331127163,40.697831587825],[-74.0017389076442,40.6978661422035],[-74.0017418108923,40.6979009064448],[-74.0017418118037,40.6979357400695],[-74.0017389103703,40.6979705043985],[-74.0017331172325,40.6980050589514],[-74.0017244560458,40.6980392641482],[-74.0017129622981,40.6980729822091],[-74.0016986821258,40.6981060771554],[-74.0016816723148,40.6981384166097],[-74.0016702432315,40.6981573104287],[-74.0011250381249,40.6990154216563],[-74.0011167961677,40.6990279802823],[-74.0010945442304,40.6990584205164],[-74.0010697992503,40.6990877252231],[-74.0010426629788,40.699115776433],[-74.0010132430841,40.6991424615793],[-74.0009816590673,40.6991676725977],[-74.0009480375289,40.6991913086282],[-74.0009125133531,40.699213273313],[-74.0008752308905,40.6992334802001],[-74.0008363404083,40.699251845539],[-74.000795996907,40.6992682972861],[-74.0007543624873,40.6992827679003],[-74.0007258568199,40.6992910573004],[-74.0007316369211,40.6993044523848],[-74.0007431321318,40.6993381701945],[-74.0007517947648,40.6993723751987],[-74.000757589318,40.6994069296198],[-74.0007604921215,40.6994416938791],[-74.0007604925202,40.6994765274969],[-74.000757590508,40.6995112917943],[-74.0007517967277,40.699545846291],[-74.0007431348374,40.6995800514072],[-74.0007316403277,40.6996137693635],[-74.0007173593383,40.6996468641815],[-74.0007003486581,40.6996792034844],[-74.0006915185055,40.6996939611336],[-74.0001460031194,40.700571134101],[-74.0001351612433,40.7005878287101],[-74.0001129083372,40.7006182687482],[-74.0000881623466,40.7006475732381],[-74.0000610250272,40.7006756242109],[-74.0000316040512,40.700702309101],[-74.0000000189241,40.700727519845],[-73.9999663962511,40.700751155584],[-73.9999308709208,40.7007731199614],[-73.9998935872883,40.7007933265264],[-73.9998546956256,40.70081169153],[-73.9998143509382,40.7008281429297],[-73.9997727153313,40.700842613186],[-73.9997299591936,40.7008550455655],[-73.9996862529141,40.7008653878378],[-73.9996417716151,40.7008736003799],[-73.9995966963353,40.700879648972],[-73.9995512081138,40.7008835102008],[-73.9995054891728,40.7008851669569],[-73.9994597241013,40.7008846147382],[-73.9994140974882,40.7008818535457],[-73.9993687927387,40.7008768959878],[-73.9993239920751,40.700869761877],[-73.9992798765357,40.7008604791311],[-73.9992366236089,40.7008490855734],[-73.9991960542848,40.7008361980685],[-73.9978639416001,40.7003762516865],[-73.9978514787376,40.7004119900832],[-73.9978357312538,40.7004469701855],[-73.9977103481317,40.7006978018329],[-73.9977028163939,40.7007118244587],[-73.9978541982643,40.7007652043359],[-73.997910102855,40.7007872174829],[-73.9979630942499,40.7008130703351],[-73.9979862286625,40.7008173418708],[-73.9980299345638,40.7008276850085],[-73.998072690283,40.7008401182024],[-73.9981143254398,40.7008545892211],[-73.9981546696534,40.7008710413308],[-73.9981935608252,40.7008894069919],[-73.9982209546428,40.7009039867098],[-73.9985501722359,40.7010879893653],[-73.9985600616039,40.7010936167896],[-73.9985955866329,40.7011155816193],[-73.9986292090056,40.7011392177658],[-73.9986607938353,40.7011644288745],[-73.9986902145173,40.7011911140883],[-73.9987173515462,40.7012191653459],[-73.9987420972479,40.7012484700839],[-73.9987643498643,40.7012789103356],[-73.9987840218356,40.7013103627312],[-73.9988010327008,40.7013427021001],[-73.9988153138312,40.7013757969681],[-73.9988268084298,40.7014095149602],[-73.9988354703487,40.7014437200995],[-73.9988412640887,40.7014782746079],[-73.998844165983,40.7015130389063],[-73.9988441653805,40.7015478725148],[-73.9988412622788,40.7015826367546],[-73.9988354673252,40.7016171911457],[-73.9988268041826,40.7016513961086],[-73.9988153083466,40.7016851138645],[-73.9988010259621,40.7017182084359],[-73.9987840138238,40.701750547447],[-73.9987643405591,40.7017819994226],[-73.9987420866284,40.701812439191],[-73.998717339592,40.7018417433816],[-73.9986916353362,40.7018684018516],[-73.9975828647549,40.7029485066344],[-73.9968066880764,40.7037004196561],[-73.9967771449457,40.703727218966],[-73.9967455571547,40.7037524288071],[-73.9967119318021,40.7037760635862],[-73.9966764037875,40.7037980269505],[-73.9966391174769,40.7038182324535],[-73.996600223153,40.7038365963501],[-73.9965598758317,40.7038530466027],[-73.9965182376292,40.7038675156759],[-73.9964754789446,40.7038799468417],[-73.996431770177,40.7038902878742],[-73.9963872864588,40.7038984991553],[-73.9963422088384,40.7039045464705],[-73.9963247079372,40.7039062956079],[-73.9962525756172,40.7039128192928],[-73.9962245860393,40.7039149300789],[-73.9961788649368,40.703916585513],[-73.9961330978118,40.7039160319718],[-73.9960874692617,40.7039132694617],[-73.9960421626995,40.7039083105963],[-73.9959973603547,40.7039011751935],[-73.9959532432725,40.7038918911761],[-73.9959099889474,40.7038804963728],[-73.9958814226214,40.7038713884789],[-73.9958609693989,40.7038925272605],[-73.9958315453221,40.7039192110658],[-73.9957999570824,40.7039444206468],[-73.9957663312978,40.7039680551491],[-73.9957308028694,40.7039900182209],[-73.9957023946861,40.7040054123142],[-73.9956832148322,40.7040410043257],[-73.9956606023124,40.7040754084295],[-73.9955166380778,40.7042767528466],[-73.9955019071236,40.7042963816277],[-73.9954771577408,40.7043256851123],[-73.9954500169839,40.7043537349846],[-73.9954205925389,40.7043804186833],[-73.995409080815,40.7043896052459],[-73.995386120646,40.7044167907782],[-73.9953589798137,40.7044448406287],[-73.9953295552921,40.7044715243038],[-73.9952979666009,40.7044967337452],[-73.9952887695399,40.7045035007151],[-73.9948474674258,40.7048224907961],[-73.9948230380171,40.7048393580857],[-73.9947875088135,40.704861320864],[-73.9947502213357,40.7048815257523],[-73.994711325871,40.7048998890082],[-73.9946709774401,40.7049163385963],[-73.9946293381635,40.7049308069843],[-73.9945865784446,40.7049432374467],[-73.994583911219,40.7049439352178],[-73.994058293991,40.7050805988665],[-73.9940172512988,40.7050902412215],[-73.9939727664824,40.7050984515682],[-73.9939276878316,40.7051044979369],[-73.9938821963989,40.7051083569232],[-73.9938748728831,40.7051086221848],[-73.993842219886,40.7051173328937],[-73.9938088132851,40.7051241902999],[-73.9935867318237,40.705167191986],[-73.9935732584189,40.7051698009176],[-73.9935168563027,40.7051789136355],[-73.9934596770759,40.7051845701179],[-73.9925945059469,40.7052435075444],[-73.9922276742407,40.7052710264171],[-73.9922140139953,40.7052719512202],[-73.9921682918624,40.7052736050609],[-73.9921225238391,40.7052730499252],[-73.9920768945264,40.7052702858257],[-73.9920315873403,40.7052653253825],[-73.9919867845128,40.70525818842],[-73.9919426670911,40.7052489028671],[-73.9918994125711,40.7052375065587],[-73.9918651712557,40.7052267736477],[-73.9917997310151,40.7052047505952],[-73.9917917546621,40.7052020223769],[-73.9917507430734,40.7051865504567],[-73.9917111043841,40.7051691308139],[-73.9916729971513,40.7051498319003],[-73.9916365740136,40.705128733874],[-73.9916019840588,40.7051059195947],[-73.9915693645395,40.7050814818266],[-73.9915388467905,40.7050555187369],[-73.9915105550453,40.7050281347957],[-73.9914846028862,40.704999440776],[-73.9914610932446,40.7049695519525],[-73.9914401231338,40.7049385890024],[-73.9914217753667,40.7049066753035],[-73.9914061232886,40.704873940536],[-73.9913932319606,40.7048405161808],[-73.9913831522437,40.7048065373191],[-73.9913810045144,40.7047976572124],[-73.9913721855742,40.7047594433374],[-73.9913676292212,40.7047369824327],[-73.9913556205078,40.7046683841508],[-73.9913100601385,40.7047029657745],[-73.9912604899544,40.7047341899681],[-73.9912069722948,40.7047649203583],[-73.9911426697395,40.7048062948433],[-73.9911366479336,40.7048239516135],[-73.9911223610646,40.7048570452185],[-73.9911053444004,40.7048893830814],[-73.9910856665866,40.7049208337317],[-73.9910634081019,40.704951272003],[-73.9910508144849,40.7049666913871],[-73.9909912811898,40.7050369653781],[-73.9908796714731,40.7051858940182],[-73.9908719324355,40.7051959710309],[-73.9908471806834,40.7052252735165],[-73.9908200376121,40.7052533222938],[-73.9907906109169,40.7052800048057],[-73.9907590201262,40.7053052129989],[-73.990725391868,40.7053288460242],[-73.9906898610535,40.7053508075363],[-73.9906525720599,40.7053710110958],[-73.9906136751809,40.7053893729659],[-73.9905979267082,40.7053960921993],[-73.9904890862648,40.7054411763804],[-73.9904591158878,40.7054535910558],[-73.9904345098474,40.7054633217439],[-73.9903928693096,40.7054777885983],[-73.99035010845,40.705490217486],[-73.9903063976765,40.7055005561903],[-73.9902619121293,40.7055087651025],[-73.9902168328645,40.7055148100175],[-73.990171340937,40.705518667537],[-73.9901256185843,40.7055203205662],[-73.9900798504086,40.7055197646183],[-73.9900342210117,40.7055169997092],[-73.98998891381,40.7055120384622],[-73.9899572265461,40.705507224269],[-73.989917836191,40.7055005390302],[-73.9897258507737,40.7054679505527],[-73.9897118425561,40.705468893038],[-73.9897054135471,40.7054693039972],[-73.9896596912167,40.7054709568414],[-73.9896139230788,40.7054704007082],[-73.989568293735,40.7054676356144],[-73.9895229866016,40.7054626741839],[-73.98947818391,40.7054555362451],[-73.9894703375901,40.7054540514846],[-73.9893672824218,40.7054340821732],[-73.9893310115616,40.7054262803871],[-73.9892877573731,40.7054148830975],[-73.9892455401145,40.7054014210154],[-73.9892045289941,40.7053859481883],[-73.9891648908516,40.7053685276691],[-73.9891283342439,40.7053500664358],[-73.9888937755329,40.7052236302221],[-73.9888886907336,40.705238535901],[-73.9888744026598,40.7052716292252],[-73.9888573847993,40.7053039667541],[-73.9888377058026,40.7053354170183],[-73.988815446153,40.7053658548533],[-73.9887906934339,40.705395156896],[-73.9887635494282,40.7054232051877],[-73.9887341218348,40.7054498871734],[-73.9887025301859,40.7054750948015],[-73.988668901113,40.7054987272256],[-73.9886333695305,40.7055206881023],[-73.9885960798186,40.7055408909952],[-73.988557182274,40.70555925217],[-73.9885168319256,40.7055756995994],[-73.9884751909015,40.7055901657599],[-73.9884324296122,40.705602593935],[-73.9883887184677,40.7056129319109],[-73.9883442326093,40.7056211400818],[-73.9882991530947,40.7056271842457],[-73.9882744249038,40.7056295563791],[-73.9877706922581,40.705671161642],[-73.9877637768492,40.7056717075178],[-73.9871817051041,40.7057154648793],[-73.9871024766906,40.7057180873259],[-73.9869919785948,40.7057171176504],[-73.9869877555387,40.7057221168137],[-73.9869606106413,40.705750164679],[-73.9869311821819,40.7057768462026],[-73.9868995896963,40.7058020533348],[-73.9868659598192,40.7058256852311],[-73.9868304274686,40.7058476455504],[-73.9867931370274,40.7058678478584],[-73.9867542387955,40.705886208423],[-73.9867138878042,40.7059026552198],[-73.9866722461847,40.7059171207275],[-73.9866294843495,40.7059295482322],[-73.986585772711,40.7059398855231],[-73.9865412864125,40.7059480929968],[-73.9864962065132,40.7059541364544],[-73.9864650419409,40.7059570180339],[-73.9835300637672,40.70617909525],[-73.9835157358063,40.7061800693539],[-73.983470012835,40.7061817197393],[-73.9834242442609,40.7061811611451],[-73.9833786146875,40.7061783935979],[-73.9833333075317,40.7061734297315],[-73.9832885050253,40.7061662893842],[-73.9832443882145,40.7061570004987],[-73.9832011345925,40.706145600923],[-73.9831589181004,40.7061321366098],[-73.9831179079433,40.7061166616157],[-73.9830810668429,40.7061004677109],[-73.9830435658519,40.706106016549],[-73.9830188103212,40.7061353164471],[-73.9829916635856,40.706163363375],[-73.9829622333552,40.7061900438823],[-73.982930639173,40.7062152499239],[-73.9828970076805,40.7062388806593],[-73.9828614738022,40.7062608397522],[-73.982824181927,40.7062810407733],[-73.9827852823609,40.7062993999957],[-73.9827449301403,40.7063158454003],[-73.9827032874015,40.7063303094714],[-73.9826605245614,40.706342735501],[-73.9826168120365,40.706353071284],[-73.9825723249736,40.7063612772234],[-73.9825272444352,40.7063673191263],[-73.9824822508545,40.7063711430649],[-73.9809772110066,40.7064627581933],[-73.9809312380912,40.7064644228376],[-73.9808854693443,40.706463863234],[-73.9808398396827,40.7064610946805],[-73.9807945325239,40.706456129815],[-73.9807497300995,40.7064489884798],[-73.9807056134553,40.7064396986216],[-73.9806623600841,40.7064282980924],[-73.9806201439258,40.7064148328486],[-73.9805830067998,40.7064008182334],[-73.9802117683057,40.7063903586153],[-73.9802039737825,40.706390106933],[-73.9801583441998,40.7063873381094],[-73.9801130371419,40.7063823729757],[-73.9800682348401,40.7063752313752],[-73.9800241183397,40.7063659412557],[-73.9799808651329,40.7063545404703],[-73.9799386491589,40.7063410749764],[-73.9798976396209,40.7063255988354],[-73.9798840828313,40.7063196395834],[-73.9795175140497,40.7063138945209],[-73.9791637256498,40.7063107665909],[-73.9791376121286,40.7063101756286],[-73.9790919826449,40.7063074063822],[-73.9790466757207,40.7063024408287],[-73.9790018735868,40.7062952988131],[-73.978957757288,40.7062860082848],[-73.9789145043154,40.7062746070986],[-73.9788722886075,40.7062611412134],[-73.9788312793662,40.7062456646923],[-73.9787916434236,40.7062282406031],[-73.978753539326,40.7062089374153],[-73.9787171196991,40.706187835304],[-73.9786825336166,40.7061650171457],[-73.9786608744703,40.7061487859144],[-73.9786201622921,40.706148287582],[-73.9785745329407,40.7061455181304],[-73.9785292261651,40.7061405523732],[-73.9784844241955,40.706133410156],[-73.9784669061581,40.7061299948423],[-73.9782483462983,40.7060851578055],[-73.9782217482532,40.7060792823418],[-73.9781784955407,40.7060678808787],[-73.9781362801123,40.7060544147233],[-73.978095271169,40.7060389379396],[-73.9780556355417,40.7060215135964],[-73.9780175317755,40.7060022101644],[-73.9779811124944,40.7059811078198],[-73.9779465267712,40.7059582894397],[-73.9779139118412,40.7059338478049],[-73.9778833990208,40.7059078810979],[-73.9778551125237,40.7058804938037],[-73.9778291659109,40.7058517967087],[-73.9778056620916,40.7058219050999],[-73.9777846980556,40.7057909396659],[-73.9777663565915,40.7057590237942],[-73.977750711019,40.7057262871739],[-73.9777378263733,40.7056928612934],[-73.977727753488,40.7056588812401],[-73.9777205325464,40.7056244829999],[-73.9777161930809,40.7055898052578],[-73.9777147527897,40.7055549884973],[-73.9777162163551,40.7055201722987],[-73.9777205789924,40.7054854962404],[-73.9777278229005,40.7054511007984],[-73.9777297600791,40.7054437349878],[-73.9778161540645,40.7051264680855],[-73.9775638369396,40.7048180686669],[-73.9775457521142,40.7047946977618],[-73.9775357262519,40.7047798877908],[-73.9775011622187,40.704786262067],[-73.9774560822858,40.7047923019851],[-73.9774105901134,40.7047961544616],[-73.9773648679402,40.7047978024222],[-73.9773191003676,40.7047972414004],[-73.9772734719949,40.7047944714326],[-73.9772281662345,40.7047895051624],[-73.9771833653123,40.7047823624376],[-73.9771392502681,40.7047730712105],[-73.9771269118316,40.7047700556473],[-73.9770483805397,40.7047502710828],[-73.9769999468117,40.7048463676308],[-73.9769871992134,40.704869999914],[-73.9769675147449,40.7049014481504],[-73.9769452498205,40.7049318836913],[-73.9769204920452,40.7049611831828],[-73.976893343222,40.7049892286767],[-73.9768639110694,40.7050159076289],[-73.9768323151379,40.7050411120004],[-73.9767986820761,40.7050647409576],[-73.9767631468149,40.7050866981713],[-73.9767258537486,40.7051068972197],[-73.9766869531882,40.705125254384],[-73.9766466001741,40.7051416976532],[-73.9766049568456,40.7051561595202],[-73.9765621936221,40.7051685832862],[-73.9765184809217,40.705178916755],[-73.9764739938918,40.7051871203387],[-73.9764289135948,40.7051931598543],[-73.9763834210895,40.7051970119246],[-73.9763376986161,40.7051986594771],[-73.9762919307768,40.7051980980469],[-73.9762463021725,40.7051953276721],[-73.9762009962161,40.7051903609979],[-73.9761561951346,40.7051832178736],[-73.9761120799684,40.7051739262533],[-73.976084178903,40.7051668397368],[-73.9757876709424,40.7050863800709],[-73.9759263741415,40.7048617558],[-73.9804080002678,40.6976030001476],[-73.9773510003101,40.696456999768],[-73.9771470005805,40.694786999888],[-73.9761829996896,40.6944669998973],[-73.9759940003116,40.6937529997293],[-73.977855000248,40.693422000244],[-73.977477000078,40.6903769999341],[-73.9744009997715,40.6900149997493],[-73.9743359999745,40.6894710003936],[-73.9749349996716,40.6889340003976],[-73.9744269998805,40.6862409996334],[-73.9735749997565,40.6859050001253],[-73.9734780003526,40.68510400037],[-73.9741910003875,40.6845780002409],[-73.9738109998068,40.682312999664],[-73.9745200001475,40.6800650002527],[-73.9776529995569,40.6808979995641],[-73.9811530004703,40.675492000353],[-73.9835410004403,40.6725229998029],[-73.9906639996962,40.6757960001036],[-73.9910970003634,40.6752830002059],[-73.9945879998842,40.6757310001926],[-73.9957960002207,40.6748420000672],[-73.9987690004246,40.6712029997227],[-74.0002429999355,40.6679679998999],[-74.0034952362399,40.6667839568024]]]},"properties":{"NETWORK":"Borough Hall","BOROUGH":"Brooklyn","LSRV_Status":"Closed","CapacityMW":14.3,"SubscribedMW":0.001,"RemainingMW":0,"CapacityRange":"50-99.99","CapacityRangeDate":1771891200000,"LSRV_as_of_date":1665705600000,"Notes":"There are feeders within the Borough Hall network that may not be able to accept additional projects over 50 kW. Please email dgexpert@coned.com for further information.","LoadCurve":"https://www.coned.com/-/media/files/coned/documents/business-partners/local-generation-facilities/systemdata/loadcurve/B-01-LC","SystemData":"https://www.coned.com/-/media/files/coned/documents/business-partners/local-generation-facilities/systemdata/forecasted-network-data","LSRV_Rate_URL":"https://lite.coned.com/_external/cerates/elec_VDER_CREDstatement_PSC10.asp","OBJECTID":9,"Shape__Area":125454633.16416931,"Shape__Length":73838.663508591737}},{"type":"Feature","id":12,"geometry":{"type":"Polygon","coordinates":[[[-73.9967114235708,40.7502631909798],[-73.9983911542543,40.7477619930365],[-73.9970505011715,40.7471967204279],[-73.9968616963335,40.7470986529848],[-73.9966187492278,40.7469944223896],[-73.9942496117076,40.7459844851198],[-73.9917458924367,40.7449474480876],[-73.9889975943409,40.7437979951307],[-73.9882000407216,40.7434395306322],[-73.9885644566711,40.7429170418771],[-73.9891265800924,40.7421135206813],[-73.9897731556855,40.7412693201625],[-73.9903775673775,40.7404621844882],[-73.9909683802064,40.7396281481289],[-73.9914157585633,40.7390432955016],[-73.9916237026675,40.7387441036623],[-73.9936181993134,40.7359969209237],[-74.008951511973,40.7424586339129],[-74.0116256182037,40.7426814343684],[-74.0114743179694,40.7428941277043],[-74.0114650848159,40.7429050571778],[-74.0122513343111,40.7429877472139],[-74.0122550923393,40.7429881502412],[-74.0123001971921,40.7429941941378],[-74.0123447080958,40.7430024019988],[-74.0123884438991,40.7430127396251],[-74.0124312293692,40.7430251674144],[-74.0124728940066,40.7430396331565],[-74.0125132673102,40.7430560801394],[-74.0125521870645,40.7430744408441],[-74.0125894981564,40.7430946432483],[-74.0126250502057,40.7431166036229],[-74.0126586987512,40.7431402355369],[-74.0126903088008,40.7431654426525],[-74.0127197536491,40.7431921241285],[-74.0127469136921,40.7432201719189],[-74.0127716811645,40.7432494734741],[-74.012793954219,40.7432799108402],[-74.0128136452148,40.7433113606593],[-74.0128306736137,40.7433436977708],[-74.012844970716,40.7433767907099],[-74.0128564796611,40.7434105071092],[-74.0128651542434,40.7434447109981],[-74.0128709589123,40.7434792646038],[-74.0128738699567,40.7435140283507],[-74.0128738766889,40.7435488617611],[-74.0128709790778,40.743583626157],[-74.0128688271097,40.7435986144356],[-74.0127998857934,40.744024438537],[-74.0127962463877,40.7440440051558],[-74.0127875848959,40.7440782109727],[-74.0127760888047,40.7441119299292],[-74.0127618042601,40.7441450260425],[-74.0127447880649,40.744177366931],[-74.012725108863,40.744208821112],[-74.0127028471395,40.7442392634045],[-74.0126780904846,40.7442685704281],[-74.0126509406984,40.7442966242037],[-74.0126215055023,40.7443233121543],[-74.0125899044594,40.7443485262044],[-74.012556264239,40.7443721654815],[-74.0125207197998,40.7443941336151],[-74.012483415575,40.744414344139],[-74.0124445019191,40.7444327132881],[-74.0124041339254,40.7444491690036],[-74.0123624737928,40.7444636437285],[-74.0123196920106,40.7444760807114],[-74.0122759590695,40.7444864277033],[-74.012231450199,40.7444946450623],[-74.0121863465499,40.744500698549],[-74.0121408292753,40.7445045647305],[-74.0120950807137,40.7445062264775],[-74.0120492855739,40.7445056792679],[-74.0120036285656,40.7445029230824],[-74.0119877472078,40.7445014425025],[-74.0100522620356,40.744304332983],[-74.0100310425489,40.7443294508709],[-74.0100038916233,40.7443575040222],[-74.0099744553399,40.7443841912961],[-74.0099428532665,40.7444094046196],[-74.0099092120761,40.7444330431234],[-74.0098736667315,40.7444550104398],[-74.0098435006597,40.7444713527196],[-74.0098523348437,40.74447344114],[-74.0098951207788,40.7444858698688],[-74.009936785779,40.7445003365254],[-74.0099771593417,40.7445167843939],[-74.0100160792504,40.7445351459518],[-74.0100533903912,40.7445553491734],[-74.010088942384,40.7445773103264],[-74.0101225907677,40.7446009429764],[-74.0101542005508,40.7446261507828],[-74.0101836450289,40.7446528329016],[-74.0102108045997,40.7446808812843],[-74.0102355714997,40.7447101833787],[-74.0102578438839,40.7447406212291],[-74.0102775341142,40.7447720714751],[-74.0102945616555,40.744804408955],[-74.0103036510243,40.7448254493844],[-74.0118820447311,40.7449913823026],[-74.0118858454954,40.7449917898399],[-74.0119309516712,40.7449978338794],[-74.0119754638681,40.7450060418807],[-74.0120192009294,40.7450163796444],[-74.0120619876174,40.7450288075673],[-74.0121036534277,40.7450432734389],[-74.0121440278543,40.7450597205465],[-74.0121829486774,40.7450780813708],[-74.0122202607794,40.7450982838888],[-74.0122558137762,40.7451202443713],[-74.0122894632027,40.7451438763864],[-74.0123210740633,40.7451690835962],[-74.0123505196492,40.745195765159],[-74.0123776803536,40.7452238130285],[-74.0124024484085,40.7452531146547],[-74.0124247219642,40.7452835520837],[-74.0124444133778,40.7453150019569],[-74.0124614421096,40.7453473391139],[-74.0124757394585,40.7453804320894],[-74.012487248563,40.745414148516],[-74.0124959232166,40.745448352423],[-74.0125017278685,40.7454829060375],[-74.0125046388077,40.7455176697838],[-74.0125046453472,40.7455525031843],[-74.0125017474563,40.7455872675611],[-74.0125004905636,40.7455964735778],[-74.0124308405305,40.7460678081201],[-74.0124263056685,40.7460931569715],[-74.0124176437204,40.7461273627506],[-74.0124061470883,40.7461610816603],[-74.0123918619206,40.7461941777181],[-74.0123748450225,40.7462265185426],[-74.0123551650405,40.7462579726511],[-74.0123329024632,40.7462884148633],[-74.0123081448842,40.7463177217989],[-74.0122809941071,40.7463457754791],[-74.01225313362,40.7463714005619],[-74.0122703093931,40.746403970958],[-74.0122846068738,40.7464370639522],[-74.012296116064,40.7464707803928],[-74.0123047907571,40.7465049843091],[-74.0123105954019,40.746539537928],[-74.0123135062877,40.7465743016739],[-74.0123135127273,40.7466091350693],[-74.0123106146906,40.746643899436],[-74.0123092560497,40.7466537871435],[-74.0122466461537,40.7470727454899],[-74.0122422128565,40.7470974126361],[-74.0122335506833,40.7471316183965],[-74.0122220537848,40.747165337283],[-74.0122077683102,40.7471984333133],[-74.0121907510662,40.7472307741059],[-74.0121710707006,40.7472622281785],[-74.0121488077037,40.7472926703507],[-74.0121240496704,40.7473219772426],[-74.0120968984065,40.7473500308753],[-74.012067796673,40.747376415167],[-74.0120765316338,40.7473903666988],[-74.0120935607176,40.7474227039007],[-74.0121078583291,40.747455796912],[-74.0121193676059,40.7474895133654],[-74.0121280423408,40.7475237172901],[-74.0121338469828,40.7475582709129],[-74.0121367578208,40.7475930346582],[-74.0121367641681,40.7476278680485],[-74.0121338659949,40.7476626324057],[-74.0121314156758,40.7476794361142],[-74.0120609529476,40.7481029615931],[-74.0120576111595,40.7481207127252],[-74.0120489487584,40.7481549184667],[-74.0120374515898,40.7481886373298],[-74.0120231658041,40.7482217333323],[-74.0120061482091,40.748254074093],[-74.0119864674541,40.7482855281295],[-74.0119642040308,40.7483159702615],[-74.0119394455361,40.7483452771094],[-74.0119122937773,40.7483733306946],[-74.0118830780279,40.7484006992009],[-74.0119031088582,40.7484327362478],[-74.0119201381242,40.7484650734705],[-74.0119344358733,40.7484981664985],[-74.0119459452424,40.7485318829642],[-74.0119546200241,40.7485660868968],[-74.0119604246669,40.7486006405231],[-74.0119633354599,40.7486354042677],[-74.0119633417166,40.7486702376528],[-74.0119604434076,40.7487050020004],[-74.011957434708,40.7487250836038],[-74.0119026382297,40.7490392345044],[-74.0118998546565,40.749053707729],[-74.011891192053,40.7490879134541],[-74.0118796946436,40.749121632297],[-74.0118654085795,40.7491547282755],[-74.0118483906696,40.7491870690086],[-74.0118287095644,40.7492185230138],[-74.0118064457572,40.7492489651114],[-74.0117816868463,40.7492782719214],[-74.0117545346409,40.7493063254657],[-74.0117250968722,40.7493330131681],[-74.0116934931137,40.7493582269542],[-74.0116598500454,40.7493818659527],[-74.0116243026376,40.7494038337939],[-74.0115869953355,40.749424044013],[-74.0115480785061,40.7494424128461],[-74.0115077072553,40.7494588682357],[-74.0114660437951,40.749473342626],[-74.0114232586283,40.749485779267],[-74.0113795222593,40.7494961259112],[-74.011335009931,40.7495043429178],[-74.0112899028086,40.7495103960492],[-74.0112443820591,40.7495142618737],[-74.0111986300348,40.7495159232634],[-74.0111752903083,40.7495159210282],[-74.0104897053795,40.7495073982926],[-74.0102473093735,40.7501330891061],[-74.0102308086767,40.7501705948526],[-74.0102105565394,40.7502070221229],[-74.0110371543821,40.7505566412004],[-74.0110471466586,40.7505609464624],[-74.0110860703934,40.7505793076428],[-74.011123385244,40.7505995105004],[-74.0111589408152,40.7506214713041],[-74.0111925926313,40.7506451036211],[-74.0112242056873,40.7506703111121],[-74.0112536532655,40.7506969929344],[-74.0112808157511,40.7507250410405],[-74.0113055853689,40.7507543428796],[-74.0113278602628,40.7507847804967],[-74.0113475527846,40.7508162305327],[-74.0113645823903,40.7508485678265],[-74.011378880375,40.7508816609121],[-74.0113903898747,40.7509153774217],[-74.0113990646814,40.7509495813845],[-74.0114048692439,40.7509841350271],[-74.0114077798511,40.7510188987738],[-74.0114077858176,40.751053732147],[-74.0114048871149,40.7510884964688],[-74.0113990943716,40.751123051259],[-74.011390431242,40.7511572569362],[-74.0113808115842,40.751186023651],[-74.0112763646524,40.7514663803481],[-74.0112744862746,40.7514713324143],[-74.0112601994058,40.7515044283067],[-74.0112431806018,40.7515367689393],[-74.0112234985168,40.7515682228305],[-74.0112012336477,40.7515986648009],[-74.0111764735972,40.7516279714709],[-74.0111493201792,40.751656024863],[-74.0111198811296,40.7516827124018],[-74.0110882760274,40.7517079260133],[-74.0110546315577,40.751731564827],[-74.0110190826963,40.751753532474],[-74.0109817738948,40.7517737424903],[-74.0109428555258,40.7517921111127],[-74.0109024827015,40.7518085662846],[-74.0108608176402,40.7518230404512],[-74.0108180308513,40.7518354768631],[-74.0107742928455,40.751845823274],[-74.0107297788726,40.751854040044],[-74.0106846701042,40.7518600929363],[-74.0106391477139,40.7518639585202],[-74.0105933940607,40.751865619669],[-74.010547593874,40.7518650718629],[-74.0105019318839,40.751862315085],[-74.0104565916383,40.7518573619258],[-74.010411755502,40.7518502321804],[-74.0103676046565,40.7518409537488],[-74.0103243167326,40.751829564437],[-74.010282065809,40.7518161101563],[-74.010241021229,40.7518006449231],[-74.0102329283217,40.7517972975614],[-74.009448661967,40.7514679685138],[-74.009403840341,40.7515861374744],[-74.0096853197552,40.7517182832015],[-74.0104949880231,40.7520572149109],[-74.0105077480127,40.7520626852211],[-74.0105466724763,40.7520810465798],[-74.0105839880046,40.7521012496078],[-74.0106195441995,40.7521232105733],[-74.0106531965829,40.7521468430428],[-74.0106848101475,40.7521720506764],[-74.0107142581735,40.7521987326308],[-74.0107414210442,40.752226780858],[-74.0107661909831,40.7522560828067],[-74.0107884661328,40.7522865205216],[-74.0108081588439,40.752317970643],[-74.0108251885716,40.7523503080096],[-74.0108394866107,40.752383401155],[-74.0108509960968,40.7524171177113],[-74.0108596708222,40.7524513217072],[-74.0108654752357,40.7524858753695],[-74.0108683856271,40.7525206391224],[-74.0108683913116,40.7525554724881],[-74.0108654922621,40.7525902367887],[-74.0108596991084,40.7526247915443],[-74.0108510355065,40.7526589971736],[-74.0108395369543,40.7526927158953],[-74.0108290920309,40.7527175771416],[-74.0107902135444,40.7528030495968],[-74.0107863711112,40.7528112841817],[-74.0107693517432,40.7528436247383],[-74.0107496690483,40.7528750785427],[-74.0107274035259,40.7529055204156],[-74.0107026427813,40.7529348269783],[-74.010675488631,40.7529628802534],[-74.0106460488141,40.7529895676661],[-74.0106144429124,40.7530147811429],[-74.0105807976145,40.7530384198137],[-74.0105452478995,40.7530603873103],[-74.0105079382222,40.7530805971693],[-74.0104690189591,40.7530989656282],[-74.0104286452258,40.7531154206309],[-74.010386979244,40.7531298946233],[-74.0103573754186,40.7531387501616],[-74.0102912819687,40.7531572515745],[-74.0102780980702,40.7531608322622],[-74.0102343591104,40.753171178466],[-74.0101898441852,40.7531793950258],[-74.0101447344702,40.7531854477055],[-74.0100992111429,40.7531893130753],[-74.0100534565659,40.7531909740094],[-74.0100076554724,40.7531904259887],[-74.0099619925961,40.7531876689972],[-74.0099166514886,40.7531827156265],[-74.009871814518,40.7531755856723],[-74.0098276628694,40.7531663070354],[-74.0097843741765,40.7531549175229],[-74.0097421225213,40.7531414630467],[-74.0097253195805,40.7531354292775],[-74.0093735687275,40.7530048833111],[-74.0093390629699,40.753026204688],[-74.0093017529459,40.7530464141564],[-74.0092628333701,40.7530647822078],[-74.0092224593595,40.7530812367879],[-74.0091807931371,40.753095710344],[-74.0091380052171,40.7531081461297],[-74.0090942661148,40.7531184919007],[-74.0090497510843,40.75312670802],[-74.0090046413014,40.7531327602532],[-74.0089591179439,40.7531366251725],[-74.0089133633747,40.7531382856537],[-74.0088675623268,40.7531377371797],[-74.0088218995338,40.7531349797363],[-74.0088166867824,40.7531344101153],[-74.0086684718312,40.7535206212549],[-74.0084263125018,40.7541616911916],[-74.0084399795693,40.7541933249527],[-74.0084514881536,40.75422704174],[-74.0084601618826,40.7542612459076],[-74.0084659652091,40.7542957996818],[-74.0084688744273,40.7543305634862],[-74.0084688788572,40.7543653968429],[-74.0084659784767,40.754400161074],[-74.0084601839209,40.7544347156998],[-74.0084515188514,40.7544689211397],[-74.0084400187722,40.7545026396131],[-74.008425729845,40.7545357351394],[-74.0084087088904,40.7545680753391],[-74.0083890245713,40.7545995287322],[-74.0083666070258,40.7546301610594],[-74.0082227046052,40.7548126435628],[-74.0081902967412,40.7548501933505],[-74.008153906137,40.7548855704912],[-74.008113783809,40.7549185318268],[-74.0081130428607,40.7549214558205],[-74.0081015425319,40.7549551742578],[-74.0080872533395,40.7549882697399],[-74.008070232105,40.7550206098875],[-74.0080505474922,40.7550520632208],[-74.0080419564583,40.75506435392],[-74.0078415574723,40.7549737381659],[-73.9967114235708,40.7502631909798]]]},"properties":{"NETWORK":"Chelsea","BOROUGH":"Manhattan","LSRV_Status":"Not LSRV Eligible","CapacityMW":0,"SubscribedMW":0,"RemainingMW":0,"CapacityRange":"25-49.99","CapacityRangeDate":1771891200000,"LSRV_as_of_date":1665705600000,"Notes":"The Chelsea network is experiencing a high volume of energy storage project applications, which may cause future substation or upstream infrastructure constraints. This may affect the network's ability to host BESS \u003e50kW. Please email dgexpert@coned.com","LoadCurve":"https://www.coned.com/-/media/files/coned/documents/business-partners/local-generation-facilities/systemdata/loadcurve/M-13-LC","SystemData":"https://www.coned.com/-/media/files/coned/documents/business-partners/local-generation-facilities/systemdata/forecasted-network-data","LSRV_Rate_URL":"https://lite.coned.com/_external/cerates/elec_VDER_CREDstatement_PSC10.asp","OBJECTID":12,"Shape__Area":24235111.592910767,"Shape__Length":24599.170167324402}},{"type":"Feature","id":13,"geometry":{"type":"Polygon","coordinates":[[[-73.9936181993134,40.7359969209237],[-73.9912397819001,40.7350097556217],[-73.9907231907977,40.7348098294011],[-73.9914064422558,40.7318455316599],[-73.9914836572577,40.7316384033386],[-73.9942579998971,40.7284140002634],[-73.9987750313796,40.7230037748675],[-74.0019305187329,40.7245516895248],[-73.9973597337837,40.7299409860552],[-73.9965729609559,40.7295532414161],[-73.9955438340302,40.7306982786154],[-73.996963518251,40.7314112889036],[-73.9936181993134,40.7359969209237]]]},"properties":{"NETWORK":"Greenwich","BOROUGH":"Manhattan","LSRV_Status":"Not LSRV Eligible","CapacityMW":0,"SubscribedMW":0,"RemainingMW":0,"CapacityRange":"25-49.99","CapacityRangeDate":1771891200000,"LSRV_as_of_date":1665705600000,"Notes":" ","LoadCurve":"https://www.coned.com/-/media/files/coned/documents/business-partners/local-generation-facilities/systemdata/loadcurve/M-32-LC","SystemData":"https://www.coned.com/-/media/files/coned/documents/business-partners/local-generation-facilities/systemdata/forecasted-network-data","LSRV_Rate_URL":"https://lite.coned.com/_external/cerates/elec_VDER_CREDstatement_PSC10.asp","OBJECTID":13,"Shape__Area":5089275.8418273926,"Shape__Length":12350.326641126041}},{"type":"Feature","id":14,"geometry":{"type":"Polygon","coordinates":[[[-73.9730193177049,40.7642719409315],[-73.9738097660931,40.7646299810187],[-73.975101150329,40.7651851445128],[-73.9774527312222,40.7661947083686],[-73.9765592722269,40.7674440063402],[-73.9765278568266,40.7674304752773],[-73.9720988880301,40.7655226895982],[-73.9672669524947,40.7634797462309],[-73.9672844866601,40.7634557545687],[-73.9694857211187,40.7604436230594],[-73.9696084594895,40.760275660019],[-73.9696259943378,40.7602516652882],[-73.9744560132544,40.7622904274144],[-73.9730193177049,40.7642719409315]]]},"properties":{"NETWORK":"Hunter","BOROUGH":"Manhattan","LSRV_Status":"Not LSRV Eligible","CapacityMW":0,"SubscribedMW":0,"RemainingMW":0,"CapacityRange":"25-49.99","CapacityRangeDate":1771891200000,"LSRV_as_of_date":1665705600000,"Notes":" ","LoadCurve":"https://www.coned.com/-/media/files/coned/documents/business-partners/local-generation-facilities/systemdata/loadcurve/M-09-LC","SystemData":"https://www.coned.com/-/media/files/coned/documents/business-partners/local-generation-facilities/systemdata/forecasted-network-data","LSRV_Rate_URL":"https://lite.coned.com/_external/cerates/elec_VDER_CREDstatement_PSC10.asp","OBJECTID":14,"Shape__Area":2795464.19631958,"Shape__Length":8583.8114551643266}},{"type":"Feature","id":16,"geometry":{"type":"Polygon","coordinates":[[[-74.0113409995473,40.7078879997497],[-74.0109839995291,40.7076789995745],[-74.0108300004129,40.7077380003661],[-74.0104440003177,40.7075080004115],[-74.0104419998531,40.707338000249],[-74.0097369998239,40.7069440000551],[-74.0097340000332,40.7062389997602],[-74.0091926350844,40.7058645080121],[-74.0091659995302,40.7058460001211],[-74.0097740002509,40.7052639998535],[-74.0114950001567,40.7059790001254],[-74.0116153964576,40.7058108003883],[-74.0116902538812,40.7057062190977],[-74.0116990000086,40.7056940000675],[-74.0124423579364,40.706022849266],[-74.0124540004399,40.7060279998334],[-74.0124612379439,40.7060548892259],[-74.0125550002351,40.7062140003281],[-74.0122699998307,40.7066920000695],[-74.0123362703826,40.7068976337865],[-74.012368782423,40.7069985127951],[-74.0120615925551,40.7073755805328],[-74.0117385951207,40.7077168429122],[-74.0116964163711,40.7077614063101],[-74.0116320598983,40.7078308008354],[-74.0115108289207,40.7078393795893],[-74.0115020000072,40.7078400000239],[-74.0113409995473,40.7078879997497]]]},"properties":{"NETWORK":"Bowling Green SN2","BOROUGH":"Manhattan","LSRV_Status":"Not LSRV Eligible","CapacityMW":0,"SubscribedMW":0,"RemainingMW":0,"CapacityRange":"50-99.99","CapacityRangeDate":1771891200000,"LSRV_as_of_date":1665705600000,"Notes":" ","LoadCurve":"https://www.conedison.com/en/404","SystemData":"https://www.coned.com/-/media/files/coned/documents/business-partners/local-generation-facilities/systemdata/forecasted-network-data","LSRV_Rate_URL":"https://lite.coned.com/_external/cerates/elec_VDER_CREDstatement_PSC10.asp","OBJECTID":16,"Shape__Area":509530.79393005371,"Shape__Length":3087.3507019721033}},{"type":"Feature","id":18,"geometry":{"type":"Polygon","coordinates":[[[-73.9892675543529,40.7093646836444],[-73.9894451895051,40.7093431625391],[-73.9898298736009,40.7092846702363],[-73.9908586631281,40.709138274855],[-73.9913037332221,40.7090749385539],[-73.9919744448999,40.7089751448743],[-73.9925718954801,40.7088746248756],[-73.9925869328878,40.7088722223802],[-73.9927255509339,40.7088512457066],[-73.9931677125224,40.7087843332867],[-73.9931835190652,40.7087820811443],[-73.9939238965245,40.7087020365216],[-73.9944535855005,40.708644397211],[-73.9958162871961,40.708422604817],[-73.9958348141587,40.7084197823856],[-73.9966453703719,40.70830465326],[-73.997278726494,40.7081753574384],[-73.9978805840299,40.7080032373407],[-73.9980836756763,40.7079204658944],[-73.9980998870789,40.7078998624633],[-73.9981258448258,40.7078711707958],[-73.9981541420094,40.7078437894039],[-73.9981846650234,40.7078178290469],[-73.9982172896119,40.7077933941804],[-73.998229581348,40.7077849511754],[-73.9983593040694,40.7076978871537],[-73.9984047455213,40.7076697990408],[-73.9984530316477,40.7076446078931],[-73.9988659138593,40.7074474448241],[-73.9988803167095,40.7074291384686],[-73.9989062739372,40.7074004466234],[-73.9989345706005,40.7073730650379],[-73.9989650930949,40.7073471044724],[-73.998997717167,40.7073226693833],[-73.9990323114637,40.7072998579235],[-73.999068738716,40.7072787628427],[-73.9991022063435,40.7072616786053],[-73.9991558370892,40.7072359252838],[-73.9991604805646,40.7072337136617],[-73.9992001228448,40.7072162971516],[-73.9992411377621,40.7072008284431],[-73.999283358467,40.7071873705696],[-73.9993196221595,40.7071778199646],[-74.0001116443115,40.7080167130884],[-74.0006405924804,40.7084623338685],[-74.0044080000088,40.7116359998445],[-74.0081569219403,40.7078118223764],[-74.0095035175825,40.7063815898122],[-74.0111078637491,40.7074178600943],[-74.0116964163711,40.7077614063101],[-74.0113008079916,40.7081879820386],[-74.0109537716487,40.7085771184176],[-74.0099796064676,40.709816431089],[-74.0091969871569,40.7107249588737],[-74.0087817220191,40.7112070213332],[-74.0087590417625,40.7112333494994],[-74.0086264693404,40.7113872442263],[-74.008216996283,40.7118721686967],[-74.0064653441803,40.7139546593222],[-74.0062848600092,40.7141692231788],[-74.0057086472746,40.7148777794167],[-74.0052975917651,40.7153619387272],[-74.0046385034173,40.7160849554779],[-74.004582512918,40.7161512145727],[-74.0044087763396,40.7163568123766],[-74.0043101953545,40.7164734709216],[-74.0039004927656,40.7169582977705],[-74.0018506003726,40.719383941461],[-74.0012931552925,40.7189778154737],[-73.9988494689894,40.7171973824463],[-73.9985840499361,40.717084292517],[-73.9965500583333,40.7163881173019],[-73.9958360793598,40.7161888341821],[-73.995621567402,40.7160357016446],[-73.9953589558525,40.7157751899161],[-73.9948024331778,40.715285998973],[-73.9945662760049,40.7150433725403],[-73.9941679785501,40.7143062248495],[-73.9939771957505,40.7139543783332],[-73.993928686211,40.7137389331182],[-73.9929911135719,40.713800706235],[-73.9912702982546,40.7139453196151],[-73.986822034056,40.7143199888497],[-73.9823470000192,40.7146559996736],[-73.9808729736409,40.714217295731],[-73.9769049996252,40.7130450001606],[-73.9752932572918,40.7126237218013],[-73.9753939800631,40.7124118621785],[-73.9753995061295,40.712400623183],[-73.9757612387507,40.7116887848171],[-73.975790508807,40.7116387576879],[-73.9758261837918,40.7115911992959],[-73.9760397552224,40.7113368486962],[-73.9762473320397,40.7110896339057],[-73.9762775067019,40.7110564517943],[-73.9763108025451,40.7110250470253],[-73.9765965389788,40.7107749299954],[-73.9766190113881,40.7107561535032],[-73.9766495892323,40.7107331750654],[-73.9769817807619,40.7104979906527],[-73.9771618283751,40.7103705195448],[-73.9773424387331,40.7102426493377],[-73.9773444947897,40.7102411990189],[-73.9773790980102,40.710218394076],[-73.977415533709,40.7101973058562],[-73.977453652751,40.7101780171757],[-73.9774933024526,40.7101606081485],[-73.9775164539346,40.7101515796452],[-73.9778354640076,40.7100326515668],[-73.977853334228,40.7100262190528],[-73.9778955610393,40.7100127690293],[-73.9779388238038,40.7100013840609],[-73.9779829485509,40.7099921100391],[-73.9780277577628,40.7099849847505],[-73.9780722135737,40.709980108854],[-73.9789443347877,40.709905458094],[-73.9789618577053,40.709904130342],[-73.9791365029028,40.7098925374252],[-73.9800143698481,40.7098167530598],[-73.9800553908168,40.709801291193],[-73.9800976170413,40.7097878403614],[-73.980110287418,40.7097845061572],[-73.9801408792838,40.709776454565],[-73.9801850035755,40.7097671796989],[-73.9802298124008,40.7097600535529],[-73.9802751246967,40.7097551040113],[-73.9802772903543,40.7097549233795],[-73.9805431868285,40.709732844865],[-73.9805533195088,40.7096986874876],[-73.9805662258269,40.7096652662949],[-73.9805818927753,40.7096325353578],[-73.9806002552259,40.7096006261389],[-73.9806212397677,40.709569668298],[-73.9806447635252,40.70953978519],[-73.9806707294234,40.7095110974654],[-73.9806990344728,40.7094837203708],[-73.980729565035,40.7094577646483],[-73.980762196824,40.7094333347347],[-73.9807967984558,40.7094105287621],[-73.9808332326317,40.7093894394583],[-73.9808713502228,40.7093701496441],[-73.9809109985512,40.7093527394379],[-73.9809520190264,40.7093372772507],[-73.980994244776,40.7093238260893],[-73.9810375065641,40.7093124399553],[-73.9810816304239,40.7093031647449],[-73.9811264388415,40.7092960382495],[-73.981160173432,40.7092921409592],[-73.9814164831647,40.7092672339538],[-73.9814180405372,40.7092670820188],[-73.9869698387978,40.7087259939932],[-73.9882943417008,40.7085930767267],[-73.9883088015283,40.7085917382351],[-73.9883544339228,40.708588981892],[-73.9884002043835,40.7085884344989],[-73.9884459283092,40.7085900960372],[-73.9884914210996,40.7085939619857],[-73.9885365005232,40.7086000152169],[-73.9885809855327,40.7086082323002],[-73.9886246950826,40.7086185789987],[-73.9887948745368,40.7086737529013],[-73.9888237115645,40.7086840350401],[-73.9888640582234,40.7087004903895],[-73.9889029514032,40.7087188591711],[-73.9889402360964,40.7087390693305],[-73.9889757620299,40.7087610371073],[-73.9890093848476,40.7087846760404],[-73.9890409696615,40.7088098897637],[-73.9890703898668,40.7088365774098],[-73.9890975259597,40.7088646309075],[-73.9891222702704,40.7088939376844],[-73.989144521046,40.7089243797655],[-73.9891641907344,40.7089558337738],[-73.9891811988836,40.7089881745322],[-73.9891954768758,40.7090212705607],[-73.9892069679267,40.7090549894798],[-73.9892156259027,40.7090891953089],[-73.9892173924355,40.7090980655098],[-73.9892675543529,40.7093646836444]]]},"properties":{"NETWORK":"City Hall","BOROUGH":"Manhattan","LSRV_Status":"Not LSRV Eligible","CapacityMW":0,"SubscribedMW":0,"RemainingMW":0,"CapacityRange":"25-49.99","CapacityRangeDate":1771891200000,"LSRV_as_of_date":1665705600000,"Notes":"There are feeders within the City Hall network that may not be able to accept additional projects over 50 kW. Please email dgexpert@coned.com for further information.","LoadCurve":"https://www.coned.com/-/media/files/coned/documents/business-partners/local-generation-facilities/systemdata/loadcurve/M-08-LC","SystemData":"https://www.coned.com/-/media/files/coned/documents/business-partners/local-generation-facilities/systemdata/forecasted-network-data","LSRV_Rate_URL":"https://lite.coned.com/_external/cerates/elec_VDER_CREDstatement_PSC10.asp","OBJECTID":18,"Shape__Area":20170641.487564087,"Shape__Length":26412.363205267124}},{"type":"Feature","id":19,"geometry":{"type":"Polygon","coordinates":[[[-73.9840970520118,40.7548483949645],[-73.9852704332145,40.7532451313356],[-73.9852715514087,40.7532435727031],[-73.9853568562117,40.7531246510817],[-73.9867264638252,40.7512508291766],[-73.9870905176905,40.7507505349892],[-73.9870915588077,40.7507491051023],[-73.9895245384946,40.7474050139999],[-73.9896103341047,40.7472842737539],[-73.9896419357046,40.7472975338561],[-73.9924324287291,40.7484682318855],[-73.9923447328002,40.7485881744371],[-73.9885482258276,40.7537802564642],[-73.9884605170959,40.7539001959669],[-73.9869957263054,40.7559031757518],[-73.9869137154964,40.7560153154063],[-73.9869080652866,40.7560230420011],[-73.9867496557298,40.7559568502549],[-73.9840970520118,40.7548483949645]]]},"properties":{"NETWORK":"Herald Square","BOROUGH":"Manhattan","LSRV_Status":"Not LSRV Eligible","CapacityMW":0,"SubscribedMW":0,"RemainingMW":0,"CapacityRange":"25-49.99","CapacityRangeDate":1771891200000,"LSRV_as_of_date":1665705600000,"Notes":" ","LoadCurve":"https://www.coned.com/-/media/files/coned/documents/business-partners/local-generation-facilities/systemdata/loadcurve/M-28-LC","SystemData":"https://www.coned.com/-/media/files/coned/documents/business-partners/local-generation-facilities/systemdata/forecasted-network-data","LSRV_Rate_URL":"https://lite.coned.com/_external/cerates/elec_VDER_CREDstatement_PSC10.asp","OBJECTID":19,"Shape__Area":2803019.7593994141,"Shape__Length":8081.9805094553913}},{"type":"Feature","id":20,"geometry":{"type":"Polygon","coordinates":[[[-73.8703319572426,40.7876641312495],[-73.8705909665496,40.7873187925521],[-73.8706205517971,40.7872826381896],[-73.8706538179582,40.7872483808059],[-73.8706905549034,40.7872162380837],[-73.870700625229,40.7871882797857],[-73.8707051303073,40.7871757732632],[-73.8707158873025,40.7871486739126],[-73.8707316264735,40.7871159583143],[-73.8707500629257,40.7870840669966],[-73.8707711229488,40.7870531295478],[-73.8707736269951,40.7870497491689],[-73.8707996765855,40.7870148677068],[-73.8712465531918,40.7865443619384],[-73.8719588731937,40.7860135665288],[-73.8722944891843,40.7858006072128],[-73.8723945094013,40.7856957932721],[-73.8723981799253,40.7856919819078],[-73.8724265618582,40.7856646317544],[-73.8724571695373,40.7856387050497],[-73.8724898783645,40.7856143061125],[-73.872524556646,40.7855915329501],[-73.8725610667753,40.7855704781602],[-73.8725992593184,40.7855512244222],[-73.8726389812925,40.78553385171],[-73.8726441732535,40.7855317646801],[-73.8728020245591,40.7854689533699],[-73.8728693483348,40.7854454254879],[-73.8729394897858,40.7854272649656],[-73.8731024154896,40.7853920574338],[-73.8733286868383,40.7853342212511],[-73.8733944488727,40.7853200070425],[-73.8734616838773,40.7853105832852],[-73.8736093224131,40.7852953403983],[-73.8736808571793,40.78529069209],[-73.8737526446673,40.7852914650383],[-73.8741818912022,40.7853123389338],[-73.8742274699493,40.7853156611091],[-73.8742726796715,40.7853211710845],[-73.8745510733591,40.785362021373],[-73.8745631044206,40.785363867891],[-73.8745983193887,40.7853702124315],[-73.8747081846663,40.7853922321397],[-73.8748943550329,40.785397378141],[-73.8749361189932,40.7853994550026],[-73.8749776544092,40.7854033677254],[-73.8751659127985,40.7854253261301],[-73.8752475386946,40.7854348463772],[-73.8755555480542,40.7854137222054],[-73.8755604475424,40.7854133988124],[-73.8758372813344,40.7853955756823],[-73.8758777553158,40.7853804016912],[-73.8759200504884,40.7853669892282],[-73.8759633796232,40.7853556427142],[-73.8760075684825,40.7853464078864],[-73.8760524392898,40.7853393223734],[-73.8760978107333,40.7853344138954],[-73.8761435003317,40.7853317020666],[-73.8761893244326,40.7853311992962],[-73.8762350982222,40.7853329053858],[-73.8762806368953,40.7853368156345],[-73.876312906134,40.785340946656],[-73.8763427604755,40.7853452993025],[-73.8764260169053,40.7853470140099],[-73.8765719439638,40.7853260815228],[-73.8766120178801,40.7853118703829],[-73.8766784105578,40.7852913100371],[-73.8767471572883,40.7852758544167],[-73.8769427333992,40.7852398028838],[-73.8771445810544,40.7852000161176],[-73.877235626812,40.7851638877299],[-73.8772707651013,40.7851508516618],[-73.8773130598474,40.785137438687],[-73.8773563885954,40.7851260916489],[-73.8774005771091,40.7851168562866],[-73.8774454476134,40.7851097702311],[-73.8774710108983,40.785107004054],[-73.8775031619824,40.7850864707587],[-73.8775371732973,40.7850677476398],[-73.8776225875437,40.7850232932208],[-73.8776507089695,40.7850093751978],[-73.8776904293023,40.7849920007431],[-73.8777315203197,40.7849765755155],[-73.8777738148624,40.7849631623713],[-73.8778171434185,40.7849518151597],[-73.8778613317525,40.7849425796204],[-73.8778980550352,40.7849366130835],[-73.8782280968095,40.784889769655],[-73.8782997388592,40.7848823990765],[-73.8785571485552,40.7848658339182],[-73.8785847137129,40.7848644626807],[-73.8786305374738,40.7848639589397],[-73.8786763110047,40.7848656640598],[-73.8787218495016,40.7848695733441],[-73.8787239341978,40.7848698051659],[-73.8790713433776,40.7849089314456],[-73.879148840554,40.7849209885172],[-73.8792241391976,40.7849394151869],[-73.8797723190635,40.7850992367855],[-73.8798459644874,40.7851142196037],[-73.8798526320257,40.7851156025223],[-73.8798711881311,40.7851197263552],[-73.8800767330941,40.7851676913556],[-73.8800816443328,40.7851673993002],[-73.8801274682908,40.785166894964],[-73.8801732420684,40.7851685994895],[-73.8802187808603,40.7851725081821],[-73.8802438074757,40.7851756112066],[-73.8806161016024,40.7852268929487],[-73.8806361964125,40.7852298854202],[-73.8806807192702,40.7852381441049],[-73.8807244623253,40.7852485316532],[-73.8807672503122,40.7852610082625],[-73.8807926025292,40.7852695496376],[-73.8808194209086,40.7852790569613],[-73.8811378085011,40.7852724681134],[-73.881184973577,40.7852726635296],[-73.8812320219322,40.7852751974105],[-73.8813698131394,40.7852860670103],[-73.8813990095376,40.785288828283],[-73.8814441311177,40.7852949233818],[-73.8814886541192,40.7853031817543],[-73.881532397343,40.7853135689957],[-73.8815751855231,40.7853260453049],[-73.8816168481544,40.7853405582786],[-73.8816572147391,40.7853570510112],[-73.8816838115122,40.7853693485622],[-73.8817630056298,40.7854077660175],[-73.881793758755,40.7854119101575],[-73.8821808710111,40.7854736280522],[-73.8822386806774,40.7854847768212],[-73.8822950836622,40.7854995126258],[-73.8826225526055,40.7855967379416],[-73.8827009340581,40.7856080055829],[-73.8827711900946,40.7856209020191],[-73.8831362198356,40.7857028006047],[-73.8831688833734,40.7857107743492],[-73.8832116721154,40.78572325005],[-73.8832533353519,40.7857377624311],[-73.8832937025829,40.7857542545895],[-73.8833326116199,40.7857726588246],[-73.8833529544422,40.7857837006617],[-73.8833563233266,40.7857846757132],[-73.8834251199443,40.7857739618083],[-73.8834456140554,40.7857710045757],[-73.8834909852479,40.7857660931873],[-73.8835366748413,40.7857633784277],[-73.8835824991833,40.7857628727177],[-73.8836222650585,40.7857642258119],[-73.8838713071215,40.7857779386294],[-73.8839239802393,40.785782320406],[-73.8839760902561,40.7857896255222],[-73.8843530415655,40.7858534195504],[-73.8843894521242,40.78586034132],[-73.8844316543344,40.785870321588],[-73.8848100652312,40.7859695665501],[-73.8848765167971,40.7859899158572],[-73.8849399874003,40.7860151689857],[-73.8850083513445,40.7860457435259],[-73.8853265835707,40.7861291769469],[-73.8853482006132,40.7861346122722],[-73.8894669994089,40.7799579997564],[-73.8903299032599,40.7786446328884],[-73.8904632334798,40.7785521051414],[-73.8904643408377,40.778534976825],[-73.8904687536925,40.7785003044478],[-73.8904760506084,40.7784659148679],[-73.8904862017376,40.7784319467339],[-73.8904991665756,40.7783985359823],[-73.8905148939583,40.7783658176391],[-73.8905333185125,40.7783339231146],[-73.8905543665762,40.77830298201],[-73.8905779550215,40.7782731176138],[-73.8906039865102,40.7782444504996],[-73.8906323577904,40.778217095832],[-73.8906390036855,40.7782111759284],[-73.8906492380528,40.7782021896146],[-73.8906373212376,40.7782063125155],[-73.8906231509028,40.7782106755116],[-73.8905380732715,40.7782360762646],[-73.8905094174306,40.7782441049418],[-73.8904656434268,40.7782544056202],[-73.8904210969964,40.7782625758575],[-73.8903759594449,40.7782685816064],[-73.8903304120597,40.7782723996257],[-73.8903183007464,40.778273041864],[-73.8902335769363,40.7782769927454],[-73.8901999134898,40.7782779638355],[-73.890180515936,40.7782777112206],[-73.8901084210958,40.7782745636722],[-73.8900630718644,40.7782695631479],[-73.890018230877,40.7782623865749],[-73.8899740793366,40.7782530620423],[-73.8899307948756,40.7782416275417],[-73.8898885515589,40.778228129166],[-73.8898475186989,40.7782126211085],[-73.8898078632236,40.7781951665652],[-73.8897697437592,40.7781758341274],[-73.889733312989,40.7781547040877],[-73.8896987200372,40.7781318594365],[-73.8896661021649,40.7781073930587],[-73.8896355907007,40.7780814032368],[-73.8896073098544,40.7780539945496],[-73.8895813731631,40.7780252778693],[-73.8895578834946,40.7779953685608],[-73.889536937784,40.7779643873856],[-73.8895186187461,40.7779324577935],[-73.889502999608,40.7778997095283],[-73.8894901453011,40.7778662741269],[-73.8894801065351,40.7778322867143],[-73.8894729233567,40.7777978833055],[-73.8894686251464,40.777763202607],[-73.8894672294354,40.7777283851141],[-73.8894672420743,40.777725766463],[-73.889468444807,40.7775742480503],[-73.8894144571236,40.7774342580556],[-73.8893941423586,40.7773815807325],[-73.8893048110795,40.7771499440548],[-73.8892985625967,40.777132707823],[-73.8892973885734,40.7771292028369],[-73.8890695813808,40.776439531416],[-73.8889069347685,40.775991217605],[-73.8889038600204,40.7759824626479],[-73.8888938218377,40.7759484751745],[-73.8888866391655,40.7759140717194],[-73.888882341382,40.775879390989],[-73.8888809460171,40.7758445734792],[-73.8888824575714,40.7758097587722],[-73.8888845688809,40.7757903423518],[-73.8889670712667,40.7751666701267],[-73.8889733209992,40.7751311287716],[-73.8889826096434,40.7750959730579],[-73.8891582409079,40.7745280162283],[-73.8891761731153,40.7744799609911],[-73.8893347751109,40.7741184432408],[-73.8893021405109,40.7741081533564],[-73.8880395025745,40.7742467906798],[-73.8880146670827,40.7742590539186],[-73.8879815914198,40.7742744419942],[-73.8879411746212,40.774290853998],[-73.8878994688085,40.7743052836256],[-73.8878566446533,40.7743176743099],[-73.8878128728201,40.7743279739867],[-73.887768328691,40.7743361432034],[-73.8877301943249,40.7743413631952],[-73.8875599332852,40.7743611001136],[-73.8876183943585,40.7742155006765],[-73.8879900002779,40.7732899996789],[-73.8874930003358,40.7665500002331],[-73.8932990000061,40.7659949997912],[-73.8995189994302,40.7566530001007],[-73.8983719997621,40.7542159999125],[-73.9026400000814,40.7538590001507],[-73.9105070003347,40.7531340002529],[-73.9094369998941,40.7510359999675],[-73.9099379996672,40.7486129997181],[-73.919662999744,40.7495590000157],[-73.9332440004074,40.7495949999497],[-73.9371295003278,40.7497330095942],[-73.9379180000243,40.7497609999617],[-73.9423949995998,40.7514540002612],[-73.9450789998123,40.752596000234],[-73.9495500000384,40.7546339996132],[-73.9511478619912,40.7553110796958],[-73.9512625576213,40.7553596799365],[-73.9514990322818,40.7554598799389],[-73.9515178316175,40.7554678456199],[-73.9512876844656,40.7557266375762],[-73.951284073246,40.7557306586074],[-73.9512568929383,40.7557586978577],[-73.9512274280869,40.7557853700674],[-73.951195798375,40.7558105672248],[-73.9511621305865,40.7558341885253],[-73.9511549427382,40.7558386240696],[-73.9509541056451,40.7560991477358],[-73.9509504963054,40.7561037774989],[-73.9509481268647,40.7561067616657],[-73.9493438651327,40.7581127094528],[-73.949035998526,40.7584976441085],[-73.9482789678885,40.7594944828838],[-73.9482729765547,40.7595022254379],[-73.948248185885,40.7595315185401],[-73.9482210027483,40.7595595570585],[-73.9481915349998,40.7595862284769],[-73.9481608787475,40.7596106931155],[-73.9481160786347,40.7596443095132],[-73.9470839717203,40.7609743829852],[-73.9470813873207,40.760977686651],[-73.9470571894334,40.7610063241958],[-73.9463486290227,40.7617903081933],[-73.9463028707957,40.7618356651117],[-73.9462508874609,40.7618769632343],[-73.9459205272193,40.7623217417232],[-73.9454668439065,40.763002380538],[-73.945464366813,40.7630060624294],[-73.945442068071,40.7630364916296],[-73.9454172748407,40.7630657841074],[-73.9453900890698,40.7630938219432],[-73.9453606186241,40.7631204926236],[-73.9453289832094,40.763145688143],[-73.9452953096325,40.7631693077034],[-73.9452597329875,40.7631912550132],[-73.9452223978358,40.7632114436909],[-73.9451887815184,40.7632272810866],[-73.9451795700615,40.7632542044926],[-73.9451652478264,40.7632872921208],[-73.9451481939229,40.7633196229233],[-73.945128477148,40.7633510654579],[-73.945106178137,40.7633814945916],[-73.9450899565935,40.7634011151597],[-73.9446760199752,40.763879081443],[-73.9441971655946,40.764685692595],[-73.9441604383405,40.7647394367144],[-73.9441161481374,40.7647897777495],[-73.9441101691106,40.7647958235373],[-73.9441064279911,40.7648067565472],[-73.944092104889,40.7648398440345],[-73.9440750500671,40.7648721746707],[-73.9440553323259,40.7649036170144],[-73.9440330323048,40.7649340459334],[-73.9440082377484,40.7649633380997],[-73.9439810506098,40.7649913755952],[-73.9439515787602,40.7650180459077],[-73.9439199419112,40.7650432410331],[-73.9438862668752,40.765066860175],[-73.9438506887523,40.7650888070435],[-73.9438301340507,40.7650999209548],[-73.9437639936012,40.7651760002188],[-73.9437502574268,40.7652136183856],[-73.9437471924859,40.7652217673539],[-73.9437328691161,40.7652548547945],[-73.9437158140136,40.7652871853756],[-73.9436960959799,40.7653186276559],[-73.9436737956557,40.7653490565035],[-73.9436633385666,40.7653619114929],[-73.9435883485285,40.7654513272972],[-73.9435467338311,40.7655229699471],[-73.9435278032314,40.7655530510209],[-73.9435055027519,40.7655834798349],[-73.9434807077217,40.7656127718848],[-73.9434535200959,40.7656408092531],[-73.9434317886306,40.7656608014872],[-73.9433268817289,40.7657527967782],[-73.9433191408248,40.765759474712],[-73.9433173428183,40.7657609947791],[-73.9431410043095,40.7659095388208],[-73.9431111647462,40.7659332136564],[-73.9430787854264,40.7659559768198],[-73.9428927557701,40.7660789638823],[-73.9418983842771,40.7672321701429],[-73.9418660753995,40.7672666602616],[-73.9418303665981,40.7672991540383],[-73.941511040237,40.7675679414238],[-73.941481370034,40.7675914718375],[-73.9414668350455,40.7676020363718],[-73.9410914121637,40.7678673793614],[-73.9409798895438,40.7679619553534],[-73.9409484208577,40.7679870047581],[-73.9409434548567,40.7679906807717],[-73.9406370677078,40.7682152909168],[-73.9405842712526,40.7682503959647],[-73.9405272452118,40.7682814420349],[-73.9401594513694,40.7684617909396],[-73.9400876658153,40.7684927255671],[-73.9400117072995,40.768517231081],[-73.9398894708289,40.7685505382499],[-73.9397432229803,40.7686235323496],[-73.9397075646211,40.7686402252475],[-73.9396671639958,40.7686566554057],[-73.939625472926,40.768671103765],[-73.9395826620248,40.7686835136816],[-73.939538901902,40.7686938330147],[-73.9394943678938,40.768702022233],[-73.9394492412544,40.7687080472119],[-73.9394037032284,40.7687118846327],[-73.9393579362388,40.7687135174815],[-73.9393121250668,40.7687129413528],[-73.9392664544891,40.768710156344],[-73.9392211080865,40.768705175159],[-73.9391762682487,40.7686980177057],[-73.939146610899,40.7686917669573],[-73.9388090394077,40.7690213941215],[-73.9388065735654,40.7690237881522],[-73.9387770978591,40.769050457125],[-73.9387454571369,40.7690756508144],[-73.9387117782269,40.7690992684296],[-73.9386761962446,40.769121213687],[-73.9386388557729,40.7691414002134],[-73.9385999073148,40.7691597443404],[-73.9385595061012,40.7691761741088],[-73.9385280144235,40.7691873100522],[-73.9382537698164,40.7692782592832],[-73.9380298071672,40.7693776402171],[-73.9380264194347,40.7693791341319],[-73.9379860179465,40.7693955636988],[-73.9379443260493,40.7694100114481],[-73.9379015143599,40.7694224207387],[-73.937857753491,40.7694327394321],[-73.9378132187821,40.7694409279998],[-73.9377680914899,40.7694469523195],[-73.9377569625021,40.7694480962516],[-73.9375544408869,40.7694676833922],[-73.9374849037712,40.769471825824],[-73.9374151653623,40.7694708496409],[-73.9373133997806,40.7694656776582],[-73.9373067985776,40.7694848223797],[-73.9372924710912,40.7695179089985],[-73.9372754117704,40.7695502386055],[-73.937255689434,40.7695816797636],[-73.9372359225278,40.7696088642124],[-73.9371818943601,40.7696784410108],[-73.9371793565667,40.7696816841423],[-73.9371545572283,40.7697109748129],[-73.9371273652663,40.7697390106712],[-73.9370978885711,40.7697656792115],[-73.9370662468739,40.769790872437],[-73.9370538121573,40.7697999454242],[-73.9368952602665,40.7699128908313],[-73.9368740150452,40.7699274349366],[-73.9368384320149,40.7699493796237],[-73.9368010905218,40.7699695655519],[-73.9367621410731,40.7699879090554],[-73.9367217389037,40.7700043381775],[-73.9366800463512,40.770018785468],[-73.9366468863094,40.7700286016419],[-73.9364705507834,40.7700770299981],[-73.9364608984949,40.7700796226292],[-73.9364171369709,40.7700899407744],[-73.9363726016454,40.7700981287844],[-73.9363274737776,40.7701041525393],[-73.936281934617,40.7701079887255],[-73.9362361665915,40.770109620334],[-73.9361903544862,40.7701090429641],[-73.9361446830817,40.7701062567185],[-73.936099335962,40.7701012743059],[-73.9360544955197,40.7700941156391],[-73.9360320151406,40.7700896636777],[-73.9359257821336,40.7700672325375],[-73.9358817705232,40.770056728893],[-73.9358388188542,40.7700439385424],[-73.9357215462163,40.7701485225209],[-73.9356924602437,40.7701917493809],[-73.9356974974404,40.7701957720407],[-73.9357269233819,40.7702224730852],[-73.9357540620121,40.7702505389109],[-73.935778805652,40.7702798568964],[-73.9358010525495,40.7703103090205],[-73.9358207151706,40.770341771867],[-73.9358377130895,40.7703741202223],[-73.9358519777304,40.7704072225759],[-73.9358634523627,40.7704409465232],[-73.9358720909191,40.7704751560632],[-73.9358778579941,40.7705097134],[-73.9358807300283,40.7705444789427],[-73.9358806964921,40.770579312207],[-73.9358777575144,40.7706140745155],[-73.9358719238865,40.7706486253955],[-73.935869675567,40.7706586638595],[-73.9357275227448,40.7712595591578],[-73.9357210664955,40.7712837205698],[-73.935709526692,40.771317431687],[-73.9356951980178,40.7713505180981],[-73.9356781374521,40.7713828474598],[-73.9356648649889,40.7714040045853],[-73.9377345289938,40.7720161313911],[-73.9377521812168,40.7720215574568],[-73.9377938477587,40.7720360501482],[-73.9378342201833,40.772052523234],[-73.9378731362802,40.7720709090902],[-73.9379104409496,40.7720911355945],[-73.9379459838397,40.7721131189206],[-73.9379796205235,40.7721367725441],[-73.9380112160583,40.7721620000401],[-73.9380406437963,40.7721887004859],[-73.9380677842028,40.7722167657583],[-73.9380925295919,40.7722460832383],[-73.9381147782043,40.7722765349067],[-73.9381344424991,40.772307997349],[-73.9381514420437,40.7723403453534],[-73.9381657082558,40.7723734474108],[-73.938171418401,40.7723891291397],[-73.9383599118695,40.7729382841399],[-73.9384856644207,40.7733013217108],[-73.9384995266102,40.7733503281951],[-73.9385074512997,40.7734000915336],[-73.9385467553593,40.773798818416],[-73.9385695350892,40.7740298960809],[-73.9385713838576,40.7740828583599],[-73.9385665081285,40.7741357098937],[-73.9384932037078,40.7746045780814],[-73.9384890999671,40.7746269038653],[-73.9384882148895,40.7746309934779],[-73.9383970129265,40.775042495374],[-73.9383854186384,40.7750846435236],[-73.9383695133245,40.7751259717095],[-73.9383493967167,40.7751662242403],[-73.9381848144528,40.7754602601644],[-73.9381635882626,40.7754948046777],[-73.9381392537011,40.7755281444463],[-73.9380381430413,40.7756557031009],[-73.9376466434978,40.7762017748238],[-73.9373448954917,40.776653540223],[-73.9372534537903,40.7768275297488],[-73.9372442041508,40.7768443163879],[-73.9372412913052,40.7768492981841],[-73.9370769656998,40.7771266498814],[-73.9370601538986,40.7771531091782],[-73.9370378465788,40.7771835366873],[-73.9370130443843,40.7772128272943],[-73.9369858492994,40.7772408630875],[-73.936963750506,40.7772611717464],[-73.9366457727149,40.7775394913481],[-73.9366383913744,40.7775458511426],[-73.9366067458064,40.7775710442124],[-73.9365730618412,40.7775946611723],[-73.9365374746146,40.7776166057411],[-73.9365001287306,40.7776367915485],[-73.9364731869248,40.777649753844],[-73.9362605035416,40.7777471473368],[-73.9361277220817,40.7778803004878],[-73.9360862969425,40.7779181823788],[-73.9356064512807,40.7783189459951],[-73.9355785845682,40.7783409567143],[-73.9355448998488,40.7783645733709],[-73.9355093118719,40.7783865176196],[-73.9354719652445,40.7784067030914],[-73.9354330104946,40.7784250461222],[-73.9354019529336,40.7784378941976],[-73.9352347314218,40.7785030885784],[-73.9351774904711,40.778523058358],[-73.9351181789964,40.7785391610857],[-73.9347468039301,40.7786263046494],[-73.9346833899032,40.7786388199293],[-73.9346187458237,40.7786469148097],[-73.9342105481027,40.778683665235],[-73.9341823047775,40.7786857814977],[-73.9341365308048,40.77868741227],[-73.9340907128163,40.7786868340661],[-73.9340450356163,40.7786840469918],[-73.9339996828122,40.7786790637593],[-73.9339548368195,40.7786719042847],[-73.9339106788605,40.778662596588],[-73.933867386594,40.7786511785932],[-73.933863851548,40.778650141887],[-73.9337652412173,40.7786209873117],[-73.9335633158923,40.7786098102029],[-73.9335116011057,40.7786055191988],[-73.9334604269567,40.7785984099105],[-73.9331289566186,40.7785429100715],[-73.9331154011075,40.7785405356839],[-73.9330044221049,40.7785202423276],[-73.9329982540463,40.7785223792362],[-73.9329554355766,40.7785347866719],[-73.9329116679528,40.7785451034726],[-73.9328671265413,40.7785532901172],[-73.9328219926263,40.7785593124915],[-73.9327764474813,40.7785631472873],[-73.9327306735585,40.7785647775012],[-73.9326848556666,40.7785641987383],[-73.9326391786096,40.7785614111067],[-73.9325938259942,40.7785564273208],[-73.9325489802352,40.7785492672989],[-73.9325427124604,40.7785480848722],[-73.9324862186112,40.7785372241451],[-73.9323298807053,40.7785148801268],[-73.9322925206964,40.7785087590781],[-73.9322772054937,40.7785057892262],[-73.9318584158252,40.7784208752951],[-73.9318295734862,40.7784145367083],[-73.9318218150218,40.7784126608739],[-73.9315907038648,40.7783557021939],[-73.9315551706443,40.7783461591798],[-73.9315129188281,40.7783326760649],[-73.9314718762143,40.7783171828311],[-73.9314322097705,40.7782997426142],[-73.931394078166,40.7782804239483],[-73.9313576341343,40.7782593070707],[-73.931323026852,40.778236474918],[-73.9312903936383,40.7782120203256],[-73.9312760566576,40.778200232301],[-73.9311980486467,40.7781341780068],[-73.9307157782594,40.7778969866126],[-73.9306887069031,40.7778829999342],[-73.9306522633127,40.7778618828322],[-73.9306176564787,40.7778390504663],[-73.9305850237189,40.7778145956726],[-73.9305544964215,40.7777886166868],[-73.93052619886,40.7777612180437],[-73.9305002446393,40.7777325105754],[-73.9304767366975,40.7777026096098],[-73.9304557720434,40.7776716358744],[-73.9304374334675,40.7776397127893],[-73.9304217942762,40.7776069700725],[-73.9304089194813,40.7775735392378],[-73.9303988598755,40.7775395553921],[-73.9303916555888,40.7775051545363],[-73.9303873360869,40.7774704753663],[-73.9303864010146,40.7774561532052],[-73.9303815837241,40.7773560080818],[-73.9302989355034,40.7771991022396],[-73.9301764747338,40.7770547918647],[-73.9301089760593,40.7769778011775],[-73.9297952516857,40.776833990175],[-73.9297787895318,40.7768396154915],[-73.9297611639199,40.7768454256002],[-73.9297452332255,40.7768503191271],[-73.9291687126231,40.777021347205],[-73.9291106814619,40.7770364363666],[-73.9290511735892,40.7770477262687],[-73.9290341108348,40.7770654844843],[-73.9290265971095,40.7770731629472],[-73.9288736332889,40.777226667404],[-73.9288248107855,40.7772706646432],[-73.928688209596,40.77738141948],[-73.928667547295,40.7773974995772],[-73.9286332003198,40.7774215469498],[-73.9285248038034,40.777492483513],[-73.9284766545442,40.777521379589],[-73.9284254536233,40.7775470643575],[-73.9282233806866,40.7776393131465],[-73.9275724923581,40.7780681332312],[-73.9270124484909,40.7784956933566],[-73.9269676072192,40.7785271492216],[-73.9266508100524,40.7787312342459],[-73.926604333252,40.7787587789452],[-73.9265550568869,40.7787833510834],[-73.9265033080958,40.778804786974],[-73.9263063040517,40.7788784168283],[-73.9262351788401,40.7789014917275],[-73.9261612146796,40.778918652964],[-73.9257109267285,40.7790033881208],[-73.9252936656444,40.7791212607168],[-73.9250720971754,40.779199226462],[-73.9244926178565,40.7796212703809],[-73.9239868141141,40.7801028922022],[-73.9236864419018,40.7804889795175],[-73.9236841237095,40.7804919379339],[-73.9236593144089,40.7805212256515],[-73.9236321123505,40.7805492582788],[-73.9236026254651,40.7805759233227],[-73.9235709735253,40.7806011128007],[-73.9235515659573,40.7806150811282],[-73.9233073934539,40.780784412353],[-73.9232483814093,40.7808211874042],[-73.9231845949159,40.7808530244898],[-73.9228376920438,40.7810068704934],[-73.9223583207527,40.7813684415045],[-73.9219196213787,40.7817469296898],[-73.9217552120298,40.7819704399047],[-73.9217123125938,40.7820218429551],[-73.9216621900021,40.7820693202928],[-73.9214105781556,40.7822818800236],[-73.9213798578516,40.7823062788886],[-73.9213461660906,40.7823298913801],[-73.9213105713153,40.7823518312302],[-73.9212732181599,40.7823720120878],[-73.9212342571791,40.7823903503074],[-73.9211938436534,40.7824067739535],[-73.9211521399665,40.7824212155978],[-73.9211093167825,40.7824336186243],[-73.9210655447609,40.7824439309194],[-73.9210573911851,40.7824454282726],[-73.9209387463927,40.7825342436137],[-73.920584508798,40.7829041289451],[-73.9205679151107,40.7829207804004],[-73.9205598109584,40.7829284569979],[-73.9200472482552,40.7834051201087],[-73.9200061183682,40.7834401913362],[-73.9199611936542,40.7834724611531],[-73.9198048477856,40.7835755049732],[-73.9196772303467,40.7837189561213],[-73.9196734555468,40.7837231570338],[-73.9196462505023,40.7837511887064],[-73.9196167606026,40.7837778527173],[-73.9195851056328,40.7838030410881],[-73.9195514124779,40.7838266530495],[-73.9195158163111,40.7838485923401],[-73.9194844292726,40.7838657285814],[-73.9192563607111,40.7839833366693],[-73.9189085141744,40.7841985600476],[-73.9186560262612,40.7843677278076],[-73.9186509076878,40.7843711253905],[-73.9186153109332,40.7843930644012],[-73.9185779558157,40.7844132443789],[-73.9185389928982,40.7844315816815],[-73.9184985774688,40.7844480043772],[-73.9184568719187,40.7844624450416],[-73.9184333311456,40.7844695549553],[-73.9182884139557,40.7845110987122],[-73.9182691297064,40.7845163907952],[-73.9182434763204,40.7845227139342],[-73.9179161327945,40.7845982981118],[-73.9178980123095,40.7846022861343],[-73.9178853848432,40.7846047832347],[-73.9178546878426,40.7847264930065],[-73.9178497098305,40.7847445796406],[-73.9178454447562,40.7847580787256],[-73.9177828183179,40.784945785104],[-73.9177648478649,40.784991284547],[-73.9177417693224,40.78503543229],[-73.9175837681665,40.7853032808386],[-73.9175663814389,40.785330692286],[-73.9175440624713,40.7853611159825],[-73.9175192486555,40.7853904023564],[-73.9174920420228,40.7854184335133],[-73.917463351062,40.78544441676],[-73.9172725668338,40.7856067358961],[-73.9170755009173,40.7857789223941],[-73.9163890338545,40.7864169703898],[-73.9163474886861,40.7864523461673],[-73.9163020764769,40.7864848609291],[-73.9163014122016,40.7864892774073],[-73.916295567024,40.7865238272118],[-73.916286850434,40.7865580255356],[-73.9162752981436,40.7865917346272],[-73.9162609565249,40.7866248185437],[-73.9162438826091,40.7866571449519],[-73.9162241452741,40.7866885824272],[-73.916201825238,40.7867190058574],[-73.9161770103258,40.7867482919361],[-73.9161748380339,40.7867506730835],[-73.9160293143417,40.7869092094193],[-73.9152139151554,40.78779751464],[-73.9151888777437,40.787823165914],[-73.9151827687316,40.7878289777575],[-73.9142369569468,40.7887162613997],[-73.9142343911549,40.7887186539236],[-73.9131454361662,40.7897285223983],[-73.9131246162564,40.7897469804901],[-73.9130929559924,40.7897721670543],[-73.9130592575143,40.7897957770956],[-73.9130236560167,40.7898177143608],[-73.9129862961608,40.789837892509],[-73.9129473285286,40.7898562279057],[-73.9129069084268,40.7898726486266],[-73.9128651982659,40.7898870872553],[-73.9128223687361,40.789899487188],[-73.9127785905226,40.7899097963236],[-73.9127340390334,40.7899179751717],[-73.912688895594,40.7899239896497],[-73.9126433415161,40.7899278164813],[-73.912597559288,40.789929438695],[-73.912581318105,40.789929230969],[-73.9125488070964,40.7899542303343],[-73.9125138413745,40.7899772350179],[-73.9122223810143,40.7901580132577],[-73.9122025539949,40.7901698775678],[-73.9121651936924,40.7901900554488],[-73.912126225628,40.7902083905669],[-73.9120858051099,40.7902248109989],[-73.9120440945503,40.7902392493297],[-73.912001264641,40.7902516489566],[-73.9119574860688,40.7902619577797],[-73.911912934243,40.7902701363099],[-73.9118677904908,40.790276150466],[-73.9118222361246,40.7902799769729],[-73.9117764536344,40.7902815988603],[-73.9117306278624,40.7902810117669],[-73.9116849436453,40.7902782158345],[-73.9116395846183,40.7902732238109],[-73.9115947332217,40.7902660556474],[-73.911563508882,40.7902594688409],[-73.9115595855513,40.7902668949652],[-73.9115398449342,40.7902983316206],[-73.9115175215474,40.7903287541266],[-73.9114927032292,40.7903580391802],[-73.9114654920291,40.7903860688927],[-73.9114359959143,40.7904127307827],[-73.9114043346949,40.7904379168805],[-73.9113706352809,40.7904615264257],[-73.9113418438092,40.7904794836885],[-73.9109247963231,40.7907262011163],[-73.9106269367407,40.7909118636836],[-73.9105413214986,40.7909800354369],[-73.910526041206,40.7910228496067],[-73.9105217639138,40.7910343375806],[-73.910507418479,40.7910674207583],[-73.9104903406302,40.7910997462916],[-73.9104705992614,40.7911311827599],[-73.9104482751067,40.7911616050547],[-73.9104234560076,40.7911908898743],[-73.910396244017,40.7912189193307],[-73.9103667471049,40.7912455809437],[-73.910335085085,40.7912707667444],[-73.9103013848703,40.7912943759739],[-73.9102657816626,40.791316312382],[-73.9102284201299,40.7913364896315],[-73.910189450861,40.7913548240915],[-73.9101740189246,40.7913613893255],[-73.9100875578132,40.7913971249319],[-73.9100625680315,40.7914069794289],[-73.9100208562925,40.7914214170248],[-73.9099780252459,40.7914338158976],[-73.909934245583,40.7914441239503],[-73.9098896927176,40.7914523016969],[-73.9098445479809,40.7914583150594],[-73.9097989926897,40.7914621407659],[-73.9097532093372,40.7914637618493],[-73.9097073827693,40.7914631739516],[-73.9096616978261,40.7914603772177],[-73.9096163381453,40.7914553843987],[-73.9096119384584,40.7914547803143],[-73.909515958326,40.7914413739886],[-73.9094563214645,40.7914310434339],[-73.9093980488057,40.7914169138063],[-73.9091115147331,40.7913371298486],[-73.9065787914778,40.7908744706011],[-73.9065765633824,40.7908740608681],[-73.9065324011599,40.790864742698],[-73.9064891056563,40.7908533144395],[-73.9064468509808,40.7908398221604],[-73.9064058064915,40.7908243200294],[-73.9063661391638,40.7908068712184],[-73.9063280076708,40.790787544296],[-73.9063244488014,40.7907856017242],[-73.906122125006,40.7906744395344],[-73.9054457524688,40.7905265997699],[-73.9043301405912,40.7903133850923],[-73.9033339624078,40.7901252190278],[-73.9028252052898,40.7901035591932],[-73.9027847510551,40.7901009685555],[-73.9027393928164,40.7900959730291],[-73.9026945424977,40.7900888014019],[-73.9026503813395,40.7900794817433],[-73.9026341208418,40.7900754625783],[-73.9025416675194,40.7900516877477],[-73.9025230243258,40.7900541699727],[-73.9024774695748,40.7900579927862],[-73.9024316870097,40.7900596109617],[-73.9023858614732,40.7900590201528],[-73.9023401778012,40.7900562205162],[-73.9022948196263,40.7900512248148],[-73.902280050414,40.7900491123247],[-73.9020110250766,40.7900084180925],[-73.901980944087,40.7900033587121],[-73.9019367830854,40.7899940387799],[-73.9018934889369,40.7899826087935],[-73.9018512357454,40.7899691148278],[-73.901810192863,40.7899536110581],[-73.9017705272586,40.7899361606631],[-73.9017323975984,40.7899168322177],[-73.9016959566073,40.7898957059983],[-73.9016613534505,40.7898728649797],[-73.9016333777828,40.7898518900429],[-73.901599369382,40.7898419194784],[-73.9013663223202,40.7897899234413],[-73.9010994130486,40.7897614811106],[-73.9010535057881,40.7897554362654],[-73.9010082073017,40.7897471541788],[-73.9008050692371,40.7897047009892],[-73.9007813275718,40.7896994054166],[-73.9007614230236,40.7896944400251],[-73.9004117039395,40.7896029193892],[-73.9003703896381,40.7895910222795],[-73.9003301113486,40.7895772259929],[-73.9000464741579,40.789472034129],[-73.9000213827507,40.7894622635379],[-73.8999817179078,40.7894448125261],[-73.8999435890484,40.7894254834874],[-73.8999071488938,40.7894043567008],[-73.8998725466061,40.7893815151434],[-73.8998418318396,40.7893585742967],[-73.8996312331226,40.7891916056175],[-73.8996293207765,40.7891900830052],[-73.8996086695567,40.7891728663417],[-73.8993927624922,40.7889850135694],[-73.8989207769932,40.7886349907931],[-73.8983789569457,40.7882872187967],[-73.8983542877475,40.788270637719],[-73.8983216617275,40.7882461738295],[-73.8982911422383,40.7882201863399],[-73.8982628535221,40.7881927798197],[-73.8982367743249,40.7881639065252],[-73.8982186858822,40.7881424252955],[-73.897619568699,40.7877580891417],[-73.8975947436507,40.787741406905],[-73.8975880510724,40.7877366373043],[-73.8968525310904,40.7872057128365],[-73.8967818881217,40.7871743886723],[-73.8967100619301,40.7871520405065],[-73.8966828724051,40.7871430813571],[-73.8966418324684,40.7871275757402],[-73.8966021699022,40.7871101235589],[-73.896564043361,40.7870907933952],[-73.8965276055566,40.7870696655324],[-73.8964930056417,40.7870468229521],[-73.8964603809053,40.7870223585311],[-73.8964298627036,40.7869963705438],[-73.8964015752736,40.7869689635615],[-73.8963756321791,40.78694024845],[-73.8963742615775,40.7869386173093],[-73.8962697113424,40.7868136767847],[-73.8962652673926,40.7868082976895],[-73.895773521464,40.7862053453335],[-73.8957710950478,40.7862023489702],[-73.8952149781236,40.7855105887571],[-73.8951997239651,40.7854906872997],[-73.8951787732714,40.7854597071857],[-73.8951604494657,40.7854277785272],[-73.8951448257944,40.7853950310643],[-73.8951319672073,40.7853615963307],[-73.8951219244313,40.7853276094486],[-73.8951147375292,40.7852932064312],[-73.8951104358963,40.7852585259829],[-73.895109037078,40.7852237085984],[-73.8951105455887,40.7851888938597],[-73.895114956465,40.78515422134],[-73.8951222517102,40.785119831501],[-73.8951324014835,40.7850858629923],[-73.8951453652857,40.7850524517521],[-73.895161091957,40.7850197328082],[-73.8951795161268,40.7849878375734],[-73.8952005641348,40.7849568956517],[-73.8952241528534,40.7849270303349],[-73.8952501849431,40.7848983622003],[-73.8952785571498,40.7848710064167],[-73.8953091555645,40.7848450736406],[-73.8953411950066,40.7848211313742],[-73.895631930227,40.7846169954529],[-73.8964488159451,40.7839953421408],[-73.8969645154418,40.7835874355887],[-73.8969677805451,40.7835414588615],[-73.8969766971814,40.7834959176264],[-73.8966237719854,40.783689115928],[-73.8948092633787,40.7846978213002],[-73.8947822515913,40.7847121308357],[-73.8947432819467,40.7847304600917],[-73.894702860468,40.7847468744411],[-73.8946611495714,40.7847613064929],[-73.8946183199495,40.7847736996704],[-73.8945745422886,40.7847840018993],[-73.8945299919939,40.7847921737169],[-73.8944848503865,40.7847981810693],[-73.8944392987703,40.7848020007088],[-73.8943935196241,40.7848036156925],[-73.8943476977766,40.7848030216871],[-73.8943020180491,40.7848002188622],[-73.8942763396419,40.7847976630968],[-73.8942074828135,40.78478985289],[-73.8941878072346,40.7847874097748],[-73.8941429614131,40.784780234814],[-73.8940988049731,40.784770911871],[-73.8940555155665,40.7847594789312],[-73.8940132672783,40.7847459820811],[-73.8939722294409,40.7847304755078],[-73.8939325690024,40.7847130224013],[-73.8938944446089,40.7846936913473],[-73.8938580089635,40.7846725626327],[-73.8938234112101,40.7846497192425],[-73.8937907886292,40.7846252540568],[-73.8937602725682,40.7845992653528],[-73.8937319872555,40.7845718577052],[-73.8937246921685,40.7845641696948],[-73.8936753986831,40.7845112611483],[-73.8936567527913,40.7844902334274],[-73.8936332590114,40.7844603249792],[-73.8936123093707,40.7844293445755],[-73.8935939865998,40.7843974156629],[-73.8935783639407,40.7843646679825],[-73.8935655063392,40.7843312330688],[-73.8935554645182,40.7842972460449],[-73.8935482785366,40.7842628429243],[-73.8935439777862,40.7842281624119],[-73.8935425798087,40.7841933450029],[-73.8935440891151,40.7841585302792],[-73.8935485007389,40.784123857814],[-73.8935557966803,40.7840894680687],[-73.8935659470957,40.7840554996926],[-73.8935718396197,40.7840393384175],[-73.8935947757252,40.7839799714724],[-73.8936018475766,40.7839627216766],[-73.8936175747489,40.7839300029379],[-73.8936359993566,40.7838981079445],[-73.8936570477374,40.7838671662996],[-73.8936806367623,40.7838373012937],[-73.8937066690905,40.7838086335029],[-73.893735041467,40.7837812780947],[-73.8937656399821,40.7837553457241],[-73.8937983400748,40.7837309407329],[-73.8938330100863,40.7837081611526],[-73.8938615478283,40.7836914606085],[-73.8949219510622,40.7831023133471],[-73.8946437318811,40.7829036282339],[-73.8946080979065,40.7829228682042],[-73.8945691292612,40.7829411974064],[-73.8945287088258,40.7829576116992],[-73.8944869990123,40.782972043692],[-73.894444170509,40.7829844368081],[-73.8944003939975,40.7829947389737],[-73.8943558448786,40.7830029107263],[-73.8943107044686,40.7830089180121],[-73.8943018995669,40.7830098302503],[-73.8941919712267,40.783020693893],[-73.8941552257154,40.7830236011914],[-73.894109447785,40.7830252160627],[-73.8940636271639,40.7830246219443],[-73.8940179486684,40.783021819006],[-73.8939725959101,40.7830168200239],[-73.8939277513044,40.7830096449774],[-73.8938835960686,40.7830003219495],[-73.8938403078502,40.7829888889257],[-73.8938095874555,40.7829793134966],[-73.8935289253742,40.7828860515556],[-73.8935173986804,40.7828821300239],[-73.8934763621072,40.7828666232695],[-73.8934367029089,40.7828491699874],[-73.8933985797266,40.7828298387639],[-73.8933621452584,40.7828087098863],[-73.893327478825,40.782785817649],[-73.8927510433527,40.7823799034533],[-73.8911952336384,40.7812853042701],[-73.8911625616068,40.781260801358],[-73.8911320481135,40.7812348119447],[-73.8911037653118,40.7812074036379],[-73.8910778267469,40.7811786873084],[-73.8910543352938,40.7811487783192],[-73.8910333878949,40.781117797431],[-73.8910150672719,40.7810858680921],[-73.891008225548,40.7810723117576],[-73.8908990892566,40.7808472169852],[-73.8908903104278,40.7808280252641],[-73.890877454859,40.7807945900324],[-73.8908674149434,40.7807606027558],[-73.8908602307324,40.7807261994489],[-73.8908559316105,40.7806915188175],[-73.8908545351127,40.780656701357],[-73.8908560457444,40.7806218866497],[-73.8908604585336,40.7805872142686],[-73.8908665176635,40.7805577951784],[-73.8908867160785,40.7804745691268],[-73.8908879538878,40.780469598623],[-73.8908981051123,40.780435630463],[-73.8909110701337,40.7804022196752],[-73.8909267977873,40.7803695012859],[-73.8909452226986,40.7803376067053],[-73.8909662712043,40.7803066655349],[-73.8909898601747,40.7802768010635],[-73.8910158922694,40.780248133865],[-73.8910442642341,40.7802207791043],[-73.8910538441025,40.7802123000218],[-73.8913591261908,40.7799475720457],[-73.8913382243821,40.7799338070634],[-73.8911856516814,40.7798269832264],[-73.8911523319327,40.7798020249396],[-73.8911218191119,40.7797760355179],[-73.8910935369341,40.7797486272025],[-73.8910675989418,40.7797199108642],[-73.8910441139178,40.7796900099764],[-73.890933747592,40.7795387876812],[-73.8909127653098,40.7795077499982],[-73.890865623578,40.7794321819846],[-73.8906943572041,40.7792465664861],[-73.8906775809448,40.7792275526615],[-73.8906540903597,40.7791976435818],[-73.8906331437609,40.7791666626116],[-73.8906148238667,40.7791347331996],[-73.8903626340251,40.7794606349983],[-73.889798999507,40.7801890004341],[-73.8860710683961,40.7861897419566],[-73.886116758175,40.7861870261741],[-73.8861625827889,40.7861865194384],[-73.8861781569428,40.7861868499963],[-73.8863848782586,40.7861929396514],[-73.8864150787447,40.7861943111675],[-73.8864542280446,40.7861975339197],[-73.8865788939071,40.7862104194897],[-73.8867256495181,40.786201002292],[-73.8867529757151,40.7861996441743],[-73.8867988003329,40.7861991371855],[-73.8868445749907,40.786200839061],[-73.8868901148802,40.7862047451168],[-73.8869195211726,40.7862084606286],[-73.8871885603245,40.7862468065193],[-73.8872042767542,40.7862491839188],[-73.8872488011081,40.7862574400648],[-73.8872925458574,40.7862678251184],[-73.8873353357301,40.7862802992871],[-73.8873707839313,40.7862926446976],[-73.8873791380752,40.786293773086],[-73.8873817296036,40.7862941916502],[-73.8879102456197,40.7863803248133],[-73.8879521786132,40.7863881621349],[-73.8879959235581,40.7863985469213],[-73.8880387136466,40.7864110208285],[-73.8880803783655,40.7864255314631],[-73.8880914864463,40.7864298628581],[-73.8882125036976,40.7864387034651],[-73.8882471003054,40.7864418734654],[-73.8882922232937,40.7864479658818],[-73.8883367479156,40.7864562216072],[-73.8883804929651,40.7864666062475],[-73.8884232831694,40.7864790800119],[-73.8884655707997,40.7864938270415],[-73.8886593909456,40.7865674269711],[-73.8886985144439,40.7865834450684],[-73.8887374254594,40.7866018474764],[-73.8887747233376,40.7866220898409],[-73.8888102577558,40.7866440882717],[-73.8888324689418,40.7866593804101],[-73.8889440059636,40.7867394363046],[-73.88894925054,40.7867432000532],[-73.8890866959013,40.7867949833968],[-73.8891274559441,40.7868116206669],[-73.8891392520648,40.7868169269655],[-73.889388212442,40.7869313462129],[-73.8894153276842,40.786944442118],[-73.8894526259604,40.786964684262],[-73.8894881607855,40.7869866824826],[-73.889521787763,40.7870103501949],[-73.8895533719903,40.7870355909175],[-73.8895827868648,40.7870623036746],[-73.8895977350406,40.7870773122516],[-73.8896994554379,40.7871831627858],[-73.8897320877772,40.7872201857275],[-73.8897606603758,40.787259098532],[-73.8900145849799,40.7876405109474],[-73.8900321651764,40.7876689025344],[-73.8900483046025,40.7876995052769],[-73.8902168384056,40.7880491119476],[-73.8902176790816,40.7880508642242],[-73.8902275060423,40.7880729151653],[-73.8902811000433,40.7882021242598],[-73.8903352008852,40.7882978027277],[-73.890342926888,40.7883114670876],[-73.8903583526124,40.7883410911595],[-73.8903725984889,40.7883741990484],[-73.8903840531796,40.788407927428],[-73.8903926706979,40.7884421402795],[-73.8903984157225,40.7884766997933],[-73.890399601576,40.7884911683809],[-73.8904118742441,40.7885145534723],[-73.8904261201843,40.7885476613537],[-73.890437574932,40.7885813897271],[-73.8904461925001,40.7886156025737],[-73.8904519375675,40.7886501620839],[-73.8904547866636,40.788684928658],[-73.8904547293518,40.7887197618081],[-73.8904524194511,40.7887468521049],[-73.8905487085747,40.78902310672],[-73.8905827132593,40.789080941304],[-73.8906896959109,40.7892628856033],[-73.8907077374203,40.7892965076299],[-73.8907228108249,40.7893309643058],[-73.8908160441904,40.7895702069621],[-73.8908167792143,40.789572105015],[-73.8908185334216,40.7895767424586],[-73.8908594433969,40.7896853564729],[-73.8908846244575,40.789696768057],[-73.8909436678275,40.7896913191736],[-73.891003119118,40.7896899958431],[-73.8912038214359,40.7896914957],[-73.8912612220136,40.7896936759529],[-73.8913181710692,40.7896995541111],[-73.8913752673017,40.789694385928],[-73.8914327468244,40.7896932063988],[-73.891567583894,40.7896942140218],[-73.8915728372616,40.7896942684916],[-73.8916186144445,40.7896959684699],[-73.8916641570048,40.7896998726372],[-73.8917092825138,40.7897059637128],[-73.8917123361568,40.7897064573551],[-73.891839948015,40.789727314829],[-73.8918690889984,40.7897255366666],[-73.8918935098908,40.7897243628086],[-73.8919469456073,40.7897224885453],[-73.8919925877696,40.7897219856219],[-73.8920383649822,40.7897236854335],[-73.892083907586,40.7897275894349],[-73.8921290331523,40.7897336803461],[-73.8921735604472,40.7897419345849],[-73.8922173082541,40.7897523177636],[-73.892260101289,40.789764790097],[-73.8923017690267,40.7897792991979],[-73.8923421409495,40.7897957881765],[-73.8923810548495,40.7898141893451],[-73.892418355635,40.7898344305203],[-73.8924472342178,40.7898520856887],[-73.8925185972273,40.7898980562216],[-73.8925252559905,40.7899023983454],[-73.8925588855203,40.7899260651608],[-73.8925904722822,40.7899513050397],[-73.8926198896635,40.7899780170095],[-73.8926470181714,40.7900060929004],[-73.8926717501679,40.7900354200513],[-73.8926939839471,40.7900658804031],[-73.8927039732869,40.7900812360481],[-73.8927299167504,40.7901227363915],[-73.8927773768403,40.7901986550006],[-73.8927995159365,40.7902379455598],[-73.8928175643207,40.7902784263753],[-73.8929377930089,40.7905871300316],[-73.8929497004258,40.790621827503],[-73.892958599928,40.7906570417688],[-73.8930661811217,40.7911742220837],[-73.8930728362575,40.7912170732074],[-73.8930750419026,40.7912601894527],[-73.893075000747,40.7913308175283],[-73.8930842718914,40.7913523616157],[-73.8930957284683,40.7913860897102],[-73.8931043477655,40.7914203023431],[-73.8931100944548,40.7914548617057],[-73.8931111936595,40.7914646610789],[-73.893131622721,40.7916683923061],[-73.8931333741336,40.7916933594251],[-73.8931336933843,40.7917063179332],[-73.893134185692,40.791760569984],[-73.8931913234147,40.7919764892844],[-73.8931993628307,40.7920133002158],[-73.8932040924306,40.7920504403648],[-73.8932100731871,40.7921230713226],[-73.8932165653471,40.7922019036037],[-73.8932323107512,40.7922271205146],[-73.8932492935624,40.7922594750407],[-73.8932635417149,40.7922925825521],[-73.8932749985445,40.7923263106237],[-73.8932807757116,40.7923478739692],[-73.89335797185,40.792668784045],[-73.8933608142223,40.7926814333115],[-73.8933665611536,40.7927159926545],[-73.8933694119457,40.7927507591346],[-73.8933693561554,40.792785592264],[-73.8933692260915,40.7927883818959],[-73.8933598990211,40.7929746635149],[-73.8933530390746,40.7930320749128],[-73.893338293988,40.7930886235374],[-73.8933184908277,40.7931480202654],[-73.8933029092725,40.7931882366246],[-73.8932833351223,40.7932274317188],[-73.8932776123187,40.7932376912307],[-73.8932499233659,40.7933253824886],[-73.8932397198275,40.7934491288837],[-73.8932407187585,40.7935466135376],[-73.8932403475822,40.7935689726319],[-73.8932399904942,40.7935758962527],[-73.8932269823822,40.7937926671901],[-73.8932236312785,40.7938260672658],[-73.8932176074176,40.7938592496455],[-73.8932006611284,40.7939353568862],[-73.8931843472372,40.79399096931],[-73.8931603341632,40.7940449455886],[-73.89316526052,40.7940754762333],[-73.8931681112652,40.7941102427109],[-73.8931680553684,40.7941450758329],[-73.8931650930476,40.7941798369222],[-73.8931592351877,40.7942143855107],[-73.893150505706,40.7942485820425],[-73.8931467517609,40.7942605210045],[-73.8930583442616,40.7945284334586],[-73.8930575912647,40.7945737936862],[-73.8930572557882,40.7945849514802],[-73.89305429339,40.7946197125642],[-73.8930484354339,40.7946542611447],[-73.8930397058377,40.7946884576657],[-73.8930297407851,40.7947179776394],[-73.8929576458729,40.7949093247521],[-73.8929362910371,40.7950518244676],[-73.8929307885273,40.7952182057726],[-73.8929277191406,40.7952568073862],[-73.8929210812145,40.7952951490417],[-73.8928702042858,40.7955258559642],[-73.8928621967293,40.7955567149824],[-73.8928506310163,40.7955904216775],[-73.8928362758182,40.7956235026314],[-73.8928191882202,40.7956558255226],[-73.8928028596768,40.7956818122942],[-73.8927497426717,40.7958991977625],[-73.8927350032382,40.7960581593219],[-73.8927334351149,40.7960724217918],[-73.8927294534566,40.7960976158935],[-73.8927109231667,40.7961956622585],[-73.8927090465693,40.7962050167126],[-73.8927003165954,40.7962392131996],[-73.8926887506819,40.7962729198748],[-73.8926743952561,40.796306000805],[-73.8926663772588,40.7963219078853],[-73.8926479260123,40.7963568796511],[-73.8926375584656,40.7964277799095],[-73.8926327649049,40.7964545464248],[-73.8926281131741,40.7964741883117],[-73.8925410378973,40.7968070366109],[-73.8925369595429,40.7968215912],[-73.8925253934454,40.7968552978557],[-73.8925110378129,40.7968883787625],[-73.8924939497323,40.7969207015991],[-73.8924741981392,40.7969521349555],[-73.8924518638087,40.7969825537362],[-73.8924270346231,40.7970118346531],[-73.8923998126761,40.7970398598344],[-73.8923965680231,40.7970429653331],[-73.8922499821169,40.7971821817455],[-73.8922321294145,40.7971984812232],[-73.8919635793965,40.7974342509951],[-73.8919571943147,40.7974528565527],[-73.891942838271,40.7974859373856],[-73.8919257497612,40.7975182601349],[-73.8919059977225,40.7975496933911],[-73.8918836629318,40.7975801120587],[-73.8918588332734,40.7976093928505],[-73.8918316108428,40.797637417895],[-73.8918021036522,40.7976640747293],[-73.891774027545,40.7976865536774],[-73.8912586191445,40.7980765372682],[-73.8912137319676,40.7981075108472],[-73.8912017746392,40.7981183127696],[-73.8911701021002,40.7981434932778],[-73.8911363916099,40.7981670968775],[-73.891100778412,40.7981890273413],[-73.8910634072138,40.798209198356],[-73.8910372807077,40.7982217680595],[-73.8905537234087,40.7984435471191],[-73.8905408712605,40.7984493053214],[-73.8905004404153,40.7984657181616],[-73.8904587200116,40.7984801486616],[-73.8904158807808,40.7984925402507],[-73.8903720934475,40.7985028408612],[-73.8903275334558,40.7985110110367],[-73.8902823821661,40.7985170167301],[-73.8902368209212,40.7985208347003],[-73.8901910322387,40.7985224480113],[-73.8901452009855,40.7985218523363],[-73.890099512021,40.7985190478516],[-73.8900541489988,40.7985140473396],[-73.8900092943755,40.7985068707856],[-73.8899651294092,40.7984975462788],[-73.8899218317862,40.7984861118108],[-73.8898795756245,40.7984726134743],[-73.8898385302878,40.7984571054622],[-73.8897988627551,40.7984396509706],[-73.8897607317006,40.7984203185906],[-73.8897242898542,40.7983991886143],[-73.8897217544277,40.7983975148603],[-73.8897111070743,40.7983963412273],[-73.889708965138,40.7983960492168],[-73.8894837910091,40.7983651219897],[-73.8894251671576,40.7983551413557],[-73.8893678386615,40.7983414932969],[-73.8893121999682,40.7983242709454],[-73.8892851651768,40.7983148887844],[-73.8889407937766,40.7984351020836],[-73.8889389560525,40.7984378468389],[-73.888936832083,40.798440992041],[-73.8889144956365,40.7984714101291],[-73.8888896643396,40.7985006902771],[-73.8888624402946,40.7985287146164],[-73.8888329315199,40.7985553706869],[-73.8888012578768,40.7985805505424],[-73.8887994663454,40.7985818833556],[-73.8887200757355,40.7986407048623],[-73.8886738899263,40.7986721030344],[-73.888624332128,40.7987003776965],[-73.88848512092,40.7987729233829],[-73.8884759579447,40.7987776205325],[-73.8884369783297,40.7987959476158],[-73.8883965467553,40.7988123597172],[-73.8883548256782,40.7988267894548],[-73.8883119858328,40.7988391802614],[-73.8882681979459,40.7988494800721],[-73.8882236374641,40.7988576494339],[-73.8881940060421,40.798861843143],[-73.8879111378658,40.7988972525572],[-73.8878956175571,40.798899063679],[-73.8878500559138,40.7989028807056],[-73.8878042669107,40.7989044930683],[-73.8877584354159,40.7989038964444],[-73.8877127462897,40.7989010910138],[-73.8876727475615,40.7988967980809],[-73.8875131353254,40.7988761920758],[-73.887446227933,40.7988650506129],[-73.8873118224742,40.7988375359869],[-73.887244344865,40.7988209845441],[-73.8871793285727,40.7987994845203],[-73.886880113558,40.7986869592304],[-73.8868585330089,40.7986784967612],[-73.8868188661256,40.7986610412447],[-73.8867807358098,40.7986417078796],[-73.886744294788,40.798620576962],[-73.8867379086754,40.7986165769686],[-73.8865456533629,40.7984947339162],[-73.8865393420393,40.7984906682488],[-73.8865153817316,40.798474822872],[-73.8865110580557,40.7984718820837],[-73.8859741210224,40.7981000678019],[-73.885632017224,40.7978866110594],[-73.8854339607352,40.7977635113847],[-73.8853767955521,40.7977239153816],[-73.8853255284558,40.7976799010589],[-73.8851217933779,40.7974848722207],[-73.8851052940241,40.7974684522596],[-73.8850837366355,40.7974448727773],[-73.8850474844376,40.797402918333],[-73.8849582435432,40.7973391450079],[-73.8848103063879,40.7972582980151],[-73.8847572086148,40.7972263059897],[-73.8847082905754,40.7971906737945],[-73.8838026552953,40.7964651712271],[-73.8837863760416,40.7964512889067],[-73.883752204137,40.7964558325947],[-73.8837066439284,40.796459647985],[-73.8836608565055,40.7964612587024],[-73.8836150267298,40.7964606604308],[-73.8835693394552,40.7964578533569],[-73.8835239783283,40.7964528502734],[-73.8834791257979,40.796445671176],[-73.8834349631139,40.7964363441643],[-73.8833916679533,40.7964249072397],[-73.88337706426,40.7964205106291],[-73.883294694734,40.7963949250835],[-73.88326704492,40.7963858209395],[-73.8832260024106,40.7963703105678],[-73.8831863378552,40.7963528537949],[-73.8831482099164,40.7963335192211],[-73.8831117713113,40.7963123871474],[-73.8830771711964,40.7962895405728],[-73.8830445468609,40.7962650723896],[-73.8830140296597,40.7962390808875],[-73.8829857438258,40.7962116706523],[-73.8829649940805,40.7961890209045],[-73.8828665354307,40.7960755694684],[-73.882833969516,40.7960341691691],[-73.8828065997084,40.7959906507627],[-73.8827079963281,40.7958924111988],[-73.8825818053588,40.7958045640442],[-73.8825788964149,40.7958025277503],[-73.8825665812365,40.7957932913751],[-73.8824644662244,40.7957528709764],[-73.881527702394,40.7955993194103],[-73.88099290785,40.795534311555],[-73.8809805993956,40.795532731975],[-73.8809592539987,40.7955295969014],[-73.8802562154409,40.7954179531114],[-73.8800235764794,40.7954186360152],[-73.8799854293497,40.7954179821613],[-73.8799397429437,40.7954151736483],[-73.8798943828,40.7954101691355],[-73.8798495313636,40.7954029886247],[-73.8798053698798,40.7953936602207],[-73.8798012019749,40.7953926599206],[-73.8796992646867,40.7953679392859],[-73.8795692852543,40.7953609453415],[-73.8795392515015,40.7953588491097],[-73.8794938914263,40.7953538444393],[-73.8794490400711,40.7953466637725],[-73.8794048786808,40.7953373352151],[-73.8793850249686,40.7953323796971],[-73.8790502982809,40.7952447416012],[-73.8785656115815,40.7951245896461],[-73.8785145586135,40.7951102962288],[-73.8784650667114,40.7950931219315],[-73.8780543155272,40.7949361234152],[-73.8779885840045,40.7949232334236],[-73.8779355342269,40.7949111636738],[-73.8778838562625,40.7948960417542],[-73.8778338556634,40.7948779544385],[-73.8776313603087,40.7947973303098],[-73.8775840222386,40.7947767144037],[-73.877538866934,40.7947534425182],[-73.8766496173339,40.7942568612642],[-73.8764701557586,40.7941751142941],[-73.8764134692352,40.7941464482116],[-73.8763605852606,40.7941138545923],[-73.8758819518015,40.7937892651465],[-73.8752982649921,40.7934504915532],[-73.8752380468834,40.7934113878605],[-73.875183824987,40.7933675080675],[-73.8749242940567,40.7931329307241],[-73.8748766239012,40.7930845598899],[-73.8748362382339,40.7930324994879],[-73.8745652210746,40.7926345642152],[-73.8744053596726,40.792545723171],[-73.8740734554058,40.7923793229932],[-73.8740123037483,40.792380492555],[-73.8740045592835,40.7923806083587],[-73.873958732404,40.7923800062473],[-73.8739130483372,40.7923771953442],[-73.8738676907166,40.7923721884574],[-73.8738394138218,40.7923679233526],[-73.8736267584664,40.7923324789867],[-73.8736101866397,40.7923295612015],[-73.873566028069,40.7923202304026],[-73.8735227372809,40.7923087897638],[-73.8734804883658,40.7922952854027],[-73.8734394506584,40.7922797715364],[-73.8734307357977,40.7922761518568],[-73.8727488018096,40.7919882437066],[-73.872717857394,40.7919744030508],[-73.8727000431892,40.7919656971403],[-73.8724543905405,40.7918417407915],[-73.8723943692058,40.7918079289652],[-73.8716372029614,40.7913333694879],[-73.8716058898094,40.791312563642],[-73.8715794889976,40.7912930014505],[-73.8715113944119,40.7912399004268],[-73.8715051775534,40.7912349911657],[-73.8714856058231,40.7912187017842],[-73.871263078437,40.7910258487703],[-73.8712364704686,40.7910013983451],[-73.8712117651775,40.7909758199102],[-73.8708731157895,40.790603070981],[-73.8708592780388,40.7905872606784],[-73.8708483313543,40.79057385255],[-73.8707040325988,40.7903912977546],[-73.8706914936641,40.7903747928003],[-73.8706705528387,40.7903438082556],[-73.8706522394432,40.7903118757258],[-73.8706366266813,40.7902791249666],[-73.8706294608478,40.7902614553836],[-73.8705363805955,40.7900174319666],[-73.8705306992498,40.7900016641028],[-73.8705284871779,40.7899949708901],[-73.8703646398543,40.7894856907387],[-73.8703510762273,40.7894321163353],[-73.8703445767319,40.7893777835497],[-73.8703231017348,40.788979536756],[-73.8703225944966,40.7889479789971],[-73.87032447457,40.7889164509391],[-73.8703308057168,40.7888515723978],[-73.8702258069955,40.7881584243127],[-73.8702211994593,40.78810610356],[-73.8702231795124,40.7880536866669],[-73.8702392778841,40.7878940430815],[-73.8702431125819,40.7878656941916],[-73.870250420971,40.7878313059427],[-73.8702605838468,40.7877973396401],[-73.8702735606577,40.787763931213],[-73.8702893001916,40.7877312156782],[-73.8703077370259,40.7876993244343],[-73.8703287974492,40.7876683870693],[-73.8703319572426,40.7876641312495]]]},"properties":{"NETWORK":"Long Island City","BOROUGH":"Queens","LSRV_Status":"Not LSRV Eligible","CapacityMW":0,"SubscribedMW":0,"RemainingMW":0,"CapacityRange":"\u003e 100","CapacityRangeDate":1771891200000,"LSRV_as_of_date":1665705600000,"Notes":" ","LoadCurve":"https://www.coned.com/-/media/files/coned/documents/business-partners/local-generation-facilities/systemdata/loadcurve/Q-01-LC","SystemData":"https://www.coned.com/-/media/files/coned/documents/business-partners/local-generation-facilities/systemdata/forecasted-network-data","LSRV_Rate_URL":"https://lite.coned.com/_external/cerates/elec_VDER_CREDstatement_PSC10.asp","OBJECTID":20,"Shape__Area":190585984.2653656,"Shape__Length":83814.667368782713}},{"type":"Feature","id":23,"geometry":{"type":"Polygon","coordinates":[[[-74.0084279994226,40.7079450001773],[-74.0085199994613,40.7080179996576],[-74.0084050004471,40.7081200000273],[-74.0087169999006,40.708357999965],[-74.0085589997255,40.7085269999711],[-74.0083949994323,40.7083889996931],[-74.0082200001551,40.7084980003065],[-74.008051000573,40.7086510001133],[-74.0080950004006,40.7087949995814],[-74.0079920003851,40.7088410003923],[-74.0083690005492,40.7091589999344],[-74.0080930001863,40.7094549996903],[-74.0078119997478,40.7096889998213],[-74.0075550004049,40.7099570000847],[-74.0077680005216,40.7100880003624],[-74.0077300002798,40.7101269995538],[-74.0074970000553,40.7100740000806],[-74.0072679996292,40.7100819996038],[-74.0064751335053,40.7096651517291],[-74.0063860482565,40.7096183148197],[-74.0051404780089,40.7108888623446],[-74.0052099529721,40.7109557059513],[-74.0054410002705,40.7111779998979],[-74.0052049996699,40.7114159996487],[-74.0046790000899,40.7113779999688],[-74.0040529996963,40.7114340003848],[-74.0034379996148,40.7110139995887],[-74.0032630004355,40.7109479999329],[-74.0020249995048,40.7104039999745],[-74.0018819997059,40.7102400004303],[-74.0019229994219,40.7101879997402],[-74.0016430000801,40.7099359996577],[-74.0016519995058,40.7098769998421],[-74.0014480000262,40.7096959998584],[-74.0019089995891,40.7094369998171],[-74.0033430000847,40.7083280001034],[-74.0033579996851,40.7082899998909],[-74.0034359994844,40.7082579997194],[-74.0038159994445,40.7087230000557],[-74.003872000284,40.7087660002978],[-74.0039249999891,40.7087859997568],[-74.0039680003919,40.7087889996856],[-74.0040029995926,40.7087850002031],[-74.0047429998801,40.7084760003588],[-74.0048549995562,40.7086039997617],[-74.0059010004949,40.7083000003969],[-74.0064480005403,40.7078040000227],[-74.0068449995081,40.7080779999902],[-74.0070699998866,40.707863999678],[-74.0079299994412,40.7083700003703],[-74.0084279994226,40.7079450001773]]]},"properties":{"NETWORK":"Fulton SN2","BOROUGH":"Manhattan","LSRV_Status":"Not LSRV Eligible","CapacityMW":0,"SubscribedMW":0,"RemainingMW":0,"CapacityRange":"50-99.99","CapacityRangeDate":1771891200000,"LSRV_as_of_date":1665705600000,"Notes":" ","LoadCurve":"https://www.conedison.com/en/404","SystemData":"https://www.coned.com/-/media/files/coned/documents/business-partners/local-generation-facilities/systemdata/forecasted-network-data","LSRV_Rate_URL":"https://lite.coned.com/_external/cerates/elec_VDER_CREDstatement_PSC10.asp","OBJECTID":23,"Shape__Area":1363755.7021484375,"Shape__Length":6382.4926793325494}},{"type":"Feature","id":27,"geometry":{"type":"Polygon","coordinates":[[[-73.9437503974444,40.7018056042359],[-73.9432175984347,40.7015147635386],[-73.9432758019196,40.7012717394663],[-73.9442243659923,40.7006596439077],[-73.9443911978268,40.7004637605272],[-73.9419964687354,40.6883516094981],[-73.940308947045,40.679902425167],[-73.9403061714839,40.6798885251826],[-73.9426042847617,40.6800081922636],[-73.9459861236574,40.6801901025579],[-73.9467413699466,40.6802307139061],[-73.9532115202971,40.6805784237489],[-73.9615746758452,40.6823638833793],[-73.9618626540992,40.6821338905577],[-73.9627490003048,40.6814260001563],[-73.9637719994792,40.6816129998092],[-73.9652869999348,40.680444999734],[-73.97059800031,40.6816019996391],[-73.9738109998068,40.682312999664],[-73.9741910003875,40.6845780002409],[-73.9734780003526,40.68510400037],[-73.9735749997565,40.6859050001253],[-73.9744269998805,40.6862409996334],[-73.9749349996716,40.6889340003976],[-73.9743359999745,40.6894710003936],[-73.9744009997715,40.6900149997493],[-73.977477000078,40.6903769999341],[-73.977855000248,40.693422000244],[-73.9759940003116,40.6937529997293],[-73.9761829996896,40.6944669998973],[-73.9771470005805,40.694786999888],[-73.9773510003101,40.696456999768],[-73.9804080002678,40.6976030001476],[-73.9759263741415,40.7048617558],[-73.9757876709424,40.7050863800709],[-73.9757723202811,40.7050820642907],[-73.9757301059632,40.7050685972511],[-73.975689098185,40.7050531196082],[-73.9756494637728,40.7050356944343],[-73.9756113612667,40.7050163902033],[-73.975574943286,40.7049952870946],[-73.9755403588978,40.7049724679887],[-73.9755077453323,40.7049480256689],[-73.9754772339005,40.7049220583208],[-73.9754489488102,40.7048946704319],[-73.975423003617,40.7048659727909],[-73.9753995012242,40.7048360806869],[-73.9753785386159,40.7048051148107],[-73.975360198575,40.7047731985515],[-73.9753445544155,40.7047404616],[-73.9753316711667,40.7047070354459],[-73.9753215996569,40.7046730551777],[-73.9753143800637,40.7046386567822],[-73.9753100419141,40.7046039789449],[-73.9753086029009,40.7045691621498],[-73.9753100677013,40.7045343459774],[-73.9753144315256,40.7044996700059],[-73.9753216765681,40.7044652747109],[-73.9753317731907,40.7044312987643],[-73.9753446811068,40.7043978781342],[-73.9753561539537,40.7043733038231],[-73.976106039948,40.7028803871083],[-73.9760991809873,40.7028725440263],[-73.9756943320964,40.7025989134343],[-73.9755339073061,40.7025192048493],[-73.9755096645297,40.7025066159395],[-73.9754875599971,40.7024938059539],[-73.9754481928481,40.7024971393643],[-73.9754024722032,40.7024987865459],[-73.9753567062254,40.7024982247437],[-73.9753110795079,40.7024954539972],[-73.9752657754561,40.7024904869531],[-73.9752209762891,40.7024833434623],[-73.9751768630398,40.7024740514804],[-73.9751473517665,40.702466524937],[-73.9749851729215,40.7024221828166],[-73.9749714343606,40.7024183067281],[-73.9749292218913,40.7024048393901],[-73.9748882159376,40.7023893614565],[-73.9748485833183,40.7023719360009],[-73.9748104825667,40.7023526314981],[-73.9747740662947,40.7023315281288],[-73.9747394835625,40.7023087087743],[-73.9747068715938,40.7022842662193],[-73.9746875576043,40.7022678276292],[-73.9742176340799,40.7020841710658],[-73.9742063026233,40.7020796452552],[-73.9741666703665,40.7020622195641],[-73.9741285699893,40.7020429148348],[-73.9740921541023,40.7020218112488],[-73.9740611111471,40.702001327514],[-73.9740292005923,40.702021090161],[-73.9740105895955,40.7020322343001],[-73.973973297404,40.7020524324646],[-73.9739343978679,40.702070788706],[-73.9738940460238,40.7020872310167],[-73.9738913584882,40.7020881642381],[-73.9739012157374,40.7020983593694],[-73.9739259508559,40.7021276694383],[-73.9739481924335,40.702158114483],[-73.9739678529553,40.7021895711152],[-73.973984852006,40.7022219141469],[-73.9739991210046,40.7022550120889],[-73.9740106032028,40.7022887325541],[-73.9740192525027,40.7023229395557],[-73.974025033456,40.702357495308],[-73.9740279224474,40.7023922602267],[-73.9740279088779,40.7024270938297],[-73.9740249927971,40.7024618574383],[-73.9740191849043,40.7024964105747],[-73.9740105089149,40.7025306136644],[-73.9739990003762,40.7025643289367],[-73.9739847054844,40.7025974204236],[-73.9739676810841,40.7026297557618],[-73.9739479958526,40.7026612034909],[-73.973925730298,40.7026916384566],[-73.9739009720276,40.7027209373071],[-73.9738738228464,40.7027489820969],[-73.9738443904745,40.7027756602848],[-73.9738127944632,40.7028008638347],[-73.9738010743844,40.7028094421465],[-73.9734326810516,40.7030730555325],[-73.9734341938326,40.7030746200708],[-73.973458929108,40.7031039302363],[-73.973481170798,40.7031343753675],[-73.9735008313874,40.7031658320755],[-73.9735178304603,40.7031981751721],[-73.973532099436,40.7032312731678],[-73.9735435815662,40.7032649936754],[-73.9735522307531,40.7032992007077],[-73.9735580115489,40.7033337564791],[-73.9735609003392,40.7033685214052],[-73.9735608865255,40.7034033550038],[-73.9735579701583,40.7034381185961],[-73.9735521619385,40.7034726717045],[-73.9735434855824,40.7035068747548],[-73.973531976639,40.7035405899761],[-73.9735176813059,40.7035736814008],[-73.9735006564298,40.7036060166659],[-73.9734809706898,40.7036374643111],[-73.9734587045959,40.7036678991826],[-73.9734339457576,40.703697197929],[-73.9734067959824,40.7037252426051],[-73.9733871201798,40.7037434536121],[-73.9732410380272,40.7038728854375],[-73.9732312808026,40.703881352483],[-73.9731996840354,40.703906555861],[-73.9731660502585,40.7039301837603],[-73.9731305144055,40.7039521398557],[-73.9730932208733,40.7039723377302],[-73.9730543199747,40.7039906936695],[-73.9730139667513,40.7040071356676],[-73.9730047535572,40.7040103348269],[-73.972992286575,40.7040391924066],[-73.972975261325,40.704071527592],[-73.9729555751997,40.7041029751455],[-73.9729333087105,40.7041334099136],[-73.9729085494684,40.7041627085452],[-73.9728813992826,40.7041907530956],[-73.9728777533718,40.7041941282555],[-73.9732852156024,40.7044556367093],[-73.9732927216599,40.7044605210259],[-73.9733263367469,40.7044841645525],[-73.9733579135909,40.7045093825928],[-73.9733873256193,40.7045360742616],[-73.9734144533615,40.7045641314716],[-73.973421430341,40.7045723988803],[-73.9738782692616,40.7048668312151],[-73.9739346449429,40.7049073174937],[-73.9748659558831,40.7056520946752],[-73.9748811343107,40.705664616901],[-73.9749105474587,40.7056913081766],[-73.9749376763121,40.7057193650234],[-73.9749624132298,40.7057486748557],[-73.974984656489,40.7057791196859],[-73.9750043185678,40.7058105761263],[-73.9750213190446,40.7058429189898],[-73.975035589333,40.7058760167877],[-73.9750470726792,40.7059097371338],[-73.9750557229807,40.7059439440414],[-73.9750615047853,40.7059784997254],[-73.9750643944743,40.7060132646018],[-73.9750643814457,40.7060480981886],[-73.9750614657469,40.7060828618071],[-73.9750556580759,40.7061174149796],[-73.975046982147,40.7061516181314],[-73.9750354735074,40.7061853334914],[-73.9750211783535,40.7062184250915],[-73.9750041535313,40.7062507605679],[-73.9749844677195,40.7062822084595],[-73.9749622014286,40.7063126436114],[-73.9749374422689,40.7063419426711],[-73.9749153905294,40.7063649981682],[-73.9748199796212,40.7064594905288],[-73.9748148811265,40.7064644800485],[-73.9747854474908,40.7064911584642],[-73.9747538500742,40.7065163622603],[-73.9747202155313,40.7065399906057],[-73.9746846787991,40.7065619471734],[-73.9746473842777,40.7065821455446],[-73.974608482284,40.706600502003],[-73.9745681278642,40.7066169445403],[-73.9745264831632,40.7066314056526],[-73.9744837186059,40.706643828644],[-73.974440004616,40.7066541613215],[-73.9743955163458,40.7066623641003],[-73.9743504348629,40.7066684028007],[-73.9743049412307,40.7066722540489],[-73.974259217694,40.7066739007754],[-73.9742490481566,40.7066737760315],[-73.974655723386,40.7069739464318],[-73.9748886477955,40.7071458681952],[-73.9751236318631,40.7073193090911],[-73.9751275642173,40.7073222339015],[-73.9751591430871,40.7073474514382],[-73.975188557089,40.7073741426369],[-73.9752156867442,40.7074021994121],[-73.9752404244087,40.7074315091782],[-73.9752626683563,40.7074619539481],[-73.9752823310627,40.7074934103341],[-73.9752993321036,40.7075257531493],[-73.9753136028902,40.7075588509056],[-73.975325086667,40.7075925712165],[-73.9753337373295,40.7076267780958],[-73.9753395194242,40.7076613337582],[-73.9753424093311,40.70769609862],[-73.9753423964475,40.7077309321992],[-73.9753394808201,40.7077656958171],[-73.9753336731466,40.707800248996],[-73.9753249971413,40.7078344521613],[-73.9753134883517,40.7078681675417],[-73.9752991929751,40.707901259169],[-73.9752821678578,40.7079335946794],[-73.9752624816803,40.7079650426117],[-73.9752402149542,40.7079954778107],[-73.9752154552917,40.7080247769237],[-73.9751883045034,40.7080528220042],[-73.9751588703157,40.7080795005098],[-73.9751424059093,40.7080930316417],[-73.9747745931827,40.7083853197515],[-73.97475945943,40.7083969924642],[-73.9747258239402,40.7084206208054],[-73.9746902862072,40.7084425773696],[-73.9746529906354,40.7084627757376],[-73.9746140875457,40.7084811321934],[-73.9745737319887,40.7084975747286],[-73.9745320861141,40.7085120358394],[-73.9744893203514,40.7085244588298],[-73.974445605129,40.7085347915069],[-73.9744011156044,40.7085429942859],[-73.97435603285,40.7085490329869],[-73.9743105379347,40.7085528842364],[-73.9742648131082,40.7085545309647],[-73.9742190429823,40.7085539687106],[-73.9741734121671,40.7085511975153],[-73.9741281040843,40.7085462300274],[-73.9740833009694,40.7085390860994],[-73.9740391838712,40.7085297936888],[-73.973995930284,40.7085183906577],[-73.9739537141487,40.7085049229727],[-73.9739127046691,40.7084894447038],[-73.973873068678,40.708472018926],[-73.9738349647223,40.7084527141157],[-73.9737985454265,40.7084316104545],[-73.9737639598636,40.708408790825],[-73.9737553757731,40.7084026545853],[-73.9734686308439,40.7081942789746],[-73.9734805233153,40.7082218616758],[-73.973492006279,40.7082555821666],[-73.973500656087,40.7082897891807],[-73.9735064372889,40.7083243449323],[-73.9735093262685,40.708359109837],[-73.9735093124268,40.708393943413],[-73.9735063958145,40.7084287069814],[-73.9735005871331,40.7084632600649],[-73.9734919101009,40.708497463089],[-73.9734804002698,40.7085311782832],[-73.9734661038409,40.7085642696801],[-73.9734490776651,40.7085966049165],[-73.9734288978769,40.7086287251007],[-73.9734422485523,40.7086557300126],[-73.9734565186587,40.7086888279942],[-73.9734680016907,40.7087225484854],[-73.9734766515469,40.7087567554991],[-73.9734824327769,40.7087913112498],[-73.9734853217642,40.708826076153],[-73.9734853079099,40.7088609097268],[-73.9734823912646,40.7088956732925],[-73.97347658253,40.7089302263727],[-73.9734679054248,40.7089644293929],[-73.9734563955008,40.7089981445827],[-73.9734420989599,40.7090312359745],[-73.9734250726532,40.7090635712054],[-73.9734053852658,40.7090950188154],[-73.9733831173144,40.7091254536506],[-73.9733583564158,40.7091547523599],[-73.973331204386,40.7091827969982],[-73.973301768956,40.709209475025],[-73.97327016969,40.7092346784049],[-73.9732365332496,40.7092583063083],[-73.9732009945794,40.7092802624103],[-73.9731766304162,40.7092937626034],[-73.9727388604851,40.7095258187666],[-73.9727259280676,40.7095325164073],[-73.9726870238229,40.7095508722092],[-73.9726466671429,40.7095673140666],[-73.9726050201819,40.7095817744782],[-73.9725622533737,40.7095941967509],[-73.9725185371511,40.7096045286947],[-73.9724740466754,40.7096127307278],[-73.972428963023,40.7096187686733],[-73.9723834672662,40.7096226191605],[-73.9723377416584,40.7096242651232],[-73.9722919708142,40.7096237021029],[-73.9722463393468,40.7096209301441],[-73.9722010306805,40.7096159618984],[-73.9721562270531,40.7096088172214],[-73.9721121095156,40.7095995240734],[-73.972068855564,40.7095881203199],[-73.9720266391405,40.70957465193],[-73.9719856294503,40.7095591729768],[-73.9719459933269,40.709541746538],[-73.9719078893178,40.7095224410924],[-73.9718714700477,40.7095013368245],[-73.9718368845895,40.7094785166192],[-73.9718042701774,40.7094540732646],[-73.9717737581257,40.7094281049501],[-73.9717454726451,40.7094007161671],[-73.9717339635139,40.7093884645884],[-73.9705714218841,40.7081143154122],[-73.9705844583035,40.7082499285506],[-73.9706141323406,40.708558627812],[-73.9706153572087,40.7085745518662],[-73.9706574028736,40.7093018929363],[-73.9706577442044,40.7093087846357],[-73.9706577288724,40.709343618207],[-73.9706548107314,40.7093783816988],[-73.970649000489,40.709412934634],[-73.9706403218701,40.709447137439],[-73.9706292784066,40.7094796340715],[-73.9704155575443,40.7100375837987],[-73.9704400864119,40.7100548357883],[-73.970467987001,40.7100769477957],[-73.9705057055939,40.7101085627044],[-73.9705093833993,40.7101116695095],[-73.9705387967591,40.7101383618866],[-73.9705659255822,40.7101664197475],[-73.9705906622279,40.7101957305022],[-73.9706129049743,40.7102261761595],[-73.9706325663017,40.7102576333283],[-73.9706495657915,40.7102899768186],[-73.9706638348611,40.7103230751392],[-73.9706753167619,40.7103567959017],[-73.9706839653971,40.710391003118],[-73.970689745321,40.7104255590015],[-73.9706926329226,40.7104603239673],[-73.9706926176086,40.7104951575333],[-73.9706896994353,40.7105299210208],[-73.9706838891107,40.7105644739526],[-73.9706752103598,40.7105986767549],[-73.970663698741,40.7106323916582],[-73.9706494004632,40.7106654826961],[-73.9706323723843,40.710697817507],[-73.9706126831967,40.7107292646326],[-73.9706059891444,40.710738901994],[-73.9705739734855,40.7107839031588],[-73.9705583977449,40.7108047000815],[-73.970533634981,40.7108339981767],[-73.9705064810787,40.7108620421425],[-73.9704770437767,40.7108887194411],[-73.9704631361571,40.7108998110703],[-73.9704625428881,40.7109033400208],[-73.9704538639795,40.710937542805],[-73.9704423521903,40.7109712576846],[-73.9704280537299,40.7110043486936],[-73.9704110254571,40.7110366834703],[-73.9703913360649,40.7110681305566],[-73.9703690660782,40.7110985648009],[-73.9703443031218,40.7111278628542],[-73.9703171490202,40.7111559067743],[-73.9702877115127,40.7111825840235],[-73.9702561101715,40.7112077865695],[-73.9702224716671,40.711231413586],[-73.9701869309522,40.7112533687517],[-73.9701496324431,40.7112735656532],[-73.9701099938034,40.7112922193597],[-73.9700958340554,40.7113189500529],[-73.9700844242237,40.7113464315846],[-73.9700893671193,40.7113759867389],[-73.970092254449,40.7114107517154],[-73.970092238821,40.711445585277],[-73.970089320293,40.7114803487449],[-73.9700835095743,40.711514901642],[-73.9700748303915,40.7115491043948],[-73.970063318305,40.7115828192338],[-73.9700490195252,40.711615910193],[-73.9700319909123,40.7116482449111],[-73.9700308977629,40.7116501338985],[-73.9700115918364,40.7116833298095],[-73.9699929952163,40.7117128878378],[-73.9699707248323,40.7117433220024],[-73.9699459614614,40.7117726199676],[-73.9699188069295,40.7118006637914],[-73.9698893689777,40.7118273409363],[-73.9698577671804,40.7118525433709],[-73.9698241282094,40.711876170269],[-73.9697885870194,40.7118981253099],[-73.9697507470827,40.7119185848876],[-73.9697486530108,40.7119224853507],[-73.9696055729101,40.7122573404655],[-73.9695919691165,40.7123512016243],[-73.969584500511,40.7123899729479],[-73.9695734167247,40.7124282399298],[-73.96953468507,40.7125424063588],[-73.9694265765562,40.7128626038536],[-73.9694199740283,40.7128808491506],[-73.9694163615459,40.7128899082302],[-73.969414545296,40.7128943265543],[-73.9694242887184,40.7129044040572],[-73.9694490258782,40.7129337150467],[-73.9694712690168,40.7129641609136],[-73.9694909306131,40.712995618266],[-73.9695079302472,40.7130279619132],[-73.969522199336,40.7130610603634],[-73.9695336811309,40.7130947812276],[-73.9695423295355,40.7131289885173],[-73.969548109105,40.7131635444456],[-73.9695509962297,40.7131983094276],[-73.9695509803184,40.7132331429809],[-73.9695480614299,40.7132679064268],[-73.9695422502748,40.7133024592885],[-73.9695335705815,40.7133366619925],[-73.9695220579124,40.7133703767693],[-73.969513381916,40.7133912789287],[-73.9689292593707,40.7147065194178],[-73.9689280000226,40.7147093313725],[-73.9683831538398,40.7159145469894],[-73.9680458372452,40.7166606789223],[-73.9680414726877,40.7166700565263],[-73.9680244418096,40.7167023909257],[-73.9680047496177,40.7167338375802],[-73.9679824766481,40.71676427134],[-73.9679656753895,40.716784146333],[-73.967957304795,40.7168251523443],[-73.9679439578736,40.7168653879335],[-73.9679497181994,40.7168823038227],[-73.9679583662825,40.7169165112142],[-73.9679641453592,40.7169510672046],[-73.9679670318218,40.7169858322088],[-73.9679670150818,40.7170206657443],[-73.9679640952013,40.7170554291326],[-73.9679582828947,40.7170899818969],[-73.9679496018954,40.7171241844642],[-73.9679380877709,40.7171578990657],[-73.9679237867399,40.7171909897365],[-73.9679067556717,40.7172233241162],[-73.9678870632703,40.7172547707484],[-73.9678720887014,40.7172757223457],[-73.967467336693,40.7178138202585],[-73.9674611027698,40.7178434317756],[-73.9674524107386,40.7178776892301],[-73.9674408962324,40.7179114037785],[-73.9674265947929,40.7179444943841],[-73.9674095632908,40.717976828687],[-73.9673948188856,40.7180008411197],[-73.9672632680926,40.7182022605282],[-73.9672318013796,40.7182454490502],[-73.9669507521292,40.7185933078337],[-73.9669302293606,40.7186172843269],[-73.966903070771,40.7186453274137],[-73.966873628589,40.7186720037632],[-73.9668420224059,40.718697205347],[-73.9668083789112,40.7187208313423],[-73.9667728330779,40.7187427854322],[-73.966735529343,40.7187629812073],[-73.9666966180606,40.7187813349622],[-73.9666562543137,40.7187977746993],[-73.9666146002852,40.7188122329258],[-73.9665718264377,40.7188246529578],[-73.9665281032321,40.718834982614],[-73.9664836058576,40.7188431823218],[-73.9664385154188,40.7188492179137],[-73.9664343171819,40.7188495732919],[-73.9664320063467,40.7188506496283],[-73.9664220895475,40.7188549889964],[-73.9661102514009,40.7191728254199],[-73.9660990457392,40.7191839479229],[-73.9660952126947,40.7191876208754],[-73.966011378564,40.7192672561788],[-73.9660505602549,40.7193300657072],[-73.9660598350345,40.7193455482092],[-73.9660768346232,40.7193778923356],[-73.9660911033676,40.7194109911831],[-73.9661025845203,40.719444712361],[-73.9661112319879,40.7194789198795],[-73.966117010329,40.7195134759508],[-73.9661198959392,40.7195482409893],[-73.9661202501099,40.719566308026],[-73.9661197680264,40.7197998857709],[-73.9661182341243,40.7198348052959],[-73.9661137839781,40.7198695798808],[-73.9661000003941,40.7199504956499],[-73.9660931036542,40.7199832055443],[-73.9660836257271,40.7200155400657],[-73.9660310768442,40.7201723799011],[-73.966017362256,40.7202081855325],[-73.9660004831733,40.7202431995801],[-73.9659359554826,40.7203641793256],[-73.9659053355659,40.720414209798],[-73.9658682676006,40.7204616484841],[-73.9657215628569,40.7206295626063],[-73.9657148255555,40.7206371356895],[-73.9656876656315,40.7206651784821],[-73.9656582220708,40.7206918545136],[-73.9656266144702,40.7207170557568],[-73.965592969525,40.7207406813906],[-73.965557422214,40.7207626350992],[-73.9655201169802,40.7207828304751],[-73.9654812041839,40.7208011838142],[-73.965440838914,40.7208176231207],[-73.9653991833594,40.7208320809036],[-73.9653564079891,40.7208445004807],[-73.96531268327,40.7208548296724],[-73.9652681843973,40.7208630289082],[-73.9652421565322,40.7208667860859],[-73.9650767164157,40.7208882825254],[-73.9650576523537,40.7208905604346],[-73.9650121484767,40.7208944080027],[-73.9649664149534,40.7208960510349],[-73.9649206364306,40.7208954850845],[-73.9648749975524,40.7208927102079],[-73.964870983054,40.7208922695343],[-73.9648354552652,40.720934944658],[-73.9646383247683,40.721245475532],[-73.9646297959944,40.7212584681696],[-73.9646144570667,40.7212799000929],[-73.9645248110411,40.7213987848284],[-73.9645275030289,40.7214312265233],[-73.96452748449,40.7214660600376],[-73.9645245626206,40.7215008233179],[-73.9645187481431,40.7215353758879],[-73.9645100647996,40.7215695781754],[-73.9644985481671,40.7216032924128],[-73.9644842444745,40.7216363826365],[-73.9644672106015,40.7216687164881],[-73.9644475152637,40.7217001625132],[-73.9644252390099,40.7217305955644],[-73.9644004694903,40.7217598922976],[-73.9643733085557,40.7217879347758],[-73.964365663325,40.7217951986233],[-73.9641431464348,40.7220029491829],[-73.9641213469498,40.722022360984],[-73.964089738137,40.7220475618008],[-73.9640560919754,40.7220711869812],[-73.9640205434485,40.7220931402114],[-73.9639832370042,40.7221133350857],[-73.9639443230078,40.7221316879021],[-73.9639039565529,40.7221481266668],[-73.963898858897,40.7221500278457],[-73.9637791268836,40.7221942394901],[-73.9637425677732,40.7222067954974],[-73.9637175292515,40.7222140646292],[-73.9635656437935,40.722417032978],[-73.9633557526876,40.7228336799181],[-73.9633428913528,40.7228575204189],[-73.9633231951332,40.7228889662466],[-73.9633009179687,40.7229193990754],[-73.963276147513,40.722948695562],[-73.9632489856208,40.7229767377705],[-73.9632362067371,40.7229883142448],[-73.9632274794273,40.7230170016943],[-73.9632167492684,40.7230480982669],[-73.9632074399957,40.7230696327809],[-73.9632103366708,40.7230818815376],[-73.9632161138202,40.7231164377377],[-73.9632189980732,40.723151202832],[-73.9632189788499,40.7231860363379],[-73.9632160562225,40.723220799577],[-73.9632102409166,40.7232553520728],[-73.9632015566774,40.7232895542538],[-73.9631900390858,40.7233232683524],[-73.9631757343743,40.7233563584059],[-73.9631673651941,40.7233729854392],[-73.9631450599561,40.7234152365145],[-73.963136394178,40.7234309431299],[-73.9631166976915,40.7234623889198],[-73.963094420241,40.7234928217063],[-73.9630696494814,40.7235221181462],[-73.9630424872686,40.7235501603038],[-73.9630126281022,40.7235771660026],[-73.9629488714864,40.7236922792514],[-73.962930241527,40.7237233030126],[-73.9629091134117,40.7237533867345],[-73.9628270977242,40.7238619176092],[-73.9626677084397,40.724156026474],[-73.9626615283464,40.7241670854281],[-73.9626581777725,40.7241728367961],[-73.9626611148666,40.7242079188959],[-73.9626610953515,40.7242427523968],[-73.9626581723867,40.7242775156167],[-73.9626523566994,40.7243120680794],[-73.9626436720362,40.7243462702134],[-73.9626321539796,40.7243799842514],[-73.9626242802947,40.7243990607896],[-73.9624984438099,40.7246855934935],[-73.962546562492,40.7247159031917],[-73.962570485186,40.7247309710897],[-73.9625830853807,40.7247390941775],[-73.9626167068965,40.7247627407681],[-73.9626482892961,40.7247879616782],[-73.9626777059846,40.7248146560115],[-73.9627048374723,40.7248427156698],[-73.9627295761081,40.7248720280562],[-73.9627518201614,40.7249024751725],[-73.9627714821081,40.7249339336223],[-73.9627884815263,40.7249662782097],[-73.962802749834,40.7249993774398],[-73.9628142302857,40.7250330989201],[-73.9628228767904,40.7250673066598],[-73.962828653911,40.72510186287],[-73.9628315380478,40.7251366279647],[-73.9628315186214,40.7251714614611],[-73.9628285957047,40.725206224681],[-73.9628227800247,40.725240777148],[-73.962814095328,40.7252749792904],[-73.9628025771972,40.7253086933412],[-73.9627882718671,40.7253417833377],[-73.9627712362241,40.7253741169221],[-73.962751538991,40.7254055626413],[-73.9627292607242,40.7254359953491],[-73.9627044890817,40.7254652917027],[-73.9626800024743,40.7254907312619],[-73.9626100139029,40.725559223808],[-73.9626073373464,40.7255618263112],[-73.9625778903892,40.7255885015373],[-73.9625462793013,40.7256137019181],[-73.962512630792,40.7256373266361],[-73.9624770798544,40.7256592793791],[-73.9624397709461,40.7256794737435],[-73.9624008544423,40.7256978260293],[-73.9623604854466,40.725714264245],[-73.962346316462,40.7257191808959],[-73.962349702066,40.7257270362449],[-73.9623611824138,40.725760757767],[-73.9623698287804,40.7257949655373],[-73.9623756057291,40.7258295217669],[-73.9623777618618,40.7258514192547],[-73.9623803398364,40.7258871955291],[-73.9623810676364,40.7259000631438],[-73.9623810479744,40.7259348966365],[-73.9623781247894,40.7259696598413],[-73.9623723088091,40.726004212282],[-73.9623636237817,40.7260384143869],[-73.9623602198106,40.7260483783096],[-73.9623680431491,40.7261084628431],[-73.9623670348883,40.7261688371551],[-73.9623263890947,40.7266241654416],[-73.9623247505488,40.7266393871125],[-73.9623192157783,40.7266725933782],[-73.9622910203487,40.7268084268557],[-73.9622821951182,40.7268433015851],[-73.9622706764472,40.7268770155756],[-73.9622563705164,40.7269101054988],[-73.9622393342144,40.7269424389977],[-73.9622196362667,40.7269738846191],[-73.9621969592247,40.727004821372],[-73.9621231465407,40.7270980700504],[-73.9620600979441,40.7274205189007],[-73.9620588385042,40.7274267193912],[-73.9620501531305,40.7274609214659],[-73.9620386342354,40.7274946354302],[-73.9620243280568,40.7275277253219],[-73.9620072914843,40.7275600587837],[-73.9619875932446,40.7275915043628],[-73.9619653138981,40.7276219369137],[-73.9619511861776,40.7276388221943],[-73.9619449887868,40.7276752538419],[-73.9619356015194,40.7277112891113],[-73.9618821117029,40.7278857738587],[-73.9618612115086,40.7279653710349],[-73.9618300153858,40.7281998424352],[-73.9618159088053,40.7283345061739],[-73.9618103133051,40.7283717835884],[-73.961801383472,40.7284086825832],[-73.9617450909634,40.7286036222818],[-73.9617440970564,40.7286070114672],[-73.9617421094031,40.7286135088794],[-73.9617106927323,40.7287134549282],[-73.961710951154,40.7287169327796],[-73.9617149889914,40.7287249234373],[-73.9617292575707,40.7287580227833],[-73.9617407381266,40.7287917443534],[-73.961749384568,40.7288259521561],[-73.9617551614578,40.7288605084024],[-73.961755557315,40.7288637773812],[-73.961840811387,40.7295923560492],[-73.9618424070057,40.7295945394112],[-73.9618620699074,40.7296259979961],[-73.9618790700812,40.7296583426971],[-73.9618933389419,40.7296914420186],[-73.9619048197416,40.7297251635681],[-73.9619114414973,40.729750216112],[-73.9619319988385,40.7298385907371],[-73.9619340237351,40.7298477459787],[-73.9619391278209,40.7298771690885],[-73.9619724622363,40.73011974024],[-73.9620718720222,40.7307675071338],[-73.962074006092,40.730770036465],[-73.9620962518146,40.7308004836835],[-73.9621159151921,40.7308319422197],[-73.9621329157967,40.730864286878],[-73.9621349884383,40.7308686847432],[-73.9623320660714,40.7312923342234],[-73.9623363326329,40.7313023744887],[-73.962344332631,40.7313106473758],[-73.9623690735094,40.7313399598137],[-73.9623913195571,40.7313704069728],[-73.962410983242,40.7314018654562],[-73.9624279841353,40.7314342100683],[-73.9624422536489,40.7314673093137],[-73.962446353931,40.7314783761002],[-73.9625955358998,40.7318978266019],[-73.9626252296499,40.7319215367264],[-73.9626546494783,40.7319482310395],[-73.9626817838608,40.7319762906759],[-73.9627065251348,40.7320056030386],[-73.9627287715589,40.7320360501296],[-73.9627484355996,40.7320675085525],[-73.9627654368265,40.7320998531119],[-73.9627797066502,40.7321329523124],[-73.9627911540542,40.7321665575854],[-73.9628060571327,40.7322168026684],[-73.96281472229,40.7322510680133],[-73.9628205000292,40.73228562419],[-73.9628233844726,40.7323203892506],[-73.9628233650399,40.7323552227128],[-73.962820441804,40.7323899858982],[-73.9628146254927,40.7324245383308],[-73.9628097580973,40.7324451034716],[-73.9627897769793,40.732521195384],[-73.9627859587291,40.7325348323506],[-73.9627854109213,40.7325364341781],[-73.9627929057187,40.7325466915899],[-73.9628125699403,40.7325781499996],[-73.9628295713286,40.7326104945472],[-73.9628438412935,40.7326435937374],[-73.9628501128644,40.7326609125378],[-73.9629190246268,40.7328641290674],[-73.9629297836338,40.7329013082193],[-73.9629369365141,40.7329389868922],[-73.9629534627257,40.7329873603161],[-73.9629638847273,40.733036708826],[-73.9629922895627,40.733225259195],[-73.9629937433388,40.733235808217],[-73.9629962251022,40.7332626162476],[-73.9630036994786,40.7333866249511],[-73.9630041022918,40.7333945819722],[-73.9630044064126,40.7334182510309],[-73.9630035641941,40.73347251179],[-73.9630217006415,40.7335356918756],[-73.9630328695144,40.7335854935709],[-73.9630379698551,40.7336358651401],[-73.9630447514326,40.733805397908],[-73.9630440439427,40.7338515793476],[-73.9630382354912,40.7338975520329],[-73.9630074121273,40.7340665026998],[-73.9630051493758,40.7340780068663],[-73.9629964636208,40.734112208981],[-73.9629849440547,40.7341459230092],[-73.962970636918,40.7341790129881],[-73.9629688946983,40.7341826090578],[-73.9629235891613,40.7342751568213],[-73.9629082935263,40.7343038943174],[-73.9628997395285,40.7343181844285],[-73.9628880482337,40.7343369994823],[-73.9628872138906,40.7343450443539],[-73.9628813974433,40.7343795967805],[-73.9628727115855,40.7344137988844],[-73.9628611919046,40.7344475128988],[-73.9628468846417,40.7344806028609],[-73.9628377026141,40.7344980274335],[-73.9632098926754,40.736095655496],[-73.9625485313357,40.7364456552821],[-73.9610376813091,40.7372332569728],[-73.957177247746,40.7392547940914],[-73.9552496438341,40.7394429148089],[-73.9538242561395,40.7394181302998],[-73.9522655872149,40.739164302707],[-73.9500790559441,40.7385632647679],[-73.9467999604775,40.7374147253596],[-73.946614777446,40.7373470799622],[-73.9462368852653,40.7372090382092],[-73.9463607176099,40.7369841634708],[-73.9472921365965,40.7352926928321],[-73.9472684135692,40.7351625144143],[-73.9469119463545,40.7332063520198],[-73.9466017573354,40.7315040529397],[-73.9463969875781,40.7314114278401],[-73.946253625974,40.7304375058544],[-73.9446977721509,40.7210824065707],[-73.9447270794205,40.7209620881999],[-73.9469665551955,40.7195708737345],[-73.9440350479081,40.7019609840904],[-73.9437503974444,40.7018056042359]]]},"properties":{"NETWORK":"Williamsburg","BOROUGH":"Brooklyn","LSRV_Status":"Closed","CapacityMW":30.1,"SubscribedMW":0.004,"RemainingMW":0,"CapacityRange":"50-99.99","CapacityRangeDate":1771891200000,"LSRV_as_of_date":1665705600000,"Notes":"The Williamsburg network is experiencing a high volume of energy storage project applications, which may cause future substation or upstream infrastructure constraints. This may affect the network's ability to host BESS \u003e50kW. Separately, there are feede","LoadCurve":"https://www.coned.com/-/media/files/coned/documents/business-partners/local-generation-facilities/systemdata/loadcurve/B-06-LC","SystemData":"https://www.coned.com/-/media/files/coned/documents/business-partners/local-generation-facilities/systemdata/forecasted-network-data","LSRV_Rate_URL":"https://lite.coned.com/_external/cerates/elec_VDER_CREDstatement_PSC10.asp","OBJECTID":27,"Shape__Area":149842116.58387756,"Shape__Length":65178.195675861985}},{"type":"Feature","id":29,"geometry":{"type":"Polygon","coordinates":[[[-73.9552003822692,40.7993986085804],[-73.9538861154588,40.7988408071543],[-73.9692797446201,40.7776179053261],[-73.9720754514134,40.7737127821937],[-73.9764590224326,40.7755429868378],[-73.9890998445187,40.7808421900047],[-73.9892496277212,40.7809061181039],[-73.989103155251,40.7811268642194],[-73.9889659422597,40.781333654148],[-73.9889108157788,40.781436804059],[-73.9887565562603,40.7817575920283],[-73.9887542797216,40.7817622582072],[-73.9886345903026,40.7820043238894],[-73.988617824233,40.782035325614],[-73.9885985989047,40.7820654923276],[-73.9878963948614,40.7830866104827],[-73.987895179046,40.7830883699354],[-73.9868913924482,40.7845353986875],[-73.9869029498371,40.7845692435502],[-73.9869116164488,40.7846034491843],[-73.9869174112369,40.7846380038864],[-73.9869203105299,40.7846727680764],[-73.9869203036885,40.7847076012749],[-73.9869173907353,40.7847423648048],[-73.9869115823559,40.7847769181889],[-73.9869029022678,40.7848111218518],[-73.9868913860356,40.7848448380199],[-73.9868854585268,40.7848585492818],[-73.9863466589431,40.7855561321991],[-73.9858587956568,40.7861877552628],[-73.9858530253561,40.7861960364652],[-73.985468303438,40.7867480364026],[-73.9854496936911,40.7867731238201],[-73.985424909226,40.7868024247996],[-73.9853977306136,40.7868304719726],[-73.9853682656906,40.7868571527887],[-73.9853366341406,40.786882359201],[-73.9853052674731,40.786904372461],[-73.985302962755,40.7869059903678],[-73.9852673866182,40.7869279499511],[-73.9852569357055,40.7869338811168],[-73.9852049976082,40.7869628030631],[-73.9851756923609,40.7870007185027],[-73.9847128516715,40.787671317082],[-73.984523155061,40.7879461589163],[-73.9845067904025,40.7879685791943],[-73.984285274078,40.7882560368651],[-73.9837886890817,40.7890100530066],[-73.9837847339674,40.7890159678408],[-73.9837771403072,40.7890268565299],[-73.9827219207337,40.7904996757762],[-73.9824168953155,40.790958866986],[-73.9823301677878,40.7911332879004],[-73.9823161513373,40.7911594236818],[-73.9823139998763,40.7911631190062],[-73.9822206278266,40.7913219871678],[-73.9822030717423,40.7913497405883],[-73.9822001784186,40.7913539598873],[-73.9818602645207,40.79184433841],[-73.9818546094252,40.7918523348651],[-73.9812875043078,40.792638639549],[-73.9812737606911,40.7926568598434],[-73.9812530434851,40.7926816193366],[-73.9811140037798,40.7928383746595],[-73.9810428664093,40.7929185759541],[-73.9810272993229,40.7929611553538],[-73.9810071826343,40.7930026182817],[-73.9809826526757,40.7930426856028],[-73.9809086972773,40.793151902269],[-73.9808703677141,40.7932018025437],[-73.9808253480687,40.7932483653388],[-73.9807760713492,40.7932940782345],[-73.9802436264503,40.7940125658122],[-73.9795701850335,40.7949653333741],[-73.9781631656652,40.7969429128008],[-73.9767752856525,40.7989060730178],[-73.9765196526878,40.7992674511192],[-73.976514218822,40.799299739222],[-73.9765055314979,40.7993339420239],[-73.9764940074871,40.7993676570763],[-73.9764796930478,40.7994007484125],[-73.9764626451025,40.7994330836696],[-73.9764452135336,40.7994611423738],[-73.9762333303405,40.7997786456029],[-73.9761990392999,40.7998244406296],[-73.9760127043007,40.8000476295033],[-73.975900091994,40.8002468234894],[-73.9758795166512,40.8002800989404],[-73.9758560562193,40.8003122526617],[-73.9757684501888,40.8004233775098],[-73.9757107451249,40.8005246175088],[-73.9757095712236,40.8005266658973],[-73.9756895235144,40.8005586041827],[-73.9754412908237,40.8009224568331],[-73.9754294464184,40.8009391081424],[-73.9750066476769,40.8015097671598],[-73.974999703564,40.8015189336361],[-73.9746880985087,40.8019211753367],[-73.9744212007743,40.8023396656977],[-73.9744131176629,40.80235194491],[-73.9744064671168,40.8023615085346],[-73.9743780653992,40.802401393433],[-73.9740192788456,40.8029052341791],[-73.9732194555722,40.8040393186579],[-73.9732101642545,40.8040520828708],[-73.9728386976187,40.8045467425855],[-73.9726802714069,40.8048022594844],[-73.9726687593695,40.8048199911773],[-73.9726464590572,40.8048504254458],[-73.9726216622251,40.8048797235883],[-73.9725944708368,40.8049077676619],[-73.9725931714722,40.8049090181457],[-73.9724849198745,40.8050129261175],[-73.9724719039825,40.8050246709161],[-73.9721890644577,40.8054649720818],[-73.9721818628396,40.805475872681],[-73.9721714100525,40.8054907049723],[-73.971804725538,40.8059923844868],[-73.9718034010157,40.8059941887619],[-73.9716308500293,40.8062283363791],[-73.9680848037876,40.8047398044992],[-73.9667263794071,40.8041762458172],[-73.9651228035634,40.8035131442667],[-73.9636655787982,40.8028948906872],[-73.9610657159586,40.8017817986169],[-73.9596503551571,40.8011498134231],[-73.9552003822692,40.7993986085804]]]},"properties":{"NETWORK":"Central Park","BOROUGH":"Manhattan","LSRV_Status":"Not LSRV Eligible","CapacityMW":0,"SubscribedMW":0,"RemainingMW":0,"CapacityRange":"25-49.99","CapacityRangeDate":1771891200000,"LSRV_as_of_date":1665705600000,"Notes":"The Central Park network is experiencing a high volume of energy storage project applications, which may cause future substation or upstream infrastructure constraints. This may affect the network's ability to host BESS \u003e50kW. Please email dgexpert@coned","LoadCurve":"https://www.coned.com/-/media/files/coned/documents/business-partners/local-generation-facilities/systemdata/loadcurve/M-17-LC","SystemData":"https://www.coned.com/-/media/files/coned/documents/business-partners/local-generation-facilities/systemdata/forecasted-network-data","LSRV_Rate_URL":"https://lite.coned.com/_external/cerates/elec_VDER_CREDstatement_PSC10.asp","OBJECTID":29,"Shape__Area":57858832.279129028,"Shape__Length":31948.545290990165}},{"type":"Feature","id":30,"geometry":{"type":"Polygon","coordinates":[[[-73.9987750313796,40.7230037748675],[-74.0010203850937,40.7203611221534],[-74.0014316551894,40.7198770531793],[-74.0018506003726,40.719383941461],[-74.004582512918,40.7161512145727],[-74.0051935317324,40.716493920151],[-74.0062345377143,40.7170777782407],[-74.0063710746274,40.7169056022055],[-74.0066826422658,40.7165127053998],[-74.0068062859183,40.7165704118599],[-74.008983792399,40.7175866485969],[-74.0090067390189,40.7174404282604],[-74.0090901583864,40.7169088541075],[-74.0097451305442,40.7172131558719],[-74.0101274613841,40.7173907845286],[-74.010689270024,40.7174621198707],[-74.0105325667468,40.7181013218402],[-74.010398657672,40.7187915164683],[-74.0123152825604,40.7190323839919],[-74.0127586985522,40.7171135809198],[-74.0127899317623,40.7169784171666],[-74.0129686361292,40.7169975942488],[-74.0174653895786,40.7174800686022],[-74.0176439936657,40.7174992276353],[-74.0176194382743,40.7176351877265],[-74.0174154230105,40.7187646728014],[-74.017413101624,40.7187765589849],[-74.0174044457854,40.7188107652681],[-74.0173929563883,40.7188444848028],[-74.0173786795518,40.718877581604],[-74.017361672048,40.7189099232872],[-74.0173420024857,40.7189413783666],[-74.0173197513108,40.7189718216575],[-74.0172950060718,40.7190011297756],[-74.0172678685218,40.7190291847373],[-74.0172384463339,40.7190558739608],[-74.0172068590182,40.7190810893655],[-74.017173233189,40.7191047300735],[-74.017137703747,40.7191266997084],[-74.0171004150649,40.7191469117981],[-74.0170615174344,40.7191652825712],[-74.0170211658849,40.7191817399623],[-74.0169795225491,40.7191962164078],[-74.0169367578478,40.719208655149],[-74.0168930422034,40.7192190039301],[-74.0168485507763,40.7192272231019],[-74.0168034646461,40.7192332784178],[-74.0167579648958,40.7192371464375],[-74.0167122337934,40.7192388100243],[-74.0166664559774,40.7192382646487],[-74.0166208160876,40.7192355102839],[-74.0165754975831,40.7192305595107],[-74.0165734310207,40.7192302806502],[-74.0152865112336,40.7190548754989],[-74.0152749324107,40.7190595975095],[-74.0152332887719,40.7190740733236],[-74.0151905238231,40.7190865114163],[-74.0151468079877,40.7190968595345],[-74.0151023164267,40.7191050780317],[-74.0150572302205,40.7191111326639],[-74.0150117304522,40.7191149999935],[-74.01496599939,40.7191166628867],[-74.0149202216722,40.7191161168167],[-74.0148745819383,40.7191133617596],[-74.0148309573659,40.7191086361089],[-74.0138129006398,40.7189740887995],[-74.0137388286947,40.7193165364076],[-74.0137751807985,40.7193291617157],[-74.0138155400604,40.7193456082958],[-74.0138544463276,40.7193639686203],[-74.0138917445405,40.7193841706686],[-74.013927284371,40.7194061307131],[-74.0139609214075,40.7194297623238],[-74.0139925207042,40.7194549691643],[-74.0140219555986,40.7194816503946],[-74.0140491065272,40.7195096979696],[-74.0140738657609,40.7195389993404],[-74.0140825556307,40.7195508787056],[-74.0164848272182,40.7198321032857],[-74.0165227500706,40.7198373352145],[-74.0165672460288,40.7198455414698],[-74.0166109672909,40.7198558775256],[-74.0166537386825,40.7198683037859],[-74.0166953897597,40.7198827680466],[-74.0167357500776,40.7198992136019],[-74.0167746574723,40.7199175729382],[-74.0168119568801,40.719937774039],[-74.016847497968,40.7199597331804],[-74.0168811363194,40.7199833639361],[-74.016912736983,40.7200085699733],[-74.0169297287085,40.7200239706976],[-74.0169475599618,40.7200408139127],[-74.016969325674,40.7200632973392],[-74.0169940863972,40.7200925980798],[-74.0170163536412,40.7201230347266],[-74.0170360397877,40.7201544839241],[-74.0170530643187,40.7201868205147],[-74.01706735855,40.7202199130353],[-74.0170788656324,40.7202536291203],[-74.0170875393675,40.7202878328004],[-74.0170933442087,40.7203223863036],[-74.0170962564441,40.7203571500549],[-74.0170962653809,40.7203919835763],[-74.017093370979,40.7204267481895],[-74.0170875838501,40.7204613034131],[-74.0170862420664,40.7204674649007],[-74.0170058058712,40.7208243047347],[-74.0169984913574,40.7208523494917],[-74.0169870014031,40.7208860689766],[-74.0169727239276,40.7209191657184],[-74.0169557157059,40.7209515073328],[-74.0169360453494,40.7209829623341],[-74.0169137933074,40.7210134055383],[-74.0168890471319,40.7210427135611],[-74.0168619085797,40.7210707684193],[-74.0168522408578,40.7210795371983],[-74.0168662687163,40.7211120120291],[-74.0168684527206,40.7211177830763],[-74.0169136495421,40.7212397270799],[-74.0169229727085,40.7212676721297],[-74.0169316464956,40.7213018758169],[-74.0169374513443,40.7213364293233],[-74.0169403635426,40.7213711930737],[-74.0169403723981,40.7214060265904],[-74.0169374778709,40.7214407911949],[-74.0169316905732,40.721475346406],[-74.016923034137,40.7215095526406],[-74.016911544031,40.7215432721149],[-74.0168972663774,40.7215763688445],[-74.0168827778968,40.7216042741644],[-74.0167669600607,40.7218106518962],[-74.0167644400997,40.721815088174],[-74.016744769398,40.721846543139],[-74.0167225169803,40.7218769863026],[-74.0166977704,40.7219062942809],[-74.0166706314157,40.7219343490908],[-74.016641207706,40.7219610381513],[-74.0166096187874,40.7219862533823],[-74.0165759912805,40.7220098939066],[-74.016540460093,40.7220318633487],[-74.0165031696043,40.722052075237],[-74.0164642701135,40.7220704458011],[-74.0164239166576,40.7220869029765],[-74.0163822713768,40.7221013792002],[-74.0163395046999,40.7221138177147],[-74.0162957870571,40.722124166265],[-74.0162512936168,40.7221323852028],[-74.016206205467,40.7221384402825],[-74.0161607036986,40.7221423080646],[-74.0161149705878,40.7221439714135],[-74.0160691907812,40.7221434258006],[-74.0160235489266,40.7221406712001],[-74.0160000229414,40.7221383799738],[-74.0136558550996,40.7218801870221],[-74.0136354303891,40.7219013000917],[-74.0136060054786,40.7219279883766],[-74.0135744154273,40.7219532027749],[-74.0135407868604,40.7219768424129],[-74.01350525469,40.7219988109183],[-74.0134679632993,40.7220190218237],[-74.0134290629912,40.7220373913624],[-74.0133887088058,40.722053847474],[-74.0133470628864,40.7220683226],[-74.0133042956642,40.7220807599871],[-74.0132605775719,40.7220911073849],[-74.0132160837794,40.7220993251499],[-74.0131714936627,40.7221053123463],[-74.0131208974068,40.7223792648623],[-74.0131199337553,40.7223843141296],[-74.0128720342435,40.723641633539],[-74.0128713649473,40.7236449582948],[-74.0125810477794,40.72505827142],[-74.012571254336,40.7250968422032],[-74.0124856231303,40.725379397112],[-74.0124610007339,40.7255073567405],[-74.0153039477422,40.7258024160515],[-74.0153089903218,40.725802952985],[-74.0153540838201,40.7258089957],[-74.0153985836216,40.7258172024004],[-74.0154423086203,40.7258275388917],[-74.0154850836265,40.7258399655761],[-74.0155267381825,40.725854430248],[-74.0155671018285,40.7258708761996],[-74.0156060123877,40.725889235916],[-74.0156433147837,40.7259094373791],[-74.0156788586713,40.7259313968634],[-74.0157124996226,40.7259550279416],[-74.0157441026758,40.7259802342791],[-74.0157735411536,40.726006915038],[-74.015800695478,40.7260349621752],[-74.0158254579061,40.7260642631435],[-74.0158477266117,40.7260946999917],[-74.0158674139707,40.7261261493636],[-74.0158844394602,40.7261584861009],[-74.0158987343921,40.7261915787397],[-74.0159102419144,40.7262252949143],[-74.015918915827,40.7262594986549],[-74.0159247205824,40.7262940521891],[-74.0159276324691,40.7263288159418],[-74.0159276407959,40.7263636494351],[-74.015924745525,40.7263984139908],[-74.0159198652824,40.7264285312932],[-74.0159003613899,40.7265265057791],[-74.0156494981796,40.7265035573599],[-74.0041609996747,40.7254520001837],[-74.0019305187329,40.7245516895248],[-73.9987750313796,40.7230037748675]]]},"properties":{"NETWORK":"Canal","BOROUGH":"Manhattan","LSRV_Status":"Not LSRV Eligible","CapacityMW":0,"SubscribedMW":0,"RemainingMW":0,"CapacityRange":"50-99.99","CapacityRangeDate":1771891200000,"LSRV_as_of_date":1665705600000,"Notes":" ","LoadCurve":"https://www.coned.com/-/media/files/coned/documents/business-partners/local-generation-facilities/systemdata/loadcurve/M-22-LC","SystemData":"https://www.coned.com/-/media/files/coned/documents/business-partners/local-generation-facilities/systemdata/forecasted-network-data","LSRV_Rate_URL":"https://lite.coned.com/_external/cerates/elec_VDER_CREDstatement_PSC10.asp","OBJECTID":30,"Shape__Area":11946430.271728516,"Shape__Length":20250.212466118814}},{"type":"Feature","id":31,"geometry":{"type":"Polygon","coordinates":[[[-73.9716298784168,40.8062279282143],[-73.9716308500293,40.8062283363791],[-73.9714719002167,40.8064438278672],[-73.9712216824694,40.8067830410763],[-73.9712115439776,40.8067963497128],[-73.9708817894559,40.8072155272441],[-73.9708478173189,40.8072547488699],[-73.9708095595766,40.8072916218014],[-73.9707950100915,40.8073044736311],[-73.9706466387398,40.8075160521584],[-73.9706328652026,40.8075347997272],[-73.970014249521,40.8083394437018],[-73.9698111531693,40.8086233339858],[-73.9698019744786,40.8086357755661],[-73.9696405291732,40.8088481030466],[-73.9694689626123,40.8090737405781],[-73.9694471908332,40.8091005651513],[-73.9694234284288,40.8091263968436],[-73.9692569205033,40.8092967700247],[-73.9692109810063,40.8094281368294],[-73.9691910148394,40.8094762153895],[-73.9691653274097,40.8095226994349],[-73.9690334485022,40.8097336480728],[-73.9690229000892,40.8097498280887],[-73.96900721013,40.8097717005704],[-73.9688194639292,40.810019844301],[-73.9686922034215,40.8102545822347],[-73.9686859451622,40.8102657728238],[-73.9686767065807,40.8102811472167],[-73.9684869262285,40.8105845326767],[-73.9684767582611,40.8106001436298],[-73.9682861178341,40.810881513138],[-73.9680832344655,40.8112408656403],[-73.968057560181,40.8112816231642],[-73.9677075360505,40.8117831569334],[-73.9674053531764,40.812234946138],[-73.9674033131286,40.8122379730343],[-73.9673899406548,40.8122567572357],[-73.9671879368642,40.8125277713213],[-73.9670634643607,40.8127093184684],[-73.9669005443768,40.8129633742135],[-73.9668930943625,40.8129746598111],[-73.9668824375935,40.8129897670993],[-73.9666087342721,40.8133636323555],[-73.966328226706,40.813756767399],[-73.9658232091772,40.8144630770103],[-73.9655677976088,40.8148647975097],[-73.9652693656493,40.8153400318649],[-73.9652630181391,40.8153498849941],[-73.964896760021,40.8159043281343],[-73.9648930720888,40.8159098326508],[-73.9648819174061,40.8159256185704],[-73.9645357713378,40.8163968201891],[-73.9645246182811,40.8164114669446],[-73.9645190164485,40.8164184503766],[-73.9642951391791,40.816692921199],[-73.9642788264224,40.8167120237924],[-73.9638471970127,40.8171952121033],[-73.9638443066907,40.8171984223691],[-73.963831551381,40.8172120374843],[-73.9636508794241,40.817398803164],[-73.9634301606072,40.8176269616077],[-73.9632018641686,40.8178629542269],[-73.9629575029375,40.8181155499887],[-73.962767144705,40.8183123210675],[-73.962752698239,40.8183267486635],[-73.9627232102928,40.8183534235552],[-73.9626915551959,40.8183786236248],[-73.9626578598342,40.8184022480562],[-73.962651078504,40.818406652891],[-73.9626097729127,40.8184331501292],[-73.962138976908,40.8189602850595],[-73.9617716522519,40.819386881311],[-73.9617663313186,40.8193929714064],[-73.9609615419845,40.8203009713879],[-73.9609571615988,40.8203058559987],[-73.9609507020393,40.820312859674],[-73.9605805979546,40.8207075618206],[-73.960559854667,40.8207285993291],[-73.9605303647775,40.8207552736493],[-73.9604987077077,40.820780473107],[-73.9604650103513,40.8208040968882],[-73.9604294078973,40.8208260486844],[-73.9603920450127,40.820846242096],[-73.9603530722901,40.8208645934268],[-73.9603126450575,40.8208810306889],[-73.9602709257527,40.8208954863997],[-73.9602280851054,40.8209079038852],[-73.960207372639,40.8209127882362],[-73.9600983676407,40.8210528759105],[-73.9601054930784,40.8210664146372],[-73.9601197806568,40.821099513721],[-73.9601312763279,40.8211332349811],[-73.9601399339401,40.8211674424274],[-73.9601457180104,40.8212019982724],[-73.9601486049105,40.8212367629314],[-73.9601485840518,40.8212715959235],[-73.9601456555125,40.8213063585722],[-73.9601398300409,40.8213409104038],[-73.9601311314235,40.821375111849],[-73.9601195952998,40.8214088251435],[-73.960105267977,40.8214419143277],[-73.9600882064288,40.8214742470472],[-73.9600684794825,40.8215056918523],[-73.960046167816,40.8215361236004],[-73.9600322602795,40.8215530463104],[-73.9597510236263,40.8218818106318],[-73.959748075923,40.8218851558469],[-73.9602592011842,40.8221065247131],[-73.9602628962627,40.8221081360736],[-73.9603018478283,40.8221265142089],[-73.9603391873747,40.8221467332913],[-73.9603747644089,40.8221687095245],[-73.9604084343659,40.8221923564128],[-73.960440062169,40.8222175775585],[-73.9604695210412,40.8222442720642],[-73.9604966913216,40.8222723318309],[-73.9605214652051,40.8223016442615],[-73.9605437408162,40.8223320913575],[-73.9605634305065,40.8223635497224],[-73.9605804537408,40.8223958941611],[-73.9605947418408,40.8224289931788],[-73.9606062379823,40.8224627143842],[-73.9606148960116,40.8224969217873],[-73.9606206804441,40.8225314776008],[-73.96062356765,40.8225662422403],[-73.9606235470394,40.8226010752248],[-73.9606206186899,40.822635837878],[-73.9606147933485,40.8226703897259],[-73.9606060948014,40.8227045911994],[-73.9605945586879,40.8227383045341],[-73.960580231315,40.82277139377],[-73.9605631696567,40.8228037265527],[-73.9605434425407,40.8228351714321],[-73.9605337970938,40.82284888809],[-73.9602323958395,40.8232632756824],[-73.9601976198413,40.8233063055943],[-73.9601575028123,40.8233465646249],[-73.9601599726431,40.8233494875877],[-73.9601822484395,40.8233799347483],[-73.960201938269,40.8234113931695],[-73.9602189615956,40.8234437376559],[-73.9602332497408,40.8234768367127],[-73.9602447458802,40.8235105579482],[-73.96025340386,40.8235447653726],[-73.9602591881958,40.8235793211982],[-73.9602620752584,40.8236140858407],[-73.9602623760175,40.8236245749216],[-73.9602634388313,40.8236909310354],[-73.9602631172721,40.8237152749326],[-73.9602601886852,40.8237500375703],[-73.9602543630591,40.8237845893936],[-73.9602456641811,40.8238187908336],[-73.9602341276918,40.823852504126],[-73.9602197998998,40.823885593311],[-73.9602027377807,40.8239179260344],[-73.9601846759707,40.8239469049631],[-73.9585546494346,40.8263759906969],[-73.9578855599785,40.8273730164573],[-73.9578838940009,40.8273754823059],[-73.9578615793671,40.8274059136017],[-73.9578367676198,40.8274352084553],[-73.9578095607832,40.8274632489378],[-73.9577800668064,40.8274899225248],[-73.9577484054909,40.8275151211992],[-73.9577147037474,40.8275387441503],[-73.9576790967827,40.8275606950727],[-73.9576417292817,40.8275808875705],[-73.9576027518561,40.8275992379512],[-73.9575623198523,40.8276156742307],[-73.9575205957275,40.8276301289303],[-73.9574777502307,40.8276425453801],[-73.9574339541091,40.8276528714133],[-73.9573893828436,40.827661067472],[-73.9573442178396,40.8276670994033],[-73.9573031479633,40.8276705637197],[-73.9569533433773,40.82819168812],[-73.9569517046367,40.8281941143432],[-73.956929389302,40.8282245454544],[-73.956904576839,40.8282538401035],[-73.9568773692749,40.8282818803622],[-73.9568478745615,40.8283085537072],[-73.9568162125035,40.8283337521222],[-73.9567825100144,40.8283573747975],[-73.9567615158895,40.8283703169512],[-73.9567436687194,40.8283950315557],[-73.9567103511578,40.8283990757857],[-73.9567095340605,40.8283995176222],[-73.9566705558982,40.8284178676853],[-73.9566301231667,40.8284343036357],[-73.956588398326,40.8284487579959],[-73.9565455521282,40.8284611740977],[-73.9565017553231,40.8284714997756],[-73.9564571833943,40.8284796954728],[-73.9564120177502,40.8284857270382],[-73.9563664397921,40.8284895711269],[-73.9563206321028,40.8284912106982],[-73.9562747796283,40.8284906413194],[-73.9562290673112,40.8284878630607],[-73.9561836789006,40.8284828885988],[-73.9561387969551,40.8284757378147],[-73.9560946028422,40.8284664386933],[-73.9560512743661,40.8284550291238],[-73.9560089857687,40.828441555099],[-73.9559842681086,40.8284325344117],[-73.9553303217615,40.8281821749071],[-73.9553169406646,40.8282004209626],[-73.9552921275006,40.8282297152649],[-73.9552649192668,40.8282577551433],[-73.9552354239178,40.828284428076],[-73.9552037612606,40.8283096260484],[-73.9551700582113,40.8283332482526],[-73.9551344499819,40.8283551983865],[-73.9550970812626,40.828375390057],[-73.9550581026698,40.8283937395752],[-73.9550212863251,40.8284087049617],[-73.9548796559805,40.8285867009674],[-73.9548499583299,40.8286210486421],[-73.9548169625986,40.8286536138373],[-73.9546514507379,40.8288048888072],[-73.9545894818037,40.8289144438867],[-73.9545659356034,40.828952068109],[-73.9542480340402,40.8294139594943],[-73.9542274472875,40.829441859471],[-73.9542040734976,40.8294695611288],[-73.9541294104155,40.8295524697599],[-73.9539620241657,40.8298782787325],[-73.9539506903671,40.829899070241],[-73.953933907096,40.8299261270173],[-73.9537764277406,40.830163043689],[-73.9537734786462,40.8301674306193],[-73.9537670632511,40.8301766554203],[-73.9535356158799,40.8305019004478],[-73.9531754357495,40.8310284830866],[-73.9531732521137,40.8310316501411],[-73.9529131923738,40.8314058736771],[-73.9528859431009,40.8314417400646],[-73.9528552118154,40.8314759436091],[-73.9528117686825,40.8315205804811],[-73.9527428409999,40.8316516832156],[-73.9527264017086,40.8316805274319],[-73.952707813526,40.8317086089458],[-73.9526372126113,40.8318080729433],[-73.9526004225404,40.8318543018386],[-73.9525578300201,40.8318975612048],[-73.9525558037529,40.8318994207935],[-73.9525396083413,40.8319252268129],[-73.9525205731915,40.8319514539929],[-73.9524322559688,40.832065654367],[-73.9521740493239,40.8324283920294],[-73.9520123381282,40.832662274278],[-73.9520074853298,40.8326691736499],[-73.9518868376976,40.8328377833304],[-73.9517905445597,40.8330559185597],[-73.9516715830925,40.8333954668916],[-73.9516554799407,40.8334352827135],[-73.9516354496642,40.8334740568149],[-73.9515029900178,40.8337043548978],[-73.9514794396214,40.8337413886354],[-73.9514523061942,40.8337769791681],[-73.9512860990001,40.833977283519],[-73.9511619809637,40.8341387518199],[-73.9510312923792,40.8343524557753],[-73.9510180209715,40.8343730228353],[-73.9510142989296,40.8343784269225],[-73.9509051397565,40.8345347414561],[-73.9509030141007,40.8345377617099],[-73.9508492036619,40.8346136693781],[-73.9507918363237,40.8348081228828],[-73.9504682369078,40.8346745067916],[-73.9403430001488,40.8304929997203],[-73.9393739997792,40.8316170001372],[-73.9388679994977,40.8329700002345],[-73.9366470000843,40.8347070002125],[-73.9344119282249,40.835479639365],[-73.9338405928979,40.8356771327526],[-73.9338438176805,40.8356438784462],[-73.9338470700033,40.8356103486042],[-73.9338479887991,40.8356008759307],[-73.9338487219226,40.8355933139997],[-73.9338497988441,40.8355822088207],[-73.9338595845474,40.8354813095384],[-73.9338613059374,40.8354635599807],[-73.9339009790889,40.8350545007293],[-73.9339708308561,40.8347942348116],[-73.9339964145613,40.8345893464397],[-73.9340180106196,40.8345353903603],[-73.9340370783099,40.8344760748881],[-73.934132393079,40.8340867357119],[-73.9341611260939,40.8339693672467],[-73.9341744848822,40.8339147985962],[-73.9341846927908,40.8338549692572],[-73.9342259995263,40.8334310966788],[-73.9342290298063,40.8333640214593],[-73.9342320176482,40.8332703068805],[-73.9342631582349,40.8331803598106],[-73.9342690425566,40.8331620957287],[-73.9342771259477,40.8331308189501],[-73.9343380669723,40.8328525188438],[-73.9343447006172,40.8328137419132],[-73.9343476805582,40.8327747044601],[-73.9343994847641,40.8326336579234],[-73.9343258106196,40.831772517793],[-73.9342959129462,40.8314989880339],[-73.9341023438024,40.8298696622689],[-73.9339957928127,40.8293623163459],[-73.9338545835471,40.8283007882375],[-73.9338177494794,40.8279605202946],[-73.9337246897987,40.8271008420824],[-73.9337236796444,40.8270902579768],[-73.9337228768827,40.8270785501718],[-73.9337124376228,40.8268869042907],[-73.9336410312246,40.8261445161686],[-73.9335629596059,40.8254684780091],[-73.9335616158164,40.8254549076626],[-73.9335603182648,40.8254306466556],[-73.9335378816225,40.8245080963397],[-73.933506325794,40.8240937112902],[-73.9335199878617,40.8240924674775],[-73.9376239994571,40.8237680000607],[-73.9552003822692,40.7993986085804],[-73.9596503551571,40.8011498134231],[-73.9596827115392,40.801164261548],[-73.9610657159586,40.8017817986169],[-73.9636655787982,40.8028948906872],[-73.9651228035634,40.8035131442667],[-73.9667263794071,40.8041762458172],[-73.9680848037876,40.8047398044992],[-73.9716298784168,40.8062279282143]]]},"properties":{"NETWORK":"Harlem","BOROUGH":"Manhattan","LSRV_Status":"Not LSRV Eligible","CapacityMW":0,"SubscribedMW":0,"RemainingMW":0,"CapacityRange":"25-49.99","CapacityRangeDate":1771891200000,"LSRV_as_of_date":1665705600000,"Notes":" ","LoadCurve":"https://www.coned.com/-/media/files/coned/documents/business-partners/local-generation-facilities/systemdata/loadcurve/M-02-LC","SystemData":"https://www.coned.com/-/media/files/coned/documents/business-partners/local-generation-facilities/systemdata/forecasted-network-data","LSRV_Rate_URL":"https://lite.coned.com/_external/cerates/elec_VDER_CREDstatement_PSC10.asp","OBJECTID":31,"Shape__Area":65988209.501617432,"Shape__Length":39355.212508907949}},{"type":"Feature","id":32,"geometry":{"type":"Polygon","coordinates":[[[-74.010461555857,40.7115368983399],[-74.0116631112619,40.7096773770553],[-74.012757079512,40.7101896536177],[-74.0128553952713,40.7097062618219],[-74.013072808282,40.7091368189033],[-74.0137409896093,40.70943170801],[-74.0138943691644,40.7094993981299],[-74.0137093937045,40.709957450894],[-74.0137351367603,40.7100354473951],[-74.0137393155719,40.7100481080824],[-74.0137540274317,40.7100590340274],[-74.0138242787003,40.7101112093282],[-74.0140738423555,40.7102266579218],[-74.0141119183844,40.7102442726592],[-74.0143794618742,40.7103680382042],[-74.0144913199127,40.7104197837494],[-74.0146827369444,40.710508332856],[-74.014764577689,40.7105461915774],[-74.0142300584863,40.7120520491943],[-74.0139858932609,40.7128765715148],[-74.0137511507999,40.713667540875],[-74.0137467547703,40.7136758134911],[-74.0135856755935,40.7136020870961],[-74.0108507465008,40.7123502379425],[-74.0101634959125,40.7120582704227],[-74.010461555857,40.7115368983399]]]},"properties":{"NETWORK":"Freedom","BOROUGH":"Manhattan","LSRV_Status":"Not LSRV Eligible","CapacityMW":0,"SubscribedMW":0,"RemainingMW":0,"CapacityRange":"25-49.99","CapacityRangeDate":1771891200000,"LSRV_as_of_date":1665705600000,"Notes":" ","LoadCurve":"https://www.coned.com/-/media/files/coned/documents/business-partners/local-generation-facilities/systemdata/loadcurve/m-41-lc","SystemData":"https://www.coned.com/-/media/files/coned/documents/business-partners/local-generation-facilities/systemdata/forecasted-network-data","LSRV_Rate_URL":"https://lite.coned.com/_external/cerates/elec_VDER_CREDstatement_PSC10.asp","OBJECTID":32,"Shape__Area":1156838.7780303955,"Shape__Length":4852.4271842423977}},{"type":"Feature","id":36,"geometry":{"type":"Polygon","coordinates":[[[-73.9768553976242,40.7534782515077],[-73.9663148107183,40.7490340063929],[-73.9662196703989,40.7489943679596],[-73.9664269546209,40.7487447685755],[-73.9675090631432,40.7474432509193],[-73.9675058821381,40.7474178179164],[-73.9675044462788,40.7473830012269],[-73.9675049458027,40.7473711678113],[-73.9675059160989,40.7473481853569],[-73.9675102867898,40.7473135098835],[-73.9675175405176,40.7472791152804],[-73.9675276476088,40.7472451402166],[-73.9675405677352,40.7472117206565],[-73.9675562499128,40.7471789916608],[-73.9675746289508,40.747147084684],[-73.967595631372,40.7471161293771],[-73.9676160962744,40.7470899204854],[-73.9682396793294,40.7463395425483],[-73.9683125741912,40.7462486222557],[-73.968321768822,40.7462374585018],[-73.9683477543293,40.7462087737011],[-73.9683760800339,40.7461813997742],[-73.9684066322143,40.7461554474505],[-73.9684392864967,40.746131021153],[-73.9684739114064,40.746108218999],[-73.9684952547561,40.7460958752896],[-73.9687033746816,40.7458497271835],[-73.9805108947713,40.7508437117875],[-73.9806704742588,40.7509077916693],[-73.9808283861336,40.7509742186711],[-73.9820648204539,40.7514943258414],[-73.982280090739,40.7515793642155],[-73.9799373107478,40.7547910102282],[-73.9768553976242,40.7534782515077]]]},"properties":{"NETWORK":"Grand Central","BOROUGH":"Manhattan","LSRV_Status":"Not LSRV Eligible","CapacityMW":0,"SubscribedMW":0,"RemainingMW":0,"CapacityRange":"25-49.99","CapacityRangeDate":1771891200000,"LSRV_as_of_date":1665705600000,"Notes":" ","LoadCurve":"https://www.coned.com/-/media/files/coned/documents/business-partners/local-generation-facilities/systemdata/loadcurve/M-04-LC","SystemData":"https://www.coned.com/-/media/files/coned/documents/business-partners/local-generation-facilities/systemdata/forecasted-network-data","LSRV_Rate_URL":"https://lite.coned.com/_external/cerates/elec_VDER_CREDstatement_PSC10.asp","OBJECTID":36,"Shape__Area":5772484.156036377,"Shape__Length":11336.070964339695}},{"type":"Feature","id":37,"geometry":{"type":"Polygon","coordinates":[[[-73.9767736793716,40.7536007425607],[-73.9768618278839,40.7534809903368],[-73.9799320713779,40.7547887787634],[-73.9799373107478,40.7547910102282],[-73.9781113068044,40.7572751172043],[-73.9767479230842,40.75915656629],[-73.9767451446505,40.7591603631587],[-73.9764756757451,40.7590445962638],[-73.9743822073179,40.7581702546589],[-73.9741962608086,40.758091409959],[-73.9736208264944,40.7578836438664],[-73.9737622003568,40.7576916128048],[-73.9767736793716,40.7536007425607]]]},"properties":{"NETWORK":"Turtle Bay","BOROUGH":"Manhattan","LSRV_Status":"Not LSRV Eligible","CapacityMW":0,"SubscribedMW":0,"RemainingMW":0,"CapacityRange":"50-99.99","CapacityRangeDate":1771891200000,"LSRV_as_of_date":1665705600000,"Notes":" ","LoadCurve":"https://www.coned.com/-/media/files/coned/documents/business-partners/local-generation-facilities/systemdata/loadcurve/M-25-LC","SystemData":"https://www.coned.com/-/media/files/coned/documents/business-partners/local-generation-facilities/systemdata/forecasted-network-data","LSRV_Rate_URL":"https://lite.coned.com/_external/cerates/elec_VDER_CREDstatement_PSC10.asp","OBJECTID":37,"Shape__Area":1785257.1712646484,"Shape__Length":5618.8575987728454}},{"type":"Feature","id":40,"geometry":{"type":"Polygon","coordinates":[[[-73.9579816912472,40.7581590324545],[-73.9579931789401,40.7581489050599],[-73.9581574756641,40.7580040744639],[-73.9583816695041,40.7577589345938],[-73.9590135538879,40.7569956857377],[-73.9593104254787,40.7566282335041],[-73.9595908953293,40.7562442306492],[-73.959718217213,40.7560782778674],[-73.9597364068481,40.7560545694151],[-73.9612393901236,40.7567213337342],[-73.9655345821892,40.7585439435783],[-73.9683173164172,40.7597164408464],[-73.9696259943378,40.7602516652882],[-73.9696084594895,40.760275660019],[-73.9694857211187,40.7604436230594],[-73.9672669524947,40.7634797462309],[-73.9587878334271,40.75993836596],[-73.9581547637765,40.7596328251532],[-73.9570671750347,40.7589862694035],[-73.9572450371347,40.7588132836835],[-73.9576398947624,40.7584615688737],[-73.9575447607204,40.7584194856672],[-73.9561662889809,40.7578097038228],[-73.9560102085411,40.7577407088533],[-73.9558974815068,40.7578840189848],[-73.9556881440931,40.7581841878062],[-73.9556695631173,40.7582092237073],[-73.9556575011634,40.7582239900519],[-73.9553413337712,40.7585977171475],[-73.955334694391,40.7586054219971],[-73.9548323204645,40.7591778996518],[-73.954581902603,40.7594690641569],[-73.9545721295355,40.7594801311125],[-73.9545449490819,40.7595081711232],[-73.9545154838886,40.7595348441594],[-73.95448385364,40.7595600422058],[-73.9544501851225,40.7595836644544],[-73.9544146134094,40.7596056146027],[-73.9543779050181,40.7596254697151],[-73.9543372825241,40.75967994408],[-73.9543354918609,40.7596851789064],[-73.9543211749416,40.75971826769],[-73.9543041263963,40.7597505998646],[-73.954284415,40.7597820439825],[-73.9542621213668,40.7598124749042],[-73.9542373332156,40.7598417692938],[-73.9542101524735,40.7598698092241],[-73.9542074457898,40.7598724079062],[-73.9540401756466,40.7600319756157],[-73.9540294626655,40.7600490656271],[-73.9540071688265,40.7600794964982],[-73.9539823804637,40.7601087908318],[-73.9539551995053,40.7601368307009],[-73.9539519204145,40.7601399739536],[-73.9536814448742,40.7603973207887],[-73.9536552580606,40.7604208503565],[-73.9536236270659,40.7604460481635],[-73.9535899577954,40.7604696701576],[-73.9535543853257,40.7604916200374],[-73.9535170542015,40.7605118114111],[-73.9534781148878,40.7605301605907],[-73.953437722579,40.760546595597],[-73.9533960395732,40.7605610489563],[-73.9533532364509,40.7605734640043],[-73.9533137455831,40.7605827826419],[-73.9529157579659,40.7609880901033],[-73.9527703540959,40.761136994798],[-73.952620776766,40.7614164716854],[-73.9526133060598,40.7614299158508],[-73.9526012558267,40.7614497391086],[-73.9524769388947,40.7616440024172],[-73.952392432796,40.761802369915],[-73.9523846773837,40.7618163470461],[-73.9523652822008,40.7618473235954],[-73.9522463884217,40.7620228565876],[-73.9522239342412,40.7620535202697],[-73.9522138195108,40.7620659700548],[-73.9519018965993,40.762438716731],[-73.951604200158,40.7628421577172],[-73.9515759199476,40.7628773213452],[-73.9515442478336,40.7629107725807],[-73.9514185394454,40.7630335475671],[-73.9513867549245,40.7630861173238],[-73.9513477231349,40.7631357852871],[-73.9507409826943,40.7638229600196],[-73.9507150309679,40.7638504764425],[-73.9506868997661,40.7638767258173],[-73.9497905300829,40.764662267416],[-73.9497829819485,40.7646687765739],[-73.9497513474713,40.7646939733019],[-73.94971767468,40.7647175941495],[-73.9496820986653,40.7647395428199],[-73.9496447639863,40.7647597329261],[-73.9496058211222,40.7647780807853],[-73.9495654252817,40.7647945144237],[-73.949523738777,40.7648089663727],[-73.9495196814226,40.7648101433553],[-73.9482412534856,40.766450502896],[-73.9482393613112,40.7664529162976],[-73.9482335106415,40.7664602068521],[-73.947641127502,40.7671856347158],[-73.9476221844978,40.7672076371264],[-73.9476154548571,40.7672149326523],[-73.9471898809661,40.7676683843867],[-73.9469315766696,40.767995638519],[-73.946479697474,40.7686068671548],[-73.9464695444617,40.7686201619799],[-73.9464447496047,40.7686494546545],[-73.9464175619871,40.7686774927095],[-73.946388089482,40.7687041636307],[-73.9463564518037,40.7687293594114],[-73.946322775768,40.7687529792525],[-73.9462871964788,40.7687749268614],[-73.9462498585083,40.7687951158553],[-73.9462109123493,40.7688134625561],[-73.9461920889683,40.7688211188559],[-73.9461067998806,40.76893667397],[-73.9460963941813,40.7689503099343],[-73.9460713607521,40.7689798644623],[-73.9459658381299,40.7690959557029],[-73.9459391255162,40.769123469773],[-73.945920287284,40.7691405173753],[-73.9458899173351,40.7692610013297],[-73.9458849825534,40.769278952356],[-73.9458734482422,40.7693126645011],[-73.945859125049,40.7693457521858],[-73.945842069931,40.7693780830619],[-73.94582235169,40.769409525687],[-73.9458187111232,40.7694148162358],[-73.9454050992454,40.7700079313855],[-73.9453864387674,40.7700330700082],[-73.9453727374422,40.7700497579509],[-73.9452889390853,40.7701478676891],[-73.9452778445188,40.7701604721734],[-73.9452506557931,40.7701885099469],[-73.945221182152,40.7702151805635],[-73.9451895433144,40.770240376018],[-73.9451558661007,40.7702639955128],[-73.9451393720351,40.770274524454],[-73.9450971112251,40.7703006954737],[-73.944883423494,40.7705017200424],[-73.9448311506813,40.770545791788],[-73.944772924863,40.7705853167154],[-73.944614647991,40.7706815910287],[-73.9445644433586,40.7707095194181],[-73.94451126374,40.7707340586584],[-73.9444837565985,40.7707455484415],[-73.9438897003123,40.7712809972716],[-73.9438880407786,40.7712824885977],[-73.9436121123311,40.7715294025322],[-73.9432779160574,40.7719299913611],[-73.9432444855821,40.7719666749171],[-73.943207247592,40.7720011737664],[-73.942717175634,40.77241928525],[-73.9426848970715,40.772445022695],[-73.9426512178546,40.7724686414498],[-73.9426156353703,40.7724905879127],[-73.9425782942035,40.7725107757056],[-73.94253934486,40.772529121155],[-73.9425141697563,40.7725396525921],[-73.9417664026986,40.772837881324],[-73.941751175382,40.7728437809294],[-73.941709482143,40.7728582300336],[-73.9416666689385,40.7728706407168],[-73.9416229063871,40.7728809608349],[-73.9415783698352,40.7728891508537],[-73.9415565945156,40.7728923392997],[-73.9411940409659,40.7729410395684],[-73.9411858345642,40.7729424869914],[-73.9411783568276,40.7729490838637],[-73.9410029734913,40.7731745360584],[-73.9409662927493,40.7732170606492],[-73.9408897714566,40.7732973958404],[-73.9408722201442,40.7733150610133],[-73.9408427433657,40.7733417304973],[-73.9408111013861,40.7733669247377],[-73.9407774210385,40.7733905429416],[-73.940741837444,40.7734124888228],[-73.9407044951922,40.7734326760056],[-73.9406655447933,40.7734510208191],[-73.9406251414859,40.7734674513013],[-73.9405834476121,40.7734818999967],[-73.9405406337967,40.7734943102604],[-73.940496870661,40.7735046299498],[-73.9404523335535,40.7735128195326],[-73.9404072037408,40.7735188448823],[-73.9404004963372,40.7735195501093],[-73.9402497638297,40.7735348508432],[-73.9402109299566,40.7735379833621],[-73.9401651596701,40.7735396165304],[-73.9401193451711,40.7735390407231],[-73.9400736712499,40.7735362560362],[-73.9400283215006,40.7735312751726],[-73.9399834783264,40.7735241180386],[-73.9399393229385,40.7735148126449],[-73.9398960329849,40.773503396906],[-73.9398537825529,40.7734899168395],[-73.9398127409834,40.7734744265652],[-73.9397730752399,40.7734569892068],[-73.9397667324943,40.7734539583995],[-73.9396360575682,40.7733907872532],[-73.9396042691249,40.7733745021044],[-73.9395678251747,40.7733533878078],[-73.9395332176271,40.7733305581039],[-73.9395005838027,40.7733061058185],[-73.9394700550942,40.7732801291769],[-73.9394417557805,40.7732527327047],[-73.9394157994737,40.773224027225],[-73.9393922891204,40.773194128058],[-73.939371321739,40.7731631559237],[-73.9393529801309,40.7731312342359],[-73.9393376945888,40.7730993159549],[-73.9393012242414,40.7730151492177],[-73.9392881673905,40.772981307728],[-73.9392781039473,40.772947324634],[-73.9392708955706,40.7729129243097],[-73.9392665717426,40.7728782454485],[-73.9392651500984,40.7728434285388],[-73.939266635244,40.7728086131609],[-73.9392710223098,40.7727739388903],[-73.9392782933953,40.7727395461956],[-73.9392884187572,40.7727055737383],[-73.939301357994,40.7726721574723],[-73.9393170600449,40.7726394324453],[-73.9393227172654,40.7726290202025],[-73.9394195270079,40.7724559169474],[-73.9394282170725,40.7724409992741],[-73.9395029635517,40.7723176596703],[-73.9395451259657,40.7722171216819],[-73.9395519756112,40.7719368985103],[-73.9395049565639,40.7716336202829],[-73.9394679740826,40.7714437206901],[-73.9394659339913,40.7714324381102],[-73.9394633561014,40.7714146869308],[-73.9394433562828,40.7712529036621],[-73.939440336888,40.771212684686],[-73.9394412062053,40.7711724056186],[-73.9394554092573,40.7709692261569],[-73.9394605957901,40.7709265531162],[-73.939508914773,40.7706481310686],[-73.9395243178121,40.7705866491635],[-73.9395488266423,40.7705269000998],[-73.9396719209786,40.7702777673338],[-73.9396908386588,40.7702431240542],[-73.9397128243057,40.7702095431699],[-73.9398090243081,40.7700743900365],[-73.9398440697832,40.7700302422332],[-73.9401196009929,40.7697173706544],[-73.9401750185836,40.7696456653114],[-73.9402917566768,40.7694375609079],[-73.9403026481547,40.7694093078418],[-73.9403097063598,40.7693920551443],[-73.9403150019303,40.7693802783973],[-73.9403736156364,40.7692545768004],[-73.9403840208099,40.7692336283612],[-73.9404024189517,40.7692017258245],[-73.9404234409568,40.7691707755735],[-73.940447003801,40.7691409009328],[-73.9404730102497,40.7691122225182],[-73.9405013571516,40.7690848555393],[-73.9405319306999,40.7690589106977],[-73.9405438177441,40.7690496659562],[-73.9406725378395,40.7689518871593],[-73.9407962795442,40.7688578904771],[-73.9408170657464,40.7688427186604],[-73.9408517119198,40.7688199248869],[-73.9408881912421,40.7687988484038],[-73.9409263544018,40.7687795719791],[-73.9409660485369,40.7687621756776],[-73.9410071148742,40.768746727855],[-73.9410358624141,40.7687373305034],[-73.941160701803,40.7686989374026],[-73.941301864363,40.7686343442179],[-73.9414334066647,40.7685495458668],[-73.9418135307385,40.7682719158861],[-73.9421148541254,40.7680461537309],[-73.94224241743,40.7679266353209],[-73.9423096253051,40.7678444772908],[-73.9423155950848,40.7678373050638],[-73.9423219464211,40.7678299322152],[-73.9424544278966,40.7676788155422],[-73.9424740816084,40.7676575095258],[-73.9424948514297,40.7676371126717],[-73.9426926807574,40.7674519937665],[-73.9428240522059,40.7673186070336],[-73.9431716860413,40.7669421278762],[-73.9434828857206,40.7665284974959],[-73.943840307175,40.7660193362877],[-73.9438465693003,40.7660106053493],[-73.943852801478,40.7660022733194],[-73.9442177428963,40.765524150448],[-73.9442350706668,40.7655026070668],[-73.9442548897307,40.7654804039181],[-73.9449829426217,40.7647061949665],[-73.9459281574213,40.7636454582734],[-73.946017601244,40.7635247866828],[-73.9460394439487,40.7634972378738],[-73.9460654457857,40.763468558173],[-73.9460937879877,40.7634411897953],[-73.9461243567668,40.763415243448],[-73.9461406350652,40.7634026890202],[-73.946175303962,40.7633767950042],[-73.9463474788508,40.7631594124613],[-73.9466622237578,40.7627620164321],[-73.9466735831339,40.7627481458143],[-73.9466765254065,40.7627446973429],[-73.9472142573655,40.7621196705351],[-73.9474111383297,40.7618908243512],[-73.9478486215823,40.7613823064493],[-73.9482967455415,40.7608624083447],[-73.948512624402,40.7605863534901],[-73.9485536145905,40.7605395680583],[-73.9488467264985,40.7602395368644],[-73.9488734981347,40.7602137798981],[-73.9488934192572,40.7601964972405],[-73.9493412622175,40.7598239868256],[-73.9493519071923,40.7598153223441],[-73.9493753149901,40.7597975134392],[-73.9497702292445,40.7595105287488],[-73.9502736929448,40.7589470264705],[-73.9506735631953,40.7584962461045],[-73.9507177654976,40.7584515144166],[-73.9507677264391,40.7584104367213],[-73.9509294739713,40.7582903504205],[-73.9509442778918,40.7582796668278],[-73.9509649533723,40.7582657087941],[-73.9509952242953,40.7582460492376],[-73.9510950506242,40.7581366109347],[-73.9511304989006,40.75810092995],[-73.9511697752409,40.7580676477218],[-73.9512084441375,40.758022890985],[-73.9514294837569,40.7577357610322],[-73.951456516614,40.7576803076045],[-73.9514720567209,40.7575642246116],[-73.9514742034331,40.7575500254478],[-73.9514814665558,40.7575156319059],[-73.9514915833795,40.7574816583],[-73.9515045135369,40.7574482405886],[-73.9515177227369,40.7574202872593],[-73.9516211927027,40.757218631071],[-73.9516406687391,40.7571841949187],[-73.9516631898102,40.7571508487517],[-73.9518682959706,40.7568713087999],[-73.9518916264764,40.7568417360426],[-73.9518963270803,40.7568362521266],[-73.9521612753245,40.7565311901747],[-73.95218257125,40.7565079929911],[-73.9521999656013,40.7564907735408],[-73.9525849746287,40.7561248294519],[-73.9525959168854,40.7561146789548],[-73.9526264797694,40.7560887308544],[-73.9526591447073,40.756064309066],[-73.9526937801817,40.7560415116888],[-73.9527302487588,40.7560204314169],[-73.9527684011701,40.7560011510337],[-73.9528047938351,40.7559851936826],[-73.9528537476757,40.7559387467431],[-73.9529712760208,40.7558043330999],[-73.953015266847,40.7557592123101],[-73.9530650908106,40.7557177454299],[-73.9532540418104,40.7555758062299],[-73.9532819664301,40.7555388058791],[-73.9533233861223,40.7554900819052],[-73.9533713376629,40.7554449544777],[-73.9535927930988,40.7552577135275],[-73.9545077322755,40.7544357592333],[-73.954536532864,40.7544113984166],[-73.9545691962791,40.7543869760806],[-73.9546038302277,40.7543641781236],[-73.954640297282,40.7543430972418],[-73.9546784481798,40.7543238162213],[-73.9547181301089,40.7543064151453],[-73.9547488805146,40.754294841322],[-73.9553520231053,40.7536289995769],[-73.9553626776455,40.7536175528742],[-73.9560541282396,40.752894465801],[-73.9560568702569,40.7528916176464],[-73.9560843152048,40.7528650532832],[-73.9565521352675,40.7524398514962],[-73.9565644113032,40.752429005029],[-73.9567041988655,40.7523087113361],[-73.9567229267388,40.7522932053572],[-73.9567555883137,40.7522687823938],[-73.9567902204127,40.7522459837725],[-73.9568266856156,40.7522249021921],[-73.9568648346674,40.7522056204415],[-73.9568728453108,40.7522021069651],[-73.9571520957502,40.7519413102759],[-73.9571591040814,40.7519348652596],[-73.9571896632703,40.7519089159329],[-73.9572223244857,40.7518844928358],[-73.9572569562252,40.7518616940729],[-73.9572780642117,40.7518494910416],[-73.9572932446602,40.7518294874269],[-73.957311376458,40.7518068743369],[-73.9573373688788,40.7517781920434],[-73.9573657014758,40.7517508208463],[-73.9573962604998,40.7517248714642],[-73.9574289215492,40.7517004483078],[-73.9574356658186,40.7516957744722],[-73.9577176219412,40.7515028764518],[-73.9577311777002,40.7514938340423],[-73.9583711176667,40.7510775343919],[-73.9583726648285,40.7510745263602],[-73.95839104934,40.7510426208668],[-73.9584120572566,40.7510116672519],[-73.95843560561,40.7509817888536],[-73.9584615972249,40.750953106303],[-73.9584786816339,40.7509361766436],[-73.958896754075,40.7505381605811],[-73.9589321238693,40.7505069634533],[-73.9589704691954,40.7504778718574],[-73.9595158956463,40.7500940178517],[-73.9595266044541,40.7500866410658],[-73.9598053394856,40.7498984752271],[-73.9598599941593,40.7498650449803],[-73.9599186568106,40.7498358061577],[-73.9599653265345,40.7498149369455],[-73.9601072516572,40.7497084049634],[-73.9603358623661,40.7494696273164],[-73.960338323254,40.7494670725268],[-73.960366653635,40.7494397005825],[-73.9603972104298,40.7494137503956],[-73.9604298692459,40.7493893263803],[-73.9604649226511,40.7493662656436],[-73.9605239582357,40.7493299369526],[-73.9605391740903,40.7493075150561],[-73.9605627208873,40.7492776362156],[-73.9605887109215,40.749248953178],[-73.9606170411068,40.7492215811713],[-73.960626016494,40.7492136102559],[-73.9607791317062,40.7490802254611],[-73.9608007128318,40.7490622460933],[-73.9608333713276,40.7490378219623],[-73.9608680003514,40.7490150221044],[-73.9609044624952,40.7489939392233],[-73.9609426085166,40.7489746561133],[-73.960982285623,40.7489572528661],[-73.9610233351091,40.7489417978648],[-73.9610655899845,40.7489283540871],[-73.9610717790537,40.7489265830817],[-73.961112701891,40.7489150344024],[-73.9611498037216,40.7489054268121],[-73.9611939565731,40.7488961592754],[-73.9612387937476,40.7488890405602],[-73.961284134068,40.7488840985206],[-73.961329795178,40.7488813529058],[-73.9613755935415,40.7488808162611],[-73.9614213444458,40.7488824885245],[-73.9614668631809,40.7488863651317],[-73.9615119674118,40.7488924289122],[-73.9615564759915,40.7489006563932],[-73.9616002077786,40.7489110132957],[-73.961642987555,40.7489234599397],[-73.9616846448459,40.7489379440404],[-73.9617250091786,40.7489544088103],[-73.9617639183745,40.7489727866591],[-73.9618012173618,40.7489930054963],[-73.9618341162305,40.7490133489344],[-73.9618764521571,40.7490256665721],[-73.9619181095628,40.7490401505881],[-73.9619584740151,40.749056615276],[-73.9619973833351,40.7490749930457],[-73.9620346824504,40.7490952118069],[-73.962070221031,40.7491171877647],[-73.9621038546681,40.7491408344246],[-73.9621354484307,40.7491660553896],[-73.9621648756784,40.7491927497631],[-73.9621920168786,40.7492208094468],[-73.9622167643415,40.7492501218436],[-73.9622390163004,40.7492805689555],[-73.9622586851999,40.7493120273857],[-73.9622756905899,40.7493443719389],[-73.9622899638641,40.7493774711198],[-73.9623014482574,40.7494111925365],[-73.9623100976629,40.7494454001982],[-73.9623158766316,40.7494799563166],[-73.9623187615561,40.7495147213058],[-73.9623191133244,40.7495334015233],[-73.9623181716929,40.7497955755117],[-73.9623178002214,40.7498117286713],[-73.9623148759556,40.7498464917585],[-73.962309057858,40.7498810440806],[-73.9623003696853,40.7499152460666],[-73.9622888470341,40.7499489599499],[-73.9622745361578,40.7499820497686],[-73.9622574939642,40.7500143831657],[-73.9622424834372,40.7500387882688],[-73.9621541305138,40.7501737091362],[-73.9621039281956,40.7502564113302],[-73.9620667013558,40.750309801796],[-73.9620219833565,40.7503597561499],[-73.9619630166365,40.7504184055721],[-73.9619367132288,40.750498410459],[-73.9619149182158,40.7505526317363],[-73.9618858846256,40.7506048541921],[-73.9618303731438,40.7506918769346],[-73.9618299955338,40.7506937282502],[-73.9618186597482,40.7507375152064],[-73.9618026850532,40.7507804577494],[-73.9617669148588,40.7508635571949],[-73.9617408724834,40.7509151259367],[-73.9617081458068,40.7509644429863],[-73.9614616958816,40.7512935290928],[-73.9614332696501,40.7513283880747],[-73.9614015003983,40.7513615367686],[-73.9612114308542,40.7515449114092],[-73.9610842026822,40.7517135404806],[-73.9610520034679,40.7517523612185],[-73.9610156527233,40.7517890013179],[-73.9608216732041,40.7519684000486],[-73.9608056717976,40.7519826928393],[-73.9606749364893,40.7520955059954],[-73.9606014952414,40.7522589290351],[-73.9605966387944,40.7522693903526],[-73.9605890524961,40.7522845207598],[-73.9604921435756,40.7524695604434],[-73.9604826862297,40.752486763166],[-73.9604629798993,40.7525182083742],[-73.9604406915196,40.7525486405236],[-73.9604159087885,40.7525779362735],[-73.9603957869827,40.7525990516239],[-73.9602742470706,40.7528767176843],[-73.9602229451747,40.7530642969626],[-73.960220259806,40.7530737009184],[-73.9602087355558,40.7531074145783],[-73.9601944229675,40.7531405041235],[-73.9601773789564,40.7531728371981],[-73.960157672279,40.753204282351],[-73.9601353835303,40.7532347144383],[-73.9601106004096,40.7532640101196],[-73.9600990248981,40.7532763997722],[-73.9600339547131,40.7534191884311],[-73.9600301047843,40.7534274249224],[-73.96001306062,40.7534597579713],[-73.9599933537801,40.7534912030948],[-73.9599710648603,40.753521635149],[-73.9599546841977,40.7535414495882],[-73.9597887163403,40.7537330158],[-73.9597803136554,40.7537424969933],[-73.9597591734808,40.7537646249425],[-73.9595808907194,40.7539417775545],[-73.9595748549421,40.7539476908587],[-73.9595453942224,40.7539743652029],[-73.9595137685169,40.7539995646508],[-73.9594801045935,40.7540231883885],[-73.9594445375073,40.7540451401076],[-73.9594072117813,40.7540653334088],[-73.9593682778585,40.7540836845966],[-73.9593278909121,40.7541001216835],[-73.9592862132182,40.7541145771875],[-73.9592676692478,40.7541199574573],[-73.9590794918876,40.7542676835637],[-73.9582734605478,40.7552519217357],[-73.9582550921156,40.7552732318488],[-73.9582474535891,40.7552814966222],[-73.9574893701995,40.7560858885865],[-73.9563236594709,40.7573692337137],[-73.9564776709554,40.757441159526],[-73.9578996934074,40.7581052477619],[-73.9579816912472,40.7581590324545]]]},"properties":{"NETWORK":"Roosevelt","BOROUGH":"Manhattan","LSRV_Status":"Not LSRV Eligible","CapacityMW":0,"SubscribedMW":0,"RemainingMW":0,"CapacityRange":"50-99.99","CapacityRangeDate":1771891200000,"LSRV_as_of_date":1665705600000,"Notes":" ","LoadCurve":"https://www.coned.com/-/media/files/coned/documents/business-partners/local-generation-facilities/systemdata/loadcurve/M-31-LC","SystemData":"https://www.coned.com/-/media/files/coned/documents/business-partners/local-generation-facilities/systemdata/forecasted-network-data","LSRV_Rate_URL":"https://lite.coned.com/_external/cerates/elec_VDER_CREDstatement_PSC10.asp","OBJECTID":40,"Shape__Area":15214422.513168335,"Shape__Length":32439.905970761341}},{"type":"Feature","id":41,"geometry":{"type":"Polygon","coordinates":[[[-74.0056800042264,40.7037953014904],[-74.005629261383,40.7037385807443],[-74.0054429943859,40.7035303670554],[-74.0047592257126,40.7029194919083],[-74.0047557904624,40.7029164005929],[-74.0047274941963,40.702889019893],[-74.0047015371814,40.7028603288456],[-74.0046780223686,40.7028304427137],[-74.0046570467922,40.7027994821633],[-74.004638693287,40.7027675705626],[-74.0046230352213,40.7027348375837],[-74.0046101376805,40.7027014146998],[-74.0046000515504,40.7026674369865],[-74.0045928170675,40.7026330404203],[-74.0045884638185,40.7025983636795],[-74.0045870095578,40.7025635472433],[-74.0045884590231,40.7025287306912],[-74.0045928074868,40.7024940536027],[-74.004600037205,40.7024596564578],[-74.0046101186016,40.7024256779362],[-74.0046230114508,40.7023922540159],[-74.0046386648782,40.702359519775],[-74.00465701381,40.7023276066896],[-74.0046779848903,40.7022966444353],[-74.004701495297,40.702266756384],[-74.0047274480093,40.702238063207],[-74.0047557400902,40.7022106801723],[-74.0047862579543,40.7021847180459],[-74.0048040874453,40.7021709772904],[-74.0049782683644,40.7020413862049],[-74.0049930582286,40.7020306901826],[-74.0050276477277,40.7020078769054],[-74.0050640701911,40.7019867799129],[-74.0051021765369,40.7019674820573],[-74.0051418141331,40.7019500634892],[-74.0051828244318,40.7019345926531],[-74.0052250406018,40.7019211325911],[-74.0052682934459,40.7019097373401],[-74.0053124090333,40.7019004528333],[-74.0053572098832,40.7018933168994],[-74.0054025149647,40.701888357462],[-74.0054481420632,40.7018855943404],[-74.0054939077803,40.7018850401501],[-74.0055396275335,40.7018866948999],[-74.0055851167399,40.7018905540962],[-74.0056301931819,40.7018966006385],[-74.0056746758245,40.7019048111229],[-74.0057183836314,40.7019151513395],[-74.0057611414819,40.7019275816756],[-74.0058027789866,40.701942049911],[-74.0058431257554,40.7019584993234],[-74.0058820196795,40.701976862384],[-74.0059193057486,40.7019970670612],[-74.0059548336836,40.7020190296168],[-74.0059884591211,40.7020426636108],[-74.0060200471617,40.702067872697],[-74.0060241190535,40.7020713646695],[-74.0068844143593,40.7028156985249],[-74.0069465579793,40.7027779984595],[-74.007067897095,40.7025984145779],[-74.0070790251868,40.7025825864955],[-74.0071025346179,40.7025526979549],[-74.007128486408,40.7025240042376],[-74.0071567776241,40.7024966206137],[-74.0071872946839,40.7024706578517],[-74.0072199133557,40.7024462204169],[-74.0072545023082,40.7024234064717],[-74.0072568864175,40.7024219393873],[-74.0077809514513,40.7021006663944],[-74.0077463934716,40.7021019213384],[-74.0077006274968,40.7021013723966],[-74.0076549997097,40.7020986144713],[-74.0076096935208,40.7020936601579],[-74.0075648911578,40.702086529256],[-74.0075207736659,40.7020772496701],[-74.0074775185414,40.7020658592111],[-74.0074352997314,40.7020524037948],[-74.0073942864503,40.7020369374422],[-74.0073546455467,40.7020195231796],[-74.0073165355863,40.7020002294375],[-74.0072801092193,40.701979136353],[-74.0072455155457,40.7019563267657],[-74.0072128918335,40.7019318934213],[-74.0071823694344,40.7019059344689],[-74.0071540726005,40.701878554362],[-74.0071281149347,40.7018498638581],[-74.0071045993905,40.701819978218],[-74.0070861236303,40.7017929730007],[-74.0069392123426,40.7015628921154],[-74.0069367117347,40.7015589372171],[-74.0069183574798,40.7015270259748],[-74.0069026985862,40.7014942933008],[-74.0068898001424,40.701460870667],[-74.0068797130382,40.7014268931481],[-74.0068724775138,40.7013924967197],[-74.0068681231601,40.7013578200595],[-74.0068666677357,40.7013230036467],[-74.0068681159836,40.7012881870603],[-74.0068724631806,40.70125350988],[-74.006879691588,40.7012191125865],[-74.0068897716351,40.7011851338598],[-74.0069026631015,40.7011517096788],[-74.0069183151183,40.7011189751226],[-74.0069366626174,40.7010870616688],[-74.0069576322487,40.7010560989942],[-74.0069811411959,40.7010262104725],[-74.007007092444,40.7009975167769],[-74.0070353830622,40.7009701331775],[-74.0070658994705,40.7009441704425],[-74.0070985174399,40.7009197330373],[-74.007133105642,40.7008969191241],[-74.0071695268323,40.7008758214624],[-74.0072076319335,40.700856522907],[-74.0072294898896,40.7008466014936],[-74.007634435575,40.7006700911592],[-74.0076356155519,40.7006417069367],[-74.0076399623075,40.7006070297245],[-74.0076471902489,40.70057263238],[-74.007657269807,40.7005386535832],[-74.0076701607636,40.7005052293135],[-74.0076858122518,40.7004724946502],[-74.0077041592056,40.7004405810714],[-74.0077251282771,40.7004096182543],[-74.0077486366522,40.7003797295735],[-74.0077745873184,40.7003510357024],[-74.0078028773469,40.7003236519121],[-74.0078333931604,40.7002976889715],[-74.0078660105322,40.7002732513467],[-74.0079005981363,40.700250437201],[-74.0079370187305,40.7002293392947],[-74.00797512324,40.7002100404836],[-74.0080046974364,40.7001968036015],[-74.0082694302996,40.7000846711045],[-74.0082794918704,40.700080488402],[-74.0083205002908,40.7000650164443],[-74.0083627146435,40.7000515552281],[-74.0084059657383,40.7000401587953],[-74.0084500796516,40.7000308730837],[-74.0084948789092,40.7000237359268],[-74.0085401824868,40.7000187752531],[-74.0085858081756,40.7000160108871],[-74.0086315725832,40.7000154554491],[-74.0086772911322,40.7000171089529],[-74.0087227792445,40.7000209669102],[-74.008767854707,40.700027012225],[-74.0088123364885,40.7000352214988],[-74.0088560435563,40.7000455605265],[-74.0088988007926,40.7000579897],[-74.0089404378106,40.7000724568038],[-74.0089807842222,40.7000889051203],[-74.0090196779198,40.700107267125],[-74.0090569638941,40.7001274707907],[-74.0090924918664,40.7001494323831],[-74.0091261174732,40.700173065466],[-74.0091577058144,40.7001982736972],[-74.0091871302715,40.7002249562309],[-74.0092142713236,40.700253005017],[-74.0092390212806,40.7002823075017],[-74.0092464650908,40.7002919910123],[-74.0099091794656,40.7011746539132],[-74.01038402258,40.7010549672982],[-74.0103745635676,40.7010231107331],[-74.0103673262838,40.7009887145226],[-74.0103629701386,40.7009540379929],[-74.0103615128979,40.7009192216224],[-74.0103629593118,40.7008844049903],[-74.0103673046646,40.7008497276763],[-74.0103745312251,40.7008153301615],[-74.0103846094299,40.700781351127],[-74.010397499066,40.7007479265528],[-74.0104131492719,40.7007151915198],[-74.010431494987,40.7006832775071],[-74.0104524628681,40.7006523141943],[-74.0104759701061,40.7006224249573],[-74.0105019196928,40.7005937304722],[-74.0105302087041,40.7005663460124],[-74.0105607235665,40.7005403823495],[-74.0105933400573,40.7005159439527],[-74.010627926854,40.7004931289881],[-74.0106643467176,40.7004720302194],[-74.0107024505764,40.700452730506],[-74.0107420858088,40.700435310006],[-74.0107830938759,40.7004198371715],[-74.010825307956,40.7004063750528],[-74.01086855886,40.7003949776952],[-74.0108807408786,40.700392183155],[-74.0117820713354,40.7001919870718],[-74.0117806965482,40.700159165342],[-74.0117821422045,40.7001243486887],[-74.0117864867696,40.7000896713177],[-74.0117937125155,40.7000552737105],[-74.011803789882,40.7000212945484],[-74.0118166786597,40.6999878698121],[-74.0118323279903,40.6999551345828],[-74.0118506728168,40.6999232203409],[-74.0118716397998,40.6998922567664],[-74.0118951461335,40.6998623672367],[-74.0119210948136,40.6998336724289],[-74.0119493829194,40.6998062876176],[-74.0119798968812,40.6997803235759],[-74.01201251248,40.6997558847745],[-74.0120470983966,40.6997330693813],[-74.0120835173959,40.6997119701615],[-74.0121216204094,40.6996926699764],[-74.0121612548191,40.6996752489859],[-74.0122022620893,40.6996597756444],[-74.0122444754015,40.6996463130038],[-74.0122877255698,40.6996349151118],[-74.0123318386742,40.6996256279119],[-74.0123545271945,40.6996217307625],[-74.0125087789069,40.6995972120585],[-74.0125308889408,40.6995939705102],[-74.012576191926,40.6995890082477],[-74.0126218171533,40.6995862422815],[-74.0126675812322,40.6995856852387],[-74.0127132995865,40.6995873371395],[-74.012758787639,40.6995911935018],[-74.0128038631769,40.6995972372365],[-74.0128483451686,40.6996054449508],[-74.0128920525805,40.6996157824464],[-74.0129348102937,40.6996282101212],[-74.012976447919,40.6996426757659],[-74.0130167950661,40.6996591226684],[-74.0130556896246,40.6996774833103],[-74.0130929765816,40.6996976856696],[-74.0131285056544,40.6997196460173],[-74.013162132475,40.6997432779225],[-74.0131937221387,40.6997684850473],[-74.0132231480214,40.6997951665507],[-74.0132502905966,40.6998232143866],[-74.0132571180856,40.6998308967711],[-74.0133600647915,40.6999488852936],[-74.0134891578828,40.6999404585484],[-74.0135163632876,40.6999390757714],[-74.0135621276012,40.6999385183729],[-74.0136078462196,40.6999401699183],[-74.0136533345647,40.6999440259269],[-74.0136984104221,40.699950069311],[-74.0137428927594,40.6999582766792],[-74.0137866005413,40.6999686138347],[-74.0138293586475,40.6999810411766],[-74.0138709966873,40.6999955064969],[-74.0139113442686,40.7000119530852],[-74.0139400519535,40.7000255050224],[-74.0139567146495,40.700022849193],[-74.0140020178199,40.7000178863696],[-74.0140476432816,40.7000151198384],[-74.014093407643,40.7000145622287],[-74.0141391263267,40.700016213563],[-74.0141846147544,40.7000200693616],[-74.0142296907114,40.7000261125375],[-74.0142741731648,40.7000343197004],[-74.014317881079,40.700044656654],[-74.0143606393329,40.7000570837984],[-74.0144022775355,40.7000715489264],[-74.014442625294,40.7000879953282],[-74.0144552786845,40.700093684977],[-74.0149625864123,40.700327124762],[-74.0149723747521,40.7003250640173],[-74.0150171735091,40.7003179243221],[-74.0150624768011,40.7003129610814],[-74.0151081024208,40.7003101941299],[-74.0151538669758,40.7003096360986],[-74.0151763779698,40.7003104489962],[-74.0151995858881,40.7003112870117],[-74.0152450745785,40.700315142391],[-74.0152901508312,40.7003211851514],[-74.015334633612,40.7003293919041],[-74.0153648488558,40.700336537941],[-74.015378341884,40.7003397284545],[-74.0154211005249,40.7003521552046],[-74.0154627391418,40.7003666199484],[-74.0154816251779,40.7003743185898],[-74.0155030873405,40.7003830659778],[-74.015541983006,40.7004014257778],[-74.0155792711214,40.7004216273298],[-74.015614801399,40.7004435869079],[-74.0156484294661,40.7004672180845],[-74.0156563300896,40.700473226128],[-74.0156957078948,40.7005036400668],[-74.0160635454801,40.7007877459353],[-74.0164676427389,40.7010998531645],[-74.0164913335182,40.701119050492],[-74.016511599726,40.7011370506249],[-74.0171233573429,40.7017047692347],[-74.0171325190915,40.7017134497081],[-74.0171596853968,40.7017415200252],[-74.0174987298821,40.7021162431796],[-74.0178083228417,40.7024584118677],[-74.0177110000101,40.7031989998125],[-74.015183000169,40.7040700002693],[-74.0145399995878,40.7046069999399],[-74.0141620000269,40.704576000133],[-74.0140259995347,40.7045850002937],[-74.0135560000615,40.7050890000796],[-74.0128219994227,40.7055389996328],[-74.0124540004399,40.7060279998334],[-74.0116990000086,40.7056940000675],[-74.0114950001567,40.7059790001254],[-74.0097740002509,40.7052639998535],[-74.0091659995302,40.7058460001211],[-74.0090660004493,40.7058620002281],[-74.008760000587,40.7058069999695],[-74.0086280001932,40.7057989998918],[-74.0086878047211,40.7058771399868],[-74.0087601803628,40.7059683599248],[-74.0086558913125,40.7059103856774],[-74.0078590646238,40.7054674073568],[-74.0077899758563,40.7054793123159],[-74.0071359996986,40.7055919997302],[-74.006718000512,40.7052769998099],[-74.007093999718,40.7051090002998],[-74.0068240003224,40.704918999659],[-74.0068658777445,40.7048528230656],[-74.0068658978574,40.7048527915465],[-74.0068659570129,40.7048526969893],[-74.0068866342256,40.7048200224874],[-74.0068951668085,40.7048065377141],[-74.0069044932275,40.7047915454359],[-74.0068973561316,40.7047857384639],[-74.0056885149989,40.7038022260058],[-74.0056800042264,40.7037953014904]]]},"properties":{"NETWORK":"Bowling Green SN1","BOROUGH":"Manhattan","LSRV_Status":"Not LSRV Eligible","CapacityMW":0,"SubscribedMW":0,"RemainingMW":0,"CapacityRange":"50-99.99","CapacityRangeDate":1771891200000,"LSRV_as_of_date":1665705600000,"Notes":" ","LoadCurve":"https://www.conedison.com/en/404","SystemData":"https://www.coned.com/-/media/files/coned/documents/business-partners/local-generation-facilities/systemdata/forecasted-network-data","LSRV_Rate_URL":"https://lite.coned.com/_external/cerates/elec_VDER_CREDstatement_PSC10.asp","OBJECTID":41,"Shape__Area":5304937.0471038818,"Shape__Length":11506.877852833699}},{"type":"Feature","id":42,"geometry":{"type":"Polygon","coordinates":[[[-73.9953427770831,40.7601476510414],[-73.9952018785105,40.7600898265491],[-73.9951537837848,40.7600700890732],[-73.9951521838648,40.7600694325379],[-73.9950557553153,40.7600294217136],[-73.9950543744834,40.7600288489333],[-73.9943745639695,40.7597467787373],[-73.9943698341275,40.7597448163062],[-73.9941934718525,40.7596716379325],[-73.9939360339569,40.7595648175907],[-73.9939248773229,40.759560188408],[-73.9938226345003,40.7595177637892],[-73.9938114127494,40.7595131075768],[-73.993790627172,40.7595044832239],[-73.9937841257591,40.7595017849607],[-73.9937818283565,40.7595008312021],[-73.9937750735208,40.7594980140581],[-73.9936242787985,40.7594354585444],[-73.9936234569458,40.7594351172076],[-73.9937250019611,40.7592890761909],[-73.9949946308572,40.7574598235389],[-73.9952582971466,40.7570699645632],[-73.995438879979,40.7567487715348],[-73.9886728468497,40.7538922178452],[-73.9885151606595,40.7538255891304],[-73.9886203457389,40.753681634826],[-73.9924324287291,40.7484682318855],[-73.9925904377357,40.7485345185212],[-73.9967114235708,40.7502631909798],[-74.0077937172376,40.7549534953485],[-74.0078415574723,40.7549737381659],[-74.0080419564583,40.75506435392],[-74.0079552344642,40.7551847070983],[-74.0079038404791,40.7552560306705],[-74.0078901639525,40.755274181296],[-74.0078654010791,40.7553034872388],[-74.0078382447684,40.7553315398354],[-74.0078088027679,40.7553582265138],[-74.0077771946684,40.7553834392034],[-74.0077435471673,40.7554070770374],[-74.0077079952526,40.7554290436508],[-74.0076706833877,40.7554492525839],[-74.0076589308509,40.7554550571238],[-74.0076639806735,40.7554584021655],[-74.0078259804523,40.7555670516583],[-74.0078782013324,40.7556058157565],[-74.0079250097238,40.7556483902418],[-74.0079750354263,40.7556988727235],[-74.0079930731749,40.7557179090578],[-74.008017843203,40.7557472115827],[-74.0080401182642,40.7557776498136],[-74.0080598107098,40.755809100389],[-74.0080768399959,40.7558414381455],[-74.0080911374189,40.7558745316153],[-74.0081026461171,40.7559082484291],[-74.0081049326126,40.7559162177408],[-74.0081120718072,40.7559420212198],[-74.0081240715429,40.7560013132496],[-74.0081274917564,40.7560612470433],[-74.0081270665615,40.7560898444219],[-74.0081267505543,40.7561010044071],[-74.0081238499197,40.7561357686209],[-74.0081180550355,40.7561703232208],[-74.0081093895646,40.7562045286263],[-74.0080978890124,40.756238247057],[-74.008083599543,40.7562713425325],[-74.0080665779787,40.7563036826735],[-74.0080468929852,40.7563351360003],[-74.008024625071,40.7563655773356],[-74.0079998618511,40.7563948833026],[-74.0079440533008,40.7566143394076],[-74.0077789181523,40.7569181757552],[-74.0068242242751,40.7565254538988],[-74.0060203305147,40.7576313821869],[-74.0060079282558,40.7576477711279],[-74.0059831636719,40.7576770766559],[-74.0059560056009,40.7577051287991],[-74.0059265617971,40.7577318149872],[-74.0058945456888,40.7577573126326],[-74.0059074567617,40.7577757966398],[-74.0059271487912,40.7578072475706],[-74.0059441775526,40.7578395856329],[-74.005958474345,40.7578726793578],[-74.0059699823089,40.7579063963749],[-74.0059786552428,40.7579406007112],[-74.0059844576025,40.7579751545918],[-74.0059873656863,40.7580099184403],[-74.0059873688188,40.7580447517784],[-74.0059844669829,40.7580795159285],[-74.0059786708197,40.758114070411],[-74.0059736916301,40.7581337214914],[-74.0073908073481,40.7587303057986],[-74.0074020512527,40.7587351389873],[-74.0074409787594,40.7587535013777],[-74.0074782970837,40.7587737053922],[-74.0075138558164,40.7587956672951],[-74.0075475104691,40.758819300649],[-74.0075791260251,40.7588445091105],[-74.007608575757,40.758871191833],[-74.007635740041,40.7588992407655],[-74.0076605110949,40.7589285433536],[-74.0076827870567,40.7589589816396],[-74.0077024802743,40.7589904322614],[-74.0077195102002,40.7590227700558],[-74.0077338081285,40.7590558635546],[-74.0077453171955,40.7590895803885],[-74.0077513502508,40.7591133695226],[-74.0077539911951,40.7591237845852],[-74.0077597945789,40.7591583383705],[-74.0077627036409,40.7591931021681],[-74.0077627077018,40.7592279355001],[-74.007759806741,40.7592626996889],[-74.0077540113959,40.7592972542547],[-74.0077453453312,40.7593314596172],[-74.0077338440549,40.7593651779963],[-74.0077195537338,40.7593982734115],[-74.0077025311937,40.759430613484],[-74.0076828451041,40.7594620667342],[-74.0076734186538,40.7594755128015],[-74.0076039541917,40.7595713608477],[-74.0073980024019,40.7598555357811],[-74.0073966797636,40.7598573611895],[-74.0072573665804,40.760049584614],[-74.0071549743771,40.7601908649198],[-74.0071421314313,40.7602078600439],[-74.0071173663946,40.7602371658048],[-74.0070902077573,40.7602652182049],[-74.0070607632764,40.7602919046729],[-74.0070291525524,40.7603171171391],[-74.0069955022935,40.7603407547376],[-74.0069599474987,40.7603627211044],[-74.0069226326432,40.7603829297806],[-74.0068837081245,40.7604012970086],[-74.0068433290791,40.7604177507371],[-74.0068016577504,40.7604322234173],[-74.0067588646732,40.7604446583059],[-74.0067151203836,40.7604550031625],[-74.0066706001565,40.7604632183535],[-74.0066254851887,40.7604692696486],[-74.0065799566789,40.7604731336236],[-74.0065341970107,40.7604747931579],[-74.0064883909376,40.7604742437385],[-74.0064427232136,40.7604714853549],[-74.0063973774095,40.7604665306041],[-74.0063525359125,40.7604593992877],[-74.0063083799259,40.7604501193118],[-74.006265087101,40.7604387284888],[-74.0062228315363,40.760425272736],[-74.0061817825937,40.7604098060757],[-74.0061691421763,40.7604045333976],[-74.0054550340939,40.7600995432487],[-74.0054329535303,40.7601337589735],[-74.0054202951178,40.760153372565],[-74.0054077302709,40.7601731635502],[-74.0054003483704,40.76018472908],[-74.0053780779597,40.7602151698866],[-74.0053533121442,40.7602444752682],[-74.005326152761,40.7602725272524],[-74.0052967075699,40.7602992132694],[-74.0052650961748,40.7603244252516],[-74.0052314452862,40.7603480623348],[-74.0051958899057,40.7603700281571],[-74.0051585745109,40.7603902362619],[-74.0051196495015,40.7604086028938],[-74.0050792700159,40.7604250560041],[-74.0050375982993,40.7604395280461],[-74.0049948048882,40.7604519622794],[-74.0049844804229,40.7604544039953],[-74.0049510603198,40.7604623064661],[-74.0049065398702,40.7604705209755],[-74.0048736986123,40.7604749258386],[-74.0048569002135,40.7605017615907],[-74.004840696007,40.7605243487338],[-74.0047165843124,40.7606880998694],[-74.0045723928699,40.760878341814],[-74.0042806798985,40.7612632161304],[-74.0042746132066,40.761271069657],[-74.0042498465129,40.7613003747969],[-74.0042226862344,40.7613284265166],[-74.0041932401346,40.7613551122474],[-74.0041616278206,40.7613803239229],[-74.0041279760069,40.7614039606801],[-74.0040924196989,40.7614259261585],[-74.0040551033777,40.7614461339027],[-74.0040161774469,40.7614645001589],[-74.0039757970487,40.7614809528798],[-74.0039341244317,40.7614954245205],[-74.0038913301361,40.761507858342],[-74.003847584703,40.7615182021081],[-74.0038345894225,40.7615208356172],[-74.0037609806355,40.7615351956913],[-74.0045219565651,40.7618634751913],[-74.0047102969828,40.761944722871],[-74.0049204691064,40.7620353876883],[-74.0049251579765,40.7620374280312],[-74.0049640867304,40.7620557912497],[-74.0050014061535,40.7620759960568],[-74.0050369658326,40.7620979587135],[-74.0050706212749,40.7621215927797],[-74.0050857554454,40.7621336597738],[-74.005102237461,40.7621468019087],[-74.0051316876608,40.7621734852514],[-74.0051588522485,40.7622015347544],[-74.0051836234409,40.7622308378609],[-74.0052058993752,40.762261276611],[-74.0052255923995,40.7622927276411],[-74.0052426219672,40.7623250657858],[-74.0052569193737,40.762358159576],[-74.0052684277576,40.762391876641],[-74.0052771009152,40.7624260810077],[-74.0052829033018,40.762460634901],[-74.0052858112152,40.7624953987442],[-74.005285813981,40.7625302320594],[-74.0052829115835,40.762564996169],[-74.005277114666,40.7625995505935],[-74.0052684468997,40.7626337557531],[-74.0052631328594,40.7626493320223],[-74.0052569437992,40.7626674738684],[-74.0052426515388,40.7627005689604],[-74.005225626952,40.7627329086512],[-74.0052059387167,40.7627643614628],[-74.0051994208867,40.762773752218],[-74.005085214985,40.7629345018673],[-74.0049627115653,40.7630702474509],[-74.0049394016303,40.7630888375662],[-74.0049057492294,40.7631124745447],[-74.0048701922657,40.7631344402575],[-74.0048328752234,40.7631546482486],[-74.0047939485085,40.763173014763],[-74.0047535672666,40.7631894677524],[-74.0047118937496,40.7632039396708],[-74.0046690985015,40.7632163737781],[-74.0046253520669,40.7632267178369],[-74.0045808297293,40.763234932217],[-74.0045357126942,40.7632409826912],[-74.0044901821686,40.7632448458387],[-74.004444420544,40.7632465045423],[-74.0043986125819,40.7632459542922],[-74.004352943044,40.7632431950813],[-74.0043075955084,40.76323823951],[-74.0042850359604,40.7632346518417],[-74.0042990284783,40.7632458085698],[-74.0043284788422,40.7632724921135],[-74.00435564354,40.7633005418013],[-74.0043804147877,40.7633298450758],[-74.0044026907225,40.7633602839763],[-74.0044223836925,40.7633917351385],[-74.0044394131511,40.7634240733968],[-74.0044537103945,40.7634571672813],[-74.0044652185616,40.7634908844211],[-74.0044738914499,40.7635250888426],[-74.0044796935155,40.7635596427708],[-74.0044826010577,40.7635944066287],[-74.0044826034034,40.7636292399383],[-74.0044797005388,40.763664004022],[-74.0044739031089,40.7636985584004],[-74.0044652347871,40.7637327634941],[-74.0044537310902,40.7637664815237],[-74.0044398787051,40.7637985571228],[-74.0043079724888,40.7639940886374],[-74.0041193247767,40.7639131627159],[-73.9953427770831,40.7601476510414]]]},"properties":{"NETWORK":"Pennsylvania","BOROUGH":"Manhattan","LSRV_Status":"Eligible","CapacityMW":6.5,"SubscribedMW":0,"RemainingMW":6.5,"CapacityRange":"50-99.99","CapacityRangeDate":1771891200000,"LSRV_as_of_date":1665705600000,"Notes":" ","LoadCurve":"https://www.coned.com/-/media/files/coned/documents/business-partners/local-generation-facilities/systemdata/loadcurve/M-16-LC","SystemData":"https://www.coned.com/-/media/files/coned/documents/business-partners/local-generation-facilities/systemdata/forecasted-network-data","LSRV_Rate_URL":"https://lite.coned.com/_external/cerates/elec_VDER_CREDstatement_PSC10.asp","OBJECTID":42,"Shape__Area":15198569.068161011,"Shape__Length":19255.103574961417}},{"type":"Feature","id":43,"geometry":{"type":"Polygon","coordinates":[[[-73.9836156604096,40.7620715334164],[-73.9834265729388,40.7619912822211],[-73.9824735400698,40.7615729909761],[-73.9810902615289,40.7609885356227],[-73.9799389197293,40.7605297633645],[-73.980079136967,40.7603377325307],[-73.9813144115208,40.7586459411557],[-73.978108957396,40.7572783774873],[-73.9781113068044,40.7572751172043],[-73.9799373107478,40.7547910102282],[-73.9820475464643,40.7518981676486],[-73.9822057143744,40.7519642460972],[-73.985111426968,40.7531781150709],[-73.9851125672082,40.7531785960883],[-73.9852691781188,40.7532446025783],[-73.9852704332145,40.7532451313356],[-73.9849144561087,40.7537315348544],[-73.9847740358411,40.7539234006313],[-73.9840970520118,40.7548483949645],[-73.9867496557298,40.7559568502549],[-73.9868138109763,40.7559836575556],[-73.9869080652866,40.7560230420011],[-73.98690801909,40.7560231045809],[-73.9869015337927,40.7560319328487],[-73.9865610763559,40.7564954395711],[-73.9865575535162,40.7565002352515],[-73.9865539217393,40.7565049741871],[-73.9865030400845,40.7565713787031],[-73.9864678546295,40.7566172976447],[-73.9863660844116,40.7567585443091],[-73.9859840590443,40.7572887240612],[-73.985788270774,40.7575604392254],[-73.9851013388982,40.7594064787544],[-73.9848185668005,40.7601125403303],[-73.9840692626768,40.761419821683],[-73.9837526678632,40.7618747970656],[-73.9836176933831,40.7620687646538],[-73.983615742119,40.7620715685476],[-73.9836156604096,40.7620715334164]]]},"properties":{"NETWORK":"Times Square","BOROUGH":"Manhattan","LSRV_Status":"Not LSRV Eligible","CapacityMW":0,"SubscribedMW":0,"RemainingMW":0,"CapacityRange":"25-49.99","CapacityRangeDate":1771891200000,"LSRV_as_of_date":1665705600000,"Notes":" ","LoadCurve":"https://www.coned.com/-/media/files/coned/documents/business-partners/local-generation-facilities/systemdata/loadcurve/M-05-LC","SystemData":"https://www.coned.com/-/media/files/coned/documents/business-partners/local-generation-facilities/systemdata/forecasted-network-data","LSRV_Rate_URL":"https://lite.coned.com/_external/cerates/elec_VDER_CREDstatement_PSC10.asp","OBJECTID":43,"Shape__Area":4693801.7991638184,"Shape__Length":10182.505974757391}},{"type":"Feature","id":44,"geometry":{"type":"Polygon","coordinates":[[[-74.0008630135197,40.7086497134964],[-74.0007421263452,40.7085478719216],[-74.0006405924804,40.7084623338685],[-74.0001583468657,40.708056059074],[-74.0001116443115,40.7080167130884],[-74.0000469476394,40.7079481887246],[-73.9997984692553,40.7076850078172],[-73.9996932980432,40.70757361343],[-73.9995491443782,40.7074209285513],[-73.999528110511,40.7073986498154],[-73.9994943321021,40.7073628714542],[-73.9994732982716,40.7073405927081],[-73.9994409742418,40.7073063551126],[-73.9994199404469,40.7072840763567],[-73.9993984853989,40.7072613518414],[-73.9993774516324,40.7072390730776],[-73.9993385282556,40.707197846548],[-73.9993196221595,40.7071778199646],[-73.9993475162419,40.7071483472869],[-73.9993784881587,40.7071207116623],[-73.9994990278282,40.7070192660316],[-73.9995404769554,40.7069871359551],[-73.9995852476627,40.7069576984048],[-73.9997717294951,40.7068449062591],[-73.9998392189272,40.7068086805963],[-73.999911707878,40.7067785630669],[-73.9999476375596,40.70676560833],[-73.9999749679199,40.7067471289426],[-73.9999992428904,40.7067314312287],[-74.0000356695261,40.7067103358404],[-74.0000737800277,40.7066910396614],[-74.0001134217465,40.7066736228356],[-74.0001550005684,40.7066579583889],[-74.0002027622932,40.7066414339277],[-74.0002293423317,40.7066327241301],[-74.0002914909883,40.7066134728535],[-74.0003039609392,40.7066075483558],[-74.0002965685804,40.706592093797],[-74.0002836724625,40.706558670445],[-74.0002735879541,40.7065246923697],[-74.000266355285,40.7064902955488],[-74.0002620040348,40.7064556186617],[-74.0002605519494,40.7064208021884],[-74.0002620037584,40.7063859857083],[-74.0002663547242,40.7063513088004],[-74.0002735870932,40.7063169119446],[-74.0002836712784,40.7062829338189],[-74.0002965670429,40.7062495104],[-74.0003122235006,40.7062167767639],[-74.0003305755653,40.7061848643842],[-74.0003515498685,40.7061539029336],[-74.0003750635753,40.7061240157811],[-74.0003871298698,40.7061106782643],[-74.000023935195,40.7057805171595],[-73.9999961733336,40.7057536197817],[-73.9999702172396,40.7057249276781],[-73.9999467035376,40.7056950405907],[-73.9999257292573,40.7056640791896],[-73.9999073772283,40.7056321668464],[-73.999891720813,40.7055994332361],[-73.9998788250901,40.7055660098344],[-73.9998687409383,40.7055320317192],[-73.9998615085858,40.7054976348685],[-73.9998571576109,40.7054629579616],[-73.9998557057586,40.7054281414787],[-73.9998571577574,40.7053933249991],[-73.9998615088691,40.7053586481022],[-73.9998687413393,40.7053242512673],[-73.9998788255806,40.7052902731727],[-73.9998917213561,40.7052568497949],[-73.9999073777794,40.7052241162096],[-73.9999257297647,40.7051922038903],[-73.9999467039436,40.7051612425095],[-73.9999702174817,40.7051313554359],[-73.9999961733457,40.7051026633363],[-74.0000244685859,40.7050752814747],[-74.0000549896038,40.7050493206124],[-74.0000876121519,40.7050248852071],[-74.0001119136836,40.7050085580082],[-74.0009910471436,40.7044441292432],[-74.0010013381706,40.7044376445688],[-74.0010377632358,40.7044165488572],[-74.0010758721359,40.7043972523406],[-74.0011155122289,40.7043798351645],[-74.0011565249566,40.7043643657679],[-74.0011987434783,40.7043509071868],[-74.0012419985871,40.7043395134525],[-74.0012861163432,40.7043302304917],[-74.0013309192569,40.7043230961272],[-74.0013762262892,40.7043181382762],[-74.0014218552176,40.7043153767515],[-74.00151374036,40.7043165147251],[-74.0016887240488,40.7041998969134],[-74.0017097874744,40.7041863565069],[-74.0017462121781,40.7041652605703],[-74.0017843207295,40.7041459638186],[-74.001823960488,40.704128546398],[-74.0018649728967,40.7041130767485],[-74.0019071911162,40.7040996179071],[-74.0019342846953,40.7040924808984],[-74.0019453476158,40.7040638048143],[-74.0019610027504,40.7040310709446],[-74.0019793534243,40.703999158293],[-74.002000326274,40.7039681965332],[-74.0020238384707,40.7039383090354],[-74.0020497929861,40.7039096164683],[-74.0020780868764,40.7038822340977],[-74.0021086065485,40.7038562726869],[-74.0021412277599,40.7038318366958],[-74.0021603220104,40.703818884277],[-74.0023975354432,40.7036636241317],[-74.002413032531,40.7036537641034],[-74.0024494567212,40.7036326679428],[-74.0024875647646,40.7036133709569],[-74.0025272040226,40.7035959532929],[-74.0025682159405,40.7035804833917],[-74.0026104336808,40.7035670242915],[-74.0026536880397,40.7035556300255],[-74.0026978050803,40.7035463465228],[-74.0027426073162,40.7035392116081],[-74.0027879137108,40.7035342532009],[-74.0028335420441,40.7035314911162],[-74.0028793089128,40.7035309379657],[-74.0029250297299,40.7035325937537],[-74.0029705199081,40.7035364539825],[-74.0030155972258,40.7035425015474],[-74.0030600806446,40.7035507130406],[-74.0031037891251,40.7035610542479],[-74.0031465475437,40.7035734855526],[-74.0031881855089,40.7035879547307],[-74.0032285326287,40.7036044050561],[-74.0032674267929,40.7036227689963],[-74.0033047129901,40.7036429745162],[-74.0033402409409,40.7036649378742],[-74.0033738662815,40.7036885726269],[-74.0034054541134,40.7037137824253],[-74.0034191512291,40.7037257768365],[-74.0041353296675,40.7043716003772],[-74.0041533670843,40.7043599480057],[-74.0047969311044,40.7039622857839],[-74.0054429943859,40.7035303670554],[-74.0056800042264,40.7037953014904],[-74.0074679999228,40.7052500003629],[-74.009445268292,40.7063492086113],[-74.0095035175825,40.7063815898122],[-74.0081569219403,40.7078118223764],[-74.004543142315,40.7114981533824],[-74.0045000060366,40.711542154041],[-74.0044912954668,40.7115510379215],[-74.0044080000088,40.7116359998445],[-74.0042708172391,40.7115204451554],[-74.0031079166779,40.7105408570869],[-74.0029870226439,40.7104390178948],[-74.0019895372909,40.7095987347569],[-74.0018686466742,40.7094968943777],[-74.0008630135197,40.7086497134964]]]},"properties":{"NETWORK":"Fulton","BOROUGH":"Manhattan","LSRV_Status":"Not LSRV Eligible","CapacityMW":0,"SubscribedMW":0,"RemainingMW":0,"CapacityRange":"50-99.99","CapacityRangeDate":1771891200000,"LSRV_as_of_date":1665705600000,"Notes":" ","LoadCurve":"https://www.coned.com/-/media/files/coned/documents/business-partners/local-generation-facilities/systemdata/loadcurve/M-27-LC","SystemData":"https://www.coned.com/-/media/files/coned/documents/business-partners/local-generation-facilities/systemdata/forecasted-network-data","LSRV_Rate_URL":"https://lite.coned.com/_external/cerates/elec_VDER_CREDstatement_PSC10.asp","OBJECTID":44,"Shape__Area":4677638.595413208,"Shape__Length":9004.324956670931}},{"type":"Feature","id":45,"geometry":{"type":"Polygon","coordinates":[[[-73.9983911542543,40.7477619930365],[-73.9967114235708,40.7502631909798],[-73.9896107035061,40.7472844304753],[-73.9863929216843,40.7459199008065],[-73.988024968518,40.7436798299634],[-73.9881825430322,40.7434635480616],[-73.9882000407216,40.7434395306322],[-73.988208665392,40.7434434072974],[-73.9886993971747,40.7436639699293],[-73.9886999322986,40.7436642104171],[-73.9889975943409,40.7437979951307],[-73.9897082342592,40.7440952244931],[-73.9897082721446,40.7440952407056],[-73.9917458924367,40.7449474480876],[-73.9923949519704,40.7452162958341],[-73.9927118867657,40.7453475714811],[-73.9942496117076,40.7459844851198],[-73.9966187492278,40.7469944223896],[-73.9968616963335,40.7470986529848],[-73.9970505011715,40.7471967204279],[-73.9983911542543,40.7477619930365]]]},"properties":{"NETWORK":"Fashion","BOROUGH":"Manhattan","LSRV_Status":"Not LSRV Eligible","CapacityMW":0,"SubscribedMW":0,"RemainingMW":0,"CapacityRange":"50-99.99","CapacityRangeDate":1771891200000,"LSRV_as_of_date":1665705600000,"Notes":" ","LoadCurve":"https://www.coned.com/-/media/files/coned/documents/business-partners/local-generation-facilities/systemdata/loadcurve/M-30-LC","SystemData":"https://www.coned.com/-/media/files/coned/documents/business-partners/local-generation-facilities/systemdata/forecasted-network-data","LSRV_Rate_URL":"https://lite.coned.com/_external/cerates/elec_VDER_CREDstatement_PSC10.asp","OBJECTID":45,"Shape__Area":3349057.5600891113,"Shape__Length":8557.8403660952572}},{"type":"Feature","id":46,"geometry":{"type":"Polygon","coordinates":[[[-73.9730193177049,40.7642719409315],[-73.9744544396453,40.7622925846744],[-73.9747545457283,40.76188103197],[-73.9767451446505,40.7591603631587],[-73.9767451647928,40.7591603352472],[-73.9799353080711,40.7605283246294],[-73.9810902615289,40.7609885356227],[-73.9824735400698,40.7615729909761],[-73.9834265729388,40.7619912822211],[-73.9836158380389,40.762071609084],[-73.9833355441953,40.7625012653459],[-73.983172387086,40.7627568831567],[-73.9828202419579,40.7633608481534],[-73.9824693600402,40.7640279294618],[-73.9822595782894,40.7645593416668],[-73.9819494808921,40.7654339091068],[-73.9818030189771,40.7662936513459],[-73.981639935734,40.7676786158297],[-73.9815220984137,40.7677662223206],[-73.9814297254935,40.7679019052919],[-73.975101150329,40.7651851445128],[-73.9738097660931,40.7646299810187],[-73.9730193177049,40.7642719409315]]]},"properties":{"NETWORK":"Plaza","BOROUGH":"Manhattan","LSRV_Status":"Eligible","CapacityMW":1.5,"SubscribedMW":0,"RemainingMW":1.5,"CapacityRange":"0-24.99","CapacityRangeDate":1771891200000,"LSRV_as_of_date":1665705600000,"Notes":" ","LoadCurve":"https://www.coned.com/-/media/files/coned/documents/business-partners/local-generation-facilities/systemdata/loadcurve/M-11-LC","SystemData":"https://www.coned.com/-/media/files/coned/documents/business-partners/local-generation-facilities/systemdata/forecasted-network-data","LSRV_Rate_URL":"https://lite.coned.com/_external/cerates/elec_VDER_CREDstatement_PSC10.asp","OBJECTID":46,"Shape__Area":5065024.34828186,"Shape__Length":9223.98483407559}},{"type":"Feature","id":49,"geometry":{"type":"Polygon","coordinates":[[[-73.9869080107983,40.7560231158363],[-73.9869137154964,40.7560153154063],[-73.9883747612216,40.7540174637976],[-73.9885151606595,40.7538255891304],[-73.9886728468497,40.7538922178452],[-73.995438879979,40.7567487715348],[-73.9952582971466,40.7570699645632],[-73.9949946308572,40.7574598235389],[-73.9937250019611,40.7592890761909],[-73.9936234569458,40.7594351172076],[-73.9933704404608,40.7593294692006],[-73.9868171182024,40.7566074776026],[-73.9865575535162,40.7565002352515],[-73.9869080107983,40.7560231158363]]]},"properties":{"NETWORK":"Midtown West","BOROUGH":"Manhattan","LSRV_Status":"Not LSRV Eligible","CapacityMW":0,"SubscribedMW":0,"RemainingMW":0,"CapacityRange":"25-49.99","CapacityRangeDate":1771891200000,"LSRV_as_of_date":1665705600000,"Notes":" ","LoadCurve":"https://cdne-dcxprod-sitecore.azureedge.net/-/media/files/coned/documents/business-partners/local-generation-facilities/systemdata/loadcurve/midtown-west.pdf?rev=62d7f9cda8594af1a7ebb54bc9ee81d2","SystemData":"https://www.coned.com/-/media/files/coned/documents/business-partners/local-generation-facilities/systemdata/forecasted-network-data","LSRV_Rate_URL":"https://lite.coned.com/_external/cerates/elec_VDER_CREDstatement_PSC10.asp","OBJECTID":49,"Shape__Area":2455344.3281860352,"Shape__Length":6640.5567808247943}},{"type":"Feature","id":52,"geometry":{"type":"Polygon","coordinates":[[[-73.9243967936996,40.8457278744776],[-73.9230835560659,40.8451544125913],[-73.9198842994196,40.8452062988194],[-73.9109069997484,40.8453790000774],[-73.9104072110538,40.8453594775108],[-73.9093200001438,40.8453769998399],[-73.9063932117472,40.8452026011491],[-73.9042299995619,40.8451179999195],[-73.9023602731484,40.8449621671802],[-73.9011669995208,40.8448909998528],[-73.9007912639228,40.8448519525059],[-73.9007196459437,40.8448445095461],[-73.9006275169281,40.8448349354166],[-73.9005950193623,40.8448315584823],[-73.9003589799577,40.8448070280105],[-73.9003159672558,40.8448025577203],[-73.9003465230896,40.8447493154431],[-73.9004137514582,40.8446321725027],[-73.9004426319886,40.8445818499525],[-73.9086437252166,40.8302883171599],[-73.9097059997042,40.8290050003825],[-73.911533000346,40.8278259998552],[-73.911227999802,40.8254479997503],[-73.9108780005343,40.8223379999406],[-73.9126109994097,40.816193000317],[-73.9104690004963,40.8099309999832],[-73.9028591250646,40.8034231154628],[-73.902859490294,40.8034229563822],[-73.9028671660637,40.8034195976836],[-73.9028844077115,40.8034129169966],[-73.9028918991292,40.8034100146943],[-73.902942203396,40.8033914401329],[-73.9030382374427,40.8033559800356],[-73.9030546009082,40.8033501288449],[-73.9030969020208,40.8033367064465],[-73.9031402382181,40.8033253497475],[-73.9031844352342,40.8033161045257],[-73.9032293152599,40.8033090084519],[-73.9032746969458,40.8033040892887],[-73.9033203977693,40.8033013666933],[-73.9033662340335,40.8033008531184],[-73.9033820263988,40.8033014381724],[-73.9036088161497,40.8031205501963],[-73.9039285742858,40.8028557253859],[-73.903938593734,40.8028475941207],[-73.9039712994759,40.802823186316],[-73.90400597595,40.8028004037436],[-73.9040424855581,40.8027793390387],[-73.9040626200039,40.802769100008],[-73.9041562835021,40.8026695466542],[-73.9041589194903,40.8026667627003],[-73.9043912024595,40.8024231030145],[-73.9043996502899,40.8024142410007],[-73.9044005224606,40.8024101273416],[-73.9044106701355,40.802376158108],[-73.9044236326478,40.8023427459149],[-73.9044393588435,40.8023100257937],[-73.9044577833531,40.8022781291622],[-73.9044788325153,40.80224718563],[-73.9045024231982,40.8022173184952],[-73.9045284580536,40.8021886483427],[-73.9045308244856,40.8021862261576],[-73.9048482023506,40.8018631470751],[-73.9048510156811,40.8018572925477],[-73.9048694398681,40.8018253958482],[-73.9048904886959,40.8017944522385],[-73.9049140790336,40.8017645850174],[-73.9049401135346,40.8017359147698],[-73.9049620814121,40.8017144298522],[-73.9051947397867,40.8014981620246],[-73.9051994973379,40.8014858993308],[-73.9052152229497,40.8014531790994],[-73.9052336468503,40.8014212823395],[-73.905254695381,40.8013903386614],[-73.905278285412,40.8013604713638],[-73.9052905786113,40.8013464471768],[-73.9053330001503,40.8012996272224],[-73.9053467411182,40.8012849810725],[-73.9053751161598,40.8012576228736],[-73.9054057181734,40.8012316874835],[-73.9054384225833,40.8012072792563],[-73.9054730977135,40.8011844962367],[-73.9055096059711,40.8011634310617],[-73.9055477979279,40.801144166453],[-73.905587520605,40.8011267824282],[-73.9056286151158,40.8011113472936],[-73.9056709142866,40.8010979239459],[-73.9056891039075,40.8010931562748],[-73.9057113596578,40.8010847971318],[-73.9057803581919,40.8010137176719],[-73.9057814297829,40.8010101291558],[-73.9057943913413,40.8009767168013],[-73.9058101165403,40.800943996486],[-73.905828540015,40.8009120996285],[-73.9058495881081,40.8008811558393],[-73.9058731776918,40.8008512884175],[-73.9058992114226,40.8008226179491],[-73.9059045421472,40.8008171985906],[-73.9059849879865,40.8007364596831],[-73.9059911400519,40.8007074433941],[-73.9060012866554,40.8006734740113],[-73.9060142480378,40.8006400616303],[-73.9060299730493,40.8006073412832],[-73.9060483963254,40.8005754443889],[-73.9060694442099,40.8005445005579],[-73.9060930335757,40.8005146330895],[-73.9061190670801,40.8004859625699],[-73.9061256556389,40.800479284426],[-73.9069536466313,40.799653212222],[-73.9069754319285,40.7996325318142],[-73.9070060325715,40.7996065959927],[-73.9070387355962,40.7995821873052],[-73.9070734093321,40.7995594037984],[-73.9071099161921,40.7995383381111],[-73.9071481067533,40.7995190729672],[-73.9071878398989,40.7995016838935],[-73.9072902559241,40.7994242341646],[-73.9073369565723,40.7993711719349],[-73.9074085135267,40.7992898683636],[-73.9074888328562,40.7991986095484],[-73.9075224148968,40.7991604534949],[-73.9075816810275,40.7990823988623],[-73.9076000800105,40.799059480579],[-73.9076197902579,40.7990377718144],[-73.9076188336995,40.7990140653858],[-73.9076203359801,40.7989792505588],[-73.9076247412544,40.7989445776355],[-73.9076320315482,40.798910187079],[-73.9076421770405,40.798876217542],[-73.9076551372493,40.798842804967],[-73.9076708610297,40.7988100843868],[-73.9076892830222,40.7987781872211],[-73.9077103295756,40.7987472430817],[-73.9077157935981,40.7987403235115],[-73.9077237471167,40.79871982009],[-73.9077394708343,40.7986870994999],[-73.9077578927599,40.7986552023226],[-73.9077789392425,40.79862425817],[-73.9078025271608,40.7985943903427],[-73.907828559178,40.7985657194284],[-73.9078569320405,40.7985383606067],[-73.9078875318371,40.7985124245467],[-73.9078896078077,40.7985107800914],[-73.9087499554579,40.7978321802161],[-73.9087805810449,40.7978094154986],[-73.9087965371237,40.7977985662915],[-73.9091708450525,40.7975515610826],[-73.9093057332321,40.7974625474892],[-73.9093532771083,40.7974337355621],[-73.9094039412227,40.7974081795748],[-73.9094134442996,40.7973961455547],[-73.9094394751544,40.7973674742711],[-73.9094678468442,40.7973401150478],[-73.9094984454623,40.7973141785552],[-73.9095105541854,40.7973047760333],[-73.9100694808228,40.7968810346132],[-73.9100752585157,40.7968767023114],[-73.9105070304784,40.7965566304336],[-73.9105611026987,40.7965203687318],[-73.9106196635654,40.7964883851602],[-73.9112393442922,40.7961843859279],[-73.9112508881384,40.7961788387294],[-73.9112906063633,40.7961614527257],[-73.9113316964866,40.7961460155458],[-73.9113739913523,40.7961325900949],[-73.9114173214478,40.7961212302713],[-73.9114615125312,40.7961119818656],[-73.9115063868176,40.7961048825613],[-73.9115517629806,40.796099960134],[-73.9115974585197,40.7960972342541],[-73.9116432897595,40.7960967173875],[-73.9116629790632,40.7960971737235],[-73.9120579328103,40.7961104321224],[-73.9120840256161,40.7961116677019],[-73.9121295737644,40.7961155637783],[-73.9121747054938,40.7961216468347],[-73.9122192395457,40.7961298933207],[-73.9122368969026,40.7961338023305],[-73.9124608164145,40.7961857342607],[-73.9134477831787,40.7962435902047],[-73.9135172289028,40.7962476612616],[-73.9136614561154,40.7962539711265],[-73.9138767703874,40.7962559980366],[-73.9138799945303,40.7962560346645],[-73.9139257767936,40.796257725781],[-73.9139713251496,40.7962616211295],[-73.9140164571462,40.7962677034646],[-73.9140459678492,40.7962731671974],[-73.9140463978756,40.7962732467621],[-73.9149831417791,40.7970556837361],[-73.9160473439994,40.7975683287099],[-73.9169180002545,40.7980080001322],[-73.9197469997131,40.7991149997649],[-73.9201795416255,40.7993554795985],[-73.9205319132448,40.7997335286378],[-73.9208488995643,40.8002017373273],[-73.9210703200486,40.8007234810518],[-73.9219964874299,40.8017067905866],[-73.923569830918,40.8021705975931],[-73.9254213775151,40.8021258623159],[-73.9265736701891,40.801829360681],[-73.9269609639811,40.801849207885],[-73.9273368311203,40.8019067360869],[-73.9275684447133,40.8020224519345],[-73.9276740777411,40.8020219392355],[-73.9277716267029,40.8020343327348],[-73.9278438640023,40.8020494793466],[-73.9279183467301,40.8020725075869],[-73.9279638659618,40.8020935077694],[-73.9279683978943,40.8020953566249],[-73.92800732883,40.8021137457277],[-73.928044647338,40.8021339753319],[-73.9280802030115,40.8021559615989],[-73.9280834867542,40.8021581410549],[-73.9281269319396,40.8021871462183],[-73.9281572965834,40.8022086231441],[-73.9281889026692,40.802233853216],[-73.9282183397616,40.8022605560458],[-73.9282454882879,40.802288623501],[-73.92827024053,40.8023179429538],[-73.9282924947,40.8023483963768],[-73.9283121632358,40.8023798603487],[-73.9283291656869,40.8024122096515],[-73.9283434334594,40.8024453127706],[-73.9283549098105,40.8024790372985],[-73.9283635486658,40.802513247232],[-73.9283693146185,40.8025478047733],[-73.9283721841134,40.8025825703308],[-73.9283721536626,40.8026108694019],[-73.9283721466318,40.8026174034203],[-73.9283692023184,40.802652165365],[-73.9283675818264,40.8026636790421],[-73.9283605805164,40.8027088995652],[-73.9283474424011,40.8027668232184],[-73.9283262296873,40.8028233469762],[-73.9282826181608,40.8029196714702],[-73.928202647929,40.8030962969365],[-73.9281759058875,40.8031470062987],[-73.9281426626929,40.8031954441453],[-73.9281226131972,40.8032214173513],[-73.9281231783669,40.8032248026801],[-73.9281260477624,40.80325956824],[-73.9281260101516,40.8032944013256],[-73.9281230656798,40.8033291632603],[-73.9281172251595,40.8033637135726],[-73.928108512438,40.8033979126997],[-73.9280969632117,40.8034316228868],[-73.9280953981907,40.8034356057189],[-73.9280921743916,40.8034436982949],[-73.9281040720153,40.8034692492745],[-73.9283094147243,40.8035102913326],[-73.9283187236622,40.8035122025773],[-73.9283624861539,40.8035225720127],[-73.9284052948106,40.8035350308975],[-73.9284469790436,40.8035495268981],[-73.9284873682686,40.8035660031784],[-73.9284929448625,40.8035684803086],[-73.9285458429108,40.8035922133445],[-73.9285589846117,40.8035894614595],[-73.9286038621148,40.8035823555074],[-73.9286492421099,40.8035774263553],[-73.9286949420813,40.8035746937007],[-73.9287407783359,40.8035741700365],[-73.9287865660095,40.8035758552484],[-73.9288321202422,40.8035797447199],[-73.9288772585581,40.8035858212292],[-73.9289217996725,40.803594061252],[-73.9289655623119,40.8036044304583],[-73.9290083711342,40.803616889119],[-73.9290500555498,40.8036313849013],[-73.9290904449737,40.80364786097],[-73.9291293771274,40.8036662496893],[-73.9291666968469,40.8036864789253],[-73.9292022537203,40.8037084648408],[-73.929235903263,40.8037321209008],[-73.9292675104811,40.8037573506708],[-73.9292969486799,40.8037840532187],[-73.9293240982824,40.8038121204131],[-73.9293488515661,40.803841439627],[-73.9293712321598,40.8038720775136],[-73.9296898297631,40.8040838364142],[-73.9300357245754,40.8045486917355],[-73.9305149107489,40.8052291346913],[-73.9305522534255,40.8052763100149],[-73.9311483906011,40.8059503937832],[-73.9311637559432,40.8059670901013],[-73.9312585316917,40.8060661105644],[-73.9315018679612,40.8063203446238],[-73.9322651295956,40.8071177711101],[-73.9322672960769,40.8071200227289],[-73.9322765127678,40.8071293410997],[-73.9324936842096,40.8073441122063],[-73.9328804049447,40.807825948917],[-73.9328950472629,40.8078518251598],[-73.9328966317403,40.807850696857],[-73.9328984506463,40.8078497947157],[-73.9329004470664,40.8078491466182],[-73.9329025617256,40.8078487705401],[-73.9329047306141,40.807848679051],[-73.9329068873617,40.8078488748138],[-73.9329089656073,40.8078493514864],[-73.9329109049236,40.8078500946257],[-73.9329126437055,40.8078510825838],[-73.9329141322081,40.8078522847149],[-73.9329153230625,40.8078536649716],[-73.9329161807571,40.8078551810096],[-73.9329166792655,40.8078567868884],[-73.9329168032298,40.8078584339722],[-73.9329165503296,40.8078600727323],[-73.9329159265406,40.8078616536447],[-73.9329149520588,40.8078631280942],[-73.9329136553721,40.8078644519729],[-73.9329120768158,40.8078655847819],[-73.9329102626447,40.8078664923291],[-73.9329082685882,40.8078671467316],[-73.9329061562923,40.8078675291147],[-73.9329039885819,40.807867626908],[-73.9330951088139,40.8082053843724],[-73.9334137346272,40.8088029819712],[-73.9334576954873,40.8090590118192],[-73.9334645772361,40.8090914760529],[-73.9334748133417,40.8091259566362],[-73.9335812673945,40.809436275684],[-73.9335988853262,40.8095438962713],[-73.9336115239614,40.809621092456],[-73.9336127393254,40.8100779960269],[-73.9335920292169,40.8104050351129],[-73.9335885456077,40.8104600400325],[-73.9335760657234,40.8106571068473],[-73.9335545950497,40.8109193483219],[-73.9334634173896,40.8114242688972],[-73.9334009737007,40.8117846796518],[-73.9333667058247,40.8119777013853],[-73.9333661038169,40.8119811751581],[-73.9333633482596,40.8120000642099],[-73.9332984167275,40.8125285900745],[-73.9332977244835,40.8125345797853],[-73.9331762360533,40.8136560631261],[-73.9331752910659,40.8136658581916],[-73.9331744819427,40.8136772697291],[-73.9331492300921,40.8141189365528],[-73.9331287192664,40.8144776864783],[-73.9331280391213,40.8145010900139],[-73.9330797527379,40.8151226636881],[-73.9331025093538,40.8159603339373],[-73.9331005972125,40.8159783058532],[-73.9330991603984,40.816006858888],[-73.9330920430958,40.8164510385341],[-73.9330813578187,40.816584151935],[-73.9330801457446,40.8166072525866],[-73.9330667923094,40.8171469803178],[-73.9330666650107,40.8171568776077],[-73.9330666863897,40.8171615484986],[-73.9330758352654,40.8180590017721],[-73.9330758716642,40.8180617032842],[-73.9330950707837,40.819213087053],[-73.9330952163734,40.8192191880033],[-73.9331107816184,40.819716282057],[-73.9331119976676,40.8197376254355],[-73.933116321333,40.8197723042714],[-73.9331235316039,40.8198067047267],[-73.9331335989904,40.8198406881071],[-73.9331464833314,40.8198741184138],[-73.9331621337966,40.8199068605416],[-73.9331804853273,40.8199387829795],[-73.9332014645653,40.8199697560119],[-73.9332249886624,40.8199996562215],[-73.9332509605433,40.820028362884],[-73.9332647695283,40.820041724342],[-73.9332831434066,40.8204357121663],[-73.9332836162907,40.8204440627451],[-73.9333213765953,40.8210100475885],[-73.9333858339544,40.8222256649995],[-73.9333919985013,40.8227071612428],[-73.9333934070287,40.8227364966234],[-73.9334866421094,40.8238467460879],[-73.9335073738043,40.8240936155414],[-73.933506325794,40.8240937112902],[-73.9335378816225,40.8245080963397],[-73.9335603182648,40.8254306466556],[-73.9335616158164,40.8254549076626],[-73.9335629596059,40.8254684780091],[-73.9336410312246,40.8261445161686],[-73.9337124376228,40.8268869042907],[-73.9337228768827,40.8270785501718],[-73.9337236796444,40.8270902579768],[-73.9337246897987,40.8271008420824],[-73.9338177494794,40.8279605202946],[-73.9338545835471,40.8283007882375],[-73.9339957928127,40.8293623163459],[-73.9341023438024,40.8298696622689],[-73.9342959129462,40.8314989880339],[-73.9342985835835,40.8315234262869],[-73.9342987339787,40.8315247996274],[-73.9343258106196,40.831772517793],[-73.9343994847641,40.8326336579234],[-73.9343476805582,40.8327747044601],[-73.9343447006172,40.8328137419132],[-73.9343380669723,40.8328525188438],[-73.9342771259477,40.8331308189501],[-73.9342690425566,40.8331620957287],[-73.9342631582349,40.8331803598106],[-73.9342320176482,40.8332703068805],[-73.9342277585904,40.8334038676237],[-73.9342275893079,40.8334084051198],[-73.9342259995263,40.8334310966788],[-73.9341846927908,40.8338549692572],[-73.9341744848822,40.8339147985962],[-73.9340370783099,40.8344760748881],[-73.9340180106196,40.8345353903603],[-73.9339964145613,40.8345893464397],[-73.9339708308561,40.8347942348116],[-73.9339649428059,40.8348291679242],[-73.933957284176,40.8348597758479],[-73.9339009790889,40.8350545007293],[-73.9338405928979,40.8356771327526],[-73.9336951322771,40.836003498219],[-73.9334295392606,40.8365993931722],[-73.9329163370369,40.837516374261],[-73.9326256746184,40.8380357133484],[-73.9316895074401,40.8397211312409],[-73.9316442651453,40.8397956058858],[-73.9316354956571,40.8398106290281],[-73.9312869712389,40.840432635142],[-73.93113735998,40.8406996404262],[-73.9310462004046,40.8408623294685],[-73.9309527788014,40.8410288342725],[-73.9309298352413,40.8410697254547],[-73.9308245864253,40.8412774413553],[-73.9308245198878,40.8412775727874],[-73.9308214876822,40.8412835565492],[-73.9301010884698,40.8427477459232],[-73.9300008085802,40.842896950876],[-73.9299939999012,40.8429105207793],[-73.9299436136881,40.8430465250009],[-73.9299435934732,40.8430465790182],[-73.9299435530426,40.8430466879533],[-73.9295386879842,40.8441559299523],[-73.9285180063625,40.8458830390403],[-73.9284706831701,40.8459776920207],[-73.9276253508907,40.8471362006175],[-73.927621847454,40.8471410025475],[-73.9273090988318,40.8470033087802],[-73.9262708934869,40.8465462090745],[-73.9246880464108,40.845849285739],[-73.9244498371145,40.8457510365876],[-73.9243967936996,40.8457278744776]]]},"properties":{"NETWORK":"West Bronx","BOROUGH":"Bronx","LSRV_Status":"Not LSRV Eligible","CapacityMW":0,"SubscribedMW":0,"RemainingMW":0,"CapacityRange":"25-49.99","CapacityRangeDate":1771891200000,"LSRV_as_of_date":1665705600000,"Notes":"The West Bronx network is experiencing a high volume of energy storage project applications, which may cause future substation or upstream infrastructure constraints. This may affect the network's ability to host BESS \u003e50kW. Please email dgexpert@coned.c","LoadCurve":"https://www.coned.com/-/media/files/coned/documents/business-partners/local-generation-facilities/systemdata/loadcurve/X-02-LC","SystemData":"https://www.coned.com/-/media/files/coned/documents/business-partners/local-generation-facilities/systemdata/forecasted-network-data","LSRV_Rate_URL":"https://lite.coned.com/_external/cerates/elec_VDER_CREDstatement_PSC10.asp","OBJECTID":52,"Shape__Area":114489985.30929565,"Shape__Length":51193.92551318145}},{"type":"Feature","id":55,"geometry":{"type":"Polygon","coordinates":[[[-73.9179864644422,40.7984261073971],[-73.9169180002545,40.7980080001322],[-73.9160473439994,40.7975683287099],[-73.9149831417791,40.7970556837361],[-73.9140463990605,40.796273246763],[-73.9140427631112,40.7962681958469],[-73.9138392335325,40.7959855326262],[-73.9137352587531,40.7958411298664],[-73.91372854759,40.7958299802511],[-73.9135151065499,40.7954615354523],[-73.9132006905409,40.7949491106615],[-73.9131844909195,40.794920634541],[-73.9131790956361,40.7949100477954],[-73.91308801576,40.7947256638089],[-73.913077776337,40.7947035055755],[-73.9130649069456,40.7946700728919],[-73.9130548536105,40.7946360876225],[-73.9130476564362,40.7946016857739],[-73.9130447553246,40.7945811872923],[-73.913019994684,40.7943688260732],[-73.9130172214676,40.7943266328263],[-73.9130187281382,40.7942844022864],[-73.913057290059,40.7938455976119],[-73.9130615862963,40.7938121463524],[-73.9130688732195,40.7937777554243],[-73.9130790151554,40.7937437853815],[-73.9130919716363,40.7937103721681],[-73.9131076915323,40.7936776508199],[-73.9131188460045,40.7936576852225],[-73.9133463431622,40.7932718757564],[-73.9133688394645,40.7932370748055],[-73.9133945107089,40.7932035666531],[-73.9135213925342,40.793050643427],[-73.9138241057884,40.7926451738277],[-73.9138376096105,40.7926278366752],[-73.9139770008418,40.7924561297337],[-73.9143243922416,40.7919462862466],[-73.9143566726262,40.7919036958316],[-73.9143938350652,40.7918634710475],[-73.9147508045707,40.7915116937811],[-73.9147699012591,40.7914936726704],[-73.9148004951246,40.7914677347465],[-73.9148331912935,40.7914433238165],[-73.9148678581231,40.7914205379361],[-73.9149043580535,40.7913994697534],[-73.9149425416903,40.7913802020025],[-73.9149822560884,40.7913628147136],[-73.9150233163526,40.791347356376],[-73.9153279148029,40.7911232144127],[-73.9154747853626,40.791001475419],[-73.9154787826998,40.7909699761225],[-73.9154860680632,40.7909355850264],[-73.9154962083328,40.7909016147558],[-73.9155091630475,40.7908682012558],[-73.9155248810843,40.7908354795635],[-73.9155432971071,40.7908035811027],[-73.915564337489,40.7907726354906],[-73.9155879191326,40.7907427660334],[-73.9156139447268,40.7907140933256],[-73.9156218811082,40.7907063052991],[-73.9156420138699,40.7906865603409],[-73.9162879125494,40.7900451081414],[-73.9163084888937,40.7900256227315],[-73.9163390814851,40.7899996843934],[-73.916371776369,40.7899752730213],[-73.9164064419075,40.7899524866728],[-73.9164429405462,40.7899314179981],[-73.9164811228958,40.7899121497331],[-73.9165208360162,40.7898947619101],[-73.916561921059,40.7898793228507],[-73.9166042108889,40.7898658954674],[-73.9166475360133,40.7898545336666],[-73.9166917222106,40.7898452832466],[-73.9167365917152,40.7898381818992],[-73.9167819632203,40.7898332574081],[-73.9168276542441,40.7898305294521],[-73.9168734811292,40.7898300105054],[-73.9169192590495,40.7898317004346],[-73.9169648031844,40.7898355946041],[-73.9170099310983,40.7898416757733],[-73.9170544615484,40.7898499203991],[-73.9170922637382,40.7898588832706],[-73.9176262663802,40.7896331863258],[-73.9178132938743,40.7895176720727],[-73.9178097131776,40.7895005626975],[-73.9178053994512,40.7894658831201],[-73.9178039886759,40.789431066035],[-73.9178054854142,40.7893962510231],[-73.91780988475,40.7893615776585],[-73.9178171687333,40.7893271864065],[-73.9178273075685,40.7892932159222],[-73.9178402608003,40.789259802152],[-73.9178559773116,40.7892270801335],[-73.9178743917728,40.7891951812923],[-73.9178954305628,40.7891642352469],[-73.9179190105909,40.7891343653054],[-73.9179288536452,40.7891230566158],[-73.9196024365234,40.7872510393022],[-73.9196070182121,40.7872459753761],[-73.9212861577847,40.7854121200861],[-73.9212977554822,40.7853998190481],[-73.9213261171993,40.7853724568551],[-73.921356705698,40.7853465171664],[-73.9213893964572,40.7853221043534],[-73.9214240578557,40.7852993164794],[-73.9214605523559,40.7852782462005],[-73.9214987305849,40.7852589762594],[-73.9215384929102,40.7852416056418],[-73.9215697358474,40.7851900038417],[-73.9216215669894,40.7850296993539],[-73.9217137803846,40.7847444965569],[-73.922088090742,40.7835867794741],[-73.9220905315159,40.7835794474358],[-73.9220991262139,40.7835564310113],[-73.9221644510782,40.7833949656089],[-73.9221688063403,40.7833845677518],[-73.9221845193376,40.7833518451134],[-73.9222029301001,40.7833199455517],[-73.9222239650219,40.7832889986881],[-73.9222475410275,40.7832591278338],[-73.9222735608287,40.7832304535891],[-73.9223019212208,40.7832030911469],[-73.9223325083426,40.7831771511905],[-73.9223347068,40.7831754093001],[-73.9234336474228,40.7823085531836],[-73.9234396638814,40.7823038637633],[-73.9236047681801,40.7821766972509],[-73.9236435579204,40.7821489460675],[-73.9236849323844,40.7821234442359],[-73.9242275709169,40.7818134784263],[-73.9242430311713,40.7818048896945],[-73.9242812066034,40.7817856188213],[-73.92432091284,40.7817682282889],[-73.9243619910596,40.7817527864296],[-73.9244042741552,40.7817393561676],[-73.9244475926607,40.7817279914204],[-73.9244917723813,40.7817187379985],[-73.9245366355778,40.7817116336056],[-73.9245774265113,40.7817071019665],[-73.9253330923737,40.7816398303484],[-73.9255714310747,40.7815571185045],[-73.9262354610007,40.7811053393151],[-73.9265526421948,40.7808523242472],[-73.9265965477487,40.7808201736703],[-73.9266438653874,40.7807909527816],[-73.9266942560723,40.780764870278],[-73.927061105169,40.780591741934],[-73.9271125549833,40.7805696527447],[-73.9271662093698,40.7805508355504],[-73.9272217068803,40.7805354152894],[-73.9276938843363,40.780420631011],[-73.9277000046269,40.7804191652311],[-73.9277441830271,40.7804099105604],[-73.9277890449947,40.7804028048999],[-73.9278344092528,40.7803978760506],[-73.9278712187785,40.7803955010574],[-73.9281347951693,40.7803836494222],[-73.9281436697367,40.7803832920536],[-73.9281894900314,40.7803827686067],[-73.9282352617436,40.7803844540437],[-73.9282808000781,40.7803883437472],[-73.9283259226224,40.7803944204944],[-73.9283704481553,40.78040266076],[-73.9284141954669,40.7804130302132],[-73.928456989276,40.7804254891239],[-73.9284749835767,40.7804314508133],[-73.9288911405367,40.7805744920065],[-73.9290076033692,40.780614521801],[-73.9290312789792,40.7806230560362],[-73.9290716544422,40.7806395321707],[-73.929110573138,40.7806579209624],[-73.9291478799563,40.7806781502773],[-73.9291828989199,40.7806997901618],[-73.9293223001211,40.7807915801967],[-73.9304411771866,40.7814282596105],[-73.9308667464898,40.7816530901361],[-73.9309351567726,40.7816892313867],[-73.9313709430804,40.7818479575965],[-73.9329437928583,40.782114896342],[-73.9350543305243,40.7824237435737],[-73.9350662454631,40.7824255666003],[-73.9351107731882,40.782433804259],[-73.9351545228839,40.7824441711501],[-73.9351973192595,40.7824566275538],[-73.9352389917752,40.7824711211462],[-73.9352793698949,40.7824875951011],[-73.9353182913852,40.7825059817911],[-73.935350963306,40.7825235437044],[-73.935512547944,40.78261560701],[-73.9355171857757,40.7826182723895],[-73.9355527334952,40.7826402564187],[-73.9355863746468,40.782663910703],[-73.9356179742701,40.782689138815],[-73.935647405701,40.7827158398293],[-73.9356745493898,40.7827439056205],[-73.9356992976375,40.7827732235676],[-73.9357215486728,40.7828036756494],[-73.9357413710622,40.7828354104886],[-73.93579597154,40.7829307113285],[-73.9362551408085,40.7832763861607],[-73.9363097527762,40.7833224256994],[-73.9363571884597,40.7833728520965],[-73.9365971733185,40.7836610801435],[-73.936606825595,40.7836730062971],[-73.9366290773462,40.7837034581995],[-73.9366487443136,40.7837349208408],[-73.9366657460539,40.7837672690082],[-73.9366800139758,40.783800371192],[-73.9366865127478,40.7838183694909],[-73.936770348164,40.7840670215611],[-73.9367753267902,40.7840827470542],[-73.9367839675851,40.7841169564551],[-73.9367897363149,40.7841515136747],[-73.9367926094137,40.7841862791226],[-73.9367925763477,40.7842211123151],[-73.9367902450514,40.7842508311977],[-73.9367467195565,40.7846314863349],[-73.9367461117423,40.7846365297116],[-73.9367402773363,40.7846710805619],[-73.9367315714901,40.7847052804408],[-73.9367200298721,40.7847389915906],[-73.9367166394116,40.7847474886642],[-73.9365820839027,40.7850752117296],[-73.9364407308533,40.7857547748632],[-73.9364318783187,40.7857896761238],[-73.936420336361,40.7858233872377],[-73.9364060049182,40.7858564736642],[-73.9363889409807,40.7858888030597],[-73.9363692133859,40.785920243988],[-73.936346902813,40.7859506713225],[-73.9363384965921,40.7859610620694],[-73.9356987060335,40.7867325582559],[-73.9341509133103,40.7885920579605],[-73.9341351506756,40.7886101895507],[-73.9341235784047,40.7886225747341],[-73.9333583305284,40.7894180085327],[-73.9332483970319,40.7896378562871],[-73.9332131708471,40.7897872641259],[-73.9332066274056,40.7898117854801],[-73.9331950831174,40.7898454962501],[-73.933180749206,40.7898785822548],[-73.9331636826715,40.7899109111526],[-73.9331439523618,40.7899423515092],[-73.9331216389671,40.7899727782003],[-73.9330968302853,40.7900020679068],[-73.933069628327,40.7900301027206],[-73.9330401410227,40.7900567701402],[-73.9330084881464,40.7900819621734],[-73.9330029817548,40.7900860319389],[-73.9329294570082,40.790139793212],[-73.932901271784,40.790159339291],[-73.9328656766309,40.7901812826835],[-73.9328283225857,40.7902014672618],[-73.9327893602063,40.7902198093657],[-73.9327489447787,40.7902362370439],[-73.9327072386942,40.7902506828522],[-73.9326644126273,40.7902630901574],[-73.9326445858354,40.7902677629788],[-73.9322433716153,40.7906651980478],[-73.9322025996167,40.7907021099191],[-73.9313889697731,40.7913762468046],[-73.931362962742,40.7913967042071],[-73.9313292699215,40.7914203195839],[-73.9312936735761,40.7914422624865],[-73.9312563183468,40.7914624465514],[-73.9312173547963,40.7914807881202],[-73.9311769382154,40.791497215244],[-73.9311352309998,40.7915116604807],[-73.9310924038288,40.7915240671993],[-73.931048627377,40.7915343832717],[-73.9310040770461,40.7915425691798],[-73.9309589341566,40.7915485908122],[-73.9309133800183,40.791552424864],[-73.9308675971191,40.7915540543346],[-73.930821770304,40.7915534748321],[-73.930816697121,40.7915531656169],[-73.9300541646109,40.7918608099493],[-73.9300357302761,40.7918679919613],[-73.9299940225808,40.7918824367842],[-73.9299511949585,40.791894843078],[-73.9299074180861,40.7919051587164],[-73.9298628673667,40.7919133441829],[-73.9298177241226,40.791919365368],[-73.9297721696648,40.7919231989685],[-73.9297263864828,40.7919248279857],[-73.9296805594224,40.7919242480295],[-73.9296348733249,40.7919214592127],[-73.9295895118332,40.7919164742547],[-73.9295446573979,40.7919093130784],[-73.9295004912754,40.7919000037108],[-73.9294571911573,40.7918885840824],[-73.9294149311714,40.7918751002264],[-73.9293738806972,40.7918596062777],[-73.9293595634124,40.7918536055717],[-73.928555189649,40.7915073724042],[-73.928421812613,40.7914944836306],[-73.9283045966942,40.7916314138771],[-73.9287198831944,40.7919199154519],[-73.9287396549386,40.7919341808038],[-73.9287712563674,40.7919594107568],[-73.9288006891504,40.7919861134813],[-73.9288278337324,40.7920141808449],[-73.928852582411,40.7920435002201],[-73.9288748334128,40.7920739535801],[-73.9288944991884,40.7921054175037],[-73.9289114992986,40.792137766773],[-73.9289257651587,40.7921708698738],[-73.9289372400336,40.7922045943984],[-73.9289386849746,40.7922095813618],[-73.9290158450072,40.7924820123654],[-73.9290250861308,40.792521656296],[-73.929030478398,40.7925617075837],[-73.9290686488931,40.7930053032975],[-73.9290698433015,40.7930241542122],[-73.9290698061903,40.7930589873545],[-73.929066862664,40.7930937493696],[-73.9290610235315,40.7931282997856],[-73.9290523126345,40.7931624990394],[-73.9290407656618,40.7931962093756],[-73.9290264289642,40.7932292948463],[-73.9290093595534,40.793261623112],[-73.9290076312078,40.7932645936995],[-73.9287740334989,40.7936629282931],[-73.9287560283721,40.7936913972963],[-73.9287447181465,40.7937073831945],[-73.9280762352515,40.7946158863628],[-73.9279914031341,40.7949438550729],[-73.9279767339119,40.7949899479245],[-73.9279568843004,40.7950349065078],[-73.9278273130996,40.7952911159518],[-73.927814561601,40.7953146830653],[-73.9277948271634,40.7953461224795],[-73.9277725095127,40.7953765481093],[-73.9277476964636,40.7954058366395],[-73.9277234554553,40.7954309904256],[-73.9276871834479,40.7954664671989],[-73.9276625999751,40.7954905113408],[-73.9276345315202,40.7955844393154],[-73.9276179302951,40.7960960733183],[-73.9276124536866,40.796264876745],[-73.9276728776799,40.7967613532009],[-73.9278083555503,40.7970690912812],[-73.9278288832552,40.7970835247434],[-73.9278604867833,40.7971087549258],[-73.9278899214776,40.7971354578612],[-73.9279170677753,40.7971635254166],[-73.9279418179671,40.7971928449637],[-73.9279640702735,40.7972232984749],[-73.9279837371399,40.7972547625284],[-73.9280007381224,40.7972871119059],[-73.9280150046331,40.7973202150926],[-73.9280180151826,40.7973282575373],[-73.9281501663193,40.7976917709783],[-73.9281667316922,40.7977491359465],[-73.9281751387603,40.7978075178962],[-73.9281957034576,40.7980889558489],[-73.9281960450191,40.7981447132153],[-73.9281889429253,40.7982002102024],[-73.9281224340421,40.7985397688663],[-73.9281078861593,40.7985946497626],[-73.9277239799214,40.7997381839769],[-73.9277073345596,40.7997805591589],[-73.9276862538227,40.7998217789163],[-73.9275839110202,40.8000002486337],[-73.9270985795962,40.8008465744359],[-73.9270888340877,40.8008627907715],[-73.9270325709803,40.8009525250694],[-73.9269104737116,40.8012424598877],[-73.9268959858593,40.8012736016795],[-73.9268790600151,40.8013040251253],[-73.9265736701891,40.801829360681],[-73.9254213775151,40.8021258623159],[-73.923569830918,40.8021705975931],[-73.9219964874299,40.8017067905866],[-73.9210703200486,40.8007234810518],[-73.9208488995643,40.8002017373273],[-73.9205319132448,40.7997335286378],[-73.9201795416255,40.7993554795985],[-73.9197469997131,40.7991149997649],[-73.9179864644422,40.7984261073971]]]},"properties":{"NETWORK":"Randalls Island","BOROUGH":" ","LSRV_Status":" ","CapacityMW":0,"SubscribedMW":0,"RemainingMW":0,"CapacityRange":" ","CapacityRangeDate":null,"LSRV_as_of_date":null,"Notes":" ","LoadCurve":" ","SystemData":" ","LSRV_Rate_URL":" ","OBJECTID":55,"Shape__Area":27478592.611724854,"Shape__Length":23094.694182291198}},{"type":"Feature","id":56,"geometry":{"type":"Polygon","coordinates":[[[-74.0097451305442,40.7172131558719],[-74.0090901583864,40.7169088541075],[-74.0090067390189,40.7174404282604],[-74.008983792399,40.7175866485969],[-74.0068062859183,40.7165704118599],[-74.0066826422658,40.7165127053998],[-74.0063710746274,40.7169056022055],[-74.0062345377143,40.7170777782407],[-74.0051935317323,40.7164939192505],[-74.004582512918,40.7161512145727],[-74.0046385034173,40.7160849554779],[-74.0052975917651,40.7153619387272],[-74.0057086472746,40.7148777794167],[-74.0062848600092,40.7141692231788],[-74.0064653441803,40.7139546593222],[-74.0081271835878,40.7119789486482],[-74.0085363845721,40.7114939299708],[-74.008618366527,40.7113968406779],[-74.0101634959125,40.7120582704227],[-74.0108507465008,40.7123502379425],[-74.0135856755935,40.7136020870961],[-74.0137467547703,40.7136758134911],[-74.0136923366614,40.7137782287517],[-74.0136851630808,40.7137924999972],[-74.013624593283,40.7139129919055],[-74.0134642599373,40.7143229844397],[-74.0133299558265,40.7147359562075],[-74.0127915861304,40.7169712579261],[-74.0123152825604,40.7190323839919],[-74.010398657672,40.7187915164683],[-74.0105325667468,40.7181013218402],[-74.010689270024,40.7174621198707],[-74.0101274613841,40.7173907845286],[-74.0097451305442,40.7172131558719]]]},"properties":{"NETWORK":"Park Place","BOROUGH":"Manhattan","LSRV_Status":"Not LSRV Eligible","CapacityMW":0,"SubscribedMW":0,"RemainingMW":0,"CapacityRange":"50-99.99","CapacityRangeDate":1771891200000,"LSRV_as_of_date":1665705600000,"Notes":" ","LoadCurve":"https://www.coned.com/-/media/files/coned/documents/business-partners/local-generation-facilities/systemdata/loadcurve/m-34-lc","SystemData":"https://www.coned.com/-/media/files/coned/documents/business-partners/local-generation-facilities/systemdata/forecasted-network-data","LSRV_Rate_URL":"https://lite.coned.com/_external/cerates/elec_VDER_CREDstatement_PSC10.asp","OBJECTID":56,"Shape__Area":3812813.36869812,"Shape__Length":9033.7873902193023}},{"type":"Feature","id":59,"geometry":{"type":"Polygon","coordinates":[[[-73.996963518251,40.7314112889036],[-73.9955438340302,40.7306982786154],[-73.9965729609559,40.7295532414161],[-73.9973597337837,40.7299409860552],[-74.0019305187329,40.7245516895248],[-74.0041609996747,40.7254520001837],[-74.0156494981796,40.7265035573599],[-74.0159003613899,40.7265265057791],[-74.0158251295277,40.7269044228909],[-74.0158242215041,40.7269088607245],[-74.0158155637936,40.7269430668506],[-74.0158040721905,40.7269767861896],[-74.0157897928227,40.7270098827574],[-74.0157727824724,40.7270422241703],[-74.0157531097597,40.7270736789436],[-74.0157308551436,40.7271041218939],[-74.0157061061861,40.7271334296383],[-74.0156789646555,40.7271614841945],[-74.0156495382408,40.7271881729826],[-74.0156179464692,40.7272133879236],[-74.0155843159728,40.7272370281415],[-74.0155487816713,40.727258997262],[-74.0155114879569,40.7272792088148],[-74.0154725851415,40.7272975790308],[-74.0154322282755,40.7273140358469],[-74.0153905795127,40.7273285117017],[-74.0153478092961,40.727340949839],[-74.0153040880702,40.7273512980054],[-74.0152595910176,40.7273595165541],[-74.0152144992411,40.7273655712412],[-74.0151689938461,40.7273694386286],[-74.0151232571233,40.7273711015824],[-74.015077473734,40.7273705555755],[-74.0150318283402,40.7273678005839],[-74.0150164860446,40.7273663743788],[-74.0122259125043,40.727083791635],[-74.0121599190894,40.7277459419932],[-74.014949639105,40.7279744814807],[-74.0149749628371,40.727976901459],[-74.0150200577762,40.727982944303],[-74.0150645589883,40.72799115113],[-74.0151082853616,40.7280014877451],[-74.015151061701,40.7280139145499],[-74.0151927175433,40.7280283793384],[-74.0152330824237,40.7280448254022],[-74.0152719941602,40.728063185226],[-74.0153092976718,40.7280833867913],[-74.0153448426089,40.7281053463723],[-74.0153784845391,40.728128977541],[-74.0154100884971,40.7281541839627],[-74.0154395278015,40.7281808647991],[-74.0154666828711,40.7282089120067],[-74.0154914459602,40.7282382130382],[-74.0155137152397,40.7282686499419],[-74.0155334030833,40.7283000993616],[-74.0155504289662,40.7283324361387],[-74.0155647241985,40.7283655288092],[-74.0155762319272,40.7283992450071],[-74.0155849059514,40.7284334487627],[-74.0155907107229,40.7284680023035],[-74.0155936225304,40.7285027660542],[-74.0155936306829,40.7285375995373],[-74.0155934493093,40.7285415302831],[-74.0155863252416,40.7286814280007],[-74.0155836110665,40.7287122617911],[-74.0155778224353,40.7287468169],[-74.0155691643595,40.728781022999],[-74.0155576723148,40.7288147423049],[-74.0155433924307,40.7288478388338],[-74.0155263814917,40.7288801802022],[-74.0155067081201,40.7289116349254],[-74.0154844527776,40.7289420778206],[-74.0154597030292,40.7289713855046],[-74.0154325606463,40.7289994399957],[-74.0154031333213,40.7290261287141],[-74.0153715405851,40.7290513435812],[-74.0153379090738,40.7290749837211],[-74.015302373711,40.72909695276],[-74.0152650788932,40.729117164228],[-74.0152261749369,40.7291355343561],[-74.0151858168969,40.7291519910817],[-74.0151441669319,40.7291664668437],[-74.0151013954896,40.7291789048863],[-74.0150576730196,40.7291892529565],[-74.0150131747094,40.729197471408],[-74.0149849884516,40.7292012563166],[-74.014769643753,40.7307466065846],[-74.014764619137,40.7307753811801],[-74.0147559603803,40.7308095872084],[-74.0147444675742,40.7308433064238],[-74.0147301868515,40.7308764028426],[-74.0147131749999,40.7309087440819],[-74.0146935006456,40.7309401986574],[-74.0146712442541,40.7309706413869],[-74.0146464933945,40.730999948888],[-74.0146193498431,40.7310280031795],[-74.0145899212964,40.7310546916827],[-74.0145583272909,40.7310799063196],[-74.0145246944672,40.7311035462155],[-74.0144891577544,40.7311255149973],[-74.0144518615547,40.7311457261962],[-74.01441295619,40.7311640960445],[-74.0143725967205,40.7311805524804],[-74.0143309453108,40.7311950279442],[-74.0142881724148,40.7312074656813],[-74.0142444484875,40.7312178134398],[-74.0141999487223,40.7312260315748],[-74.0141548542331,40.7312320858436],[-74.0141093461362,40.7312359528103],[-74.0140636067331,40.7312376153423],[-74.0140178206959,40.7312370689144],[-74.0139771020075,40.7312347181346],[-74.0118289452062,40.7310640738859],[-74.0117000640132,40.7324887850957],[-74.0140120574464,40.7325229200435],[-74.0140551384385,40.7325245366079],[-74.0141006490532,40.732528392423],[-74.0141457469932,40.7325344356056],[-74.0141902511373,40.7325426427654],[-74.0142339803616,40.7325529797061],[-74.0142767594598,40.7325654068279],[-74.0143184179576,40.7325798719235],[-74.0143587853793,40.7325963182835],[-74.0143976995329,40.7326146783913],[-74.0144350053274,40.7326348802272],[-74.0144705524042,40.7326568400643],[-74.0145041963223,40.7326804714737],[-74.0145358021083,40.7327056781196],[-74.0145652430735,40.7327323591627],[-74.0145923996299,40.732760406559],[-74.014617164026,40.7327897077601],[-74.0146394344273,40.7328201448139],[-74.0146591232031,40.7328515943634],[-74.0146761498246,40.7328839312495],[-74.0146904455992,40.7329170240078],[-74.0147019536715,40.732950740272],[-74.0147106278394,40.732984944072],[-74.0147164325541,40.7330194976353],[-74.0147193441044,40.7330542613864],[-74.0147196665935,40.733077931206],[-74.0147156578675,40.7333496150688],[-74.0147153430724,40.7333607787101],[-74.014712446865,40.7333955432019],[-74.0147066573752,40.7334300982446],[-74.0146979982437,40.733464304256],[-74.0146865049504,40.7334980234533],[-74.01467222363,40.7335311198528],[-74.0146552110726,40.7335634610717],[-74.014635535907,40.7335949156257],[-74.0146132786023,40.7336253583328],[-74.0145885267312,40.7336546658107],[-74.0145613820739,40.7336827200783],[-74.0145319523317,40.7337094085569],[-74.0145003570454,40.7337346231686],[-74.0144667228612,40.7337582630389],[-74.0144311847136,40.7337802317947],[-74.0143938870103,40.7338004429675],[-74.0143549800796,40.7338188127894],[-74.0143146189879,40.733835269199],[-74.0142729659062,40.7338497446365],[-74.0142301912953,40.7338621823475],[-74.014186465617,40.7338725300803],[-74.0141419640717,40.7338807481898],[-74.0140968677807,40.7338868024337],[-74.0140513578673,40.733890669376],[-74.0140056166405,40.7338923318844],[-74.0139830199072,40.733892338233],[-74.0126769416174,40.7338771420868],[-74.0126893025824,40.7339057561742],[-74.0127008098129,40.7339394726337],[-74.0127094830823,40.7339736765798],[-74.0127152868454,40.7340082302392],[-74.0127181973948,40.7340429940361],[-74.0127182040448,40.7340778274927],[-74.0127153067643,40.7341125919308],[-74.0127142581973,40.7341203670342],[-74.0126723634933,40.7344107945376],[-74.0126676214348,40.7344375743702],[-74.0126589611257,40.7344717802236],[-74.0126474666269,40.7345054992126],[-74.0126331840777,40.7345385953546],[-74.0126161702734,40.7345709362677],[-74.0125964938479,40.734602390469],[-74.012574235275,40.7346328327777],[-74.0125494821328,40.7346621398132],[-74.0125223362066,40.7346901935963],[-74.0124929052027,40.73471688155],[-74.0124613086671,40.7347420955987],[-74.012427673251,40.7347657348702],[-74.0123921338938,40.7347877029936],[-74.0123548350081,40.7348079135031],[-74.0123159269269,40.7348262826336],[-74.0122755647214,40.7348427383262],[-74.012233910567,40.7348572130242],[-74.0121911349287,40.7348696499761],[-74.0121474082726,40.7348799969331],[-74.0121029058031,40.7348882142534],[-74.0120578086449,40.734894267698],[-74.0120122979251,40.7348981338339],[-74.0119665559559,40.7348997955321],[-74.0119207674194,40.7348992482707],[-74.0118991669503,40.7348982203239],[-74.0114900501163,40.734874067029],[-74.0113881861987,40.7359640034145],[-74.0114008890348,40.7359920511785],[-74.0114109819802,40.7360161216562],[-74.0114224889284,40.7360498382336],[-74.0114311618163,40.7360840422659],[-74.0114369651003,40.7361185959795],[-74.0114398750749,40.7361533597986],[-74.0114401964147,40.7361770332192],[-74.011438713652,40.7362771275218],[-74.0114383982934,40.7362882875475],[-74.0114355002491,40.7363230519427],[-74.0114297088054,40.7363576068067],[-74.0114210476113,40.7363918125577],[-74.0114095521547,40.7364255314142],[-74.0113952685791,40.7364586273938],[-74.0113782536837,40.7364909681154],[-74.0113585761067,40.7365224220967],[-74.011336316327,40.736552864158],[-74.0113340142015,40.7365557685226],[-74.0112658040621,40.7373018126252],[-74.0112446078433,40.7375610672778],[-74.0112708399808,40.737565904942],[-74.0113145720489,40.737576242984],[-74.0113573538278,40.7375886711817],[-74.0113990148324,40.7376031373234],[-74.0114393845768,40.7376195846953],[-74.0114783008596,40.7376379457768],[-74.0115156085815,40.7376581485444],[-74.0115511573761,40.7376801092674],[-74.0115848027952,40.7377037415131],[-74.0116164098595,40.7377289489427],[-74.0116458518752,40.7377556307136],[-74.0116730092501,40.7377836787787],[-74.0116977742293,40.7378129805872],[-74.011720044976,40.7378434181843],[-74.0117397338582,40.737874868211],[-74.0117567603465,40.7379072055061],[-74.0117710557489,40.7379402986037],[-74.0117825632116,40.7379740151361],[-74.0117912365347,40.7380082191321],[-74.0117970401731,40.7380427728183],[-74.0117999504196,40.738077536619],[-74.0117999565899,40.7381123700561],[-74.0117998740538,40.7381142692352],[-74.0117975288614,40.7381750051155],[-74.0118149794099,40.7382080240415],[-74.0118292749058,40.7382411171306],[-74.0118407824499,40.7382748336557],[-74.0118494558421,40.7383090376459],[-74.0118552595368,40.7383435913277],[-74.0118581698269,40.7383783551254],[-74.0118581760277,40.738413188561],[-74.0118552781099,40.7384479529565],[-74.0118494866992,40.7384825078313],[-74.0118408254444,40.7385167136038],[-74.0118293298336,40.738550432492],[-74.011815046011,40.7385835285139],[-74.0117980307767,40.738615869288],[-74.0117783527704,40.7386473233317],[-74.0117603570485,40.7386719324419],[-74.0118415221542,40.7386997741216],[-74.011865225437,40.7387083021898],[-74.011905595966,40.7387247493957],[-74.0119445130228,40.7387431103169],[-74.0119818215049,40.7387633129303],[-74.0120173710428,40.7387852735059],[-74.0120510171854,40.7388089056119],[-74.0120826249502,40.7388341129096],[-74.012112067641,40.7388607945571],[-74.0121392256626,40.738888842508],[-74.0121639912577,40.7389181442117],[-74.0121862625867,40.738948581714],[-74.0122059520155,40.738980031656],[-74.0122229790126,40.7390123688772],[-74.0122258179529,40.73901840828],[-74.0122743989719,40.7391236985586],[-74.0122858559405,40.7391507521852],[-74.0122973638728,40.7391844686604],[-74.0123060376178,40.7392186726119],[-74.0123118416286,40.7392532262663],[-74.0123147521966,40.739287990048],[-74.0123147586361,40.7393228234792],[-74.0123135119846,40.7393420989759],[-74.0122855629039,40.7396674102939],[-74.0124899094717,40.7396829004507],[-74.0124198509825,40.740286578496],[-74.0123586412595,40.7402843491222],[-74.0123327752031,40.7402998370207],[-74.0123152725131,40.7404886392718],[-74.0123413975972,40.740509702944],[-74.0123638408162,40.7405316395973],[-74.0123583171297,40.7405665807764],[-74.0128168310015,40.7405960853032],[-74.0127514631806,40.7410525264068],[-74.012106826047,40.7410145567618],[-74.0120845651083,40.7410449989486],[-74.0120598093684,40.7410743058525],[-74.0120326606235,40.741102359495],[-74.0120032265909,40.7411290472997],[-74.0119716268292,40.7411542611915],[-74.0119379880022,40.7411779002987],[-74.0119024450632,40.7411998682513],[-74.0118651424393,40.741220078584],[-74.0118262304786,40.7412384475326],[-74.0117858642676,40.7412549030389],[-74.011744205998,40.7412693775467],[-74.0117014261515,40.7412818143055],[-74.0116576952111,40.7412921610673],[-74.01161929857,40.7412992501396],[-74.0117400622116,40.7413502057004],[-74.0117507268714,40.7413547962991],[-74.0117896454218,40.7413731572658],[-74.0118269553297,40.7413933599219],[-74.0118625062198,40.7414153205372],[-74.0118961536356,40.7414389526797],[-74.0119277625897,40.7414641600106],[-74.0119572063806,40.7414908416879],[-74.0119843654091,40.7415188896649],[-74.0120091319137,40.7415481913911],[-74.0120314040511,40.741578628912],[-74.0120510941841,40.741610078869],[-74.0120681217781,40.7416424161011],[-74.0120824181366,40.7416755091427],[-74.012093926402,40.7417092256263],[-74.0121026003713,40.7417434295809],[-74.0121084044965,40.7417779832333],[-74.0121113150686,40.7418127470078],[-74.012111321402,40.7418475804267],[-74.012108423467,40.7418823448117],[-74.0121026318891,40.7419168996826],[-74.0120939703177,40.7419511054576],[-74.0120824742426,40.7419848243549],[-74.0120681898094,40.7420179203922],[-74.0120511738209,40.742050261188],[-74.0120314949197,40.7420817152598],[-74.012030208292,40.7420836064593],[-74.0116256182037,40.7426814343684],[-74.008951511973,40.7424586339129],[-73.9936181993134,40.7359969209237],[-73.996963518251,40.7314112889036]]]},"properties":{"NETWORK":"Sheridan Square","BOROUGH":"Manhattan","LSRV_Status":"Not LSRV Eligible","CapacityMW":0,"SubscribedMW":0,"RemainingMW":0,"CapacityRange":"25-49.99","CapacityRangeDate":1771891200000,"LSRV_as_of_date":1665705600000,"Notes":" ","LoadCurve":"https://www.coned.com/-/media/files/coned/documents/business-partners/local-generation-facilities/systemdata/loadcurve/M-10-LC","SystemData":"https://www.coned.com/-/media/files/coned/documents/business-partners/local-generation-facilities/systemdata/forecasted-network-data","LSRV_Rate_URL":"https://lite.coned.com/_external/cerates/elec_VDER_CREDstatement_PSC10.asp","OBJECTID":59,"Shape__Area":24436206.028625488,"Shape__Length":25832.426574857145}},{"type":"Feature","id":61,"geometry":{"type":"Polygon","coordinates":[[[-73.9997622374751,40.7076466324569],[-73.9996932980432,40.70757361343],[-73.9995491443782,40.7074209285513],[-73.999528110511,40.7073986498154],[-73.9994943321021,40.7073628714542],[-73.9994732982716,40.7073405927081],[-73.9994409742418,40.7073063551126],[-73.9994199404469,40.7072840763567],[-73.9993984865823,40.7072613518414],[-73.9993774528158,40.7072390730776],[-73.999338529439,40.7071978456475],[-73.9993196221595,40.7071778199646],[-73.9993432395958,40.707152547248],[-73.9993691231046,40.7071285937881],[-73.9993925854366,40.7071088474991],[-73.9994990278282,40.7070192660316],[-73.9995404769554,40.7069871359551],[-73.9995852476627,40.7069576984048],[-73.9997717294951,40.7068449062591],[-73.9998392189272,40.7068086805963],[-73.999911707878,40.7067785630669],[-73.9999476375596,40.70676560833],[-73.9999749679199,40.7067471289426],[-73.9999992428904,40.7067314312287],[-74.0000356695261,40.7067103358404],[-74.0000737800277,40.7066910396614],[-74.0001134217465,40.7066736228356],[-74.0001550005684,40.7066579583889],[-74.0002027622932,40.7066414339277],[-74.0002293423317,40.7066327241301],[-74.0002914909883,40.7066134728535],[-74.0003039609392,40.7066075483558],[-74.0002965685804,40.706592093797],[-74.0002836724625,40.706558670445],[-74.0002735879541,40.7065246923697],[-74.000266355285,40.7064902955488],[-74.0002620040348,40.7064556186617],[-74.0002605519494,40.7064208021884],[-74.0002620037584,40.7063859857083],[-74.0002663547242,40.7063513088004],[-74.0002735870932,40.7063169119446],[-74.0002836712784,40.7062829338189],[-74.0002965670429,40.7062495104],[-74.0003122235006,40.7062167767639],[-74.0003305755653,40.7061848643842],[-74.0003515498685,40.7061539029336],[-74.0003750635753,40.7061240157811],[-74.0003871298698,40.7061106782643],[-74.000023935195,40.7057805171595],[-73.9999961733336,40.7057536197817],[-73.9999702172396,40.7057249276781],[-73.9999467035376,40.7056950405907],[-73.9999257292573,40.7056640791896],[-73.9999073772283,40.7056321668464],[-73.999891720813,40.7055994332361],[-73.9998788250901,40.7055660098344],[-73.9998687409383,40.7055320317192],[-73.9998615085858,40.7054976348685],[-73.9998571576109,40.7054629579616],[-73.9998557057586,40.7054281414787],[-73.9998571577574,40.7053933249991],[-73.9998615088691,40.7053586481022],[-73.9998687413393,40.7053242512673],[-73.9998788255806,40.7052902731727],[-73.9998917213561,40.7052568497949],[-73.9999073777794,40.7052241162096],[-73.9999257297647,40.7051922038903],[-73.9999467039436,40.7051612425095],[-73.9999702174817,40.7051313554359],[-73.9999961733457,40.7051026633363],[-74.0000244685859,40.7050752814747],[-74.0000549896038,40.7050493206124],[-74.0000876121519,40.7050248852071],[-74.0001119136836,40.7050085580082],[-74.0009910471436,40.7044441292432],[-74.0010013381706,40.7044376445688],[-74.0010377632358,40.7044165488572],[-74.0010758721359,40.7043972523406],[-74.0011155122289,40.7043798351645],[-74.0011565249566,40.7043643657679],[-74.0011987434783,40.7043509071868],[-74.0012419985871,40.7043395134525],[-74.0012861163432,40.7043302304917],[-74.0013309192569,40.7043230961272],[-74.0013762262892,40.7043181382762],[-74.0014218552176,40.7043153767515],[-74.00151374036,40.7043165147251],[-74.0016887240488,40.7041998969134],[-74.0017097874744,40.7041863565069],[-74.0017462121781,40.7041652605703],[-74.0017843207295,40.7041459638186],[-74.001823960488,40.704128546398],[-74.0018649728967,40.7041130767485],[-74.0019071911162,40.7040996179071],[-74.0019342846953,40.7040924808984],[-74.0019453476158,40.7040638048143],[-74.0019610027504,40.7040310709446],[-74.0019793534243,40.703999158293],[-74.002000326274,40.7039681965332],[-74.0020238384707,40.7039383090354],[-74.0020497929861,40.7039096164683],[-74.0020780868764,40.7038822340977],[-74.0021086065485,40.7038562726869],[-74.0021412277599,40.7038318366958],[-74.0021603220104,40.703818884277],[-74.0023975354432,40.7036636241317],[-74.002413032531,40.7036537641034],[-74.0024494567212,40.7036326679428],[-74.0024875647646,40.7036133709569],[-74.0025272040226,40.7035959532929],[-74.0025682159405,40.7035804833917],[-74.0026104336808,40.7035670242915],[-74.0026536880397,40.7035556300255],[-74.0026978050803,40.7035463465228],[-74.0027426073162,40.7035392116081],[-74.0027879137108,40.7035342532009],[-74.0028335420441,40.7035314911162],[-74.0028793089128,40.7035309379657],[-74.0029250297299,40.7035325937537],[-74.0029705199081,40.7035364539825],[-74.0030155972258,40.7035425015474],[-74.0030600806446,40.7035507130406],[-74.0031037891251,40.7035610542479],[-74.0031465475437,40.7035734855526],[-74.0031881855089,40.7035879547307],[-74.0032285326287,40.7036044050561],[-74.0032674267929,40.7036227689963],[-74.0033047129901,40.7036429745162],[-74.0033402409409,40.7036649378742],[-74.0033738662815,40.7036885726269],[-74.0034054541134,40.7037137824253],[-74.0034191512291,40.7037257768365],[-74.0041353296675,40.7043716003772],[-74.0041533670843,40.7043599480057],[-74.0047969311044,40.7039622857839],[-74.0054429943859,40.7035303670554],[-74.0056800042264,40.7037953014904],[-74.0069044932275,40.7047915454359],[-74.0068951668085,40.7048065377141],[-74.0068866342256,40.7048200224874],[-74.0068240003224,40.704918999659],[-74.007093999718,40.7051090002998],[-74.0068942204615,40.7051982630551],[-74.006718000512,40.7052769998099],[-74.0071359996986,40.7055919997302],[-74.0077824950939,40.7054806014542],[-74.0078590646238,40.7054674073568],[-74.0087697754475,40.7059736947251],[-74.0087073698634,40.7060409766833],[-74.0086990002055,40.7060500004422],[-74.0086459995409,40.7060260004003],[-74.0080250004168,40.7062899997274],[-74.0079840005037,40.7063299996996],[-74.0079290002795,40.7062980002233],[-74.0077219994491,40.7065129997196],[-74.008781000186,40.7072199999835],[-74.0083939997186,40.7077519996663],[-74.0082889994113,40.7077799996732],[-74.0082530000423,40.7078140001664],[-74.0082980002564,40.7078580004176],[-74.0081475396969,40.7081456723104],[-74.0081644529047,40.7081699155778],[-74.0079299994412,40.7083700003703],[-74.0077269011133,40.7082505037307],[-74.0070699998866,40.707863999678],[-74.0068449995081,40.7080779999902],[-74.0064480005403,40.7078040000227],[-74.0059010004949,40.7083000003969],[-74.0048549995562,40.7086039997617],[-74.004850497643,40.7085988544302],[-74.0048436193271,40.7085909941572],[-74.0047429998801,40.7084760003588],[-74.0040029995926,40.7087850002031],[-74.0039680003919,40.7087889996856],[-74.0039249999891,40.7087859997568],[-74.003872000284,40.7087660002978],[-74.0038159994445,40.7087230000557],[-74.0034359994844,40.7082579997194],[-74.0034333973228,40.7082590669029],[-74.0033579996851,40.7082899998909],[-74.0033443383002,40.7083246114405],[-74.0033430000847,40.7083280001034],[-74.0019089995891,40.7094369998171],[-74.0018712987364,40.7094581813599],[-74.0018711567324,40.7094582606073],[-74.001842139402,40.7094745639299],[-74.0014480000262,40.7096959998584],[-74.0014191048632,40.7096795712939],[-74.0012030005051,40.7096250000836],[-74.0007080001871,40.7091979998198],[-74.0001566831465,40.7080915842479],[-74.0001116443115,40.7080167130884],[-74.0000469476394,40.7079481887246],[-73.9997984692553,40.7076850078172],[-73.9997622374751,40.7076466324569]]]},"properties":{"NETWORK":"Fulton SN1","BOROUGH":"Manhattan","LSRV_Status":"Not LSRV Eligible","CapacityMW":0,"SubscribedMW":0,"RemainingMW":0,"CapacityRange":"50-99.99","CapacityRangeDate":1771891200000,"LSRV_as_of_date":1665705600000,"Notes":" ","LoadCurve":"https://www.conedison.com/en/404","SystemData":"https://www.coned.com/-/media/files/coned/documents/business-partners/local-generation-facilities/systemdata/forecasted-network-data","LSRV_Rate_URL":"https://lite.coned.com/_external/cerates/elec_VDER_CREDstatement_PSC10.asp","OBJECTID":61,"Shape__Area":3594508.4897613525,"Shape__Length":9311.410999271533}},{"type":"Feature","id":65,"geometry":{"type":"Polygon","coordinates":[[[-73.9706064380483,40.7432962748173],[-73.9706520949441,40.7432935255048],[-73.9706978893911,40.743292985153],[-73.9707270149792,40.7432940470525],[-73.9708708488793,40.7430644605179],[-73.971041524612,40.7427920254145],[-73.9710374198619,40.7427781799859],[-73.9710301983515,40.7427437814993],[-73.9710258599506,40.7427091036796],[-73.9710244223532,40.7426742870108],[-73.9710258902301,40.7426394710727],[-73.9710302587801,40.7426047954426],[-73.971037510178,40.7425704005948],[-73.9710476147599,40.7425364251994],[-73.9710605322075,40.7425030052222],[-73.9710762115475,40.7424702757254],[-73.9710875699323,40.7424499136076],[-73.9712558359138,40.7421644220053],[-73.9715149755411,40.7409562802779],[-73.9715139485254,40.74095476447],[-73.9714956003851,40.7409228477512],[-73.9714799496364,40.7408901104345],[-73.9714670613364,40.7408566840112],[-73.9714569863331,40.740822703571],[-73.971449764818,40.7407883051013],[-73.971445426326,40.7407536272878],[-73.9714439885516,40.7407188106146],[-73.9714454561662,40.7406839946616],[-73.9714498243695,40.740649319006],[-73.9714524872657,40.7406349943945],[-73.9715948758533,40.7399355190251],[-73.9715994638346,40.7399154487452],[-73.9716095677273,40.7398814732879],[-73.971609986114,40.739880390981],[-73.971677536073,40.7397524599048],[-73.971838123932,40.739815616753],[-73.9726960003867,40.7401530003277],[-73.9831018603296,40.7445384244517],[-73.9833538091561,40.744632407414],[-73.9847876232998,40.7452457544678],[-73.9847002990672,40.7453658560969],[-73.9806704742588,40.7509077916693],[-73.9805108947713,40.7508437117875],[-73.9687033746816,40.7458497271835],[-73.9688011706366,40.7457340602091],[-73.9689638926387,40.745541601937],[-73.9691777047146,40.7452534863691],[-73.9691992155205,40.7452263598528],[-73.9692252002557,40.7451976748501],[-73.9692535251699,40.7451703007034],[-73.9692840765448,40.7451443481432],[-73.9693167300099,40.7451199215934],[-73.9693513540939,40.7450971191724],[-73.9693878114086,40.7450760335942],[-73.9694259527311,40.7450567476641],[-73.969465625288,40.7450393414849],[-73.969467552016,40.7450386161871],[-73.9694820636206,40.7450302228065],[-73.9695209592596,40.7450106056582],[-73.9696407718124,40.7448660636261],[-73.9696478098567,40.7448498860741],[-73.9696732676598,40.7447997453534],[-73.9697050518132,40.7447517395916],[-73.9698070703231,40.744614783973],[-73.9698371964231,40.7445778071474],[-73.9698711400272,40.7445427953178],[-73.9699086796208,40.7445099753508],[-73.9700387477648,40.7443226434846],[-73.9700127263975,40.7442974594399],[-73.9699867682013,40.7442687607271],[-73.9699632543477,40.7442388676731],[-73.9699422818682,40.7442079009726],[-73.969923933585,40.744175984018],[-73.9699082828443,40.7441432465028],[-73.9698965229176,40.7441127468615],[-73.9698953947036,40.744109819919],[-73.9698853200098,40.744075839357],[-73.9698780989537,40.7440414408044],[-73.9698737610679,40.7440067629478],[-73.9698723240446,40.7439719462709],[-73.9698737925522,40.7439371303539],[-73.9698781617868,40.7439024547738],[-73.9698854139207,40.7438680600049],[-73.969895519287,40.7438340847168],[-73.9699084375641,40.743800664875],[-73.9699241177755,40.743767935541],[-73.9699424947387,40.743736028171],[-73.9699584100985,40.7437121400712],[-73.9700505170377,40.7435818705981],[-73.9700556019038,40.74357480294],[-73.9700791424067,40.7435449221298],[-73.9701051261073,40.7435162369218],[-73.9701334499451,40.7434888625522],[-73.9701640002062,40.7434629097524],[-73.9701966525245,40.7434384829473],[-73.9702312754335,40.7434156802564],[-73.9702677315497,40.7433945943946],[-73.9703058716548,40.7433753081684],[-73.9703455429806,40.7433579016821],[-73.9703865868444,40.7433424433316],[-73.970428836279,40.7433289961082],[-73.9704721219534,40.7433176139977],[-73.9705162698047,40.7433083428801],[-73.970530449036,40.7433060907386],[-73.9705611022224,40.7433012205304],[-73.9706064380483,40.7432962748173]]]},"properties":{"NETWORK":"Kips Bay","BOROUGH":"Manhattan","LSRV_Status":"Not LSRV Eligible","CapacityMW":0,"SubscribedMW":0,"RemainingMW":0,"CapacityRange":"50-99.99","CapacityRangeDate":1771891200000,"LSRV_as_of_date":1665705600000,"Notes":" ","LoadCurve":"https://www.coned.com/-/media/files/coned/documents/business-partners/local-generation-facilities/systemdata/loadcurve/M-43-LC","SystemData":"https://www.coned.com/-/media/files/coned/documents/business-partners/local-generation-facilities/systemdata/forecasted-network-data","LSRV_Rate_URL":"https://lite.coned.com/_external/cerates/elec_VDER_CREDstatement_PSC10.asp","OBJECTID":65,"Shape__Area":9092198.2707366943,"Shape__Length":12830.660153776869}},{"type":"Feature","id":66,"geometry":{"type":"Polygon","coordinates":[[[-73.9720754514134,40.7737127821937],[-73.9774527312222,40.7661947083686],[-73.9814297254935,40.7679019052919],[-73.9815220984137,40.7677662223206],[-73.981639935734,40.7676786158297],[-73.9816507997708,40.7675863591404],[-73.9818030189771,40.7662936513459],[-73.9821102354807,40.7664219609399],[-73.9834388702471,40.7669768528861],[-73.9837236436831,40.7670957824917],[-73.9885566157309,40.7691140018977],[-73.9976179420442,40.7729179383898],[-73.9975213881269,40.7730653207976],[-73.9975110135514,40.7730811559211],[-73.997506463572,40.7730879816362],[-73.9974841852379,40.7731184208584],[-73.99745941115,40.7731477244866],[-73.9974322431793,40.7731757745559],[-73.9974027891198,40.7732024585041],[-73.9973711686112,40.7732276682717],[-73.9973375084006,40.7732513030037],[-73.9973019435273,40.7732732663474],[-73.9972646185069,40.7732934718565],[-73.9972256837784,40.7733118357859],[-73.9971852945187,40.7733282860976],[-73.9971436130125,40.7733427552564],[-73.9971008098359,40.7733551865335],[-73.9970570555656,40.7733655277028],[-73.9970125255161,40.7733737391457],[-73.9969674009245,40.7733797866469],[-73.9969515247305,40.7733811324804],[-73.9969461773382,40.7733912864113],[-73.9969264820414,40.773422737758],[-73.9969042033302,40.7734531768664],[-73.9968794288625,40.7734824803685],[-73.996852260511,40.7735105302997],[-73.9968459917457,40.773516209601],[-73.9968650459464,40.7735422472652],[-73.9968847383674,40.773573699668],[-73.9969017667694,40.7736060389912],[-73.9969160624529,40.7736391337607],[-73.9969275685631,40.7736728516021],[-73.9969362389059,40.7737070565391],[-73.9969420379474,40.7737416107942],[-73.9969449419992,40.7737763747894],[-73.9969449404026,40.7738112080462],[-73.9969420331592,40.773845971887],[-73.9969362309318,40.7738805258335],[-73.9969275574129,40.7739147303079],[-73.9969160481406,40.7739484475336],[-73.9969033568809,40.7739781475825],[-73.9967608346871,40.7742819940735],[-73.9967592271055,40.7742853880239],[-73.9967421954374,40.774317726405],[-73.9967224997702,40.7743491777124],[-73.9967002206558,40.7743796167772],[-73.9966754457537,40.7744089202313],[-73.9966482769383,40.7744369701104],[-73.9966188220068,40.7744636538531],[-73.9965872006026,40.7744888634008],[-73.9965535394762,40.7745124978993],[-73.9965179736708,40.7745344609969],[-73.9964806477057,40.7745546662481],[-73.9964417120235,40.7745730299091],[-73.9964013218053,40.7745894799429],[-73.9963596393393,40.7746039488154],[-73.9963168352057,40.7746163797989],[-73.996273079985,40.7746267206686],[-73.9962285489954,40.7746349318069],[-73.9961834234782,40.774640979],[-73.9961378846737,40.77464483884],[-73.9960921150074,40.7746464942232],[-73.9960462992727,40.774645940653],[-73.9960006222628,40.7746431781359],[-73.9959552675858,40.7746382192854],[-73.9959104176646,40.7746310839196],[-73.9958662537366,40.774621799961],[-73.9958229534849,40.774610405238],[-73.995780691038,40.7745969456836],[-73.9957396357852,40.7745814753353],[-73.9957279280828,40.7745765995794],[-73.9942467528981,40.7739461498077],[-73.9941039760506,40.7740734043742],[-73.9940152039729,40.7741745451915],[-73.9932581016902,40.7752363088466],[-73.9932250791873,40.7752780911408],[-73.9931872357514,40.7753174408823],[-73.993187218064,40.7753282325067],[-73.9931824129124,40.7754382142291],[-73.9931795356955,40.7754722098395],[-73.9931737313741,40.775506763588],[-73.9931650557108,40.7755409677708],[-73.9931535442524,40.7755746846123],[-73.9931406187796,40.7756048813032],[-73.9930758338913,40.7757425579953],[-73.9930537647136,40.7757840419277],[-73.9930273246234,40.7758240217518],[-73.9921263483875,40.7770582637837],[-73.9924124776333,40.7770622676966],[-73.992850876974,40.7770683993259],[-73.991766380714,40.778651876718],[-73.9912037541039,40.7786326265417],[-73.9910422275814,40.7789381689464],[-73.9909623696404,40.7790892273741],[-73.991226348756,40.7790514879076],[-73.9912843936953,40.7790450330082],[-73.9914727504546,40.7790299952004],[-73.9915138902879,40.7790276110048],[-73.9915597091396,40.7790270623609],[-73.9916054815119,40.7790287226276],[-73.9916510226091,40.7790325872889],[-73.991696150006,40.7790386392224],[-73.9917406824627,40.7790468550026],[-73.9917844387404,40.7790572003981],[-73.9918272435239,40.7790696357754],[-73.9918689262373,40.7790841088942],[-73.991909316305,40.7791005630122],[-73.9919482514445,40.7791189305817],[-73.9919855764809,40.7791391395532],[-73.9920211409787,40.7791611061712],[-73.9920548004252,40.7791847439789],[-73.9920864197851,40.7792099566152],[-73.9921158723153,40.7792366432167],[-73.9921430383809,40.7792646957167],[-73.9921678101929,40.7792940015466],[-73.9921900858854,40.7793244427353],[-73.9922097778082,40.7793558959095],[-73.9922268054184,40.7793882358952],[-73.9922411000197,40.7794213312157],[-73.9922526047618,40.7794550494944],[-73.9922612734559,40.779489254753],[-73.9922670705751,40.7795238092131],[-73.9922699724384,40.7795585732956],[-73.9922699683961,40.7795934065217],[-73.9922670584595,40.7796281702141],[-73.9922612533023,40.7796627238948],[-73.9922525766288,40.7796969279873],[-73.9922410639899,40.7797306447164],[-73.992226761598,40.7797637381086],[-73.9922097263275,40.7797960757929],[-73.9921900268991,40.7798275262994],[-73.9921848704899,40.7798349875109],[-73.992063106063,40.7800079170293],[-73.9920459793664,40.7800308939621],[-73.9920212003134,40.7800601963904],[-73.9919940272316,40.780088245148],[-73.9919645679352,40.780114927678],[-73.9919329420852,40.7801401359268],[-73.99189927645,40.7801637690453],[-73.991863706091,40.7801857306875],[-73.9918263755458,40.7802059344137],[-73.9917874352756,40.7802242964862],[-73.9917470404796,40.7802407448745],[-73.9917053534647,40.7802552120508],[-73.9916625448295,40.7802676412947],[-73.9916187851725,40.7802779803881],[-73.9915742498297,40.7802861897207],[-73.9915291200599,40.7802922350858],[-73.9914835771208,40.7802960930831],[-73.991480700784,40.780296262165],[-73.9896095544835,40.7804034683472],[-73.9895775547497,40.7804569868001],[-73.9895619562266,40.7804814484283],[-73.9895553550673,40.7804909499284],[-73.9892496277212,40.7809061181039],[-73.9890998445187,40.7808421900047],[-73.9764590224326,40.7755429868378],[-73.9720754514134,40.7737127821937]]]},"properties":{"NETWORK":"Lincoln Square","BOROUGH":"Manhattan","LSRV_Status":"Not LSRV Eligible","CapacityMW":0,"SubscribedMW":0,"RemainingMW":0,"CapacityRange":"0-24.99","CapacityRangeDate":1771891200000,"LSRV_as_of_date":1665705600000,"Notes":" ","LoadCurve":"https://www.coned.com/-/media/files/coned/documents/business-partners/local-generation-facilities/systemdata/loadcurve/M-23-LC","SystemData":"https://www.coned.com/-/media/files/coned/documents/business-partners/local-generation-facilities/systemdata/forecasted-network-data","LSRV_Rate_URL":"https://lite.coned.com/_external/cerates/elec_VDER_CREDstatement_PSC10.asp","OBJECTID":66,"Shape__Area":20177697.307037354,"Shape__Length":20904.736282720267}},{"type":"Feature","id":67,"geometry":{"type":"Polygon","coordinates":[[[-73.9870905176905,40.7507505349892],[-73.9824302723907,40.7487713785431],[-73.9822727206796,40.7487044629953],[-73.9847002990672,40.7453658560969],[-73.9847701582416,40.7452697749791],[-73.9847876232998,40.7452457544678],[-73.9848533880664,40.74527388596],[-73.9849452463718,40.7453124324868],[-73.9849453174064,40.7453124622128],[-73.9850224657263,40.7453448355817],[-73.9862349262299,40.7458536047441],[-73.9863929216843,40.7459199008065],[-73.9896103341047,40.7472842737539],[-73.9895245384946,40.7474050139999],[-73.9870905176905,40.7507505349892]]]},"properties":{"NETWORK":"Empire","BOROUGH":"Manhattan","LSRV_Status":"Not LSRV Eligible","CapacityMW":0,"SubscribedMW":0,"RemainingMW":0,"CapacityRange":"50-99.99","CapacityRangeDate":1771891200000,"LSRV_as_of_date":1665705600000,"Notes":" ","LoadCurve":"https://www.coned.com/-/media/files/coned/documents/business-partners/local-generation-facilities/systemdata/loadcurve/M-12-LC","SystemData":"https://www.coned.com/-/media/files/coned/documents/business-partners/local-generation-facilities/systemdata/forecasted-network-data","LSRV_Rate_URL":"https://lite.coned.com/_external/cerates/elec_VDER_CREDstatement_PSC10.asp","OBJECTID":67,"Shape__Area":2205237.9647216797,"Shape__Length":5940.7483912541065}},{"type":"Feature","id":69,"geometry":{"type":"Polygon","coordinates":[[[-73.9818030189771,40.7662936513459],[-73.9819494808921,40.7654339091068],[-73.9822595782894,40.7645593416668],[-73.9824693600402,40.7640279294618],[-73.9828202419579,40.7633608481534],[-73.983172387086,40.7627568831567],[-73.9833355441953,40.7625012653459],[-73.9833360891949,40.7625004297565],[-73.9836176933831,40.7620687646538],[-73.9836326661017,40.7620472483242],[-73.9840692626768,40.761419821683],[-73.9841239708517,40.7613243757387],[-73.9842105048237,40.7611734072122],[-73.9845157846164,40.7606407991913],[-73.9847146041834,40.760293923377],[-73.9847686790321,40.7601995792449],[-73.9848185668005,40.7601125403303],[-73.9850676120786,40.7594906923105],[-73.9851013388982,40.7594064787544],[-73.985788270774,40.7575604392254],[-73.9859840590443,40.7572887240612],[-73.9863660844116,40.7567585443091],[-73.9864667056302,40.7566187905475],[-73.9865030400854,40.7565713742006],[-73.9865575535162,40.7565002352515],[-73.9867479854484,40.7565787597621],[-73.9868145178623,40.7566064030022],[-73.9868171158334,40.7566074803038],[-73.9933704404608,40.7593294692006],[-73.9936234569458,40.7594351172076],[-73.9936242787985,40.7594354585444],[-73.9937193366615,40.7594749013766],[-73.9951521838648,40.7600694325379],[-73.9885566157309,40.7691140018977],[-73.9818030189771,40.7662936513459]]]},"properties":{"NETWORK":"Columbus Circle","BOROUGH":"Manhattan","LSRV_Status":"Not LSRV Eligible","CapacityMW":0,"SubscribedMW":0,"RemainingMW":0,"CapacityRange":"25-49.99","CapacityRangeDate":1771891200000,"LSRV_as_of_date":1665705600000,"Notes":" ","LoadCurve":"https://www.coned.com/-/media/files/coned/documents/business-partners/local-generation-facilities/systemdata/loadcurve/M-21-LC","SystemData":"https://www.coned.com/-/media/files/coned/documents/business-partners/local-generation-facilities/systemdata/forecasted-network-data","LSRV_Rate_URL":"https://lite.coned.com/_external/cerates/elec_VDER_CREDstatement_PSC10.asp","OBJECTID":69,"Shape__Area":9319302.6188049316,"Shape__Length":12441.180858594806}},{"type":"Feature","id":71,"geometry":{"type":"Polygon","coordinates":[[[-74.0116002862434,40.7077052943704],[-74.0115755942461,40.7076908814706],[-74.0111078637491,40.7074178600943],[-74.0095035175825,40.7063815898122],[-74.0074679999228,40.7052500003629],[-74.0056800042264,40.7037953014904],[-74.0054429943859,40.7035303670554],[-74.0047592257126,40.7029194919083],[-74.0047557904624,40.7029164005929],[-74.0047274941963,40.702889019893],[-74.0047015371814,40.7028603288456],[-74.0046780223686,40.7028304427137],[-74.0046570467922,40.7027994821633],[-74.004638693287,40.7027675705626],[-74.0046230352213,40.7027348375837],[-74.0046101376805,40.7027014146998],[-74.0046000515504,40.7026674369865],[-74.0045928170675,40.7026330404203],[-74.0045884638185,40.7025983636795],[-74.0045870095578,40.7025635472433],[-74.0045884590231,40.7025287306912],[-74.0045928074868,40.7024940536027],[-74.004600037205,40.7024596564578],[-74.0046101186016,40.7024256779362],[-74.0046230114508,40.7023922540159],[-74.0046386648782,40.702359519775],[-74.00465701381,40.7023276066896],[-74.0046779848903,40.7022966444353],[-74.004701495297,40.702266756384],[-74.0047274480093,40.702238063207],[-74.0047557400902,40.7022106801723],[-74.0047862579543,40.7021847180459],[-74.0048040874453,40.7021709772904],[-74.0049782683644,40.7020413862049],[-74.0049930582286,40.7020306901826],[-74.0050276477277,40.7020078769054],[-74.0050640701911,40.7019867799129],[-74.0051021765369,40.7019674820573],[-74.0051418141331,40.7019500634892],[-74.0051828244318,40.7019345926531],[-74.0052250406018,40.7019211325911],[-74.0052682934459,40.7019097373401],[-74.0053124090333,40.7019004528333],[-74.0053572098832,40.7018933168994],[-74.0054025149647,40.701888357462],[-74.0054481420632,40.7018855943404],[-74.0054939077803,40.7018850401501],[-74.0055396275335,40.7018866948999],[-74.0055851167399,40.7018905540962],[-74.0056301931819,40.7018966006385],[-74.0056746758245,40.7019048111229],[-74.0057183836314,40.7019151513395],[-74.0057611414819,40.7019275816756],[-74.0058027789866,40.701942049911],[-74.0058431257554,40.7019584993234],[-74.0058820196795,40.701976862384],[-74.0059193057486,40.7019970670612],[-74.0059548336836,40.7020190296168],[-74.0059884591211,40.7020426636108],[-74.0060200471617,40.702067872697],[-74.0060241190535,40.7020713646695],[-74.0068844143593,40.7028156985249],[-74.0069465579793,40.7027779984595],[-74.007067897095,40.7025984145779],[-74.0070790251868,40.7025825864955],[-74.0071025346179,40.7025526979549],[-74.007128486408,40.7025240042376],[-74.0071567776241,40.7024966206137],[-74.0071872946839,40.7024706578517],[-74.0072199133557,40.7024462204169],[-74.0072545023082,40.7024234064717],[-74.0072568864175,40.7024219393873],[-74.0077809514513,40.7021006663944],[-74.0077463934716,40.7021019213384],[-74.0077006274968,40.7021013723966],[-74.0076549997097,40.7020986144713],[-74.0076096935208,40.7020936601579],[-74.0075648911578,40.702086529256],[-74.0075207736659,40.7020772496701],[-74.0074775185414,40.7020658592111],[-74.0074352997314,40.7020524037948],[-74.0073942864503,40.7020369374422],[-74.0073546455467,40.7020195231796],[-74.0073165355863,40.7020002294375],[-74.0072801092193,40.701979136353],[-74.0072455155457,40.7019563267657],[-74.0072128918335,40.7019318934213],[-74.0071823694344,40.7019059344689],[-74.0071540726005,40.701878554362],[-74.0071281149347,40.7018498638581],[-74.0071045993905,40.701819978218],[-74.0070861236303,40.7017929730007],[-74.0069392123426,40.7015628921154],[-74.0069367117347,40.7015589372171],[-74.0069183574798,40.7015270259748],[-74.0069026985862,40.7014942933008],[-74.0068898001424,40.701460870667],[-74.0068797130382,40.7014268931481],[-74.0068724775138,40.7013924967197],[-74.0068681231601,40.7013578200595],[-74.0068666677357,40.7013230036467],[-74.0068681159836,40.7012881870603],[-74.0068724631806,40.70125350988],[-74.006879691588,40.7012191125865],[-74.0068897716351,40.7011851338598],[-74.0069026631015,40.7011517096788],[-74.0069183151183,40.7011189751226],[-74.0069366626174,40.7010870616688],[-74.0069576322487,40.7010560989942],[-74.0069811411959,40.7010262104725],[-74.007007092444,40.7009975167769],[-74.0070353830622,40.7009701331775],[-74.0070658994705,40.7009441704425],[-74.0070985174399,40.7009197330373],[-74.007133105642,40.7008969191241],[-74.0071695268323,40.7008758214624],[-74.0072076319335,40.700856522907],[-74.0072294898896,40.7008466014936],[-74.007634435575,40.7006700911592],[-74.0076356155519,40.7006417069367],[-74.0076399623075,40.7006070297245],[-74.0076471902489,40.70057263238],[-74.007657269807,40.7005386535832],[-74.0076701607636,40.7005052293135],[-74.0076858122518,40.7004724946502],[-74.0077041592056,40.7004405810714],[-74.0077251282771,40.7004096182543],[-74.0077486366522,40.7003797295735],[-74.0077745873184,40.7003510357024],[-74.0078028773469,40.7003236519121],[-74.0078333931604,40.7002976889715],[-74.0078660105322,40.7002732513467],[-74.0079005981363,40.700250437201],[-74.0079370187305,40.7002293392947],[-74.00797512324,40.7002100404836],[-74.0080046974364,40.7001968036015],[-74.0082694302996,40.7000846711045],[-74.0082794918704,40.700080488402],[-74.0083205002908,40.7000650164443],[-74.0083627146435,40.7000515552281],[-74.0084059657383,40.7000401587953],[-74.0084500796516,40.7000308730837],[-74.0084948789092,40.7000237359268],[-74.0085401824868,40.7000187752531],[-74.0085858081756,40.7000160108871],[-74.0086315725832,40.7000154554491],[-74.0086772911322,40.7000171089529],[-74.0087227792445,40.7000209669102],[-74.008767854707,40.700027012225],[-74.0088123364885,40.7000352214988],[-74.0088560435563,40.7000455605265],[-74.0088988007926,40.7000579897],[-74.0089404378106,40.7000724568038],[-74.0089807842222,40.7000889051203],[-74.0090196779198,40.700107267125],[-74.0090569638941,40.7001274707907],[-74.0090924918664,40.7001494323831],[-74.0091261174732,40.700173065466],[-74.0091577058144,40.7001982736972],[-74.0091871302715,40.7002249562309],[-74.0092142713236,40.700253005017],[-74.0092390212806,40.7002823075017],[-74.0092464650908,40.7002919910123],[-74.0099091794656,40.7011746539132],[-74.01038402258,40.7010549672982],[-74.0103745635676,40.7010231107331],[-74.0103673262838,40.7009887145226],[-74.0103629701386,40.7009540379929],[-74.0103615128979,40.7009192216224],[-74.0103629593118,40.7008844049903],[-74.0103673046646,40.7008497276763],[-74.0103745312251,40.7008153301615],[-74.0103846094299,40.700781351127],[-74.010397499066,40.7007479265528],[-74.0104131492719,40.7007151915198],[-74.010431494987,40.7006832775071],[-74.0104524628681,40.7006523141943],[-74.0104759701061,40.7006224249573],[-74.0105019196928,40.7005937304722],[-74.0105302087041,40.7005663460124],[-74.0105607235665,40.7005403823495],[-74.0105933400573,40.7005159439527],[-74.010627926854,40.7004931289881],[-74.0106643467176,40.7004720302194],[-74.0107024505764,40.700452730506],[-74.0107420858088,40.700435310006],[-74.0107830938759,40.7004198371715],[-74.010825307956,40.7004063750528],[-74.01086855886,40.7003949776952],[-74.0108807408786,40.700392183155],[-74.0117820713354,40.7001919870718],[-74.0117806965482,40.700159165342],[-74.0117821422045,40.7001243486887],[-74.0117864867696,40.7000896713177],[-74.0117937125155,40.7000552737105],[-74.011803789882,40.7000212945484],[-74.0118166786597,40.6999878698121],[-74.0118323279903,40.6999551345828],[-74.0118506728168,40.6999232203409],[-74.0118716397998,40.6998922567664],[-74.0118951461335,40.6998623672367],[-74.0119210948136,40.6998336724289],[-74.0119493829194,40.6998062876176],[-74.0119798968812,40.6997803235759],[-74.01201251248,40.6997558847745],[-74.0120470983966,40.6997330693813],[-74.0120835173959,40.6997119701615],[-74.0121216204094,40.6996926699764],[-74.0121612548191,40.6996752489859],[-74.0122022620893,40.6996597756444],[-74.0122444754015,40.6996463130038],[-74.0122877255698,40.6996349151118],[-74.0125339994095,40.7006060000696],[-74.0127529999931,40.701393999788],[-74.0142710000304,40.7026439997154],[-74.0145079998752,40.7034230002452],[-74.0142580002403,40.7045059996058],[-74.0138820002398,40.7051409999867],[-74.0120615925551,40.7073755805328],[-74.0117385951207,40.7077168429122],[-74.0116964163711,40.7077614063101],[-74.0116002862434,40.7077052943704]]]},"properties":{"NETWORK":"Bowling Green","BOROUGH":"Manhattan","LSRV_Status":"Not LSRV Eligible","CapacityMW":0,"SubscribedMW":0,"RemainingMW":0,"CapacityRange":"50-99.99","CapacityRangeDate":1771891200000,"LSRV_as_of_date":1665705600000,"Notes":" ","LoadCurve":"https://www.coned.com/-/media/files/coned/documents/business-partners/local-generation-facilities/systemdata/loadcurve/m-40-lc","SystemData":"https://www.coned.com/-/media/files/coned/documents/business-partners/local-generation-facilities/systemdata/forecasted-network-data","LSRV_Rate_URL":"https://lite.coned.com/_external/cerates/elec_VDER_CREDstatement_PSC10.asp","OBJECTID":71,"Shape__Area":4468574.0742034912,"Shape__Length":10101.209726290961}},{"type":"Feature","id":73,"geometry":{"type":"Polygon","coordinates":[[[-73.978108957396,40.7572783774873],[-73.9813144115208,40.7586459411557],[-73.980079136967,40.7603377325307],[-73.9799389197293,40.7605297633645],[-73.9799353080711,40.7605283246294],[-73.9767451647928,40.7591603352472],[-73.9767479230842,40.75915656629],[-73.978108957396,40.7572783774873]]]},"properties":{"NETWORK":"Rockefeller Center","BOROUGH":"Manhattan","LSRV_Status":"Not LSRV Eligible","CapacityMW":0,"SubscribedMW":0,"RemainingMW":0,"CapacityRange":"0-24.99","CapacityRangeDate":1771891200000,"LSRV_as_of_date":1665705600000,"Notes":" ","LoadCurve":"https://www.coned.com/-/media/files/coned/documents/business-partners/local-generation-facilities/systemdata/loadcurve/M-19-LC","SystemData":"https://www.coned.com/-/media/files/coned/documents/business-partners/local-generation-facilities/systemdata/forecasted-network-data","LSRV_Rate_URL":"https://lite.coned.com/_external/cerates/elec_VDER_CREDstatement_PSC10.asp","OBJECTID":73,"Shape__Area":797271.39860534668,"Shape__Length":3601.9059366820393}},{"type":"Feature","id":74,"geometry":{"type":"Polygon","coordinates":[[[-73.9726960003867,40.7401530003277],[-73.971838123932,40.739815616753],[-73.971677536073,40.7397524599048],[-73.9717010744981,40.7397225787471],[-73.9717270560097,40.7396938931576],[-73.9717859254329,40.7396405651305],[-73.971811987048,40.7396210665188],[-73.9719231018081,40.7391877703291],[-73.9718872659448,40.7367744603202],[-73.9717709496607,40.7356982051088],[-73.9717810528264,40.7356642296164],[-73.9717939685739,40.7356308095247],[-73.9718096459365,40.7355980798965],[-73.9718280197435,40.7355661721891],[-73.9718490165383,40.7355352160561],[-73.9718725533967,40.7355053348457],[-73.9718985331901,40.7354766492006],[-73.9719268528736,40.7354492743592],[-73.9719573987501,40.7354233210545],[-73.9719900464712,40.7353988937134],[-73.972024664589,40.7353760904576],[-73.972061115739,40.7353550040044],[-73.9720992507232,40.7353357171626],[-73.9721389167938,40.7353183100389],[-73.9721799552894,40.7353028510319],[-73.9722221992644,40.7352894031355],[-73.9722654794097,40.7352780203381],[-73.9723096216848,40.7352687485227],[-73.9723544485014,40.7352616254668],[-73.9723997787241,40.7352566790422],[-73.9724454300372,40.7352539290157],[-73.9724492527202,40.7352537993565],[-73.9725717382904,40.7352498852674],[-73.9725660192894,40.7351948970816],[-73.9725652095524,40.7351862439067],[-73.972563771313,40.7351514272203],[-73.9725652382198,40.7351166112259],[-73.9725696054755,40.7350819355008],[-73.9725769121778,40.7350473136054],[-73.9725956186023,40.7349739410565],[-73.9727311116127,40.7347213473722],[-73.9727594306332,40.7346939723231],[-73.9727899758391,40.7346680187948],[-73.972822622885,40.7346435912152],[-73.9728572403254,40.7346207877067],[-73.9728936907987,40.7345997009877],[-73.9729228747867,40.7345847044866],[-73.9731438684382,40.7344770302427],[-73.9731528187325,40.7344727396071],[-73.9731924840142,40.7344553321184],[-73.9732335217338,40.7344398727341],[-73.9732757649491,40.7344264244496],[-73.9733190443538,40.7344150412549],[-73.9733631859106,40.7344057690345],[-73.9734080120341,40.7343986455677],[-73.9734533415915,40.7343936987278],[-73.973475039308,40.7343923916867],[-73.9731370331613,40.7330582022605],[-73.9727436214698,40.7315079151708],[-73.972613661572,40.7313527816485],[-73.9724448155349,40.7311629672971],[-73.9720027573532,40.7308145718666],[-73.9718108845943,40.7306941486687],[-73.9717803284537,40.730673846422],[-73.9717539199091,40.7306543052139],[-73.971688563573,40.7306034086257],[-73.9714424412806,40.7303924019008],[-73.9712478403342,40.7302022101697],[-73.9712099068169,40.7301614337632],[-73.9711770006177,40.7301182038156],[-73.9710008805378,40.7298604376055],[-73.9709680733896,40.7298051543117],[-73.9709256334663,40.7297216142137],[-73.9708464357413,40.7295657206262],[-73.9708277544081,40.7295240511551],[-73.9708135232191,40.7294813769403],[-73.9707848343555,40.7293781443425],[-73.9707195419363,40.7291431940147],[-73.9707125925667,40.7291181869183],[-73.9707014389027,40.7290655205233],[-73.9706970588254,40.7290122786245],[-73.9706936592356,40.7288263361878],[-73.9706956576839,40.7287771653099],[-73.9706987085788,40.7287465767002],[-73.9707301887419,40.7284309752475],[-73.9707327128956,40.7284056715884],[-73.9707353927413,40.7283843329095],[-73.9708299848233,40.7277601808286],[-73.9708471781191,40.7276467363563],[-73.9708366097341,40.7276283497887],[-73.970835625639,40.7276266367713],[-73.9708199783371,40.7275938993046],[-73.9708070929398,40.7275604727459],[-73.9707970202831,40.7275264921853],[-73.9707898005495,40.7274920936107],[-73.9707854632666,40.7274574157085],[-73.9707840261239,40.7274225989628],[-73.9707854937904,40.727387782954],[-73.9707889451563,40.7273587901398],[-73.9709295212536,40.7264398804843],[-73.9898868899814,40.7344236094307],[-73.9901308089936,40.7345390703261],[-73.9907005310484,40.7348010602273],[-73.9912397819001,40.7350097556217],[-73.9936181993134,40.7359969209237],[-73.9916237026675,40.7387441036623],[-73.9914157585633,40.7390432955016],[-73.9909683802064,40.7396281481289],[-73.9903775673775,40.7404621844882],[-73.9897731556855,40.7412693201625],[-73.9891265800924,40.7421135206813],[-73.9885644566711,40.7429170418771],[-73.9882000407216,40.7434395306322],[-73.988024968518,40.7436798299634],[-73.9863929216843,40.7459199008065],[-73.9862349262299,40.7458536047441],[-73.9848533880664,40.74527388596],[-73.9833538091561,40.744632407414],[-73.9831018603296,40.7445384244517],[-73.9726960003867,40.7401530003277]]]},"properties":{"NETWORK":"Madison Square","BOROUGH":"Manhattan","LSRV_Status":"Not LSRV Eligible","CapacityMW":0,"SubscribedMW":0,"RemainingMW":0,"CapacityRange":"0-24.99","CapacityRangeDate":1771891200000,"LSRV_as_of_date":1665705600000,"Notes":" ","LoadCurve":"https://www.coned.com/-/media/files/coned/documents/business-partners/local-generation-facilities/systemdata/loadcurve/M-06-LC","SystemData":"https://www.coned.com/-/media/files/coned/documents/business-partners/local-generation-facilities/systemdata/forecasted-network-data","LSRV_Rate_URL":"https://lite.coned.com/_external/cerates/elec_VDER_CREDstatement_PSC10.asp","OBJECTID":74,"Shape__Area":23653451.842330933,"Shape__Length":21330.046150523423}},{"type":"Feature","id":75,"geometry":{"type":"Polygon","coordinates":[[[-73.9479996004933,40.7686308600522],[-73.9480140470394,40.7686369638826],[-73.9647796409344,40.7757186815036],[-73.9692797446201,40.7776179053261],[-73.9538861154588,40.7988408071543],[-73.9492512667507,40.7968734875708],[-73.9350351102562,40.7908373719632],[-73.935318992588,40.7906749596903],[-73.9360711987972,40.7896460139885],[-73.9360766381605,40.7896387157428],[-73.9361221130009,40.7895787801916],[-73.9357688342469,40.7894283406574],[-73.9357406255554,40.7894156809981],[-73.9357024863342,40.789396363791],[-73.9356660348513,40.789375248312],[-73.9356314203134,40.7893524174923],[-73.9355987800687,40.7893279641617],[-73.9355682455359,40.7893019865501],[-73.9355399410176,40.7892745891868],[-73.9355139801468,40.7892458828986],[-73.935490465888,40.7892159830088],[-73.935469495276,40.7891850102404],[-73.9354511511249,40.7891530880098],[-73.9354355067633,40.7891203460314],[-73.9354226272244,40.789086915816],[-73.9354125633199,40.7890529324681],[-73.9354053551968,40.7890185319867],[-73.9354010323363,40.788983853066],[-73.9353996123696,40.7889490361942],[-73.9354010998959,40.7889142209519],[-73.9354054900361,40.7888795469139],[-73.9354127648774,40.7888451545479],[-73.9354228946611,40.7888111825139],[-73.9354358389681,40.7887777667643],[-73.9354515467175,40.7887450423446],[-73.9354699526145,40.7887131406904],[-73.9354887562507,40.7886852518889],[-73.9355913747547,40.7885431912816],[-73.9355936015678,40.7885401308219],[-73.9356171734342,40.7885102572571],[-73.9356431895292,40.7884815800173],[-73.9356715466631,40.7884542143074],[-73.935702130988,40.7884282708239],[-73.9357348179999,40.7884038539537],[-73.9357694760924,40.7883810617763],[-73.9358059677413,40.788359986965],[-73.935844143585,40.788340712281],[-73.9358838507102,40.7883233177823],[-73.9359249302921,40.7883078718171],[-73.9359672152178,40.7882944373261],[-73.9360105360141,40.788283068244],[-73.936054718477,40.7882738103987],[-73.9360995848563,40.7882667015114],[-73.9361449538571,40.7882617693967],[-73.9361906430079,40.7882590337639],[-73.9362364686593,40.7882585071181],[-73.9362822459895,40.7882601893569],[-73.9363277901808,40.7882640758757],[-73.936372918797,40.7882701494646],[-73.9364174505927,40.788278386611],[-73.9364612043323,40.7882887529967],[-73.9365040047093,40.7883012089039],[-73.9365456811676,40.7883157020107],[-73.9365663858629,40.7883238350284],[-73.9367391993605,40.7883944221465],[-73.9371096186542,40.787561568435],[-73.937123512246,40.7875329733915],[-73.9371405892375,40.7875031995253],[-73.9374817559957,40.7869533786628],[-73.9375051317196,40.7869189165441],[-73.9375316493333,40.7868857951692],[-73.9379533428039,40.7863986841796],[-73.9379590937654,40.7863921424307],[-73.9392425671203,40.784954802604],[-73.9392588636072,40.7849372982373],[-73.9392872177455,40.7849099316229],[-73.9393177990336,40.7848839871657],[-73.9393504829794,40.7848595692566],[-73.9393851379893,40.7848367759795],[-73.9394216265513,40.7848157000119],[-73.9394400850458,40.7848060473294],[-73.9395138123263,40.7847687620525],[-73.9409892070095,40.7840226048614],[-73.9420243941018,40.7834754333408],[-73.9425947751663,40.7830771333114],[-73.9426284325403,40.783045242587],[-73.9427470044457,40.7828680422501],[-73.9428861991201,40.7826600197218],[-73.9429633077159,40.7825123323606],[-73.9431185510135,40.7818494279718],[-73.9431387464851,40.7816242448763],[-73.9431464822257,40.7815730704561],[-73.9431555329152,40.7815385703809],[-73.9431676016646,40.781504607592],[-73.9431657198384,40.7813442776612],[-73.9431042713057,40.7811294613653],[-73.9431007439205,40.781116364521],[-73.9430994299628,40.7811110193918],[-73.9429525867803,40.7804970690257],[-73.9426881093452,40.7805687618616],[-73.9426812924938,40.7805705810879],[-73.9426375250391,40.7805809015793],[-73.9425929834618,40.7805890919806],[-73.9425478490468,40.7805951181623],[-73.9425023030698,40.7805989568009],[-73.942456527986,40.7806005908777],[-73.9424143134585,40.7806000610074],[-73.9424017973721,40.7806031056543],[-73.9423736848704,40.7806094680568],[-73.9423291432416,40.7806176583561],[-73.9422840087833,40.7806236844344],[-73.9422384627715,40.7806275229687],[-73.9422093479114,40.7806285619599],[-73.9421926876616,40.7806291569406],[-73.9421468682672,40.7806285819401],[-73.9421033406088,40.780625928813],[-73.9421011893981,40.7806257980599],[-73.9420558346688,40.7806208179996],[-73.9420109865022,40.7806136616624],[-73.9419668261297,40.7806043570556],[-73.9419235312194,40.7805929420908],[-73.9418812758784,40.7805794627823],[-73.9418402294675,40.7805639732467],[-73.9418005589698,40.780546536605],[-73.9417624230707,40.7805272213769],[-73.9417259745215,40.7805061077857],[-73.9416913625164,40.7804832787548],[-73.941658724394,40.7804588271071],[-73.9416281915641,40.7804328510656],[-73.9415998883226,40.7804054551531],[-73.9415739282972,40.7803767501907],[-73.9415504144494,40.7803468514965],[-73.9415294438119,40.7803158797885],[-73.9415110991989,40.7802839584788],[-73.9414988021941,40.7802587949041],[-73.9412443489868,40.77969634586],[-73.9412410007913,40.7796887682263],[-73.9412281201622,40.7796553386112],[-73.9412180547202,40.779621355721],[-73.9412108446189,40.7795869555528],[-73.9412065193472,40.7795522767996],[-73.9412050965461,40.7795174599489],[-73.9412065808263,40.7794826445812],[-73.9412109673215,40.7794479702718],[-73.9412182381339,40.7794135774895],[-73.9412283635209,40.7793796048961],[-73.941241303081,40.779346188446],[-73.9412570057523,40.7793134631877],[-73.941275406261,40.7792815605601],[-73.9412964310425,40.7792506101968],[-73.941319997062,40.779220735423],[-73.9413460070714,40.779192056855],[-73.9413743579056,40.779164689703],[-73.9414049357418,40.7791387446691],[-73.9414376161023,40.7791143261466],[-73.9414722674076,40.7790915322218],[-73.9415087521608,40.7790704555748],[-73.9415469210277,40.7790511789744],[-73.9415866211237,40.7790337824861],[-73.9416276936517,40.7790183344662],[-73.9416683777688,40.7790054040399],[-73.9416902110663,40.7789910421692],[-73.9417266956954,40.7789699654529],[-73.9417648644417,40.77895068878],[-73.9418045644208,40.7789332922164],[-73.9418318302977,40.7789230366518],[-73.9420948912423,40.7788240940475],[-73.9421208717785,40.77878651202],[-73.9421506060921,40.7787505734869],[-73.9421629546053,40.7787368542258],[-73.9421254916886,40.7785957987122],[-73.9419931090184,40.7782853937571],[-73.9419809352401,40.7782536151961],[-73.9419767848903,40.7782407872482],[-73.9417727243023,40.7775756964477],[-73.9417119134607,40.77754548896],[-73.9416876651587,40.7775329011725],[-73.9416512182721,40.7775117875481],[-73.941616607849,40.7774889584843],[-73.9415839712217,40.7774645068043],[-73.9415534397939,40.7774385307312],[-73.9415251378559,40.7774111347878],[-73.9414991790301,40.7773824297955],[-73.9414756662731,40.7773525310724],[-73.9414546966134,40.7773215593366],[-73.9414363528612,40.7772896380006],[-73.9414225183091,40.7772610373062],[-73.9413801421268,40.7771653103276],[-73.9413783321669,40.7771611697958],[-73.9413654519577,40.7771277401833],[-73.9413553868277,40.777093757292],[-73.9413481769291,40.7770593571191],[-73.9413443655555,40.7770304040157],[-73.9412743599382,40.7763051880504],[-73.9412725567487,40.776254450099],[-73.9412769262834,40.7762038026416],[-73.9412980060562,40.776060987322],[-73.9412993735631,40.7760523404893],[-73.941306643959,40.7760179476838],[-73.9413167687846,40.775983975065],[-73.9413297076406,40.7759505585878],[-73.9413454094678,40.7759178333005],[-73.941353106097,40.7759038118851],[-73.9414369581286,40.7757568060053],[-73.9414476609812,40.7757389247545],[-73.9414686845642,40.7757079743432],[-73.9414922492526,40.7756780995181],[-73.9415182578042,40.7756494208958],[-73.9415466070593,40.7756220536866],[-73.9415771832016,40.7755961085931],[-73.9416098617604,40.7755716900086],[-73.9416378692567,40.7755530430742],[-73.9417779011672,40.7754645557479],[-73.9418116091586,40.7753233306835],[-73.9418278613518,40.7752703415868],[-73.9418509352538,40.7752188354563],[-73.9420837515,40.7747728786248],[-73.9421033261364,40.7747387972166],[-73.9421258919689,40.7747058015129],[-73.9426384961612,40.7740145272646],[-73.9426603187999,40.7739870133461],[-73.9426797698154,40.7739652056329],[-73.9435982182122,40.7729868613656],[-73.9436051656239,40.7729795877989],[-73.9444900231271,40.772070644157],[-73.9445175860135,40.7720440817752],[-73.9445483015897,40.7720180224843],[-73.9450274845761,40.7716368798763],[-73.9456687626916,40.771105541176],[-73.9458633839462,40.7709330638821],[-73.946114999492,40.7706513170021],[-73.946128730058,40.7706364750186],[-73.9464375383866,40.7703141459366],[-73.9467523588114,40.7699735457707],[-73.9474726648562,40.7691894620002],[-73.9474781131855,40.7691836121098],[-73.9479996004933,40.7686308600522]]]},"properties":{"NETWORK":"Yorkville","BOROUGH":"Manhattan","LSRV_Status":"Eligible","CapacityMW":4.5,"SubscribedMW":0.983,"RemainingMW":3.52,"CapacityRange":"25-49.99","CapacityRangeDate":1771891200000,"LSRV_as_of_date":1665705600000,"Notes":"The Yorkville network is experiencing a high volume of energy storage project applications, which may cause future substation or upstream infrastructure constraints. This may affect the network's ability to host BESS \u003e50kW. Please email dgexpert@coned.co","LoadCurve":"https://www.coned.com/-/media/files/coned/documents/business-partners/local-generation-facilities/systemdata/loadcurve/M-03-LC","SystemData":"https://www.coned.com/-/media/files/coned/documents/business-partners/local-generation-facilities/systemdata/forecasted-network-data","LSRV_Rate_URL":"https://lite.coned.com/_external/cerates/elec_VDER_CREDstatement_PSC10.asp","OBJECTID":75,"Shape__Area":56406672.2437439,"Shape__Length":32034.294253797387}},{"type":"Feature","id":79,"geometry":{"type":"Polygon","coordinates":[[[-73.9457486065508,40.7370389941443],[-73.9459314292101,40.7371041607317],[-73.9460029414768,40.7371287151146],[-73.9462021575435,40.7371971145756],[-73.9462368852653,40.7372090382092],[-73.9462713839636,40.7372216407084],[-73.9463203442299,40.7372395260147],[-73.946614777446,40.7373470799622],[-73.9467999604775,40.7374147253596],[-73.9500790559441,40.7385632647679],[-73.9522655872149,40.739164302707],[-73.9538242561395,40.7394181302998],[-73.9546895402065,40.7394331774532],[-73.9552496438341,40.7394429148089],[-73.957177247746,40.7392547940914],[-73.9632098926754,40.736095655496],[-73.9632615575544,40.7363187413228],[-73.9636632798925,40.7381422963092],[-73.9636641856428,40.7381465082697],[-73.9636699643338,40.7381810643753],[-73.9636728494756,40.7382158293863],[-73.9636728304853,40.73825066282],[-73.9636699074338,40.7382854259986],[-73.9636640910485,40.7383199784457],[-73.9636554050789,40.7383541805899],[-73.9636438851127,40.738387894664],[-73.9636295773924,40.7384209847052],[-73.9636125388136,40.7384533183558],[-73.9635994485504,40.7384747724172],[-73.9635925559619,40.7384854610659],[-73.9633982402477,40.7387867399614],[-73.9633971868029,40.7388315786042],[-73.963391283007,40.7388761995831],[-73.9633326013148,40.7391905499284],[-73.9633306554933,40.739200340528],[-73.9633219692378,40.7392345426429],[-73.9633104489507,40.7392682566795],[-73.9632961408757,40.7393013466752],[-73.963292482017,40.7393088125181],[-73.963231436027,40.7394306911551],[-73.9632155810647,40.73961501909],[-73.9632110948302,40.7396499789622],[-73.9632036761766,40.7396846488343],[-73.9631553227457,40.7398725098642],[-73.9631509678754,40.7398882070186],[-73.9631394473888,40.739921921035],[-73.9631251390885,40.7399550110064],[-73.9631080998726,40.7399873445754],[-73.9630883984783,40.7400187902887],[-73.9630661154791,40.7400492230002],[-73.9630413385517,40.7400785193671],[-73.9630228501622,40.7400980013155],[-73.9628843711967,40.7402373832475],[-73.9628756905758,40.7402459433754],[-73.9628462372362,40.7402726186159],[-73.962814619283,40.7402978190192],[-73.9627809634529,40.7403214437677],[-73.9627471161071,40.7403424047432],[-73.9625494742615,40.7404574182962],[-73.9625078155236,40.740479844488],[-73.9625272996009,40.740502926332],[-73.9625495487803,40.7405333734217],[-73.9625692152442,40.740564831838],[-73.9625862185523,40.7405971763855],[-73.962600490107,40.740630275569],[-73.9626119731496,40.7406639969966],[-73.962620621579,40.7406982046775],[-73.96262639995,40.7407327608232],[-73.9626292846579,40.7407675258478],[-73.9626292651212,40.7408023592689],[-73.9626275038565,40.7408269038277],[-73.9626164009537,40.7409364442474],[-73.962615238507,40.7409466628279],[-73.9626094213423,40.7409812152089],[-73.9626007344844,40.7410154172607],[-73.9625892135244,40.7410491312168],[-73.9625749047088,40.7410822211146],[-73.9625695400768,40.7410930605796],[-73.9625113631517,40.7412069450333],[-73.962482443495,40.7412562302896],[-73.9624472999345,40.7413031172591],[-73.9623898277645,40.741371721668],[-73.9623754523777,40.7413882178693],[-73.962348282589,40.7414162597939],[-73.9623188285209,40.7414429348951],[-73.9622872098128,40.7414681351494],[-73.9622535532045,40.7414917597399],[-73.9622179937218,40.7415137123547],[-73.9621806758569,40.7415339065908],[-73.9621614075697,40.7415433159668],[-73.9620919570888,40.7415760598892],[-73.9620722995211,40.7415850026593],[-73.9620456969724,40.741595832402],[-73.9620555494594,40.7416027605494],[-73.9620871396292,40.7416279815547],[-73.9621165635281,40.7416546759691],[-73.9621437016371,40.7416827356943],[-73.9621684462788,40.7417120481329],[-73.9621906956981,40.7417424952867],[-73.9622103623494,40.7417739537589],[-73.962227365792,40.7418062983539],[-73.9622416374273,40.7418393975763],[-73.9622531204967,40.7418731190339],[-73.9622617688988,40.7419073267359],[-73.9622675471886,40.7419418828937],[-73.9622704317615,40.7419766479214],[-73.9622704120369,40.7420114813365],[-73.9622674880887,40.742046244461],[-73.9622616706477,40.7420807968191],[-73.9622529834678,40.7421149988394],[-73.9622414621418,40.7421487127555],[-73.9622271529173,40.7421818026049],[-73.9622101126961,40.742214136031],[-73.9622072743379,40.7422189978387],[-73.9617391101638,40.743010694353],[-73.9617222456582,40.7430372780235],[-73.9616999610255,40.7430677104578],[-73.9616751823747,40.7430970065183],[-73.9616480115945,40.743125048271],[-73.9616185564905,40.7431517231867],[-73.9615869367065,40.7431769232427],[-73.9615532789868,40.7432005476228],[-73.9615347904019,40.7432119607805],[-73.9615277832,40.7432618330259],[-73.9615146800556,40.7433109891316],[-73.9614711680462,40.7434429132803],[-73.9614635331962,40.7434642329326],[-73.9614492233029,40.7434973226793],[-73.9614321823677,40.7435296559841],[-73.9614124791348,40.743561101395],[-73.9613901941854,40.7435915337671],[-73.9613654152036,40.7436208297588],[-73.9613382440793,40.7436488714363],[-73.961327819236,40.7436587104786],[-73.9611473231971,40.7438250895505],[-73.9611282924877,40.7438419253125],[-73.9610966721907,40.7438671252314],[-73.9610630139484,40.743890749466],[-73.961027452793,40.7439127017057],[-73.9609901332234,40.7439328955492],[-73.9609708640743,40.7439423047228],[-73.960797228845,40.7440241630773],[-73.9607775703812,40.7440331056233],[-73.9607371898751,40.744049543228],[-73.9606955187744,40.7440639992627],[-73.9606527276112,40.7440764170523],[-73.9606089869159,40.7440867444246],[-73.9605752817404,40.7440931598112],[-73.9604096197239,40.7441214860688],[-73.9603425057495,40.7443742442939],[-73.9603389818031,40.7443867610278],[-73.9603274591157,40.7444204747415],[-73.9603131484526,40.7444535643425],[-73.9602961067215,40.7444858974749],[-73.9602764026697,40.7445173426872],[-73.9602541168814,40.7445477748353],[-73.9602293370444,40.7445770705786],[-73.960202165052,40.7446051119843],[-73.9601727087148,40.7446317865247],[-73.9601590219066,40.7446430894568],[-73.9600415991874,40.744737369677],[-73.9600236649124,40.7447512663802],[-73.9599900058429,40.7447748902982],[-73.9599544438619,40.7447968422038],[-73.9599171234719,40.7448170356971],[-73.9598781950942,40.7448353870816],[-73.95983781388,40.744851824369],[-73.9597961420823,40.7448662800767],[-73.9597533502363,40.7448786975307],[-73.9597096088748,40.7448890245603],[-73.9596856310962,40.7448934394604],[-73.9596984431059,40.744899660143],[-73.9597357391859,40.7449198796607],[-73.9597712747808,40.7449418563409],[-73.9598049054941,40.7449655036861],[-73.9598364964064,40.7449907252967],[-73.9598659208887,40.7450174202735],[-73.9598930594196,40.7450454805156],[-73.95991780432,40.7450747934238],[-73.9599400538337,40.7451052409979],[-73.959959720415,40.7451366998395],[-73.9599767236231,40.7451690447513],[-73.9599909948606,40.7452021442368],[-73.9600024773704,40.7452358659028],[-73.9600058599928,40.7452479077545],[-73.9600325018338,40.7453482541759],[-73.9600377669111,40.7453704201775],[-73.9600435443477,40.7454049764299],[-73.96004642791,40.7454397414962],[-73.9600464070216,40.7454745748939],[-73.9600434817609,40.7455093379449],[-73.9600376628641,40.7455438901737],[-73.9600289740909,40.7455780920095],[-73.9600176941443,40.7456111754161],[-73.9599947094848,40.7456708710363],[-73.9599802774277,40.7457042757254],[-73.9599674512946,40.7457291414649],[-73.9598900570455,40.7458690695031],[-73.9598702675987,40.7459017230902],[-73.9598476098818,40.7459332797573],[-73.959853040413,40.7459657611281],[-73.9598559239001,40.7460005261963],[-73.9598559029119,40.7460353595912],[-73.9598529775272,40.7460701226346],[-73.9598471584826,40.746104674851],[-73.9598384695384,40.7461388766697],[-73.9598269462947,40.746172590325],[-73.9598126350066,40.7462056798556],[-73.9597955925844,40.7462380129058],[-73.9597806305969,40.7462623429762],[-73.9597001031194,40.7463853600675],[-73.959366490685,40.7468949980798],[-73.9593617465922,40.7469021140106],[-73.9593394595884,40.7469325459714],[-73.9593146784622,40.746961841508],[-73.9592875051121,40.7469898826884],[-73.9592580473542,40.7470165569857],[-73.9592378468231,40.7470330210056],[-73.9591616863889,40.7470925931591],[-73.9591619226405,40.7470954370428],[-73.959161901289,40.747130270432],[-73.9591589754942,40.7471650334524],[-73.959153155994,40.7471995856283],[-73.9591444665507,40.7472337873893],[-73.9591329427663,40.7472675009699],[-73.9591186308984,40.7473005904091],[-73.9591015878593,40.7473329233517],[-73.9590818824015,40.7473643683468],[-73.9590626263232,40.7473909183445],[-73.9576584551564,40.749206373892],[-73.9576554237841,40.7492102557611],[-73.95763064107,40.7492395509258],[-73.957603466082,40.7492675916998],[-73.9575740066426,40.7492942655578],[-73.9575423824132,40.7493194644813],[-73.9575087201558,40.7493430876588],[-73.9574731549186,40.749365038784],[-73.9574358312173,40.7493852314601],[-73.9573968994867,40.7494035819939],[-73.9573565148912,40.7494200184007],[-73.9573148396975,40.7494344732012],[-73.9572720444546,40.7494468897253],[-73.957228299709,40.7494572158057],[-73.957183780736,40.7494654118843],[-73.9571386687282,40.7494714438084],[-73.9570931448716,40.7494752882314],[-73.9570473915324,40.7494769281115],[-73.9570015934367,40.7494763590147],[-73.9569559353084,40.74947358101],[-73.9569106006782,40.7494686067732],[-73.9568657718888,40.7494614561843],[-73.9568358740016,40.7494551576497],[-73.9562630888727,40.750029050372],[-73.9562553018997,40.7500367107233],[-73.9562258415804,40.7500633842335],[-73.956194216476,40.7500885827841],[-73.9561605533518,40.750112205565],[-73.9561249872598,40.7501341562716],[-73.9560992189965,40.750148096196],[-73.9560882793451,40.7501655735539],[-73.9560111222187,40.7502795175867],[-73.9559886749135,40.7503101820553],[-73.9559638910573,40.7503394768568],[-73.955936714919,40.7503675172331],[-73.955907254326,40.7503941906606],[-73.9558756289439,40.7504193891225],[-73.9558419655396,40.7504430118091],[-73.955806399166,40.7504649624163],[-73.9557690743432,40.7504851545491],[-73.9557301415107,40.7505035045166],[-73.9556897558371,40.7505199403365],[-73.9556480795937,40.7505343945316],[-73.9556052833336,40.7505468104344],[-73.9555615376073,40.7505571358802],[-73.9555170176942,40.7505653313133],[-73.9554719047907,40.7505713625836],[-73.9554263800862,40.7505752063474],[-73.9553806259504,40.7505768455651],[-73.9553348271129,40.7505762758057],[-73.9552918760977,40.7505739061209],[-73.9553117028047,40.7506058628733],[-73.955328705152,40.750638208446],[-73.9553429752517,40.7506713084816],[-73.9553544563513,40.7507050305845],[-73.9553631023576,40.7507392387615],[-73.9553688778348,40.7507737952218],[-73.95537175919,40.7508085603784],[-73.9553717358555,40.7508433937485],[-73.955370242295,40.7508651791151],[-73.9553639098683,40.7509319636003],[-73.9553624754903,40.750944941139],[-73.9553566536908,40.7509794931044],[-73.9553479618053,40.7510136945604],[-73.9553364354457,40.7510474077429],[-73.9553221208799,40.7510804966925],[-73.955305075031,40.7511128290557],[-73.9552853666632,40.7511442733843],[-73.9552630763779,40.7511747045378],[-73.9552580289489,40.7511810115232],[-73.9552260701788,40.7512203485211],[-73.9552260141176,40.7512244782203],[-73.9552256768671,40.7512364755321],[-73.9552227488378,40.7512712384319],[-73.9552169269373,40.7513057903886],[-73.9552082349375,40.7513399918325],[-73.9551967084507,40.7513737049994],[-73.9551823937454,40.75140679393],[-73.9551653477452,40.7514391262711],[-73.9551456392148,40.7514705705743],[-73.9551233487565,40.7515010016993],[-73.9550985640768,40.7515302963096],[-73.9550846950294,40.7515450709088],[-73.9550149757759,40.7516168023297],[-73.9548812459661,40.7517543914771],[-73.9548679391282,40.7517676552209],[-73.9548645704401,40.7517708840161],[-73.9542600480186,40.7523459095107],[-73.9540448953654,40.7525642875243],[-73.9540273894123,40.7525823906142],[-73.9539731947258,40.7526384290694],[-73.9536544604768,40.7529680161121],[-73.9536521561531,40.7529747554715],[-73.9536378403366,40.7530078442026],[-73.9536207931771,40.7530401763076],[-73.9536010834439,40.7530716203392],[-73.9535820795414,40.7530978372153],[-73.9535206549458,40.7531773649372],[-73.9535173671408,40.7531815788785],[-73.9534925811295,40.7532108731361],[-73.9534654027795,40.7532389129177],[-73.953435939927,40.753265585702],[-73.9534172407748,40.7532808687314],[-73.9533124709763,40.7533632928413],[-73.9532606102637,40.7534040908402],[-73.9530488179529,40.7536705643409],[-73.9530474549469,40.7536722810499],[-73.9529446462573,40.7538016327778],[-73.9529391457014,40.753808441056],[-73.9527448682459,40.7540450261473],[-73.9527052551036,40.7540884601937],[-73.9526603330697,40.754128796106],[-73.9525560980122,40.7542137339506],[-73.9524981614896,40.7542609452025],[-73.9522320092437,40.7545935233778],[-73.9516713888983,40.7552940495296],[-73.9516527062994,40.7553161833218],[-73.9515178316175,40.7554678456199],[-73.9514990322818,40.7554598799389],[-73.9512625576213,40.7553596799365],[-73.9511478619912,40.7553110796958],[-73.9495500000384,40.7546339996132],[-73.9450789998123,40.752596000234],[-73.9423949995998,40.7514540002612],[-73.9379180000243,40.7497609999617],[-73.9371295003278,40.7497330095942],[-73.9332440004074,40.7495949999497],[-73.9326957930333,40.7486849712397],[-73.9325830541439,40.7484978205633],[-73.9313230003182,40.7464060004499],[-73.9328470004383,40.7371139997091],[-73.9319699996038,40.7357880000455],[-73.9299869999395,40.7326679996569],[-73.9296004723816,40.7318499364313],[-73.9295089424131,40.731656213426],[-73.9287510002632,40.7300520001138],[-73.927921999532,40.7283159996911],[-73.9290579999259,40.7283019998457],[-73.9298910560962,40.7281869963451],[-73.933669766508,40.7287304157613],[-73.9349393822333,40.7289129699816],[-73.9368725647599,40.7295028636196],[-73.9383627696338,40.7303626897693],[-73.9394978557827,40.7312794540659],[-73.9408392987452,40.7342609513515],[-73.9412890208578,40.7349572203911],[-73.9421628218776,40.7357365877344],[-73.9457486065508,40.7370389941443]]]},"properties":{"NETWORK":"Borden","BOROUGH":"Queens","LSRV_Status":"Closed","CapacityMW":8.1,"SubscribedMW":0,"RemainingMW":0,"CapacityRange":"0-24.99","CapacityRangeDate":1771891200000,"LSRV_as_of_date":1665705600000,"Notes":"The Borden network may not be able to support additional BESS projects of greater than 50 kW. Please email dgexpert@coned.com for further information.\r\n","LoadCurve":"https://www.coned.com/-/media/files/coned/documents/business-partners/local-generation-facilities/systemdata/loadcurve/Q-02-LC","SystemData":"https://www.coned.com/-/media/files/coned/documents/business-partners/local-generation-facilities/systemdata/forecasted-network-data","LSRV_Rate_URL":"https://lite.coned.com/_external/cerates/elec_VDER_CREDstatement_PSC10.asp","OBJECTID":79,"Shape__Area":48507209.833526611,"Shape__Length":34050.379619911633}},{"type":"Feature","id":81,"geometry":{"type":"Polygon","coordinates":[[[-73.9822727206796,40.7487044629953],[-73.9869329578018,40.7506836258352],[-73.9870905176905,40.7507505349892],[-73.9867264638252,40.7512508291766],[-73.9856173205913,40.7527683069306],[-73.9855296801559,40.7528882100089],[-73.9853568562117,40.7531246510817],[-73.9852704332145,40.7532451313356],[-73.9851125672082,40.7531785960883],[-73.985111426968,40.7531781150709],[-73.9822057143744,40.7519642460972],[-73.9820475464643,40.7518981676486],[-73.982280090739,40.7515793642155],[-73.9820648204539,40.7514943258414],[-73.9808283861336,40.7509742186711],[-73.9806704742588,40.7509077916693],[-73.9822727206796,40.7487044629953]]]},"properties":{"NETWORK":"Greeley Square","BOROUGH":"Manhattan","LSRV_Status":"Not LSRV Eligible","CapacityMW":0,"SubscribedMW":0,"RemainingMW":0,"CapacityRange":"50-99.99","CapacityRangeDate":1771891200000,"LSRV_as_of_date":1665705600000,"Notes":" ","LoadCurve":"https://www.coned.com/-/media/files/coned/documents/business-partners/local-generation-facilities/systemdata/loadcurve/M-26-LC","SystemData":"https://www.coned.com/-/media/files/coned/documents/business-partners/local-generation-facilities/systemdata/forecasted-network-data","LSRV_Rate_URL":"https://lite.coned.com/_external/cerates/elec_VDER_CREDstatement_PSC10.asp","OBJECTID":81,"Shape__Area":1529085.66796875,"Shape__Length":5146.0714395807718}},{"type":"Feature","id":82,"geometry":{"type":"Polygon","coordinates":[[[-74.0137540274317,40.7100590340274],[-74.0137393155719,40.7100481080824],[-74.0137351367603,40.7100354473951],[-74.0137093937045,40.709957450894],[-74.0138943691644,40.7094993981299],[-74.0137409896093,40.70943170801],[-74.013072808282,40.7091368189033],[-74.0130590076963,40.7091729669898],[-74.0130086900742,40.7093047552973],[-74.0128553952713,40.7097062618219],[-74.012757079512,40.7101896536177],[-74.0116631112619,40.7096773770553],[-74.010461555857,40.7115368983399],[-74.0101634959125,40.7120582704227],[-74.0100054835056,40.7119906315889],[-74.0088170667889,40.711481901396],[-74.0086599281597,40.7114146325544],[-74.0086289196623,40.711401358651],[-74.008618366527,40.7113968406779],[-74.0086264693404,40.7113872442263],[-74.008717348049,40.7112817488251],[-74.0087590417625,40.7112333494994],[-74.0087817220191,40.7112070213332],[-74.0091969871569,40.7107249588737],[-74.0099796064676,40.709816431089],[-74.0109537716487,40.7085771184176],[-74.0111299695567,40.7083795455464],[-74.0113008079916,40.7081879820386],[-74.0116964163711,40.7077614063101],[-74.0120615925551,40.7073755805328],[-74.0138820002398,40.7051409999867],[-74.0142580002403,40.7045059996058],[-74.0145079998752,40.7034230002452],[-74.0142710000304,40.7026439997154],[-74.0127529999931,40.701393999788],[-74.0125339994095,40.7006060000696],[-74.0122877255698,40.6996349151118],[-74.0123318386742,40.6996256279119],[-74.0123545271945,40.6996217307625],[-74.0125087789069,40.6995972120585],[-74.0125308889408,40.6995939705102],[-74.012576191926,40.6995890082477],[-74.0126218171533,40.6995862422815],[-74.0126675812322,40.6995856852387],[-74.0127132995865,40.6995873371395],[-74.012758787639,40.6995911935018],[-74.0128038631769,40.6995972372365],[-74.0128483451686,40.6996054449508],[-74.0128920525805,40.6996157824464],[-74.0129348102937,40.6996282101212],[-74.012976447919,40.6996426757659],[-74.0130167950661,40.6996591226684],[-74.0130556896246,40.6996774833103],[-74.0130929765816,40.6996976856696],[-74.0131285056544,40.6997196460173],[-74.013162132475,40.6997432779225],[-74.0131937221387,40.6997684850473],[-74.0132231480214,40.6997951665507],[-74.0132502905966,40.6998232143866],[-74.0132571180856,40.6998308967711],[-74.0133600647915,40.6999488852936],[-74.0134891578828,40.6999404585484],[-74.0135163632876,40.6999390757714],[-74.0135621276012,40.6999385183729],[-74.0136078462196,40.6999401699183],[-74.0136533345647,40.6999440259269],[-74.0136984104221,40.699950069311],[-74.0137428927594,40.6999582766792],[-74.0137866005413,40.6999686138347],[-74.0138293586475,40.6999810411766],[-74.0138709966873,40.6999955064969],[-74.0139113442686,40.7000119530852],[-74.0139400519535,40.7000255050224],[-74.0139567146495,40.700022849193],[-74.0140020178199,40.7000178863696],[-74.0140476432816,40.7000151198384],[-74.014093407643,40.7000145622287],[-74.0141391263267,40.700016213563],[-74.0141846147544,40.7000200693616],[-74.0142296907114,40.7000261125375],[-74.0142741731648,40.7000343197004],[-74.014317881079,40.700044656654],[-74.0143606393329,40.7000570837984],[-74.0144022775355,40.7000715489264],[-74.014442625294,40.7000879953282],[-74.0144552786845,40.700093684977],[-74.0149625864123,40.700327124762],[-74.0149723747521,40.7003250640173],[-74.0150624768011,40.7003129610814],[-74.0151081024208,40.7003101941299],[-74.0151538669758,40.7003096360986],[-74.0151995858881,40.7003112870117],[-74.0152450745785,40.700315142391],[-74.0152901508312,40.7003211851514],[-74.015334633612,40.7003293919041],[-74.015378341884,40.7003397284545],[-74.0154211005249,40.7003521552046],[-74.0154627391418,40.7003666199484],[-74.0155030873405,40.7003830659778],[-74.015541983006,40.7004014257778],[-74.0155792711214,40.7004216273298],[-74.015614801399,40.7004435869079],[-74.0156484294661,40.7004672180845],[-74.0156563300896,40.700473226128],[-74.0160635454801,40.7007877459353],[-74.0164676427389,40.7010998531645],[-74.0164913335182,40.701119050492],[-74.016511599726,40.7011370506249],[-74.0171233573429,40.7017047692347],[-74.0171325190915,40.7017134497081],[-74.0171596853968,40.7017415200252],[-74.0174987298821,40.7021162431796],[-74.0178083240247,40.702458410967],[-74.0177726052273,40.7027302144179],[-74.0177110000101,40.7031989998125],[-74.0173090001916,40.7045329999586],[-74.0157849997201,40.707982000009],[-74.0150106110734,40.7098530390734],[-74.014764577689,40.7105461915774],[-74.0146827369444,40.710508332856],[-74.0144913199127,40.7104197837494],[-74.0143794618742,40.7103680382042],[-74.0141119183844,40.7102442726592],[-74.0140738423555,40.7102266579218],[-74.0138242787003,40.7101112093282],[-74.0137540274317,40.7100590340274]]]},"properties":{"NETWORK":"Cortlandt","BOROUGH":"Manhattan","LSRV_Status":"Not LSRV Eligible","CapacityMW":0,"SubscribedMW":0,"RemainingMW":0,"CapacityRange":"50-99.99","CapacityRangeDate":1771891200000,"LSRV_as_of_date":1665705600000,"Notes":" ","LoadCurve":"https://www.coned.com/-/media/files/coned/documents/business-partners/local-generation-facilities/systemdata/loadcurve/M-15-LC","SystemData":"https://www.coned.com/-/media/files/coned/documents/business-partners/local-generation-facilities/systemdata/forecasted-network-data","LSRV_Rate_URL":"https://lite.coned.com/_external/cerates/elec_VDER_CREDstatement_PSC10.asp","OBJECTID":82,"Shape__Area":4083798.2186126709,"Shape__Length":12993.925818807802}},{"type":"Feature","id":85,"geometry":{"type":"Polygon","coordinates":[[[-73.9767451446505,40.7591603631587],[-73.9747545457283,40.76188103197],[-73.9744560132544,40.7622904274144],[-73.9696259943378,40.7602516652882],[-73.9683173164172,40.7597164408464],[-73.9655345821892,40.7585439435783],[-73.9612393901236,40.7567213337342],[-73.9597364068481,40.7560545694151],[-73.9599683177437,40.755756055228],[-73.9599748340425,40.7557251782584],[-73.9599849462624,40.7556912038979],[-73.9599978718112,40.7556577852246],[-73.9600135596831,40.7556250572958],[-73.9600319446645,40.7555931515615],[-73.9600361063238,40.7555866225393],[-73.9600890963519,40.755504868705],[-73.9601059432416,40.7554804438254],[-73.9601294924151,40.7554505651001],[-73.9601554850443,40.7554218821858],[-73.960183818033,40.75539451031],[-73.9602143776307,40.7553685601938],[-73.9602322435805,40.755354817444],[-73.9603796990269,40.7552453154481],[-73.9604165048608,40.7552198086736],[-73.9604555357767,40.7551962918678],[-73.9606499980864,40.7550872108774],[-73.9606600551791,40.7550816707999],[-73.9606982047573,40.7550623877878],[-73.9607378855538,40.75504498464],[-73.9607789388481,40.7550295297393],[-73.9608167975291,40.7550174857532],[-73.9610683719615,40.7548178479104],[-73.9615831498454,40.7542273880806],[-73.9616036940401,40.7542050488813],[-73.9616320259162,40.7541776766445],[-73.9616625843914,40.7541517261396],[-73.9616952450665,40.7541273017821],[-73.9617298764412,40.7541045016818],[-73.961766341098,40.7540834185434],[-73.9617777515919,40.7540776509888],[-73.9621672824205,40.7536392161742],[-73.9621753015249,40.7536122693716],[-73.9621882255714,40.7535788504426],[-73.9622039118776,40.7535461222056],[-73.9622222952361,40.7535142161121],[-73.9622433021519,40.7534832618096],[-73.9622668496606,40.7534533826387],[-73.9622752532672,40.7534436752371],[-73.9625175898866,40.7531691577055],[-73.9680751782014,40.7555073270914],[-73.9703216097248,40.7564547794424],[-73.9719708537461,40.7571473785115],[-73.9735824719126,40.7578697952144],[-73.9741962608086,40.758091409959],[-73.9743822073179,40.7581702546589],[-73.9764756757451,40.7590445962638],[-73.9767451446505,40.7591603631587]]]},"properties":{"NETWORK":"Sutton","BOROUGH":"Manhattan","LSRV_Status":"Not LSRV Eligible","CapacityMW":0,"SubscribedMW":0,"RemainingMW":0,"CapacityRange":"25-49.99","CapacityRangeDate":1771891200000,"LSRV_as_of_date":1665705600000,"Notes":" ","LoadCurve":"https://www.coned.com/-/media/files/coned/documents/business-partners/local-generation-facilities/systemdata/loadcurve/M-20-LC","SystemData":"https://www.coned.com/-/media/files/coned/documents/business-partners/local-generation-facilities/systemdata/forecasted-network-data","LSRV_Rate_URL":"https://lite.coned.com/_external/cerates/elec_VDER_CREDstatement_PSC10.asp","OBJECTID":85,"Shape__Area":5975615.3928527832,"Shape__Length":11803.038870563165}},{"type":"Feature","id":86,"geometry":{"type":"Polygon","coordinates":[[[-73.9885566157309,40.7691140018977],[-73.9951517965652,40.7600699638194],[-73.9951521838648,40.7600694325379],[-73.9953427770831,40.7601476510414],[-74.0041193247767,40.7639131627159],[-74.0043079724888,40.7639940886374],[-74.0042583263704,40.7640623261981],[-74.0042460338,40.7640785618441],[-74.0042212660498,40.7641078669657],[-74.0041941046144,40.764135918667],[-74.0041646572618,40.7641626043796],[-74.0041330436045,40.7641878160367],[-74.0040993903621,40.7642114527758],[-74.0040638325459,40.7642334182362],[-74.004026514643,40.7642536259629],[-74.0039875870636,40.7642719922018],[-74.0039472049561,40.7642884449059],[-74.0039055305763,40.7643029165303],[-74.0038773433,40.7643111057683],[-74.0039267056191,40.7645618837234],[-74.0039313855725,40.7645909302283],[-74.0039342928735,40.7646256940947],[-74.0039342949325,40.764660527399],[-74.0039313917368,40.7646952914636],[-74.0039255939327,40.7647298458092],[-74.003916925195,40.7647640508563],[-74.0039054210424,40.7647977688261],[-74.0038911276532,40.76483086374],[-74.0038766219455,40.7648587699539],[-74.0037993319386,40.7649963452564],[-74.0037968118484,40.7650007785216],[-74.0037771222679,40.7650322310786],[-74.0037548494944,40.7650626715496],[-74.003730081162,40.7650919765613],[-74.0037029191184,40.7651200281428],[-74.003673471134,40.7651467137258],[-74.0036418568236,40.7651719252446],[-74.0036082029096,40.7651955618367],[-74.003572644406,40.7652175271424],[-74.0035353258027,40.765237734707],[-74.0034963975126,40.7652561007773],[-74.0034560146871,40.7652725533068],[-74.0034143395848,40.7652870247513],[-74.0033715427559,40.7652994583728],[-74.0033277947516,40.7653098019358],[-74.0032832708614,40.7653180158119],[-74.0032381522974,40.7653240657761],[-74.0031926202724,40.7653279284096],[-74.0031468571843,40.7653295865973],[-74.0031010478002,40.7653290358314],[-74.0030553768877,40.765326276107],[-74.0030100280302,40.7653213200265],[-74.0029656289564,40.765314258525],[-74.0029728103487,40.7653257280609],[-74.0029898395981,40.7653580665242],[-74.0030041365364,40.7653911605791],[-74.0030156443038,40.765424877854],[-74.0030243166994,40.7654590823749],[-74.0030301181814,40.7654936363662],[-74.0030330250515,40.7655284002507],[-74.0030330266391,40.7655632335504],[-74.0030301229335,40.7655979975876],[-74.0030243245833,40.7656325518832],[-74.0030156552653,40.765666756858],[-74.0030041505004,40.7657004747333],[-74.0029898564696,40.7657335695309],[-74.0029728300138,40.7657659088742],[-74.002953139818,40.7657973612868],[-74.0029434699161,40.7658111392467],[-74.0027130143304,40.766128533864],[-74.0027004107085,40.7661451961864],[-74.0026756415097,40.7661745009667],[-74.0026484785804,40.7662025522951],[-74.0026190296948,40.7662292376044],[-74.0025874144714,40.7662544488297],[-74.0025537596363,40.76627808511],[-74.0025218433252,40.7662979284195],[-74.0024617531712,40.766333161039],[-74.0024581100491,40.7663352827043],[-74.0024207904813,40.7663554899045],[-74.0023818612305,40.7663738555952],[-74.0023414774519,40.7663903077313],[-74.002299801408,40.7664047787703],[-74.0022570036528,40.7664172119757],[-74.0022132547412,40.7664275551137],[-74.0021687299663,40.7664357685578],[-74.0021236105438,40.7664418180845],[-74.002105035689,40.7664433934073],[-74.0021316900502,40.7664646466116],[-74.0021611409691,40.7664913306966],[-74.0021883060669,40.7665193808821],[-74.0022130775582,40.7665486846086],[-74.0022353535791,40.7665791239137],[-74.0022550464773,40.7666105754314],[-74.0022720757067,40.7666429139946],[-74.0022863725641,40.7666760081323],[-74.0022978801901,40.7667097254725],[-74.0023065523845,40.7667439300409],[-74.0023071044086,40.766746594621],[-74.0023246282834,40.7668325509712],[-74.002329877496,40.7668644404106],[-74.0023327840603,40.7668992043058],[-74.0023327852818,40.7669340375984],[-74.0023298811509,40.7669688016109],[-74.002324082318,40.7670033558642],[-74.0023154124619,40.7670375607793],[-74.0023039071058,40.7670712785778],[-74.0022896124328,40.7671043732818],[-74.0022725852865,40.7671367125151],[-74.0022528943547,40.7671681648016],[-74.0022472911829,40.7671762622421],[-74.0019462265164,40.7676026842197],[-74.0019295552959,40.7676250269009],[-74.0019047852075,40.7676543315091],[-74.00187762135,40.7676823826495],[-74.0018481715012,40.7677090677559],[-74.0018165552835,40.7677342787641],[-74.0017828994269,40.7677579148141],[-74.0017473389532,40.767779879548],[-74.0017100183603,40.7678000865137],[-74.0016710880691,40.7678184519603],[-74.001630703239,40.7678349038438],[-74.0015890261367,40.7678493746225],[-74.0015462273205,40.7678618075612],[-74.0015024773496,40.767872150427],[-74.0014579515212,40.7678803635947],[-74.0014128310554,40.7678864128418],[-74.0013672971729,40.7678902747524],[-74.0013533138879,40.7678910160325],[-74.0012654747714,40.767895023374],[-74.001233693159,40.7678959395318],[-74.0012310388658,40.7678959071421],[-74.0012519810612,40.7679175325144],[-74.0012767526606,40.7679468364362],[-74.0012990287212,40.7679772759159],[-74.0013187215906,40.7680087275872],[-74.0013357507228,40.768041066282],[-74.0013500474152,40.768074160529],[-74.0013615548087,40.7681078779557],[-74.0013702267042,40.7681420825875],[-74.0013760275618,40.7681766366482],[-74.0013789336855,40.7682114005607],[-74.0013789344081,40.7682462338464],[-74.0013760297221,40.7682809978281],[-74.00137023028,40.7683155520267],[-74.0013615597632,40.7683497568633],[-74.0013500536975,40.76838347456],[-74.0013357582688,40.7684165691392],[-74.0013187303239,40.7684489082252],[-74.0012993536039,40.768479895679],[-74.001100426918,40.7687739581358],[-74.001077994143,40.7688046304039],[-74.0010532232411,40.7688339348238],[-74.0010260585439,40.7688619857586],[-74.0009966078322,40.7688886706426],[-74.0009649907322,40.7689138814128],[-74.0009313339772,40.7689375172098],[-74.0008957725928,40.768959481677],[-74.0008584510805,40.7689796883633],[-74.0008195198649,40.7689980535189],[-74.0007791341091,40.769014505101],[-74.0007374560836,40.7690289755692],[-74.0006946563503,40.7690414081893],[-74.0006509054722,40.76905175073],[-74.0006063787502,40.7690599635671],[-74.000561257408,40.7690660124796],[-74.0005157226695,40.7690698740531],[-74.0004699569434,40.7690715311765],[-74.0004241450076,40.7690709793466],[-74.0003784716399,40.7690682185626],[-74.0003331204337,40.7690632614311],[-74.0002882737978,40.7690561277633],[-74.0002441129566,40.7690468454749],[-74.0002008155806,40.7690354523875],[-74.0001585557867,40.7690219944275],[-74.0001175029539,40.7690065256261],[-74.0001102411286,40.7690035269563],[-74.0000832002808,40.7689922076488],[-74.0001045273759,40.7690037538887],[-74.0001400891391,40.7690257180344],[-74.0001737463446,40.7690493535067],[-74.0002053639659,40.7690745639537],[-74.0002348152671,40.7691012485208],[-74.0002619806181,40.7691292991495],[-74.0002691891848,40.7691374135709],[-74.0003256922858,40.7692022577887],[-74.0003432553687,40.7692234474878],[-74.0003655314296,40.7692538871422],[-74.0003852242358,40.7692853389671],[-74.0004022532411,40.7693176777938],[-74.0004165497436,40.7693507721503],[-74.0004280568851,40.7693844896638],[-74.0004367284674,40.7694186943592],[-74.0004425289518,40.7694532484604],[-74.0004454346439,40.7694880123898],[-74.0004454348782,40.769522845669],[-74.0004425296493,40.7695576096204],[-74.0004367296118,40.7695921637654],[-74.0004280584492,40.7696263685254],[-74.0004165516903,40.7696600861223],[-74.0004022555238,40.7696931805794],[-74.0003852267991,40.7697255195213],[-74.0003655342105,40.7697569714731],[-74.0003597955645,40.7697652606263],[-74.0001756239323,40.770025846966],[-74.0001590865393,40.7700479975755],[-74.0001343147706,40.7700773017924],[-74.0001071491792,40.7701053525053],[-74.0000776975494,40.7701320371495],[-74.0000460795112,40.7701572476628],[-74.0000124218018,40.7701808831871],[-73.9999768594504,40.7702028473666],[-73.9999395369626,40.7702230537514],[-73.9999006047667,40.7702414185931],[-73.9998602180299,40.77025786985],[-73.9998185390265,40.7702723399831],[-73.9997757383227,40.7702847722597],[-73.9997319864851,40.7702951144495],[-73.999686759983,40.7703034205804],[-73.9996965163204,40.7703277161897],[-73.9997080232663,40.7703614337702],[-73.999716694606,40.7703956385149],[-73.9997224948018,40.7704301926472],[-73.9997254001607,40.7704649565897],[-73.9997254000184,40.7704997898638],[-73.999722494371,40.770534553792],[-73.9997166938748,40.7705691078957],[-73.9997080222152,40.7706033125965],[-73.9996965149229,40.7706370301166],[-73.9996822181889,40.7706701244795],[-73.9996651888647,40.7707024633102],[-73.9996454956472,40.7707339151343],[-73.9996390331083,40.7707432263196],[-73.9993908210471,40.7710926377021],[-73.9993750068554,40.771113766128],[-73.9993502343452,40.7711430701717],[-73.9993230679888,40.7711711206952],[-73.9992936155735,40.7711978051348],[-73.9992619967325,40.7712230154289],[-73.9992283382062,40.7712466507203],[-73.999192775027,40.7712686146543],[-73.9991554517039,40.7712888207819],[-73.9991165186688,40.7713071853557],[-73.999076131092,40.7713236363352],[-73.9990344512512,40.7713381061824],[-73.9989916497161,40.7713505381656],[-73.9989478970565,40.7713608800561],[-73.9989033685806,40.7713690922322],[-73.9988582455191,40.7713751404757],[-73.998812709103,40.7713790013747],[-73.9987669417477,40.7713806578212],[-73.9987211282375,40.7713801053143],[-73.9986754533568,40.7713773438561],[-73.9986301007048,40.7713723860561],[-73.9985852526964,40.7713652517279],[-73.9985410905613,40.7713559687899],[-73.9984977919754,40.7713445750664],[-73.9984555310604,40.7713311164865],[-73.9984370106262,40.7713241382369],[-73.9983340042543,40.7714691259345],[-73.9977758004702,40.7722548137183],[-73.9977225451225,40.7723297714658],[-73.9977357301499,40.772354811117],[-73.9977500259792,40.7723879057894],[-73.9977615322955,40.7724216235538],[-73.9977702029036,40.7724558284344],[-73.9977760022689,40.7724903826541],[-73.9977789067016,40.7725251466348],[-73.9977789055412,40.7725599798982],[-73.9977759987878,40.7725947437666],[-73.9977701971021,40.7726292977616],[-73.9977645817943,40.7726514410254],[-73.9977615241745,40.7726635023052],[-73.9977500155407,40.7726972196206],[-73.9977357173971,40.7727303137317],[-73.9977186866008,40.7727626522647],[-73.9977035417943,40.7727872780233],[-73.9977026770564,40.7727885963427],[-73.9976179420442,40.7729179383898],[-73.9885566157309,40.7691140018977]]]},"properties":{"NETWORK":"Hudson","BOROUGH":"Manhattan","LSRV_Status":"Not LSRV Eligible","CapacityMW":0,"SubscribedMW":0,"RemainingMW":0,"CapacityRange":"25-49.99","CapacityRangeDate":1771891200000,"LSRV_as_of_date":1665705600000,"Notes":" ","LoadCurve":"https://www.coned.com/-/media/files/coned/documents/business-partners/local-generation-facilities/systemdata/loadcurve/M-39-LC","SystemData":"https://www.coned.com/-/media/files/coned/documents/business-partners/local-generation-facilities/systemdata/forecasted-network-data","LSRV_Rate_URL":"https://lite.coned.com/_external/cerates/elec_VDER_CREDstatement_PSC10.asp","OBJECTID":86,"Shape__Area":10936251.547393799,"Shape__Length":14019.566579839473}},{"type":"Feature","id":87,"geometry":{"type":"Polygon","coordinates":[[[-73.9564850920615,40.7594977251887],[-73.9570671750347,40.7589862694035],[-73.9581547637765,40.7596328251532],[-73.9587878334271,40.75993836596],[-73.9672669524947,40.7634797462309],[-73.9720988880301,40.7655226895982],[-73.9765278568266,40.7674304752773],[-73.9765592722269,40.7674440063402],[-73.9720754514134,40.7737127821937],[-73.9692797446201,40.7776179053261],[-73.9692481753582,40.7776045829764],[-73.9647796409344,40.7757186815036],[-73.9480140470394,40.7686369638826],[-73.9481701846184,40.7684203243664],[-73.9483191322491,40.7682136589905],[-73.9483216103518,40.7682102489932],[-73.9489047264494,40.7674146940863],[-73.9489282540405,40.7673848600135],[-73.9489428753355,40.767368256697],[-73.9490610459052,40.7672392091423],[-73.951566549562,40.7644147685396],[-73.9515689356265,40.7644120941441],[-73.9529647239327,40.7628583116142],[-73.9537020529049,40.7620225367309],[-73.9537906601372,40.761913224918],[-73.9538236288768,40.7618760427892],[-73.9538604794477,40.7618410306208],[-73.9550692299931,40.760784117628],[-73.9556364418812,40.7602649478331],[-73.9556391128849,40.7602625165978],[-73.9564850920615,40.7594977251887]]]},"properties":{"NETWORK":"Lenox Hill","BOROUGH":"Manhattan","LSRV_Status":"Not LSRV Eligible","CapacityMW":0,"SubscribedMW":0,"RemainingMW":0,"CapacityRange":"25-49.99","CapacityRangeDate":1771891200000,"LSRV_as_of_date":1665705600000,"Notes":"The Lenox Hill network is experiencing a high volume of energy storage project applications, which may cause future substation or upstream infrastructure constraints. This may affect the network's ability to host BESS \u003e50kW. Please email dgexpert@coned.c","LoadCurve":"https://www.coned.com/-/media/files/coned/documents/business-partners/local-generation-facilities/systemdata/loadcurve/M-24-LC","SystemData":"https://www.coned.com/-/media/files/coned/documents/business-partners/local-generation-facilities/systemdata/forecasted-network-data","LSRV_Rate_URL":"https://lite.coned.com/_external/cerates/elec_VDER_CREDstatement_PSC10.asp","OBJECTID":87,"Shape__Area":27724045.352905273,"Shape__Length":21507.509760818455}}]}