bbl,address,pv_kw_dc,annual_kwh,avg_daily_kwh,psh_daily_kwh,canopy_area_m2,roof_area_m2,lat,lon
1002830072,162 EAST BROADWAY,17.50482503340486,21670.973391355215,59.37252983932936,64.41775612292989,87.5241251670243,102.96955902002858,40.71420775124431,-73.99039964163798
1002820054,94 EAST BROADWAY,22.43342753523177,27772.58328861693,76.089269283882,82.55501332965291,112.16713767615883,131.9613384425398,40.71396225778243,-73.99358025282129
1002930028,88 DIVISION STREET,25.86361808018846,32019.159183273314,87.7237237897899,95.17811453509353,129.31809040094228,152.13892988346151,40.714474934068775,-73.99372808013102
1002920029,5 ELDRIDGE STREET,29.860226943682065,36966.960956278395,101.27934508569423,109.88563515275001,149.3011347184103,175.64839378636506,40.71458948977241,-73.99403483607679
1002920028,7 ELDRIDGE STREET,21.720112154190613,26889.49884688798,73.66985985448761,79.93001272742146,108.60056077095305,127.76536561288594,40.71464515763713,-73.99396950598678
1002920027,9 ELDRIDGE STREET,21.10757517950291,26131.1780722246,71.5922686910263,77.67587666057071,105.53787589751454,124.1622069382524,40.71470919946775,-73.9939369650878
1002920026,11 ELDRIDGE STREET,31.343565264377034,38803.333797298765,106.3105035542432,115.34432017290749,156.71782632188516,184.3739133198649,40.71478592645814,-73.9939432053798
1002920025,13 ELDRIDGE STREET,37.9006054673338,46920.94956855924,128.55054676317602,139.47422811978836,189.50302733666896,222.94473804313998,40.71485998247047,-73.9939456956759
1002930020,3 ALLEN STREET,26.702956309873343,33058.2599116232,90.57057510033754,98.2668792203339,133.51478154936672,157.07621358749026,40.7146912340735,-73.99313360217856
1002930015,70 CANAL STREET,28.44292035845612,35212.33540376868,96.47215179114707,104.66994691911853,142.2146017922806,167.31129622621248,40.715032601292464,-73.99287969941187
1002940022,50 CANAL STREET,29.40446587159208,36402.728749031,99.73350342200273,108.20843440745885,147.0223293579604,172.9674463034828,40.71470469509567,-73.991812655929
1002990030,19 ORCHARD STREET,30.450890195193974,37698.20206165014,103.28274537438395,112.05927591831383,152.25445097596986,179.12288350114102,40.71535482061575,-73.99193423667359
1002970022,13 ESSEX STREET,53.35358380260041,66051.7367476193,180.96366232224466,196.3411883935695,266.76791901300203,313.8446106035318,40.715153840687165,-73.99026422248322
1002970022,13 ESSEX STREET,53.35358380260041,66051.7367476193,180.96366232224466,196.3411883935695,266.76791901300203,313.8446106035318,40.715153840687165,-73.99026422248322
1002970022,13 ESSEX STREET,53.35358380260041,66051.7367476193,180.96366232224466,196.3411883935695,266.76791901300203,313.8446106035318,40.71521834853986,-73.99023102963342
1002970022,13 ESSEX STREET,53.35358380260041,66051.7367476193,180.96366232224466,196.3411883935695,266.76791901300203,313.8446106035318,40.71521834853986,-73.99023102963342
1002990027,25 ORCHARD STREET,35.67214608165946,44162.11684909442,120.99210095642306,131.2734975805068,178.36073040829731,209.83615342152626,40.71548620609944,-73.9918591224357
1002990022,35 ORCHARD STREET,35.50048479867102,43949.60018075472,120.40986350891704,130.64178405910934,177.50242399335508,208.82638116865306,40.71579738635178,-73.99168971278391
1002980018,56 HESTER STREET,50.32701623415838,62304.846097888076,170.69820848736458,185.20341974170285,251.6350811707919,296.0412719656375,40.715676562408106,-73.99076437733198
1002980018,56 HESTER STREET,50.32701623415838,62304.846097888076,170.69820848736458,185.20341974170285,251.6350811707919,296.0412719656375,40.715676562408106,-73.99076437733198
1002980018,56 HESTER STREET,50.32701623415838,62304.846097888076,170.69820848736458,185.20341974170285,251.6350811707919,296.0412719656375,40.715718187105345,-73.99083108614761
1002980018,56 HESTER STREET,50.32701623415838,62304.846097888076,170.69820848736458,185.20341974170285,251.6350811707919,296.0412719656375,40.715718187105345,-73.99083108614761
1002980015,58 HESTER STREET,58.12030982677767,71952.94356555076,197.13135223438562,213.88274016254184,290.60154913388834,341.8841754516334,40.71574470626246,-73.99098021775221
1003100032,27 ESSEX STREET,16.663909029982868,20629.91937911879,56.52032706607888,61.32318523033695,83.31954514991433,98.02299429401687,40.71583943244316,-73.98984367743658
1003100024,43 ESSEX STREET,34.2262861214082,42372.14221830335,116.08806087206398,125.95273292678218,171.13143060704098,201.33109483181292,40.7163790405384,-73.9896500958005
1004090026,246 BROOME STREET,32.29625661644375,39982.76569115736,109.54182381139002,118.850224348513,161.48128308221874,189.97798009672795,40.71810813456881,-73.98951197464501
1004090027,248 BROOME STREET,29.17193383624779,36114.85408927476,98.94480572404045,107.35271651739185,145.85966918123893,171.59961080145757,40.718131855584396,-73.98961322258094
1003530049,102 NORFOLK STREET,47.65012975402328,58990.86063548082,161.61879626159129,175.35247749480567,238.2506487701164,280.29488090601933,40.718741722560125,-73.98693942343739
1003530051,106 NORFOLK STREET,39.29252560751951,48644.14670210915,133.27163480029904,144.59649423567177,196.46262803759754,231.1325035736442,40.71884247231036,-73.9868943749431
1004090043,101 DELANCEY STREET,46.61688379592341,57711.702139353176,158.11425243658405,171.55013236899813,233.08441897961703,274.2169635054318,40.71849223814481,-73.98890010765699
1003530020,121 RIVINGTON STREET,51.56035307520155,63831.71710709952,174.8814167317795,189.7420993167417,257.8017653760077,303.2961945600091,40.71957941958545,-73.98734807359149
1003000004,42 ELDRIDGE STREET,25.647954948083324,31752.168225727157,86.99224171432098,94.38447420894664,128.2397747404166,150.87032322401956,40.715745682994,-73.99295846063316
1003000005,44 ELDRIDGE STREET,25.19747159262947,31194.469831675284,85.46430090869941,92.72669546087644,125.98735796314733,148.2204211331145,40.71581018463864,-73.99292541838851
1003000006,46 ELDRIDGE STREET,24.831239401893594,30741.07437954427,84.22212158779251,91.37896099896842,124.15619700946796,146.06611412878584,40.715874261881545,-73.99289331982806
1003000007,48 ELDRIDGE STREET,30.78103091832888,38106.916276891156,104.402510347647,113.27419377945029,153.9051545916444,181.06488775487574,40.71593080961132,-73.99283608488585
1003060001,119 HESTER STREET,40.75946735973188,50460.220591348065,138.24717970232348,149.9948398838133,203.7973367986594,239.76157270430517,40.71680377161366,-73.99341068847153
1003060035,107 HESTER STREET,26.838812143437703,33226.44943357588,91.03136831116679,98.76682868785075,134.1940607171885,157.87536554963356,40.716647736935926,-73.99291185298884
1003060032,73 ELDRIDGE STREET,31.08265198770607,38480.32316078011,105.42554290624689,114.38415931475832,155.41325993853033,182.83912933944745,40.716911097617476,-73.99287486978294
1003060031,75 ELDRIDGE STREET,22.51521265951001,27873.833272473392,76.3666664999271,82.85598258699683,112.57606329755004,132.4424274088824,40.71696565154772,-73.99283472235975
1003060007,74 FORSYTH STREET,30.378987276719325,37609.186248578524,103.03886643446171,111.79467317832712,151.89493638359662,178.6999251571725,40.71715205886138,-73.99318157880833
1003060028,81 ELDRIDGE STREET,27.3791271687506,33895.35943491324,92.8639984518171,100.75518798100221,136.89563584375298,161.0536892279447,40.717166511392016,-73.99273719786649
1003060009,78 FORSYTH STREET,29.761448552590835,36844.673308107456,100.94431043317111,109.52213067353428,148.80724276295416,175.06734442700488,40.71727833577792,-73.99311359613829
1003060023,289 GRAND STREET,33.72289989102313,41748.95006508664,114.38068510982642,124.10027159896514,168.61449945511566,198.3699993589596,40.717493157468915,-73.99245529312547
1003100040,61 HESTER STREET,47.573008336733885,58895.38432087655,161.35721731747,175.06867067918068,237.8650416836694,279.8412255101993,40.71591298297856,-73.9903230088137
1003100029,33 ESSEX STREET,30.124749905307468,37294.44038277065,102.17654899389218,110.85907965153147,150.62374952653732,177.20441120769098,40.71604951174128,-73.9897959897709
1003100026,39 ESSEX STREET,27.59720643661437,34165.341568528595,93.60367553021533,101.55771968674088,137.98603218307184,162.33650845067277,40.71623963965365,-73.98969473318735
1003100007,48 LUDLOW STREET,43.90658393592341,54356.35091267318,148.92150934978955,161.57622888419814,219.532919679617,258.2740231524906,40.71636354449357,-73.99003069508517
1003090025,45 LUDLOW STREET,24.639332879166247,30503.494104407815,83.57121672440498,90.67274499533178,123.19666439583122,144.93725223038967,40.71640932268632,-73.9904836748772
1003080024,47 ORCHARD STREET,27.825108364478247,34447.48415522407,94.37666891842211,102.39639878127994,139.12554182239123,163.67710802634264,40.716445734413114,-73.99134270396071
1003090024,47 LUDLOW STREET,25.611997511661304,31707.652919436696,86.87028197105944,94.2521508429136,128.05998755830652,150.6588088921253,40.71646660580377,-73.99044291061617
1003090008,58 ORCHARD STREET,28.97598722839041,35872.27218874732,98.28019777738993,106.63163300047671,144.87993614195204,170.44698369641418,40.71670132131391,-73.99072741955364
1004080020,67 LUDLOW STREET,27.189512696388476,33660.616718128935,92.2208677209012,100.05740672270959,135.94756348194238,159.93830997875574,40.717383704177045,-73.98997419680406
1004130049,75 ORCHARD STREET,46.428665525325464,57478.687920352924,157.47585731603542,170.8574891331977,232.1433276266273,273.1097972077968,40.71771414802923,-73.99069052806321
1004130045,81 ORCHARD STREET,46.122197734342706,57099.28079511627,156.43638574004459,169.72968766238114,230.61098867171353,271.3070454961336,40.7178432204661,-73.99062406412038
1004130014,277 BROOME STREET,52.883957918282704,65470.339902833985,179.37079425433967,194.61296513928036,264.4197895914135,311.082105401663,40.71822968735409,-73.99123156028494
1004080014,245 BROOME STREET,26.227579346760844,32469.743231289925,88.95820063367103,96.51749199607991,131.1378967338042,154.2798785103579,40.71780180046133,-73.9897684838417
1004090029,250 BROOME STREET,30.12315257683476,37292.46289012143,102.17113120581215,110.85320148275191,150.6157628841738,177.19501515785151,40.718162680943266,-73.98971642187986
1004090031,252 BROOME STREET,29.954130447739374,37083.213494301344,101.5978451898667,110.23120004768089,149.77065223869687,176.2007673396434,40.71819429550539,-73.98981775561782
1004090033,254 BROOME STREET,29.58940883266483,36631.68813483906,100.36078941051797,108.88902450420659,147.94704416332414,174.055346074499,40.71822440326625,-73.98991702477936
1004130002,108 ELDRIDGE STREET,40.00303545822848,49523.75789728686,135.68152848571742,147.2111704862808,200.0151772911424,235.31197328369694,40.718026134119654,-73.99178595468489
1004130004,112 ELDRIDGE STREET,33.85846862656978,41916.78415969339,114.84050454710517,124.59916454577679,169.29234313284888,199.16746250923399,40.718129923012754,-73.99175882596055
1004180047,109 ELDRIDGE STREET,29.07886823460224,35999.63887443757,98.62914760119882,107.01023510333624,145.39434117301118,171.05216608589552,40.71821079527854,-73.99221041782657
1004090034,256 BROOME STREET,37.85498579217318,46864.4724107104,128.3958148238641,139.30634771519732,189.2749289608659,222.67638701278344,40.71826649134574,-73.99001433400312
1004140059,260 BROOME STREET,36.13234106653938,44731.83824037576,122.55298148048152,132.9670151248649,180.6617053326969,212.54318274434928,40.71830541409341,-73.99028467792787
1004140059,260 BROOME STREET,36.13234106653938,44731.83824037576,122.55298148048152,132.9670151248649,180.6617053326969,212.54318274434928,40.71830541409341,-73.99028467792787
1004140059,260 BROOME STREET,36.13234106653938,44731.83824037576,122.55298148048152,132.9670151248649,180.6617053326969,212.54318274434928,40.71831710223808,-73.99036445962629
1004140059,260 BROOME STREET,36.13234106653938,44731.83824037576,122.55298148048152,132.9670151248649,180.6617053326969,212.54318274434928,40.71831710223808,-73.99036445962629
1004130012,281 BROOME STREET,40.86160453322284,50586.666412129875,138.593606608575,150.37070468226005,204.30802266611417,240.36237960719316,40.71829539710599,-73.9913726981161
1004140028,284 BROOME STREET,42.12693491665891,52153.14542682373,142.88532993650335,155.02712049330478,210.63467458329453,247.80549950975828,40.71863776422868,-73.99129197358327
1004140031,288 BROOME STREET,34.47119957578774,42675.34507482523,116.91875362965816,126.8540144388989,172.35599787893872,202.77176221051616,40.71873027912043,-73.99145546577303
1004140032,128 ELDRIDGE STREET,30.898710605864455,38252.6037300602,104.80165405495944,113.70725502958119,154.49355302932227,181.75712121096737,40.71875124371886,-73.99153256021316
1004190040,110 FORSYTH STREET,71.7691090319165,88850.15698151263,243.42508762058253,264.11032123745275,358.8455451595825,422.1712295995089,40.71898860757281,-73.99233201597008
1004140003,138 ELDRIDGE STREET,27.959359895087132,34613.68755011787,94.83202068525445,102.89044441392065,139.79679947543565,164.46682291227722,40.71901468098892,-73.99129701274448
1004140018,61 DELANCEY STREET,33.17661266524644,41072.64647957509,112.52779857417832,122.08993460810689,165.8830633262322,195.15654508968493,40.71910658476431,-73.99087439607788
1004140005,55 DELANCEY STREET,57.00340445917456,70570.21472045811,193.34305402865238,209.7725284097624,285.0170222958728,335.3141438774974,40.71917101285601,-73.99118420692535
1004150078,80 DELANCEY STREET,73.00912451832988,90385.2961536924,247.63094836628053,268.67357822745396,365.0456225916494,429.465438343117,40.71936350779329,-73.98986650532576
1004190066,135 ELDRIDGE STREET,52.48756610652852,64979.606839882304,178.02632010926658,193.15424327202493,262.4378305326426,308.75038886193244,40.71911329305175,-73.99174546234414
1004190065,139 ELDRIDGE STREET,28.83068189733464,35692.38418890028,97.78735394219255,106.09690938219147,144.15340948667318,169.59224645490963,40.71921016567458,-73.99169623657173
1004190063,47 DELANCEY STREET,66.63053624992591,82488.60387740827,225.996175006598,245.20037339972734,333.15268124962955,391.94433088191715,40.71931826588606,-73.99166396674431
1004150035,123 ALLEN STREET,33.88890186018487,41954.46050290887,114.94372740522978,124.71115884548033,169.44450930092435,199.34648153049923,40.71987622600682,-73.99047717936794
1004150033,125 ALLEN STREET,26.647361728300922,32989.43381963654,90.38201046475766,98.0622911601474,133.2368086415046,156.74918663706424,40.719933411162515,-73.99042379131436
1004100011,85 RIVINGTON STREET,36.867644027804424,45642.14330642188,125.04696796279967,135.6729300223203,184.3382201390221,216.86849428120246,40.72008442317037,-73.98908453823456
1004150072,127 ORCHARD STREET,53.25669152795734,65931.78411161118,180.6350249633183,195.984624822883,266.28345763978666,313.2746560468078,40.71968822897433,-73.98970059005006
1004150032,127 ALLEN STREET,27.012036157723855,33440.900763262136,91.61890620071819,99.40429306042378,135.06018078861928,158.89433033955208,40.71999719613529,-73.99039153004708
1004150025,139 ALLEN STREET,34.645780130672186,42891.47580177217,117.51089260759498,127.49647088087363,173.2289006533609,203.79870665101285,40.720335029394555,-73.99019689095802
1004230025,111 CHRYSTIE STREET,29.704132192235633,36773.71565398771,100.74990590133619,109.31120646742714,148.52066096117815,174.73018936609193,40.718557969297535,-73.99396502448761
1004180046,111 ELDRIDGE STREET,29.32051426644193,36298.79666185511,99.44875797768522,107.8994925005063,146.60257133220964,172.47361333201135,40.71827480371715,-73.99216798648148
1004130010,285 BROOME STREET,40.345651381724586,49947.91641057504,136.84360660431517,148.47199708474648,201.7282569086229,237.32736106896814,40.718340692932536,-73.99152537352951
1004130008,289 BROOME STREET,47.62290914663305,58957.161523531715,161.52646992748416,175.25230565960962,238.11454573316522,280.13475968607673,40.71837849494569,-73.99168269977542
1004180044,291 BROOME STREET,25.69074688664008,31805.14464566042,87.13738259085046,94.5419485428355,128.4537344332004,151.12204050964752,40.71845897429063,-73.99195286029789
1004180037,305 BROOME STREET,45.99560333967561,56942.556934518405,156.00700530005042,169.26382029000627,229.97801669837804,270.5623725863271,40.718609699571395,-73.9924280193565
1004230017,327 BROOME STREET,29.365676054579936,36354.70695556996,99.60193686457524,108.06568788085416,146.82838027289966,172.73927090929374,40.719027079625945,-73.99380485267126
1004240040,334 BROOME STREET,37.863838948315816,46875.43261801498,128.42584278908214,139.3389273298022,189.31919474157908,222.72846440185776,40.719414440079696,-73.99386477299583
1004240029,135 CHRYSTIE STREET,54.42267398905085,67375.27039844495,184.5897819135478,200.27544027970714,272.11336994525425,320.13337640618147,40.71962373552053,-73.99342395442484
1004240029,135 CHRYSTIE STREET,54.42267398905085,67375.27039844495,184.5897819135478,200.27544027970714,272.11336994525425,320.13337640618147,40.71962373552053,-73.99342395442484
1004240029,135 CHRYSTIE STREET,54.42267398905085,67375.27039844495,184.5897819135478,200.27544027970714,272.11336994525425,320.13337640618147,40.71968311083768,-73.99339312137238
1004240029,135 CHRYSTIE STREET,54.42267398905085,67375.27039844495,184.5897819135478,200.27544027970714,272.11336994525425,320.13337640618147,40.71968311083768,-73.99339312137238
1004240026,9 DELANCEY STREET,24.991680200878672,30939.700088687798,84.76630161284328,91.96938313923351,124.95840100439335,147.0098835345804,40.71986061749607,-73.99332237258521
1004250041,10 DELANCEY STREET,33.963365094316366,42046.64598676366,115.19629037469495,124.98518354708422,169.81682547158184,199.78450055480215,40.72037770026817,-73.99318039082124
1004250041,10 DELANCEY STREET,33.963365094316366,42046.64598676366,115.19629037469495,124.98518354708422,169.81682547158184,199.78450055480215,40.72037770026817,-73.99318039082124
1004250041,10 DELANCEY STREET,33.963365094316366,42046.64598676366,115.19629037469495,124.98518354708422,169.81682547158184,199.78450055480215,40.7203977019168,-73.99324552310041
1004250041,10 DELANCEY STREET,33.963365094316366,42046.64598676366,115.19629037469495,124.98518354708422,169.81682547158184,199.78450055480215,40.7203977019168,-73.99324552310041
1004780012,164 ELIZABETH STREET,39.94967665398382,49457.69969763197,135.50054711679994,147.01481008666048,199.7483832699191,234.9980979646107,40.72068460970121,-73.99464658756257
1004780013,166 ELIZABETH STREET,29.029861175941665,35938.96813581578,98.4629263994953,106.82988912746532,145.14930587970832,170.7638892702451,40.720768822650804,-73.9946575678066
1004780014,168 ELIZABETH STREET,19.8411653850603,24563.36274670465,67.29688423754699,73.0154886170219,99.2058269253015,116.71273755917824,40.72084607398904,-73.99469368547874
1004100037,110 LUDLOW STREET,27.364488297771715,33877.236512641386,92.8143466099764,100.70131693579991,136.82244148885857,160.96757822218655,40.71921678971883,-73.98855194809757
1004100043,122 LUDLOW STREET,26.240485270652222,32485.72076506745,89.00197469881493,96.56498579600017,131.2024263532611,154.35579570971896,40.7196046411981,-73.98835366133609
1004100044,124 LUDLOW STREET,25.97703542509843,32159.569856271853,88.10841056512837,95.5954903643622,129.88517712549213,152.8060907358731,40.71966853207734,-73.9883210322942
1004100018,123 LUDLOW STREET,39.8632153532602,49350.66060733613,135.20728933516747,146.69663249999755,199.316076766301,234.48950207800118,40.71978055377329,-73.9887533796272
1004100046,101 RIVINGTON STREET,49.23947527617127,60958.47039190003,167.00950792301379,181.20126901631028,246.19737638085633,289.64397221277216,40.719861063542474,-73.98830824266044
1004100025,109 LUDLOW STREET,40.561036759625516,50214.56350841639,137.57414659840106,149.2646152754219,202.80518379812756,238.5943338801501,40.71941705231896,-73.98893560062129
1004100002,122 ORCHARD STREET,33.26346625244411,41180.17122052581,112.82238690555016,122.40955580899431,166.31733126222056,195.6674485437889,40.719460222433625,-73.98930372526004
1004100022,117 LUDLOW STREET,22.218456322937243,27506.448927796308,75.360134048757,81.76391926840905,111.0922816146862,130.69680189963083,40.71960143331942,-73.9888445567187
1004110075,100 RIVINGTON STREET,53.74102081969283,66531.38377477972,182.2777637665198,197.7669566164696,268.7051040984641,316.12365188054605,40.72020349830369,-73.98812421764494
1004110034,94 RIVINGTON STREET,42.571839030861895,52703.93672020703,144.39434717864938,156.66436763357177,212.85919515430945,250.4225825344817,40.7203107925252,-73.98853500211146
1003540034,126 RIVINGTON STREET,24.643058191705503,30508.10604133141,83.58385216803127,90.68645414547625,123.2152909585275,144.95916583356177,40.7198586509443,-73.9869914682942
1004110039,86 RIVINGTON STREET,28.511657787495878,35297.4323409199,96.70529408471205,104.92290065798483,142.55828893747938,167.71563404409338,40.72042930691904,-73.98891186621059
1004160069,78 RIVINGTON STREET,43.041357413598064,53285.2004780344,145.98685062475178,158.3921952820409,215.20678706799032,253.18445537410625,40.72049196476106,-73.98928892807741
1004160068,145 ORCHARD STREET,30.842054002430615,38182.4628550091,104.60948727399753,113.49875872894467,154.21027001215307,181.42384707312127,40.72056928195785,-73.98925094668124
1004160067,147 ORCHARD STREET,30.06771863509299,37223.83567024512,101.9831114253291,110.6492045771422,150.33859317546495,176.86893314760584,40.72063328950277,-73.98921766494232
1004160066,149 ORCHARD STREET,31.51971349217953,39021.40530331826,106.90795973511851,115.99254565122067,157.59856746089764,185.41007936576193,40.720697357184946,-73.98918553752398
1004160065,151 ORCHARD STREET,28.688550410897673,35516.42540869132,97.30527509230498,105.57386551210344,143.44275205448835,168.75617888763335,40.72076200719624,-73.98915273934877
1004110042,138 LUDLOW STREET,47.764158773955714,59132.028562157175,162.0055577045402,175.77210428815704,238.82079386977856,280.9656398467983,40.72041032848117,-73.98795011016698
1004110027,143 LUDLOW STREET,32.83190775497922,40645.90180066427,111.35863507031307,120.82142053832352,164.15953877489608,193.12886914693658,40.72064343036053,-73.98830799753242
1004110003,150 ORCHARD STREET,35.94618858240458,44501.38146501687,121.92159305484074,132.28197398324886,179.7309429120229,211.44816813179165,40.720663177409904,-73.98866916339173
1004110005,154 ORCHARD STREET,30.976094688946684,38348.405224915994,105.06412390387943,113.9920284553238,154.8804734447334,182.21232169968636,40.72075720633725,-73.98849277839263
1004110005,154 ORCHARD STREET,30.976094688946684,38348.405224915994,105.06412390387943,113.9920284553238,154.8804734447334,182.21232169968636,40.72075720633725,-73.98849277839263
1004110005,154 ORCHARD STREET,30.976094688946684,38348.405224915994,105.06412390387943,113.9920284553238,154.8804734447334,182.21232169968636,40.72080758783717,-73.98866372514438
1004110005,154 ORCHARD STREET,30.976094688946684,38348.405224915994,105.06412390387943,113.9920284553238,154.8804734447334,182.21232169968636,40.72080758783717,-73.98866372514438
1004110021,153 LUDLOW STREET,26.09578134535342,32306.577305547533,88.51117070013022,96.03247535090058,130.4789067267671,153.50459614913777,40.72095156235237,-73.98815774599203
1004250026,17 RIVINGTON STREET,35.12517089791133,43484.96157161423,119.13688101812117,129.2606289043137,175.62585448955664,206.61865234065488,40.72112931952222,-73.99252952698015
1004260044,8 RIVINGTON STREET,37.98838529075775,47029.62098995809,128.84827668481668,139.7972578699885,189.94192645378874,223.4610899456338,40.72157893642192,-73.99271603830971
1004260002,217 BOWERY,36.03060000631126,44605.88280781334,122.20789810359818,132.59260802322544,180.1530000315563,211.94470591947803,40.72170460916445,-73.99313438409717
1004920007,202 ELIZABETH STREET,38.17123008237072,47255.982841974954,129.46844614239714,140.47012670312424,190.8561504118536,224.5366475433572,40.72196166629027,-73.99420728513256
1004930009,228 MOTT STREET,26.581487014486004,32907.88092393368,90.15857787379089,97.81987221330849,132.90743507243002,156.36168832050592,40.72235554022424,-73.99496851959273
1004930010,230 MOTT STREET,25.055606125064216,31018.840382829498,84.98312433651917,92.20463054023631,125.27803062532108,147.3859183827307,40.72241307960413,-73.99491477236546
1004930012,234 MOTT STREET,24.94213355200256,30878.361337379167,84.59825023939497,91.78705147136941,124.71066776001278,146.71843265883857,40.72254399759328,-73.99487460912096
1004930017,20 PRINCE STREET,64.82579403536384,80254.33301578043,219.8748849747409,238.55892205013893,324.12897017681917,381.32820020802257,40.72264932245588,-73.99453430729919
1005070001,13 PRINCE STREET,38.81004901418234,48046.84067955774,131.63517994399382,142.820980372191,194.0502450709117,228.29440596577848,40.72282764194666,-73.99395294165762
1004260022,13 STANTON STREET,19.765083033121122,24469.17279500395,67.03882957535329,72.73550556188573,98.8254151656056,116.26519431247719,40.72246127201137,-73.99233196289165
1004930013,30 PRINCE STREET,39.46285354520487,48855.01268896363,133.84934983277708,145.22330104635392,197.31426772602435,232.1344326188522,40.72277019028673,-73.9948849121006
1005080046,17 PRINCE STREET,21.26500434620719,26326.0753806045,72.12623391946438,78.25521599404246,106.32502173103593,125.08826086004227,40.72293516494283,-73.99420021206113
1002920010,28 FORSYTH STREET,36.26013997989001,44890.05329510383,122.98644738384611,133.43731512599524,181.30069989945005,213.29494105817653,40.71521829436441,-73.99417352642898
1003030020,122 HESTER STREET,33.427434040598094,41383.16334226044,113.37852970482314,123.01295726940099,167.13717020299046,196.63196494469466,40.716926067408814,-73.99472246573242
1003040035,75 CHRYSTIE STREET,71.18476211030764,88126.73549256087,241.44311093852292,261.9599245659321,355.9238105515382,418.73389476651556,40.71719904407597,-73.99467612243949
1003040031,83 CHRYSTIE STREET,50.74332260007512,62820.233378893,172.11022843532328,186.73542716827643,253.7166130003756,298.49013294161836,40.71745056627169,-73.9945335916364
1002050004,106 MULBERRY STREET,53.002763812254855,65617.4215995715,179.77375780704523,195.05017082909785,265.01381906127426,311.78096360149914,40.7173384794859,-73.99817356168263
1002060004,119 BAXTER STREET,32.0717062324216,39704.77231573794,108.78019812530941,118.02387893531147,160.358531162108,188.65709548483292,40.717924708763945,-73.99887261907938
1002060004,119 BAXTER STREET,32.0717062324216,39704.77231573794,108.78019812530941,118.02387893531147,160.358531162108,188.65709548483292,40.717924708763945,-73.99887261907938
1002050023,111 MOTT STREET,27.37024334171287,33884.36125704054,92.83386645764531,100.72249549750336,136.85121670856435,161.0014314218404,40.71761518744436,-73.99753052862287
1002060004,119 BAXTER STREET,32.0717062324216,39704.77231573794,108.78019812530941,118.02387893531147,160.358531162108,188.65709548483292,40.71785858263795,-73.99868542268499
1002060004,119 BAXTER STREET,32.0717062324216,39704.77231573794,108.78019812530941,118.02387893531147,160.358531162108,188.65709548483292,40.71785858263795,-73.99868542268499
1002380040,173 HESTER STREET,69.7289412904606,86324.42931759021,236.50528580161702,256.602503948895,348.64470645230296,410.1702428850623,40.718007352509616,-73.99684224722509
1002370029,121 MOTT STREET,39.04126706572799,48333.08862737125,132.41942089690755,143.671862801879,195.20633532863997,229.65451215134115,40.71805370064573,-73.99720982530246
1002370028,123 MOTT STREET,33.49374027543876,41465.250460993186,113.60342592052928,123.25696421361464,167.4687013771938,197.02200162022802,40.718180381321424,-73.99711539746899
1002050018,174 HESTER STREET,27.587048038993494,34152.765472273946,93.56922047198341,101.52033678349606,137.93524019496746,162.27675317054997,40.71786931634719,-73.99765610724583
1002030015,58 ELIZABETH STREET,58.23650817556252,72096.7971213464,197.52547156533262,214.31035008607006,291.1825408778126,342.56769515036774,40.717339043478994,-73.99628298115677
1002030015,58 ELIZABETH STREET,58.23650817556252,72096.7971213464,197.52547156533262,214.31035008607006,291.1825408778126,342.56769515036774,40.717339043478994,-73.99628298115677
1002030015,58 ELIZABETH STREET,58.23650817556252,72096.7971213464,197.52547156533262,214.31035008607006,291.1825408778126,342.56769515036774,40.71742935875571,-73.99620445853829
1002030015,58 ELIZABETH STREET,58.23650817556252,72096.7971213464,197.52547156533262,214.31035008607006,291.1825408778126,342.56769515036774,40.71742935875571,-73.99620445853829
1003040030,85 CHRYSTIE STREET,29.61270999926187,36660.534979086195,100.43982186051012,108.97477279728369,148.06354999630935,174.19241176036394,40.71754693960447,-73.99448221904426
1003040029,87 CHRYSTIE STREET,27.60396293822193,34173.70611751875,93.6265921027911,101.5825836126567,138.01981469110964,162.37625257777606,40.71760738651861,-73.99446521148612
1002390008,84 ELIZABETH STREET,27.140519149848803,33599.962707512816,92.05469234935018,99.87711047144359,135.702595749244,159.65011264616942,40.71806007101925,-73.9957995549261
1002390010,88 ELIZABETH STREET,26.171661990170055,32400.517543830527,88.76854121597404,96.3117161238258,130.85830995085027,153.95095288335327,40.718187356578355,-73.99573354552932
1002380004,124 MOTT STREET,51.01255310209978,63153.54074039953,173.02339928876583,187.72619541572718,255.06276551049888,300.0738417770575,40.71823807403387,-73.99663709024205
1002380027,83 ELIZABETH STREET,54.155620223283954,67044.65783642554,183.68399407239875,199.29268242168496,270.77810111641975,318.5624719016703,40.71814343859633,-73.99625400469847
1002380027,83 ELIZABETH STREET,54.155620223283954,67044.65783642554,183.68399407239875,199.29268242168496,270.77810111641975,318.5624719016703,40.71814343859633,-73.99625400469847
1002380027,83 ELIZABETH STREET,54.155620223283954,67044.65783642554,183.68399407239875,199.29268242168496,270.77810111641975,318.5624719016703,40.7182074386067,-73.99621570503467
1002380027,83 ELIZABETH STREET,54.155620223283954,67044.65783642554,183.68399407239875,199.29268242168496,270.77810111641975,318.5624719016703,40.7182074386067,-73.99621570503467
1002380023,91 ELIZABETH STREET,38.27953218949146,47390.06085059043,129.83578315230255,140.86867845732857,191.3976609474573,225.17371876171447,40.71842049043034,-73.99610952903049
1002380021,95 ELIZABETH STREET,38.8244402020764,48064.65697017059,131.6839916990975,142.87393994364115,194.12220101038199,228.3790600122141,40.71851898286426,-73.99606330432975
1002380014,209 GRAND STREET,45.48974849262848,56316.308633874054,154.2912565311618,167.4022744528728,227.4487424631424,267.58675583899105,40.718753433689905,-73.99624553395029
1002390011,90 ELIZABETH STREET,28.194186781779848,34904.40323584345,95.62850201600945,103.75460735694983,140.97093390889924,165.84815753988147,40.718252974686614,-73.99568940333879
1002390012,92 ELIZABETH STREET,97.36250387993644,120534.7798033613,330.23227343386657,358.29401427816606,486.8125193996822,572.7206110584497,40.71836838069828,-73.99562968739431
1004700031,208 GRAND STREET,25.721181699143052,31842.8229435391,87.24061080421671,94.65394865284644,128.60590849571525,151.30106881848855,40.71918946195358,-73.99621242622159
1004700032,206 GRAND STREET,31.480738851006492,38973.15469754604,106.77576629464667,115.84911897170389,157.40369425503246,185.18081677062642,40.71922443510712,-73.99627670601842
1004710052,200 GRAND STREET,62.40403111257575,77256.19051736878,211.66079593799668,229.64683449427878,312.02015556287876,367.08253595632794,40.71932852483183,-73.99654346584781
1002370011,146 MULBERRY STREET,34.172163914827046,42305.13892655588,115.90449020974215,125.75356320656351,170.8608195741352,201.0127289107473,40.71888037711622,-73.99727627194996
1002370012,191 GRAND STREET,61.71781077615708,76406.64974088247,209.33328696132182,227.12154365625804,308.5890538807854,363.04594574210046,40.719075041643684,-73.9972377576837
1002060016,182 HESTER STREET,35.63196148129557,44112.368313843916,120.85580359957237,131.12561825116768,178.15980740647785,209.5997734193857,40.71809565799103,-73.99816418909526
1002060012,190 HESTER STREET,30.76249097491906,38083.963826949795,104.33962692315012,113.20596678770215,153.8124548745953,180.95582926422975,40.71814972796626,-73.99849055601888
1002360033,197 HESTER STREET,56.77728537974579,70290.27930012529,192.57610767157612,208.94041019746453,283.8864268987289,333.98403164556345,40.71845306388684,-73.9981542103545
1002370036,191 HESTER STREET,21.879692060695234,27087.0587711407,74.21111992093343,80.51726678335847,109.39846030347616,128.70407094526607,40.71826353712471,-73.99772886477703
1002350016,150 BAXTER STREET,34.30628311617414,42471.17849782359,116.35939314472216,126.24712186752083,171.5314155808707,201.80166538925968,40.719248295753594,-73.99847678449505
1004730044,178 LAFAYETTE STREET,26.88569371537993,33284.488819640355,91.1903803277818,98.93935287259814,134.42846857689963,158.15113950223486,40.72063402716327,-73.99892228740781
1004700038,118 ELIZABETH STREET,27.856688790057156,34486.58072209076,94.48378280024866,102.51261474741032,139.28344395028577,163.86287523563033,40.71915819676953,-73.99528975432473
1004700039,120 ELIZABETH STREET,29.565971034748188,36602.67214101826,100.28129353703632,108.80277340787332,147.82985517374092,173.91747667498933,40.719224204425984,-73.99526265922567
1004700021,119 ELIZABETH STREET,50.678188274451855,62739.5970837714,171.88930707882574,186.49573284998283,253.39094137225928,298.1069898497168,40.719344242022416,-73.99571784087708
1004700042,126 ELIZABETH STREET,29.758362156182212,36840.852349353576,100.9338420530235,109.51077273475053,148.79181078091105,175.049189154013,40.7194256478559,-73.99518178543211
1004700004,158 MOTT STREET,24.434662985659145,30250.11277624602,82.87702130478361,89.91955978722565,122.17331492829571,143.7333116803479,40.71950548107629,-73.99605568504987
1004700007,164 MOTT STREET,25.59058048754791,31681.138643584312,86.79764011940908,94.17333619417631,127.95290243773954,150.53282639734064,40.719692740228176,-73.99598533081591
1004710021,163 MULBERRY STREET,27.063038817776285,33504.04205640704,91.79189604495079,99.59198284941672,135.3151940888814,159.1943459869193,40.719785306201416,-73.9973739295692
1004710020,165 MULBERRY STREET,27.56280520905566,34122.75284881091,93.48699410633125,101.43112316932483,137.8140260452783,162.1341482885627,40.71986245429301,-73.99733965133494
1004710018,169 MULBERRY STREET,26.211971114331135,32450.420239541945,88.9052609302519,96.46005370073857,131.05985557165567,154.18806537841846,40.71998094151709,-73.99729055735126
1004790035,358 BROOME STREET,50.024080668425974,61929.81186751136,169.6707174452366,184.0886168598076,250.12040334212986,294.25929804956456,40.720164498568714,-73.99542587364695
1004700009,365 BROOME STREET,94.05223121462042,116436.66224370008,319.004554092329,346.11221086980316,470.2611560731021,553.2484189095319,40.71986582323229,-73.99583356203935
1004700009,365 BROOME STREET,94.05223121462042,116436.66224370008,319.004554092329,346.11221086980316,470.2611560731021,553.2484189095319,40.71986582323229,-73.99583356203935
1004700009,365 BROOME STREET,94.05223121462042,116436.66224370008,319.004554092329,346.11221086980316,470.2611560731021,553.2484189095319,40.71989246612629,-73.99597613705157
1004700009,365 BROOME STREET,94.05223121462042,116436.66224370008,319.004554092329,346.11221086980316,470.2611560731021,553.2484189095319,40.71989246612629,-73.99597613705157
1004710044,171 MOTT STREET,20.935684087814035,25918.376900713774,71.00925178277747,77.04331744315566,104.67842043907017,123.15108286949432,40.71990467188373,-73.99629548794665
1004710043,373 BROOME STREET,46.216306683569734,57215.78767425933,156.75558266920365,170.07600859553662,231.08153341784865,271.8606275504102,40.7200708907433,-73.99625320091045
1004710017,171 MULBERRY STREET,33.9348998614659,42011.406028494785,115.09974254382132,124.8804314901945,169.67449930732948,199.61705800862293,40.720057066689584,-73.99726843617105
1004800041,384 BROOME STREET,67.63666318282479,83734.18902033709,229.40873704201942,248.90292051279522,338.1833159141239,397.8627246048517,40.72057154278956,-73.99641442203166
1004800041,384 BROOME STREET,67.63666318282479,83734.18902033709,229.40873704201942,248.90292051279522,338.1833159141239,397.8627246048517,40.72057154278956,-73.99641442203166
1004800041,384 BROOME STREET,67.63666318282479,83734.18902033709,229.40873704201942,248.90292051279522,338.1833159141239,397.8627246048517,40.72061000231884,-73.99653345988526
1004800041,384 BROOME STREET,67.63666318282479,83734.18902033709,229.40873704201942,248.90292051279522,338.1833159141239,397.8627246048517,40.72061000231884,-73.99653345988526
1004790031,149 ELIZABETH STREET,51.07314066391743,63228.54814192978,173.2288990189857,187.94915764321615,255.36570331958714,300.4302391995143,40.72043087804849,-73.99529023536928
1004790003,184 MOTT STREET,52.63204181874883,65158.46777161105,178.51635005920838,193.6859138929957,263.16020909374413,309.60024599264017,40.72066709886277,-73.99558185146823
1004790005,192 MOTT STREET,54.33781365664515,67270.2133069267,184.3019542655526,199.96315425645415,271.68906828322577,319.6341979802656,40.72096920786452,-73.995441943567
1004810035,390 BROOME STREET,44.49718011067272,55087.50897701283,150.9246821288023,163.7496228072756,222.4859005533636,261.7481182980748,40.72074070571858,-73.99694913083282
1004810039,396 BROOME STREET,26.70055133339845,33055.28255074728,90.56241794725283,98.2580289069063,133.50275666699224,157.0620666670497,40.72085919190082,-73.9971288774831
1004810033,183 MULBERRY STREET,60.74227490329574,75198.93633028012,206.02448309665786,223.5315716441283,303.71137451647866,357.30749943115137,40.72087000256919,-73.99689385748717
1004810033,183 MULBERRY STREET,60.74227490329574,75198.93633028012,206.02448309665786,223.5315716441283,303.71137451647866,357.30749943115137,40.72087000256919,-73.99689385748717
1004810033,183 MULBERRY STREET,60.74227490329574,75198.93633028012,206.02448309665786,223.5315716441283,303.71137451647866,357.30749943115137,40.72097739398821,-73.99685130390075
1004810033,183 MULBERRY STREET,60.74227490329574,75198.93633028012,206.02448309665786,223.5315716441283,303.71137451647866,357.30749943115137,40.72097739398821,-73.99685130390075
1004810032,86 KENMARE STREET,57.593592842320724,71300.86793879306,195.3448436679262,211.94442165974024,287.9679642116036,338.7858402489454,40.72110907246891,-73.99689303494642
1004810028,195 MULBERRY STREET,66.23394638139894,81997.62562017188,224.6510290963613,243.7409226835481,331.1697319069947,389.61144930234667,40.7214220179435,-73.99672671756517
1003410075,157 BROOME STREET,74.99401149939082,92842.58623624584,254.36324996231738,275.9779623177582,374.9700574969541,441.1412441140636,40.7164113002382,-73.9852946514772
1003480032,107 CLINTON STREET,33.1615951093168,41054.0547453342,112.4768623159841,122.03467000228582,165.807975546584,195.06820652539295,40.71816780621752,-73.9858337210704
1003480031,105 CLINTON STREET,33.16147684463771,41053.908333661486,112.47646118811366,122.03423478826676,165.80738422318856,195.0675108508101,40.7182313985573,-73.98580040733918
1003480073,172 DELANCEY STREET,30.892222163383476,38244.57103826875,104.77964668018835,113.68337756125118,154.46111081691737,181.71895390225575,40.71796955599058,-73.98512079014935
1003480074,170 DELANCEY STREET,29.431360378431027,36436.024148497614,99.824723694514,108.30740619262617,147.15680189215513,173.1256492848884,40.71799462996377,-73.98520417240103
1003480076,168 1/2 DELANCEY STREET,24.227307236432374,29993.40635870328,82.17371605124187,89.15649063007113,121.13653618216186,142.51357197901396,40.7180056618521,-73.9853930462748
1003480053,173 RIVINGTON STREET,41.62568592496069,51532.599175101335,141.1852032194557,153.18252420385534,208.12842962480346,244.85697602918054,40.718789875401036,-73.98470573851466
1003430065,57 PITT STREET,32.98003233007092,40829.2800246278,111.86104116336384,121.36651897466098,164.9001616503546,194.00019017688777,40.717776407948406,-73.98309630359019
1003440069,210 RIVINGTON STREET,51.64193910699208,63932.7206144562,175.158138669743,190.04233591373088,258.2096955349604,303.7761123940711,40.71850814793583,-73.98267901394004
1003440072,206 RIVINGTON STREET,40.53683427744016,50184.60083547091,137.49205708348194,149.17555014097977,202.68417138720076,238.45196633788325,40.71859369947514,-73.98282116731049
1003440068,85 PITT STREET,31.01218374709458,38393.083478903085,105.18653007918654,114.12483618930804,155.06091873547288,182.42461027702691,40.718625426729616,-73.98257633140062
1003440073,202 RIVINGTON STREET,50.660481828728365,62717.67650396572,171.82925069579647,186.4305731297204,253.30240914364182,298.00283428663744,40.71863383963134,-73.98297316699522
1003440067,89 PITT STREET,29.066897819004765,35984.8194999279,98.58854657514493,106.96618397393752,145.33448909502383,170.98175187649863,40.71874318547615,-73.98259961813132
1003440076,106 RIDGE STREET,59.224667353298244,73320.13818338323,200.8770909133787,217.94677586013756,296.1233367664912,348.38039619587204,40.71869517624546,-73.98314847134941
1003450029,200 STANTON STREET,26.33084308259816,32597.58373625652,89.30844859248361,96.89750254396124,131.6542154129908,154.8873122505774,40.7199226656799,-73.98285206510722
1003250001,140 BARUCH PLACE,198.35485887995117,245563.31529337954,672.7762062832317,729.9458806782203,991.7742943997557,1166.7932875291244,40.718415615790846,-73.97641143493234
1003720039,11 AVENUE D,34.62011732539741,42859.705248841994,117.42384999682739,127.40203175746247,173.10058662698705,203.64774897292594,40.72052700152112,-73.97862816101438
1003720023,300 EAST 3 STREET,22.36767749824578,27691.184742828274,75.86625956939254,82.31305319354448,111.83838749122889,131.5745735190928,40.72102154071435,-73.97950014548904
1003720068,264 EAST 2 STREET,40.6671285679452,50345.90516711616,137.93398675922236,149.65503313003833,203.33564283972598,239.2184033408541,40.72102724848397,-73.98056755386419
1003730040,327 EAST 3 STREET,50.8107109981521,62903.660215712305,172.33879511154055,186.98341647319975,254.05355499076052,298.88653528324767,40.72089863186873,-73.97842088469264
1003730046,317 EAST 3 STREET,49.528220146275125,61315.9365410886,167.98886723585917,182.26385013829247,247.64110073137562,291.3424714486772,40.72114811756585,-73.97880460526392
1003730049,311 EAST 3 STREET,48.97138308466212,60626.572258811706,166.10019796934714,180.21468975155662,244.8569154233106,288.0669593215419,40.72121281427923,-73.97895810190656
1003730032,37 AVENUE D,43.06189912224425,53310.63111333838,146.05652359818734,158.46778876985883,215.30949561122122,253.30528895437791,40.721271346240464,-73.97812014620334
1003480007,110 SUFFOLK STREET,30.689642987627384,37993.7780186827,104.0925425169389,112.93788619446876,153.4482149381369,180.52731169192577,40.718730522099044,-73.98596222985593
1003480021,163 RIVINGTON STREET,37.958339610103536,46992.424437308175,128.74636832139225,139.686689765181,189.79169805051768,223.28435064766788,40.71894120893292,-73.9852881686238
1003440173,72 CLINTON STREET,39.29037054560168,48641.47873545488,133.26432530261613,144.58856360781417,196.4518527280084,231.1198267388334,40.71916325320726,-73.98484613816868
1003530057,131 RIVINGTON STREET,69.51402705257462,86058.36549108737,235.77634381119827,255.81161955347457,347.57013526287307,408.906041485733,40.71936133268584,-73.9866929580198
1003530024,129 RIVINGTON STREET,41.14165828970434,50933.37296265397,139.543487568915,151.40130250611196,205.7082914485217,242.00975464531965,40.71951289631003,-73.98697878222296
1003440146,42 CLINTON STREET,31.097302613398274,38498.46063538706,105.4752346174988,114.43807361730565,155.48651306699136,182.9253094905781,40.71975408475489,-73.98446575335227
1003440154,141 ATTORNEY STREET,57.52451455381519,71215.3490176232,195.11054525376218,211.6902135580399,287.62257276907593,338.37949737538344,40.719898907345716,-73.98388367699481
1003490032,158 RIVINGTON STREET,18.567168487779217,22986.15458787067,62.975765994166224,68.32718003502752,92.83584243889608,109.21863816340716,40.719304687410464,-73.98529733525366
1003490027,63 CLINTON STREET,30.406587759574293,37643.355646352975,103.13248122288486,111.8962429552334,152.03293879787145,178.8622809386723,40.719508224289875,-73.98511905381412
1003490026,61 CLINTON STREET,29.97795237881813,37112.70504497684,101.67864395884067,110.31886475405072,149.88976189409064,176.340896345989,40.71957372652791,-73.98508859812786
1003500030,168 STANTON STREET,30.219590263372424,37411.85274605506,102.49822670152072,111.20809216921053,151.09795131686212,177.76229566689662,40.720430003350856,-73.98452623487778
1003500028,23 CLINTON STREET,34.47964919610726,42685.80570478079,116.94741288981038,126.88510904167472,172.3982459805363,202.8214658594545,40.72066525021077,-73.9845312594147
1003720001,14 AVENUE C,54.58213068304995,67572.67778561583,185.13062407018035,200.8622409136238,272.9106534152497,321.07135695911734,40.72106140047534,-73.98077166815351
1003500075,184 STANTON STREET,38.653191609598295,47852.65121268269,131.10315400734984,142.24374512332173,193.26595804799146,227.3717153505782,40.72017291687493,-73.98370500875578
1003500077,182 STANTON STREET,20.036022903978463,24804.596355125337,67.9577982332201,73.73256428664074,100.18011451989231,117.85895825869684,40.7201868282549,-73.98381881460999
1003450018,333 EAST HOUSTON STREET,30.307018857200855,37520.089345214656,102.79476532935522,111.52982939449915,151.53509428600427,178.2765815129462,40.72075497434908,-73.98242548336766
1003450014,325 EAST HOUSTON STREET,24.67235178132393,30544.371505279025,83.68320960350418,90.79425455527206,123.36175890661964,145.13148106661134,40.72084871361737,-73.98275725935758
1003840026,243 EAST 2 STREET,21.0677992391049,26081.935458011867,71.4573574192106,77.52950119990604,105.3389961955245,123.92823081826413,40.72121343383909,-73.98194334607739
1003850038,21 AVENUE C,41.58701409808067,51484.723453423874,141.05403685869555,153.04021188093688,207.93507049040335,244.62949469459218,40.721383010546184,-73.98107667834327
1003850037,25 AVENUE C,26.137661008595895,32358.42432864172,88.65321733874444,96.1865925116329,130.68830504297947,153.7509471093876,40.7214719332869,-73.98102045986037
1003500057,309 EAST HOUSTON STREET,51.8343103277347,64170.87618573556,175.81061968694672,190.75026200606368,259.17155163867346,304.9077078102041,40.721073845649634,-73.98351139503652
1003850054,232 EAST 2 STREET,29.347843580643456,36332.6303528366,99.54145302147013,108.00006437676791,146.73921790321728,172.63437400378504,40.72170920525656,-73.98219500555918
1003850035,29 AVENUE C,26.166102040138096,32393.634325690964,88.74968308408484,96.29125550770819,130.83051020069047,153.91824729492998,40.72159989820679,-73.98092695319373
1003850050,240 EAST 2 STREET,31.169771701062402,38588.17736591525,105.72103387921987,114.70475985990964,155.848858505312,183.3515982415435,40.72159988663036,-73.98187168381209
1003850034,31 AVENUE C,36.04902174087755,44628.6889152064,122.27038058960659,132.6604000064294,180.24510870438775,212.0530690639856,40.72168434938233,-73.98092803169386
1003970038,6 AVENUE B,18.283261280118946,22634.677464787255,62.012814972019875,67.28240151083772,91.41630640059472,107.54859576540555,40.72174110764798,-73.98389700445564
1003970033,14 AVENUE B,46.76575115541689,57895.99993040611,158.6191778915236,172.09796425193417,233.82875577708444,275.09265385539345,40.72198988678746,-73.98373378010119
1003970025,185 EAST 2 STREET,33.24451181795348,41156.705630626406,112.75809761815454,122.33980349006879,166.2225590897674,195.5559518703146,40.72217933602733,-73.9843738662055
1003970022,181 EAST 2 STREET,65.76593572718836,81418.22843025919,223.06363953495668,242.01864347605317,328.8296786359418,386.85844545404916,40.72221630973316,-73.98446154902727
1003970022,181 EAST 2 STREET,65.76593572718836,81418.22843025919,223.06363953495668,242.01864347605317,328.8296786359418,386.85844545404916,40.72221630973316,-73.98446154902727
1003550067,157 SUFFOLK STREET,54.13381630277689,67017.6645828378,183.61003995298026,199.21244399421897,270.66908151388446,318.43421354574645,40.72094469828682,-73.9853544801176
1003500050,6 CLINTON STREET,31.820297507136406,39393.52831383487,107.9274748324243,117.09869482626196,159.10148753568203,187.17822063021416,40.72105056801411,-73.98383853099449
1003500051,299 EAST HOUSTON STREET,42.34878217633994,52427.79233430884,143.63778721728448,155.84351840893098,211.74391088169966,249.11048339023492,40.72120387570234,-73.98382138166711
1003550044,178 NORFOLK STREET,32.60359733236154,40363.253497463586,110.58425615743448,119.98123818309045,163.0179866618077,191.78586666095023,40.72128343735701,-73.98561472557554
1003550046,184 NORFOLK STREET,60.78523877756087,75252.12560662036,206.17020714142566,223.689678701424,303.92619388780435,357.5602281032992,40.72141383251601,-73.98555687382512
1003550046,184 NORFOLK STREET,60.78523877756087,75252.12560662036,206.17020714142566,223.689678701424,303.92619388780435,357.5602281032992,40.72141383251601,-73.98555687382512
1003550046,184 NORFOLK STREET,60.78523877756087,75252.12560662036,206.17020714142566,223.689678701424,303.92619388780435,357.5602281032992,40.72147861617096,-73.98552385968236
1003550046,184 NORFOLK STREET,60.78523877756087,75252.12560662036,206.17020714142566,223.689678701424,303.92619388780435,357.5602281032992,40.72147861617096,-73.98552385968236
1003550048,188 NORFOLK STREET,21.78747671405595,26972.896172001263,73.89834567671579,80.17791430772589,108.93738357027974,128.16162772974087,40.72155299477894,-73.98552652790819
1003500007,178 SUFFOLK STREET,36.484231825590946,45167.47900008159,123.74651780844272,134.26197311817467,182.42115912795472,214.6131283858291,40.721096223312884,-73.98474104910387
1003550062,167 SUFFOLK STREET,59.26610038682003,73371.43227888319,201.01762268187176,218.09924942349767,296.33050193410014,348.62411992247075,40.7211698355328,-73.98523788789086
1003550062,167 SUFFOLK STREET,59.26610038682003,73371.43227888319,201.01762268187176,218.09924942349767,296.33050193410014,348.62411992247075,40.7211698355328,-73.98523788789086
1003550062,167 SUFFOLK STREET,59.26610038682003,73371.43227888319,201.01762268187176,218.09924942349767,296.33050193410014,348.62411992247075,40.72123386168852,-73.98520513434417
1003550062,167 SUFFOLK STREET,59.26610038682003,73371.43227888319,201.01762268187176,218.09924942349767,296.33050193410014,348.62411992247075,40.72123386168852,-73.98520513434417
1003500012,271 EAST HOUSTON STREET,31.057992270234372,38449.79443055015,105.34190254945247,114.29341155446248,155.28996135117185,182.69407217784925,40.72146992699461,-73.98465760398923
1003970018,171 EAST 2 STREET,27.48618904004131,34027.90203157114,93.22712885361956,101.14917566735203,137.43094520020654,161.68346494141946,40.7224011929819,-73.98488394771651
1003980053,170 EAST 2 STREET,44.918604182865465,55609.23197838745,152.35406021476012,165.30046339294492,224.59302091432733,264.2270834286204,40.72276911671759,-73.98465932790093
1003970022,181 EAST 2 STREET,65.76593572718836,81418.22843025919,223.06363953495668,242.01864347605317,328.8296786359418,386.85844545404916,40.722256834260534,-73.98454702364808
1003970022,181 EAST 2 STREET,65.76593572718836,81418.22843025919,223.06363953495668,242.01864347605317,328.8296786359418,386.85844545404916,40.722256834260534,-73.98454702364808
1003980043,190 EAST 2 STREET,52.25657293419164,64693.637292529245,177.2428418973404,192.30418839782521,261.2828646709582,307.39160549524496,40.72248204630246,-73.98395473165809
1004290045,114 EAST 1 STREET,46.70011062205128,57814.73695009948,158.39653958931365,171.8564070891487,233.50055311025636,274.70653307088986,40.722734940317395,-73.98660648334425
1004290047,110 EAST 1 STREET,39.49202656713095,48891.12889010811,133.94829832906333,145.33065776704188,197.46013283565472,232.30603863018203,40.722784213706326,-73.9867277541942
1003980061,156 EAST 2 STREET,39.060804175934635,48357.275569807076,132.48568649262214,143.74375936743945,195.30402087967317,229.76943632902726,40.72297002103964,-73.98520795586865
1003740041,41 AVENUE D,49.47466611610068,61249.63665173264,167.8072237033771,182.0667713072505,247.3733305805034,291.0274477417687,40.72150199185,-73.97793892123336
1003730019,332 EAST 4 STREET,45.345172830546474,56137.323964216535,153.80088757319598,166.870236016411,226.72586415273236,266.73631076792043,40.72158751545402,-73.97903713145057
1003730017,328 EAST 4 STREET,24.23987911317353,30008.97034210883,82.21635710166802,89.20275513647859,121.19939556586763,142.5875241951384,40.72168970037109,-73.97919901252297
1003730016,326 EAST 4 STREET,22.2950155304194,27601.229226659216,75.61980610043621,82.04565715194339,111.47507765209699,131.14715017893764,40.72172125537662,-73.97927277152291
1003750042,63 AVENUE D,29.274793778049,36242.19469722466,99.29368410198536,107.73124110322031,146.37396889024498,172.20466928264116,40.7221628051549,-73.9774515236577
1003750039,67 AVENUE D,37.063360784675375,45884.440651428115,125.7107963052825,136.39316768760537,185.31680392337685,218.01976932161983,40.72230507018797,-73.9773566539912
1003740065,307 EAST 4 STREET,47.2189517235581,58457.062233764926,160.15633488702719,173.76574234269378,236.0947586177905,277.75853955034177,40.72226224211291,-73.97958653070555
1003750030,742 EAST 6 STREET,46.149624383710176,57133.2349870332,156.52941092337863,169.83061773205344,230.74812191855088,271.4683787277069,40.722646677424656,-73.97777046739208
1003760041,745 EAST 6 STREET,50.98860691299874,63123.895358292444,172.9421790638149,187.63807343983535,254.9430345649937,299.93298184116907,40.722874752894654,-73.97727436037873
1003740006,64 AVENUE C,40.517990555159344,50161.27230728727,137.42814330763636,149.1062052429864,202.5899527757967,238.341120912702,40.72260874790072,-73.97962943651947
1003740008,702 EAST 5 STREET,27.691075934000153,34281.55200629219,93.9220602912115,101.90315943712056,138.45537967000075,162.88868196470676,40.72269584249529,-73.97955292790758
1003870143,653 EAST 5 STREET,31.800984890886067,39369.61929491695,107.86197067100534,117.02762439846072,159.00492445443032,187.06461700521214,40.72310693407493,-73.97991561880184
1003870141,73 AVENUE C,31.80119883708917,39369.8841603164,107.86269632963396,117.02841172048814,159.00599418544584,187.06587551228924,40.72316975605868,-73.9798347142594
1003760031,276 EAST 7 STREET,32.22245201810821,39891.39559841796,109.2914947901862,118.57862342663819,161.11226009054104,189.5438354006365,40.72311657541664,-73.97705978936732
1003760030,274 EAST 7 STREET,32.0275539629505,39650.111806132714,108.63044330447319,117.86139858365783,160.1377698147525,188.39737625265,40.723154165952614,-73.97715285029116
1003760028,272 EAST 7 STREET,32.595051886937654,40352.67423602882,110.555271879531,119.94979094393057,162.97525943468827,191.73559933492737,40.72319420308696,-73.97724893317609
1003760018,250 EAST 7 STREET,30.41619449735692,37655.24878772787,103.16506517185718,111.93159575027346,152.0809724867846,178.91879116092304,40.72349296892918,-73.97795849829896
1003760016,248 EAST 7 STREET,30.099919004210825,37263.699727213,102.09232801976165,110.76770193549584,150.49959502105412,177.05834708359308,40.72352945578265,-73.97804597161382
1003760014,246 EAST 7 STREET,44.13263894244909,54636.207010751976,149.68823838562184,162.40811130821265,220.66319471224543,259.6037584849946,40.72357896019145,-73.97815636701445
1003850002,21 AVENUE B,26.074199449441775,32279.858918408918,88.43796963947649,95.95305397394573,130.37099724720886,153.37764382024574,40.722109196665336,-73.98312455041034
1003850003,23 AVENUE B,24.911415786062676,30840.332743145595,84.49406230998792,91.67401009271065,124.55707893031338,146.53773991801575,40.722190245783565,-73.98308259356419
1003850055,230 EAST 2 STREET,27.733433006782917,34333.99006239725,94.06572619834863,102.05903346496113,138.66716503391459,163.1378412163701,40.72174032511083,-73.9822686456264
1003860053,233 EAST 3 STREET,48.34460368905705,59850.61936705263,163.97429963576064,177.90814157572993,241.72301844528525,284.3800217003356,40.72232256958332,-73.98158098246675
1003860011,250 EAST 4 STREET,89.30025848651461,110553.72000630508,302.88690412686327,328.62495123037377,446.501292432573,525.2956381559683,40.722869022388096,-73.98206905213416
1003860011,250 EAST 4 STREET,89.30025848651461,110553.72000630508,302.88690412686327,328.62495123037377,446.501292432573,525.2956381559683,40.722869022388096,-73.98206905213416
1003860011,250 EAST 4 STREET,89.30025848651461,110553.72000630508,302.88690412686327,328.62495123037377,446.501292432573,525.2956381559683,40.722869022388096,-73.98206905213416
1003990038,38 AVENUE B,29.156351000971252,36095.56253920241,98.89195216219838,107.2953716835742,145.78175500485625,171.50794706453678,40.722862118759124,-73.98309268301401
1003860011,250 EAST 4 STREET,89.30025848651461,110553.72000630508,302.88690412686327,328.62495123037377,446.501292432573,525.2956381559683,40.722909147602536,-73.98214477019226
1003860011,250 EAST 4 STREET,89.30025848651461,110553.72000630508,302.88690412686327,328.62495123037377,446.501292432573,525.2956381559683,40.722909147602536,-73.98214477019226
1003860011,250 EAST 4 STREET,89.30025848651461,110553.72000630508,302.88690412686327,328.62495123037377,446.501292432573,525.2956381559683,40.722909147602536,-73.98214477019226
1003860011,250 EAST 4 STREET,89.30025848651461,110553.72000630508,302.88690412686327,328.62495123037377,446.501292432573,525.2956381559683,40.72294187778264,-73.98222387039839
1003860011,250 EAST 4 STREET,89.30025848651461,110553.72000630508,302.88690412686327,328.62495123037377,446.501292432573,525.2956381559683,40.72294187778264,-73.98222387039839
1003860011,250 EAST 4 STREET,89.30025848651461,110553.72000630508,302.88690412686327,328.62495123037377,446.501292432573,525.2956381559683,40.72294187778264,-73.98222387039839
1003860010,53 AVENUE B,32.922241638267174,40757.73514817476,111.66502780321852,121.1538492288232,164.61120819133586,193.66024493098337,40.72309104010997,-73.98236278213989
1003990033,46 AVENUE B,41.093559379832,50873.826512232015,139.38034660885484,151.22429851778176,205.46779689916,241.7268198813647,40.72312120036401,-73.98289225198144
1003990030,50 AVENUE B,56.15546022288011,69520.45975592558,190.4670130299331,206.6520936201988,280.77730111440053,330.3262366051771,40.723249446058574,-73.98283114531094
1004000039,235 EAST 4 STREET,62.16995969729235,76966.41010524792,210.86687700067924,228.78545168603583,310.84979848646174,365.7056452781903,40.72350562625379,-73.98266253021896
1003990041,191 EAST 3 STREET,49.132207501352696,60825.672886674634,166.64567914157433,180.8065236049779,245.66103750676348,289.0129853020747,40.72308775145712,-73.98341008875592
1003990043,189 EAST 3 STREET,23.622139849219007,29244.20913333313,80.12112091324146,86.92947464512594,118.11069924609502,138.95376381893533,40.723128124249925,-73.98351818670362
1003990026,234 EAST 4 STREET,47.59484577440182,58922.41906870945,161.43128511975192,175.1490324497987,237.9742288720091,279.96968102589307,40.72331884462856,-73.98314133976994
1003990024,230 EAST 4 STREET,47.633269827541994,58969.98804649699,161.5616110862931,175.29043296535454,238.16634913770994,280.19570486789405,40.72338251362275,-73.98329258292148
1004000045,225 EAST 4 STREET,32.937188797780024,40776.23973165167,111.71572529219637,121.20885477583047,164.6859439889001,193.748169398706,40.72373809326767,-73.98307041481063
1003870047,279 EAST 4 STREET,30.818849285203925,38153.73541508246,104.53078195913002,113.41336536955043,154.09424642601962,181.28734873649367,40.72284867503179,-73.9809569332197
1003870048,277 EAST 4 STREET,30.95655401774984,38324.2138739743,104.99784623006659,113.92011878531942,154.7827700887492,182.09737657499906,40.7228817609258,-73.9810353960126
1003870015,610 EAST 5 STREET,33.167243441076,41061.04738005209,112.4960202193208,122.0554558631597,165.83621720538002,195.10143200632945,40.72345929372874,-73.98156005782907
1003870157,619 EAST 5 STREET,50.39733297077925,62391.89821782472,170.9367074460951,185.46218533246764,251.98666485389626,296.45489982811324,40.72366199118652,-73.98101275581541
1003870119,620 EAST 6 STREET,34.28455163071164,42444.27491882101,116.28568470909865,126.16715000101884,171.4227581535582,201.67383312183318,40.72395196014036,-73.98083256002916
1004000047,223 EAST 4 STREET,32.92760773483851,40764.37837573008,111.68322842665775,121.17359646420572,164.63803867419253,193.6918102049324,40.72377771548204,-73.98316352322098
1004000050,213 EAST 4 STREET,48.18438202380686,59652.264945472896,163.43086286430932,177.31852584760924,240.9219101190343,283.43754131651093,40.72388711733872,-73.98343049554957
1004000038,60 AVENUE B,30.985016595485277,38359.45054521077,105.09438505537197,114.02486107138583,154.92508297742637,182.26480350285456,40.72359676885285,-73.9825950583463
1004000026,540 EAST 5 STREET,40.22440808489992,49797.8172091061,136.4323759153592,148.0258217524317,201.1220404244996,236.61416520529366,40.723978582737786,-73.98281595267713
1004000024,536 EAST 5 STREET,39.130271979193196,48443.276710241174,132.72130605545527,143.99940088343098,195.65135989596595,230.1780704658423,40.72402996796337,-73.9829361720593
1004010042,543 EAST 5 STREET,27.453346331860782,33987.24275884365,93.115733585873,101.02831450124768,137.2667316593039,161.49027254035752,40.72425021843466,-73.98240386991395
1003760019,254 EAST 7 STREET,39.12382319403443,48435.293114214626,132.6994331896291,143.9756693540467,195.61911597017212,230.14013643549663,40.72345112948523,-73.97785638837816
1003870140,77 AVENUE C,31.780416560210867,39344.15570154105,107.79220740148233,116.95193294157599,158.90208280105432,186.9436268247698,40.72325739231909,-73.9797718595213
1003760011,238 EAST 7 STREET,44.7461890822345,55395.78208380631,151.769265983031,164.66597582262295,223.73094541117248,263.21287695432056,40.723673273573546,-73.97836993309343
1003760005,98 AVENUE C,39.094624134804164,48399.144678887555,132.60039638051384,143.8682168160793,195.4731206740208,229.9683772635539,40.723752415425366,-73.97879349817721
1003890036,645 EAST 6 STREET,97.50908238431666,120716.24399178402,330.7294355939288,358.8334231742853,487.54541192158325,573.5828375548039,40.72378479815918,-73.97940328848819
1003770062,249 EAST 7 STREET,37.28957801203397,46164.49757889806,126.47807555862482,137.225647084285,186.44789006016984,219.35045889431746,40.723914284627746,-73.97789477404402
1003780039,115 AVENUE D,33.054846683340706,40921.900193975795,112.11479505198848,121.6418357946938,165.27423341670354,194.44027460788652,40.7238925763995,-73.97612745428222
1003770016,368 EAST 8 STREET,50.74722658089843,62825.06650715225,172.1234698826089,186.7497938177062,253.7361329044921,298.5130975346966,40.72416781207735,-73.9776851107794
1003890032,99 AVENUE C,52.399223738136904,64870.238987813485,177.72668215839312,192.82914335634382,261.9961186906845,308.2307278713935,40.72399289552817,-73.97923931068176
1003770066,243 EAST 7 STREET,23.659373290822863,29290.304134038706,80.24740858640742,87.06649371022814,118.29686645411431,139.1727840636639,40.72398937552395,-73.97817595511644
1003770067,241 EAST 7 STREET,26.904245248180406,33307.45561724734,91.25330306095161,99.00762251330389,134.52122624090202,158.2602661657671,40.72404481449329,-73.97823258436426
1003890054,613 EAST 6 STREET,28.2225356553775,34939.499141357344,95.72465518180094,103.8589312117892,141.1126782768875,166.01491561986765,40.724320333290116,-73.98069431330252
1003890022,208 EAST 7 STREET,50.30640073716492,62279.32411261017,170.62828524002788,185.1275547127669,251.5320036858246,295.92000433626424,40.724352784623136,-73.97999560279685
1003890021,206 EAST 7 STREET,29.846648304806067,36950.15060134991,101.23328931876688,109.83566576168633,149.23324152403032,175.5685194400357,40.72439893857892,-73.98011607610306
1003890020,204 EAST 7 STREET,29.458897842312286,36470.11552878261,99.91812473639071,108.40874405970922,147.29448921156143,173.28763436654287,40.72443207269808,-73.98019440011106
1003770002,112 AVENUE C,51.29412628586694,63502.12834190327,173.9784338134336,188.76238473199032,256.4706314293347,301.7301546227467,40.72428841483706,-73.9784124054706
1003900037,107 AVENUE C,37.3454508399798,46233.66813989499,126.66758394491778,137.43125909112564,186.727254199899,219.67912258811646,40.724290358432185,-73.97898596050491
1003990047,181 EAST 3 STREET,49.72224703965671,61556.141835095004,168.64696393176715,182.9778691059367,248.6112351982835,292.48380611562766,40.72328603578571,-73.98387112391057
1003980066,24 AVENUE A,38.66191963235178,47863.45650485151,131.13275754753838,142.27586424705456,193.3095981617589,227.42305666089285,40.72305536241551,-73.9854579958005
1004000061,193 EAST 4 STREET,20.667240237744195,25586.043414327312,70.0987490803488,76.05544407489863,103.33620118872096,121.57200139849525,40.724195005270246,-73.98426107307354
1004340049,417 EAST 6 STREET,26.189705702684673,32422.855659923625,88.82974153403732,96.3781169858796,130.94852851342335,154.05709236873338,40.72622514310827,-73.98522485897294
1004340019,110 EAST 7 STREET,25.21104262460071,31211.27076925568,85.5103308746731,92.77663685853062,126.05521312300355,148.30025073294536,40.7263579661169,-73.98476890744712
1004350043,117 EAST 7 STREET,42.36768428083249,52451.19313967063,143.70189901279625,155.91307815346357,211.83842140416246,249.22167224019114,40.72659712112869,-73.9843091464043
1004350027,126 ST MARKS PLACE,37.21608760979839,46073.51646093041,126.22881222172715,136.9552024040581,186.08043804899197,218.9181624105788,40.72675241562956,-73.98379184713738
1004150012,176 ELDRIDGE STREET,75.40018593836317,93345.4301916936,255.74090463477697,277.47268425317645,377.0009296918158,443.53050551978333,40.720307371324154,-73.99062292555578
1004150012,176 ELDRIDGE STREET,75.40018593836317,93345.4301916936,255.74090463477697,277.47268425317645,377.0009296918158,443.53050551978333,40.720307371324154,-73.99062292555578
1004150012,176 ELDRIDGE STREET,75.40018593836317,93345.4301916936,255.74090463477697,277.47268425317645,377.0009296918158,443.53050551978333,40.720395401358694,-73.99057820133864
1004150012,176 ELDRIDGE STREET,75.40018593836317,93345.4301916936,255.74090463477697,277.47268425317645,377.0009296918158,443.53050551978333,40.720395401358694,-73.99057820133864
1004150022,145 ALLEN STREET,19.550275747961823,24203.241375976737,66.31025034514174,71.9450147524995,97.75137873980911,115.00162204683426,40.72051311645003,-73.99010710659779
1004160032,66 RIVINGTON STREET,45.98821767056429,56933.41347615859,155.98195472920162,169.23664102767657,229.94108835282142,270.5189274739076,40.72075100207319,-73.98993830470322
1004210078,42 RIVINGTON STREET,51.96996528464487,64338.81702239035,176.27073156819273,191.24947224749315,259.84982642322433,305.7056781449698,40.72107031990554,-73.99097661591188
1004210080,40 RIVINGTON STREET,28.07499213298702,34756.84026063793,95.22421989215871,103.31597104939225,140.3749606649351,165.14701254698247,40.72110947371932,-73.9910878555117
1004210043,172 FORSYTH STREET,34.64985614737221,42896.5219104468,117.52471756286793,127.51147062232974,173.24928073686104,203.8226832198365,40.72132139064403,-73.99106603215337
1004160064,153 ORCHARD STREET,29.970690949770837,37103.715395816296,101.65401478305834,110.29214269515667,149.85345474885418,176.29818205747551,40.72082469282454,-73.98912080905932
1004160063,155 ORCHARD STREET,30.32044765626338,37536.714198454065,102.84031287247689,111.57924737504923,151.6022382813169,178.3555744486081,40.72088895264605,-73.98908788651946
1004160062,157 ORCHARD STREET,31.872884084882955,39458.6304970851,108.10583697831534,117.29221343236928,159.36442042441476,187.48755344048794,40.72095520248288,-73.98905448359233
1004160055,85 STANTON STREET,27.305521320468745,33804.23539474031,92.61434354723373,100.48431845932498,136.52760660234372,160.62071364981614,40.72137318367339,-73.98882256197979
1004220064,231 ELDRIDGE STREET,38.22012036706958,47316.509014432144,129.63427127241684,140.65004295081607,191.1006018353479,224.8242374533505,40.722361390286395,-73.99007312528997
1004170019,201 ALLEN STREET,37.248381522419955,46113.496324755906,126.33834609522167,137.07404400250542,186.24190761209977,219.10812660247032,40.72254767714181,-73.989162807018
1004170018,159 EAST HOUSTON STREET,67.4485061951325,83501.25066957403,228.77054977965489,248.21050279808756,337.2425309756625,396.755918794897,40.722759359147,-73.98907700764691
1004220062,233 ELDRIDGE STREET,38.07397988649063,47135.58709947541,129.1385947930833,140.11224598228554,190.36989943245317,223.96458756759196,40.72245455007605,-73.99002488883227
1004220060,237 ELDRIDGE STREET,52.53744412783366,65041.35583025807,178.19549542536458,193.33779439042786,262.6872206391683,309.04378898725685,40.72256874477319,-73.9899754403573
1004220057,245 ELDRIDGE STREET,36.98427265360176,45786.52954515898,125.44254669906569,136.10212336525444,184.92136326800878,217.5545450211868,40.72277021148783,-73.98985747510694
1004420021,49 EAST 1 STREET,39.97676171409107,49491.23100204474,135.59241370423217,147.11448310785514,199.88380857045533,235.15742184759452,40.72363260611893,-73.98972500513818
1004120040,162 LUDLOW STREET,30.931042352495467,38292.630432389386,104.9113162531216,113.82623585718332,154.65521176247734,181.94730795585568,40.72126474710965,-73.98749323989912
1004120035,161 LUDLOW STREET,31.16188858390982,38578.41806688036,105.69429607364482,114.67574998878814,155.8094429195491,183.3052269641754,40.72146142515673,-73.98789716319635
1004110009,162 ORCHARD STREET,24.85504851306835,30770.55005917862,84.30287687446197,91.46657852809153,124.27524256534174,146.20616772393146,40.72106118400166,-73.98851960057165
1004110018,101 STANTON STREET,30.09740192124285,37260.58357849865,102.0837906260237,110.75843907017368,150.48700960621423,177.0435407131932,40.721164660272855,-73.98798225739911
1004110011,166 ORCHARD STREET,26.447870956167222,32742.46424373502,89.70538148968498,97.32816511869538,132.2393547808361,155.57571150686599,40.72118193668912,-73.98843238904959
1004120001,172 ORCHARD STREET,37.670968234908706,46636.65867481698,127.7716676022383,138.62916310446403,188.3548411745435,221.5939307935806,40.721484251556234,-73.98823073824839
1004170068,86 STANTON STREET,29.58499108388569,36626.218961850485,100.34580537493284,108.87276718869933,147.92495541942844,174.02935931697465,40.721631506933676,-73.98861518804918
1004170056,185 EAST HOUSTON STREET,66.52711002290478,82360.56220835612,225.64537591330443,244.8197648842896,332.6355501145239,391.3359413112046,40.72247027359142,-73.98815425780094
1004170056,185 EAST HOUSTON STREET,66.52711002290478,82360.56220835612,225.64537591330443,244.8197648842896,332.6355501145239,391.3359413112046,40.72247027359142,-73.98815425780094
1004170056,185 EAST HOUSTON STREET,66.52711002290478,82360.56220835612,225.64537591330443,244.8197648842896,332.6355501145239,391.3359413112046,40.72250410556728,-73.98823704036285
1004170056,185 EAST HOUSTON STREET,66.52711002290478,82360.56220835612,225.64537591330443,244.8197648842896,332.6355501145239,391.3359413112046,40.72250410556728,-73.98823704036285
1004170054,179 EAST HOUSTON STREET,26.663466498304885,33009.37152490145,90.4366343147985,98.12155671376198,133.3173324915244,156.843920578264,40.72253313092317,-73.98832021806292
1004290005,18 1 AVENUE,46.33568705163958,57363.5805699298,157.16049471213643,170.51532835003366,231.6784352581979,272.5628650096446,40.72347675660699,-73.98793635954907
1004430050,54 EAST 1 STREET,28.78523374993846,35636.119382423814,97.6332037874625,105.92966019977354,143.9261687496923,169.3249044114027,40.723914958273,-73.98937624262832
1005070004,232 ELIZABETH STREET,36.41373598154404,45080.20514515153,123.50741135657952,134.00254841208206,182.06867990772022,214.1984469502591,40.72308641707715,-73.99377755527541
1005080044,233 ELIZABETH STREET,41.50467030034943,51382.781831832595,140.77474474474684,152.7371867052859,207.52335150174713,244.14511941382017,40.72313025419863,-73.99423989501811
1005080053,31 PRINCE STREET,32.488444814929466,40220.694680882676,110.1936840572128,119.55747691894042,162.44222407464733,191.1084989113498,40.723153219444576,-73.99471389438148
1005080042,239 ELIZABETH STREET,19.816938762043108,24533.370187409368,67.21471284221745,72.92633464431864,99.08469381021554,116.57022801201829,40.72326554044568,-73.99417331095681
1005080001,246 MOTT STREET,104.5775006424833,129466.94579539432,354.70396108327213,384.84520236433855,522.8875032124165,615.1617684851959,40.72327141569834,-73.99456962957377
1005080001,246 MOTT STREET,104.5775006424833,129466.94579539432,354.70396108327213,384.84520236433855,522.8875032124165,615.1617684851959,40.72327141569834,-73.99456962957377
1005080001,246 MOTT STREET,104.5775006424833,129466.94579539432,354.70396108327213,384.84520236433855,522.8875032124165,615.1617684851959,40.72327141569834,-73.99456962957377
1005080001,246 MOTT STREET,104.5775006424833,129466.94579539432,354.70396108327213,384.84520236433855,522.8875032124165,615.1617684851959,40.72327141569834,-73.99456962957377
1005080001,246 MOTT STREET,104.5775006424833,129466.94579539432,354.70396108327213,384.84520236433855,522.8875032124165,615.1617684851959,40.72333722440322,-73.99454020498128
1005080001,246 MOTT STREET,104.5775006424833,129466.94579539432,354.70396108327213,384.84520236433855,522.8875032124165,615.1617684851959,40.72333722440322,-73.99454020498128
1005080001,246 MOTT STREET,104.5775006424833,129466.94579539432,354.70396108327213,384.84520236433855,522.8875032124165,615.1617684851959,40.72333722440322,-73.99454020498128
1005080001,246 MOTT STREET,104.5775006424833,129466.94579539432,354.70396108327213,384.84520236433855,522.8875032124165,615.1617684851959,40.72333722440322,-73.99454020498128
1005080001,246 MOTT STREET,104.5775006424833,129466.94579539432,354.70396108327213,384.84520236433855,522.8875032124165,615.1617684851959,40.723402446395454,-73.99451135511484
1005080001,246 MOTT STREET,104.5775006424833,129466.94579539432,354.70396108327213,384.84520236433855,522.8875032124165,615.1617684851959,40.723402446395454,-73.99451135511484
1005080001,246 MOTT STREET,104.5775006424833,129466.94579539432,354.70396108327213,384.84520236433855,522.8875032124165,615.1617684851959,40.723402446395454,-73.99451135511484
1005080001,246 MOTT STREET,104.5775006424833,129466.94579539432,354.70396108327213,384.84520236433855,522.8875032124165,615.1617684851959,40.723402446395454,-73.99451135511484
1005080001,246 MOTT STREET,104.5775006424833,129466.94579539432,354.70396108327213,384.84520236433855,522.8875032124165,615.1617684851959,40.72346804189236,-73.99448438850807
1005080001,246 MOTT STREET,104.5775006424833,129466.94579539432,354.70396108327213,384.84520236433855,522.8875032124165,615.1617684851959,40.72346804189236,-73.99448438850807
1005080001,246 MOTT STREET,104.5775006424833,129466.94579539432,354.70396108327213,384.84520236433855,522.8875032124165,615.1617684851959,40.72346804189236,-73.99448438850807
1005080001,246 MOTT STREET,104.5775006424833,129466.94579539432,354.70396108327213,384.84520236433855,522.8875032124165,615.1617684851959,40.72346804189236,-73.99448438850807
1005080035,253 ELIZABETH STREET,20.918339897267277,25896.904792816887,70.95042408990928,76.97949082194357,104.59169948633638,123.04905821921928,40.723648044060056,-73.99402278149425
1005080014,274 MOTT STREET,37.76423070658518,46752.11761475245,128.08799346507521,138.97236900023344,188.8211535329259,222.14253356814814,40.724023906115285,-73.99424219683688
1005090027,285 MOTT STREET,71.93817423540467,89059.45970343098,243.99851973542735,264.7324811862892,359.6908711770233,423.16573079649805,40.72430096688406,-73.99459801814803
1005210026,302 MOTT STREET,54.76381490943532,67797.60285788092,185.74685714487924,201.53083886672198,273.81907454717657,322.14008770256066,40.72489473284754,-73.99386465939001
1004430020,67 EAST 2 STREET,71.34155691242395,88320.84745758085,241.9749245413174,262.5369294377201,356.70778456211974,419.6562171319056,40.72417921690037,-73.98923913662212
1004570020,21 EAST 2 STREET,65.73575641196908,81380.86643801772,222.9612779123773,241.9075835960462,328.6787820598454,386.68092007040633,40.72505032691551,-73.99107712149497
1004580032,32 EAST 2 STREET,36.878859940265734,45656.02860604898,125.08500987958625,135.7142045801779,184.39429970132866,216.93447023685727,40.72521123144278,-73.99051851112318
1004430004,26 2 AVENUE,42.93153110262689,53149.23550505209,145.61434384945778,157.98803445766697,214.65765551313444,252.53841825074642,40.724380473671914,-73.99018850880582
1004430004,26 2 AVENUE,42.93153110262689,53149.23550505209,145.61434384945778,157.98803445766697,214.65765551313444,252.53841825074642,40.724380473671914,-73.99018850880582
1004430004,26 2 AVENUE,42.93153110262689,53149.23550505209,145.61434384945778,157.98803445766697,214.65765551313444,252.53841825074642,40.72447565882679,-73.99037089632878
1004430004,26 2 AVENUE,42.93153110262689,53149.23550505209,145.61434384945778,157.98803445766697,214.65765551313444,252.53841825074642,40.72447565882679,-73.99037089632878
1004440008,50 2 AVENUE,28.072615425220132,34753.897896422524,95.21615862033568,103.30722476481009,140.36307712610065,165.1330319130596,40.72537489155859,-73.98974697221456
1004440024,70 EAST 3 STREET,30.590130091867174,37870.58105373156,103.75501658556593,112.57167873807118,152.95065045933586,179.94194171686573,40.72493075917955,-73.98885480313342
1004440022,66 EAST 3 STREET,38.18267874211957,47270.15628274403,129.50727748696994,140.512257771,190.91339371059783,224.60399260070335,40.72497978259089,-73.98894651288232
1004440019,60 EAST 3 STREET,26.712085480763353,33069.56182518503,90.60153924708229,98.30047456920914,133.56042740381676,157.1299145927256,40.72506839221918,-73.98916204279135
1004440018,58 EAST 3 STREET,33.878800398621124,41941.95489349295,114.90946546162452,124.67398546692573,169.3940019931056,199.28706116835954,40.725098262520106,-73.98924809997442
1004440014,50 EAST 3 STREET,44.44257944124693,55019.9133482637,150.73948862538,163.5486923437887,222.21289720623463,261.4269378896878,40.72518714186547,-73.98946697951685
1004590039,21 EAST 3 STREET,24.79021211344901,30690.282596449873,84.08296601767088,91.22798057749236,123.95106056724504,145.82477713793534,40.72607287305475,-73.99050437596365
1004590035,53 2 AVENUE,33.32922991881027,41261.58663948711,113.0454428479099,122.65156610122179,166.64614959405134,196.0542936400604,40.72581852075611,-73.99010263097806
1004590036,27 EAST 3 STREET,22.39026341672411,27719.14610990445,75.94286605453274,82.39616937354472,111.95131708362055,131.707431863083,40.725955889786256,-73.99027004390882
1004590016,60 EAST 4 STREET,32.39398963702504,40103.75917063699,109.87331279626574,119.20988186425214,161.96994818512516,190.55288021779432,40.72652391656255,-73.99078647098229
1004290009,26 1 AVENUE,40.35962982123024,49965.22171868304,136.8910184073508,148.52343774212727,201.79814910615121,237.40958718370732,40.723707045435106,-73.98780456840198
1004450042,89 EAST 3 STREET,28.024381497427534,34694.184293815284,95.05255970908297,103.12972391053331,140.12190748713766,164.84930292604432,40.724961761841186,-73.98789985659033
1004450033,57 1 AVENUE,25.28018652755192,31296.870921109276,85.74485183865555,93.03108642139107,126.4009326377596,148.70697957383481,40.72509000252137,-73.98747902559191
1004450028,124 EAST 4 STREET,26.49575092195937,32801.7396413857,89.86777983941288,97.50436339281049,132.47875460979685,155.85735836446688,40.72527458218697,-73.98777636906777
1004450047,77 EAST 3 STREET,29.582156739969072,36622.71004408171,100.33619190159372,108.86233680308618,147.91078369984535,174.01268670570042,40.72514148488023,-73.9882832410282
1004450049,75 EAST 3 STREET,27.272625022871853,33763.509778315354,92.50276651593248,100.36326008416842,136.36312511435926,160.42720601689325,40.72517557603192,-73.9883643296265
1004450050,73 EAST 3 STREET,25.937550064005194,32110.68697923843,87.97448487462584,95.45018423553911,129.68775032002597,152.57382390591292,40.72520892575766,-73.98844227160014
1004450051,71 EAST 3 STREET,26.682592129696367,33033.0490565641,90.50150426455919,98.19193903728262,133.41296064848183,156.95642429233158,40.725242323012665,-73.98852130756369
1004460026,336 EAST 5 STREET,27.05241490634563,33490.889654055885,91.75586206590654,99.55288685535191,135.26207453172813,159.1318523902684,40.725914210097145,-73.98741500492264
1004450020,108 EAST 4 STREET,50.08134642723988,62000.70687692297,169.86495034773418,184.29935485224274,250.4067321361994,294.59615545435224,40.7255210194143,-73.9883710001967
1004460011,306 EAST 5 STREET,49.191880460148305,60899.5480096636,166.8480767388044,181.02612009334575,245.95940230074152,289.3640027067547,40.72634540909999,-73.98843391653185
1004470036,343 EAST 5 STREET,40.81774996710673,50532.37445927813,138.44486153226885,150.20931987895275,204.08874983553363,240.10441157121605,40.72610480359132,-73.98695570803135
1004470036,343 EAST 5 STREET,40.81774996710673,50532.37445927813,138.44486153226885,150.20931987895275,204.08874983553363,240.10441157121605,40.72610480359132,-73.98695570803135
1004470036,343 EAST 5 STREET,40.81774996710673,50532.37445927813,138.44486153226885,150.20931987895275,204.08874983553363,240.10441157121605,40.726152282633024,-73.98703439171742
1004470036,343 EAST 5 STREET,40.81774996710673,50532.37445927813,138.44486153226885,150.20931987895275,204.08874983553363,240.10441157121605,40.726152282633024,-73.98703439171742
1004450009,68 2 AVENUE,41.592318246306746,51491.289988927754,141.07202736692534,153.0597311464088,207.9615912315337,244.66069556651024,40.725958199406676,-73.98923628977582
1004470026,340 EAST 6 STREET,25.730448903619244,31854.295742680624,87.27204313063184,94.68805196531882,128.6522445180962,151.35558178599555,40.72646444640285,-73.98681321061808
1004460009,302 EAST 5 STREET,44.14967432046863,54657.29680874016,149.74601865408263,162.47080149932455,220.74837160234313,259.7039665909919,40.72640798200185,-73.9885642082192
1004470053,309 EAST 5 STREET,50.622404107766016,62670.53628541433,171.70009941209406,186.29044711657895,253.11202053883005,297.77884769274124,40.726739223907416,-73.98830970892485
1004470001,88 2 AVENUE,52.45824402850234,64943.3061072859,177.92686604735863,193.04633802488863,262.2912201425117,308.5779060500138,40.72682066745511,-73.98862895162955
1004470003,92 2 AVENUE,53.25504629178039,65929.74730922413,180.62944468280583,195.97857035375182,266.27523145890194,313.2649781869435,40.72692059358453,-73.98851570215288
1004480024,80 EAST 7 STREET,33.537506858987676,41519.433491426746,113.75187257925135,123.41802524107464,167.6875342949384,197.27945211169222,40.72709557091019,-73.98647589547178
1004480022,76 EAST 7 STREET,32.819073846578156,40630.013422063756,111.3151052659281,120.77419175540761,164.09536923289076,193.0533755681068,40.72714626080848,-73.98659433643208
1004480021,74 EAST 7 STREET,24.860425061553983,30777.20622620383,84.32111294850364,91.48636422651866,124.3021253077699,146.2377944797293,40.72717832441502,-73.9867000252226
1004480020,72 EAST 7 STREET,25.525990767058104,31601.17656961793,86.57856594415871,93.93564602277382,127.62995383529051,150.15288686504766,40.727211849185544,-73.98677957509217
1004480019,70 EAST 7 STREET,24.274714948782986,30052.097106593337,82.33451262080366,89.33095101152139,121.37357474391493,142.79244087519405,40.727245257037545,-73.98685883744547
1004480017,66 EAST 7 STREET,24.614278624370325,30472.476936970463,83.48623818348072,90.58054533768279,123.07139312185161,144.7898742610019,40.72731033707765,-73.98701645138893
1004490043,77 EAST 7 STREET,25.155390221356257,31142.373094039045,85.32157012065491,92.57183601459103,125.77695110678128,147.9728836550368,40.72744162288725,-73.9863044096992
1004490044,73 EAST 7 STREET,54.27655220327736,67194.37162765737,184.0941688428969,199.7377121080607,271.3827610163868,319.2738364898668,40.727498248704634,-73.9864160539209
1004600042,69 2 AVENUE,25.80275384418276,31943.809259098256,87.51728564136509,94.95413414659255,129.0137692209138,151.78090496578093,40.72641093989151,-73.98962821650404
1004600037,77 2 AVENUE,44.27397052399468,54811.17550870541,150.16760413343948,162.9282115283004,221.3698526199734,260.43512072938046,40.72665651138728,-73.98946242081682
1004600052,69 EAST 4 STREET,28.14365552821675,34841.84554393234,95.45711107926668,103.56865234383764,140.71827764108374,165.55091487186323,40.72685613111928,-73.99044180344778
1004600053,67 EAST 4 STREET,27.784708613913228,34397.46926402458,94.23964181924542,102.24772769920068,138.92354306956614,163.4394624347837,40.726889374472506,-73.99052082683521
1004600054,65 EAST 4 STREET,27.242954782978984,33726.778021327984,92.40213156528215,100.25407360136266,136.21477391489492,160.25267519399404,40.726922537567425,-73.99060065911003
1004600048,77 EAST 4 STREET,28.401190472454033,35160.67380489809,96.33061316410436,104.51638093863083,142.00595236227016,167.06582630855314,40.726723648665875,-73.99012726700781
1004600049,75 EAST 4 STREET,25.89741228001072,32060.996402653273,87.8383463086391,95.30247719043945,129.4870614000536,152.33771929418072,40.726755531672005,-73.99020577558618
1004600050,73 EAST 4 STREET,27.229642305448973,33710.29717414583,92.35697855930364,100.20508368405223,136.14821152724485,160.174366502641,40.72679057991202,-73.99028226708394
1004600051,71 EAST 4 STREET,27.776404394549026,34387.18864045169,94.21147572726491,102.21716817194041,138.88202197274512,163.3906140855825,40.72682344024769,-73.99036158527723
1004600029,236 EAST 5 STREET,65.85022019913417,81522.5726065281,223.34951399048796,242.32881033281376,329.2511009956708,387.3542364654951,40.726900267306554,-73.98974411622277
1004610035,87 2 AVENUE,68.15722744345784,84378.64757500081,231.17437691781043,250.81859699192484,340.7861372172892,400.9248673144579,40.7270426481853,-73.98919193618504
1004610037,237 EAST 5 STREET,30.850110693235713,38192.43703822581,104.6368138033584,113.52840735110743,154.25055346617856,181.47123937197478,40.727195223509945,-73.98938256383028
1004610046,221 EAST 5 STREET,28.20117282677244,34913.05195954428,95.65219714943639,103.78031600252257,141.0058641338622,165.88925192219082,40.72746115634105,-73.99002251981625
1004600059,57 EAST 4 STREET,29.30618772122028,36281.06039887071,99.4001654763581,107.84677081409062,146.5309386061014,172.38933953658986,40.72704614739601,-73.99092111798527
1004610053,207 EAST 5 STREET,30.062671039819108,37217.58674729605,101.96599108848234,110.63062942653431,150.31335519909553,176.83924141070062,40.72769504246545,-73.99057658353767
1004610030,97 2 AVENUE,36.55395739361866,45253.7992532999,123.98301165287643,134.51856320851667,182.76978696809329,215.02327878599212,40.72731757623588,-73.98900163949736
1004610012,208 EAST 6 STREET,52.113044182343096,64515.94869774075,176.7560238294267,191.77600259102257,260.56522091171547,306.54731871966527,40.72791628950259,-73.99025996869537
1004490050,63 EAST 7 STREET,28.346206523387877,35092.60367595419,96.14411966014846,104.31404000606739,141.7310326169394,166.74239131404633,40.72768041335305,-73.98685131011135
1004490052,59 EAST 7 STREET,27.51543014021525,34064.102513586484,93.32630825640132,101.25678291599212,137.57715070107625,161.85547141303087,40.72774590088019,-73.98701015018774
1004490021,64 ST MARKS PLACE,28.215820233781614,34931.18544942164,95.70187794362093,103.83421846031634,141.07910116890807,165.97541313989186,40.72783104759491,-73.98643176811704
1004630036,41 EAST 7 STREET,36.40669231728446,45071.48508879816,123.48352079122783,133.9766277276068,182.0334615864223,214.15701363108508,40.72837011430125,-73.98856516389043
1004620017,36 EAST 7 STREET,27.49362284811286,34037.10508596372,93.25234270127046,101.17653208105531,137.4681142405643,161.7271932241933,40.72816571176635,-73.98904725153737
1004620016,34 EAST 7 STREET,25.698966567430617,31815.320610479102,87.16526194651809,94.57219696814467,128.49483283715307,151.17039157312126,40.7281978877136,-73.98912380204669
1004620015,32 EAST 7 STREET,25.657120820699124,31763.515576025515,87.02333034527538,94.41820462017277,128.28560410349561,150.92424012175957,40.728230453172934,-73.98920192533244
1004490018,58 ST MARKS PLACE,25.58324319164508,31672.05507125661,86.77275361988113,94.1463349452539,127.91621595822541,150.48966583320637,40.72793726733974,-73.98666468736222
1004490004,124 2 AVENUE,40.554796393515886,50206.83793517267,137.5529806443087,149.24165072813844,202.77398196757943,238.5576258442111,40.72814725534406,-73.9875694571971
1004490006,128 2 AVENUE,35.41558424036059,43844.49328956641,120.12189942346961,130.32935000452696,177.07792120180292,208.32696611976814,40.72827877942712,-73.987487988303
1004500047,55 ST MARKS PLACE,28.898584045389182,35776.44704819181,98.01766314573099,106.34678928703218,144.4929202269459,169.99167085523047,40.72833168121431,-73.98648069201847
1004630031,127 2 AVENUE,32.27254560072911,39953.41145370264,109.46140124302093,118.76296781068311,161.36272800364554,189.83850353370065,40.728465780224255,-73.9881581182918
1004630030,129 2 AVENUE,32.11900512389319,39763.32834337977,108.94062559830074,118.19793885592692,160.59502561946593,188.9353242581952,40.728528290681666,-73.98811366009065
1004630028,131 2 AVENUE,46.63707510257575,57736.69897698878,158.18273692325693,171.62443637747876,233.18537551287872,274.3357358975044,40.72860494670228,-73.98806892615058
1004630027,34 1/2 ST MARKS PLACE,21.70853236714504,26875.16307052556,73.63058375486455,79.88739911109374,108.54266183572518,127.69724921850022,40.72863649445295,-73.988307578522
1004630024,30 ST MARKS PLACE,32.14177822659505,39791.521444524675,109.01786697130048,118.28174387386979,160.70889113297525,189.06928368585324,40.72870253030642,-73.98857154486343
1004500018,328 EAST 9 STREET,33.04359454833672,40907.97005084086,112.07663027627632,121.60042793787912,165.21797274168358,194.3740855784513,40.728570622291215,-73.98622726981753
1004500016,324 EAST 9 STREET,34.65051743684582,42897.340586815124,117.52696051182225,127.5139041675926,173.25258718422907,203.82657315791656,40.72861441767163,-73.98635034995009
1004500014,318 EAST 9 STREET,26.704444693638578,33060.10253072456,90.57562337184811,98.27235647258996,133.5222234681929,157.08496878610927,40.72868715295044,-73.98653018952845
1004500012,314 EAST 9 STREET,27.26362564455969,33752.36854796489,92.47224259716408,100.33014237197966,136.31812822279844,160.37426849740993,40.728717786206346,-73.98661203214458
1004500011,312 EAST 9 STREET,25.081541873171417,31050.948838986216,85.07109270955128,92.30007409327082,125.40770936585707,147.53848160689068,40.72875611133009,-73.98668283282348
1004630021,24 ST MARKS PLACE,29.952153797520566,37080.76640133046,101.5911408255629,110.22392597487567,149.76076898760283,176.1891399854151,40.72881448042425,-73.988820792559
1004500001,132 2 AVENUE,26.924901178613755,33333.02765912383,91.32336344965432,99.08363633729861,134.62450589306877,158.38177163890444,40.728622154843855,-73.98732425001973
1004640036,139 2 AVENUE,33.5263161847546,41505.57943672619,113.71391626500326,123.37684355989691,167.631580923773,197.2136246162035,40.72912114472513,-73.98771320852266
1004640034,141 2 AVENUE,44.68776437983044,55323.452302230085,151.57110219789064,164.45097291777603,223.4388218991522,262.8692022342967,40.729183487236256,-73.98758874648736
1004640033,240 EAST 9 STREET,22.050561616547185,27298.595281285416,74.79067200352169,81.14606674889365,110.25280808273592,129.70918597968932,40.729282692755056,-73.98778545331386
1004790009,196 MOTT STREET,53.17956766100405,65836.30476432301,180.373437710474,195.7008089924949,265.89783830502023,312.8209862412003,40.721101194813556,-73.9954332923031
1004790018,20 SPRING STREET,30.17949239704836,37362.21158754587,102.36222352752293,111.06053202113797,150.8974619852418,177.52642586499036,40.72124552455356,-73.99513413635123
1004790014,26 SPRING STREET,56.563689674091236,70025.84781652495,191.85163785349303,208.15437800065575,282.81844837045617,332.72758631818374,40.72138482387775,-73.99539262523201
1004800004,184 MULBERRY STREET,59.617098937777634,73805.9684849687,202.2081328355307,219.3909240910217,298.08549468888816,350.6888172810449,40.72094082357007,-73.9963988966545
1004800029,193 MOTT STREET,52.56850805424062,65079.812971149884,178.30085745520518,193.45210963960548,262.84254027120306,309.22651796612126,40.72113109272071,-73.99591440007202
1004920044,11 SPRING STREET,33.5494994793873,41534.280355481475,113.79254891912733,123.46215808414527,167.7474973969365,197.34999693757234,40.72145183561207,-73.99451306295236
1004920004,196 ELIZABETH STREET,28.855437513449914,35723.031641650996,97.87131956616712,106.18801004949567,144.27718756724957,169.73786772617598,40.72177985278897,-73.99428274599067
1004920005,198 ELIZABETH STREET,40.739406844653246,50435.38567368072,138.17913883200197,149.92101718832393,203.69703422326623,239.64356967443086,40.72186580354286,-73.99424484415637
1004940033,213 MOTT STREET,25.115493005262064,31092.980340514434,85.18624750825872,92.42501425936439,125.5774650263103,147.73819414860037,40.72203771278107,-73.99551143628874
1004940032,215 MOTT STREET,23.13631951045649,28642.763553945137,78.47332480532914,85.14165579847989,115.68159755228245,136.0959971203323,40.72210509135898,-73.99548486620264
1004950042,213 MULBERRY STREET,22.060158136590875,27310.475773099504,74.82322129616303,81.18138194265441,110.30079068295437,129.7656360975934,40.72212825190583,-73.99641226475423
1004950040,217 MULBERRY STREET,18.67108505773208,23114.80330147231,63.32822822321181,68.70959301245405,93.35542528866038,109.82991210430635,40.72224183373016,-73.99635933075784
1004950038,219 MULBERRY STREET,32.24462045646712,39918.84012510629,109.3666852742638,118.66020327979898,161.2231022823356,189.67423797921833,40.72232719956563,-73.99632443465892
1004950031,239 MULBERRY STREET,31.234877479880943,38668.778320092606,105.94185841121262,114.94434912596188,156.1743873994047,183.73457341106436,40.72281328782649,-73.99611360862566
1004950031,239 MULBERRY STREET,31.234877479880943,38668.778320092606,105.94185841121262,114.94434912596188,156.1743873994047,183.73457341106436,40.72281328782649,-73.99611360862566
1004950031,239 MULBERRY STREET,31.234877479880943,38668.778320092606,105.94185841121262,114.94434912596188,156.1743873994047,183.73457341106436,40.72285782300851,-73.99632154750678
1004950031,239 MULBERRY STREET,31.234877479880943,38668.778320092606,105.94185841121262,114.94434912596188,156.1743873994047,183.73457341106436,40.72285782300851,-73.99632154750678
1004950030,241 MULBERRY STREET,30.740873735156658,38057.201684123946,104.26630598390122,113.1264153453765,153.7043686757833,180.8286690303333,40.72289250960548,-73.99614411037695
1004940009,240 MULBERRY STREET,27.972010964119377,34629.34957357979,94.87493033857477,102.9370003479593,139.86005482059687,164.5412409654081,40.7227981412256,-73.99571363551131
1004940010,242 MULBERRY STREET,31.181686926156118,38602.92841458127,105.76144771118156,114.74860788825453,155.9084346307806,183.42168780091833,40.72286072622501,-73.99566129213056
1004730130,37B CROSBY STREET,21.22262010991252,26273.6036960717,71.98247587964849,78.09924200447807,106.11310054956259,124.8389418230148,40.72082799267469,-73.99906147488272
1004820025,222 LAFAYETTE STREET,40.39325032221137,50006.84389889768,137.00505177780187,148.64716118573784,201.96625161105686,237.6073548365375,40.72210962741284,-73.99766917689318
1004820024,224 LAFAYETTE STREET,18.619579437161004,23051.039343205324,63.15353244713788,68.5200523287525,93.09789718580501,109.52693786565295,40.722141945719066,-73.99755523288849
1004940014,46 PRINCE STREET,26.679169371695675,33028.81168215925,90.48989501961438,98.17934328784008,133.39584685847836,156.93629042173927,40.723167558403915,-73.99565388231197
1004950011,255 LAFAYETTE STREET,193.77151316226494,239889.133294884,657.2305021777644,713.079168437135,968.8575658113247,1139.8324303662644,40.72334000540178,-73.99639724548001
1005100026,49 PRINCE STREET,39.48951949331121,48888.025132719275,133.9397948841624,145.32143173538523,197.44759746655603,232.29129113712474,40.723616124855646,-73.99587237382114
1005090014,280 MULBERRY STREET,35.914928605571816,44462.68161369791,121.81556606492578,132.16693726850428,179.57464302785908,211.26428591512834,40.72434498182531,-73.99498637429997
1003790037,133 AVENUE D,35.92271469864834,44472.320796926644,121.8419747861004,132.19559009102588,179.61357349324172,211.31008646263732,40.72457574153529,-73.97568866920969
1003900042,219 EAST 7 STREET,43.524526744590894,53883.36410980353,147.62565509535213,160.17025842009448,217.62263372295445,256.0266279093582,40.724513333814485,-73.97935060715324
1003780004,134 AVENUE C,63.833316905114295,79025.6463285315,216.5086200781685,234.90660621082057,319.16658452557147,375.49009944184877,40.72488644250044,-73.97796760528192
1003780004,134 AVENUE C,63.833316905114295,79025.6463285315,216.5086200781685,234.90660621082057,319.16658452557147,375.49009944184877,40.72488644250044,-73.97796760528192
1003890019,202 EAST 7 STREET,24.69464576929666,30571.971462389265,83.75882592435416,90.87629643101171,123.4732288464833,145.2626221723333,40.72446941858311,-73.98026133524623
1003890018,200 EAST 7 STREET,25.639652594494393,31741.889911984057,86.96408195064126,94.35392154773936,128.19826297247195,150.821485849967,40.724507071336475,-73.98035204371965
1003890017,198 EAST 7 STREET,26.324838833173846,32590.15047546922,89.28808349443622,96.87540690607975,131.62419416586923,154.85199313631674,40.72453661675193,-73.98043185758918
1003900050,209 EAST 7 STREET,46.980253358597,58161.553657943085,159.346722350529,172.88733235963696,234.90126679298498,276.3544315211588,40.72471231972606,-73.97981527631599
1003780009,140 AVENUE C,42.16659255829657,52202.24158717116,143.01983996485248,155.17306061453138,210.83296279148286,248.03877975468572,40.725075199600596,-73.9778195424814
1003790057,713 EAST 9 STREET,40.985059594543955,50739.503778045415,139.01233911793264,150.82501930792176,204.92529797271976,241.08858585025854,40.72515276564342,-73.97714765578284
1003780004,134 AVENUE C,63.833316905114295,79025.6463285315,216.5086200781685,234.90660621082057,319.16658452557147,375.49009944184877,40.72497847687108,-73.9778990171666
1003780004,134 AVENUE C,63.833316905114295,79025.6463285315,216.5086200781685,234.90660621082057,319.16658452557147,375.49009944184877,40.72497847687108,-73.9778990171666
1003900009,304 EAST 8 STREET,51.01727905271312,63159.39146725884,173.03942867742148,187.74358691398427,255.08639526356558,300.10164148654775,40.72525169764915,-73.98024365428924
1003900009,304 EAST 8 STREET,51.01727905271312,63159.39146725884,173.03942867742148,187.74358691398427,255.08639526356558,300.10164148654775,40.72525169764915,-73.98024365428924
1003900009,304 EAST 8 STREET,51.01727905271312,63159.39146725884,173.03942867742148,187.74358691398427,255.08639526356558,300.10164148654775,40.725278360206936,-73.98030539270223
1003900009,304 EAST 8 STREET,51.01727905271312,63159.39146725884,173.03942867742148,187.74358691398427,255.08639526356558,300.10164148654775,40.725278360206936,-73.98030539270223
1003790017,416 EAST 10 STREET,43.932241577839505,54388.115073365305,149.00853444757618,161.67064900644937,219.66120788919753,258.42495045787945,40.72532014755192,-73.97673891274441
1003790015,412 EAST 10 STREET,37.86118998832742,46872.153205549344,128.41685809739548,139.32917915704488,189.30594994163707,222.71288228427892,40.72538755579837,-73.97686522157488
1003790012,406 EAST 10 STREET,36.68998131538776,45422.196868450046,124.44437498205492,135.01913124062696,183.44990657693882,215.82341950228096,40.72545984811992,-73.97705890129896
1003910048,323 EAST 8 STREET,30.24130453600126,37438.73501556956,102.5718767549851,111.28800069248462,151.2065226800063,177.89002668236034,40.72532881884964,-73.97937855668594
1003920037,145 AVENUE C,50.668209523864626,62727.243390544405,171.85546134395727,186.45901104782183,253.34104761932312,298.04829131685074,40.725514867374585,-73.97812848232992
1003920036,149 AVENUE C,19.97012909654846,24723.019821526996,67.73430088089587,73.49007507529834,99.85064548274231,117.47134762675566,40.72560700662089,-73.97805774760758
1004010047,533 EAST 5 STREET,26.431790044860577,32722.556075537395,89.65083856311615,97.26898736508691,132.15895022430288,155.4811179109446,40.72440317420169,-73.98277126552347
1004010030,540 EAST 6 STREET,28.338749568886996,35083.3719662821,96.11882730488247,104.28659841350414,141.69374784443497,166.69852687580584,40.72451150301891,-73.98221053773264
1004010056,515 EAST 5 STREET,20.1215249832959,24910.447929320322,68.24780254608308,74.0472119385289,100.60762491647948,118.36191166644645,40.72466967576269,-73.98350488135195
1003890007,105 AVENUE B,30.044125459860847,37194.62731930773,101.90308854604856,110.56238169228791,150.22062729930423,176.73014976388734,40.72480371013261,-73.98112902594393
1004020039,102 AVENUE B,18.955575020962197,23467.0018759512,64.29315582452384,69.75651607714089,94.77787510481097,111.5033824762482,40.72486448168014,-73.98159725396874
1003890009,184 EAST 7 STREET,43.19155885991506,53471.149868574845,146.49630100979408,158.94493660448742,215.95779429957528,254.067993293618,40.72487287706676,-73.98106199719741
1004350030,125 AVENUE A,26.16072803321136,32386.981305115663,88.73145563045387,96.2714791622178,130.8036401660568,153.88663548947858,40.72666517733206,-73.98338556804015
1004020032,178 EAST 7 STREET,27.136827974184946,33595.39303204096,92.04217269052319,99.8635269450006,135.68413987092472,159.62839984814673,40.72506296795816,-73.98168006748388
1004360034,131 AVENUE A,61.959790167793614,76706.2202277285,210.15402802117396,228.0120278174805,309.79895083896804,364.4693539281977,40.72691913915375,-73.98318475717672
1004360036,121 ST MARKS PLACE,55.32553904740969,68493.0173406932,187.65210230326903,203.59798369446764,276.62769523704844,325.4443473377041,40.72698587814013,-73.98336081553548
1004360037,119 ST MARKS PLACE,34.586395153343,42817.95719983863,117.30947178037981,127.27793416430222,172.93197576671497,203.4493832549588,40.727059129010236,-73.98351356309992
1004360039,115 ST MARKS PLACE,34.252005341734645,42403.98261306749,116.17529483032189,126.04737965758348,171.26002670867322,201.48238436314497,40.72710904823694,-73.98363112584238
1003910055,309 EAST 8 STREET,24.800361346151668,30702.847346535764,84.11738999050894,91.26532975383813,124.00180673075833,145.8844785067745,40.725515154602036,-73.97983876737283
1003910056,307 EAST 8 STREET,26.779992477117304,33153.630686671226,90.83186489498966,98.55037231579168,133.89996238558652,157.52936751245474,40.72555240825807,-73.97991004402436
1003910057,303 EAST 8 STREET,47.33204515080861,58597.07189670106,160.53992300466044,174.18192615497568,236.66022575404304,278.4237950047565,40.72559908699833,-73.98002833301655
1003910059,299 EAST 8 STREET,49.61433943198726,61422.55221680023,168.28096497753486,182.58076910971312,248.0716971599363,291.849055482278,40.7256637277982,-73.98018011076238
1003920041,643 EAST 9 STREET,22.35950414543892,27681.06613205338,75.83853734809145,82.28297525521522,111.7975207271946,131.52649497317012,40.72568258596219,-73.9784608880076
1003920045,635 EAST 9 STREET,31.28552556142415,38731.4806450431,106.1136456028578,115.13073406604087,156.42762780712076,184.032503302495,40.72582208073416,-73.9787016561868
1003920027,384 EAST 10 STREET,111.805623846631,138415.36232212916,379.22017074555936,411.4446957556021,559.0281192331549,657.6801402742999,40.72593880098389,-73.97821694713932
1003920048,627 EAST 9 STREET,105.51632354391637,130629.20854736847,357.8882425955301,388.30007064161225,527.5816177195818,620.6842561406845,40.72595616668899,-73.97903178058088
1003920022,374 EAST 10 STREET,49.300735783516615,61034.31089999357,167.2172901369687,181.42670768334114,246.50367891758304,290.004328138333,40.72611173789955,-73.97861260658532
1003910012,610 EAST 9 STREET,31.27394903488766,38717.14890519092,106.07438056216691,115.0881324483866,156.3697451744383,183.96440608757447,40.72582856615904,-73.97979918684443
1003910003,131 AVENUE B,56.757051327433686,70265.2295433629,192.50747820099426,208.86594888495597,283.7852566371684,333.8650078084334,40.72585973077261,-73.98033927086078
1003910011,608 EAST 9 STREET,29.389498602141845,36384.1992694516,99.68273772452494,108.15335485588199,146.94749301070922,172.87940354201086,40.725873618414305,-73.97987435745777
1003930047,377 EAST 10 STREET,26.072331932501882,32277.54693243733,88.43163543133515,95.94618151160692,130.3616596625094,153.36665842648165,40.72646160929174,-73.97840691502864
1003930051,367 EAST 10 STREET,42.90362122725123,53114.683079337025,145.51967966941652,157.88532611628452,214.51810613625614,252.3742425132425,40.72658277816355,-73.97870506824053
1003930023,632 EAST 11 STREET,49.77302261952085,61619.002002966816,168.8191835697721,183.16472323983672,248.86511309760425,292.7824859971815,40.72670800916238,-73.97817929361852
1003930018,622 EAST 11 STREET,26.681106719302445,33031.21011849643,90.4964660780724,98.18647272703299,133.4055335965122,156.94768658413201,40.72689446289284,-73.97861004477349
1003930016,620 EAST 11 STREET,27.786685820467035,34399.91704573819,94.2463480705156,102.25500381931869,138.93342910233517,163.4510930615708,40.72692704622927,-73.97868767921656
1004350025,122 ST MARKS PLACE,37.3417743301859,46229.116620770146,126.65511402950725,137.4177295350841,186.7088716509295,219.65749605991707,40.72680350825353,-73.98391409863954
1004350019,110 ST MARKS PLACE,40.6445814120208,50317.99178808175,137.85751174816917,149.57205959623653,203.22290706010398,239.08577301188703,40.72696378844934,-73.98432671199049
1004360042,109 ST MARKS PLACE,27.96870052355124,34625.25124815643,94.86370204974365,102.92481792666857,139.8435026177562,164.52176778559553,40.72722865185574,-73.98387721263974
1004360009,406 EAST 9 STREET,30.543697043233898,37813.096939523566,103.5975258617084,112.40080511910074,152.71848521616948,179.66880613666999,40.72783472620854,-73.9844332346674
1003940053,631 EAST 11 STREET,38.523976988857186,47692.68351220519,130.66488633480876,141.76823531899444,192.61988494428593,226.61162934621873,40.727036233413294,-73.97791371925139
1003940050,635 EAST 11 STREET,29.455544886468996,36465.96456944862,99.90675224506471,108.39640518220591,147.27772443234497,173.26791109687645,40.7269723773992,-73.97772878237049
1003940052,633 EAST 11 STREET,30.45381999801603,37701.82915754384,103.29268262340779,112.07005759269899,152.26909999008015,179.1401176353884,40.727002276742525,-73.97780962574429
1004040021,534 EAST 11 STREET,43.019894585844284,53258.62949727522,145.91405341719238,158.31321207590696,215.0994729292214,253.05820344614284,40.727633892879226,-73.98036178548809
1004040018,528 EAST 11 STREET,62.06604337737241,76837.76170118705,210.51441561969054,228.40303962873045,310.33021688686205,365.094372808073,40.72769738576495,-73.98052206382188
1003950001,195 AVENUE B,57.85980888164664,71630.44339547855,196.24779012459877,212.92409668445964,289.2990444082332,340.3518169508626,40.72814351371608,-73.97868315572329
1003950003,199 AVENUE B,73.68345016737192,91220.11130720643,249.91811317042857,271.15509661592864,368.4172508368596,433.4320598080701,40.7282636424002,-73.97861893693829
1003950003,199 AVENUE B,73.68345016737192,91220.11130720643,249.91811317042857,271.15509661592864,368.4172508368596,433.4320598080701,40.7282636424002,-73.97861893693829
1004050046,533 EAST 11 STREET,29.529835785128945,36557.93670198963,100.15873069038255,108.66979568927452,147.64917892564472,173.70491638311142,40.728036189329266,-73.98024551198743
1004370133,445 EAST 9 STREET,11.416214987833687,14133.274154938104,38.72129905462494,42.011671155227965,57.08107493916843,67.1542058107864,40.72747389685773,-73.98283891813301
1004040016,522 EAST 11 STREET,37.059060586988686,45879.117006691995,125.69621097723834,136.37734296011837,185.2953029349434,217.9944740411099,40.72779980104281,-73.98075642596794
1004040014,520 EAST 11 STREET,36.588831574433904,45296.973489149175,124.10129723054568,134.64690019391676,182.9441578721695,215.22842102608178,40.72784733292332,-73.98086938883633
1004040013,518 EAST 11 STREET,26.60514367957061,32937.16787530841,90.23881609673538,97.90692874081984,133.02571839785304,156.50084517394475,40.72788522136116,-73.98097390135047
1004040012,516 EAST 11 STREET,26.8900912672997,33289.932988917026,91.20529586004665,98.95553586366289,134.4504563364985,158.1770074547041,40.7279182017594,-73.98105302260765
1004370021,280 EAST 10 STREET,51.031416288047346,63176.89336460261,173.08737908110305,187.79561194001423,255.1570814402367,300.1848016943961,40.72799319292556,-73.9830656676852
1004380028,171 AVENUE A,28.04760812424091,34722.938857810244,95.13133933646643,103.21519789720654,140.23804062120453,164.98593014259356,40.72839898585921,-73.98215049639317
1004380027,173 AVENUE A,37.66496729230335,46629.22950787155,127.75131372019602,138.6070796356763,188.32483646151675,221.5586311311962,40.72846513927456,-73.98212207807167
1004380050,255 EAST 10 STREET,27.592984236142673,34160.11448434463,93.58935475162913,101.54218198900503,137.96492118071336,162.31167197730986,40.72864758902013,-73.98359470777143
1004500028,348 EAST 9 STREET,26.740269055369666,33104.45309054765,90.69713175492507,98.40419012376037,133.70134527684831,157.2957003257039,40.728250276763276,-73.98550478312742
1004370005,156 1 AVENUE,27.85888136504481,34489.29512992547,94.49121953404239,102.52068342336489,139.29440682522403,163.8757727355577,40.728400588137355,-73.984345251628
1004370006,158 1 AVENUE,19.073646373198013,23613.17421001914,64.69362797265518,70.19101865336869,95.36823186599007,112.19791984234126,40.728459685002974,-73.98432174621396
1004510032,159 1 AVENUE,39.77792843889703,49245.07540735452,134.9180148146699,146.38277665514107,198.88964219448513,233.98781434645312,40.72877465846134,-73.98479387262695
1004510044,335 EAST 9 STREET,22.753721730250675,28169.107502050334,77.17563699191872,83.73369596732249,113.76860865125337,133.84542194265103,40.72868869149796,-73.98560056056371
1004510046,331 EAST 9 STREET,24.416649342711878,30227.811886277304,82.8159229761022,89.8532695811797,122.08324671355938,143.62734907477574,40.7287609873931,-73.9857529705465
1004510045,333 EAST 9 STREET,34.93871221176872,43254.12571816967,118.50445402238266,128.57446093930886,174.69356105884358,205.52183653981598,40.7287649439473,-73.98564818847258
1004510054,315 EAST 9 STREET,25.984433652528335,32168.728861830077,88.1335037310413,95.62271584130427,129.92216826264166,152.8496097207549,40.729013241103715,-73.98629127024057
1004510056,311 EAST 9 STREET,17.736246926107306,21957.473694520846,60.15746217676944,65.26938868807488,88.68123463053652,104.33086427121944,40.7290389399849,-73.98647905880428
1004510023,224 EAST 10 STREET,25.019592161216003,30974.255095585413,84.86097286461757,92.07209915327489,125.09796080608001,147.17407153656472,40.72907093544616,-73.98562952541612
1004510021,220 EAST 10 STREET,25.580492977045143,31668.650305581887,86.7634254947449,94.13621415552613,127.90246488522571,150.47348810026554,40.729134663029264,-73.98579060542347
1004510019,216 EAST 10 STREET,48.973015341692246,60628.592993015,166.10573422743835,180.22069645742747,244.86507670846123,288.0765608334838,40.72918589643246,-73.98590892387612
1004510018,214 EAST 10 STREET,26.30192139664446,32561.77868904584,89.21035257272833,96.79107073965162,131.50960698322228,154.71718468614387,40.72923461189672,-73.98602856800665
1004520046,223 EAST 10 STREET,26.25397697268308,32502.423492181653,89.04773559501822,96.61463525947374,131.2698848634154,154.43515866284164,40.72943733675416,-73.98546679662394
1003950003,199 AVENUE B,73.68345016737192,91220.11130720643,249.91811317042857,271.15509661592864,368.4172508368596,433.4320598080701,40.72835938715573,-73.97855128166988
1003950003,199 AVENUE B,73.68345016737192,91220.11130720643,249.91811317042857,271.15509661592864,368.4172508368596,433.4320598080701,40.72835938715573,-73.97855128166988
1004040004,170 AVENUE A,35.53437750963149,43991.55935692378,120.52482015595557,130.76650923544386,177.67188754815743,209.0257500566558,40.728238716798124,-73.98164365840803
1004060050,527 EAST 12 STREET,57.79759431003793,71553.42175582696,196.03677193377248,212.69514706093958,288.9879715501896,339.985848882576,40.72870830969493,-73.97985567228369
1004060050,527 EAST 12 STREET,57.79759431003793,71553.42175582696,196.03677193377248,212.69514706093958,288.9879715501896,339.985848882576,40.72870830969493,-73.97985567228369
1004060050,527 EAST 12 STREET,57.79759431003793,71553.42175582696,196.03677193377248,212.69514706093958,288.9879715501896,339.985848882576,40.72874116729771,-73.97993454539832
1004060050,527 EAST 12 STREET,57.79759431003793,71553.42175582696,196.03677193377248,212.69514706093958,288.9879715501896,339.985848882576,40.72874116729771,-73.97993454539832
1004060027,544 EAST 13 STREET,28.296893971605982,35031.55473684821,95.97686229273482,104.13256981551001,141.4844698580299,166.4523174800352,40.72879617583039,-73.97909061557803
1004060021,530 EAST 13 STREET,54.6806572086679,67694.65362433087,185.46480445022155,201.22481852789787,273.4032860433395,321.65092475687,40.72894207278802,-73.97953568260144
1004070040,541 EAST 13 STREET,28.629493713489595,35443.31321730012,97.10496771863048,105.3565368656417,143.14746856744796,168.40878654993878,40.72914632658772,-73.9789187462569
1004070032,224 AVENUE B,42.171141573758334,52207.87326831282,143.0352692282543,155.18980099143067,210.85570786879165,248.06553866916664,40.729193210790875,-73.97849760727034
1004060011,510 EAST 13 STREET,41.77112547605602,51712.653339357355,141.6785022996092,153.71774175188614,208.85562738028008,245.71250280032953,40.72930213481186,-73.98038251842672
1004060009,506 EAST 13 STREET,41.01716412342677,50779.249184802335,139.12123064329407,150.94316397421048,205.0858206171338,241.2774360201574,40.72934823251834,-73.98049475468662
1004370007,160 1 AVENUE,28.24756804356092,34970.48923792842,95.80955955596828,103.9510504003042,141.2378402178046,166.16216496212306,40.728507420506645,-73.98426648989857
1004050012,508 EAST 12 STREET,40.6586819947686,50335.44830952353,137.90533783431104,149.62394974074843,203.29340997384298,239.16871761628587,40.728667048207306,-73.98084482384034
1004050010,504 EAST 12 STREET,40.72470008108631,50417.17870038485,138.12925671338314,149.86689629839762,203.62350040543154,239.5570593005077,40.728716419130556,-73.98095933568268
1004380023,430 EAST 11 STREET,24.415700173618855,30226.636814940142,82.81270360257574,89.84977663891738,122.07850086809427,143.62176572716973,40.728585519019084,-73.98261646725562
1004060004,200 AVENUE A,33.97879580679965,42065.74920881797,115.2486279693643,125.04196856902273,169.89397903399825,199.87526945176265,40.72926940249095,-73.9808477298708
1004400038,195 AVENUE A,65.25326652594046,80783.5439591143,221.32477797017614,240.1320208154609,326.2663326297023,383.842744270238,40.72933864911958,-73.98150679453754
1004400040,437 EAST 12 STREET,51.75738521536527,64075.6428966222,175.54970656608822,190.4671775925442,258.7869260768263,304.4552071492074,40.72948838952331,-73.98171066234381
1004400033,205 AVENUE A,29.096930056371622,36021.99940978807,98.69040934188513,107.07670260744756,145.4846502818581,171.15841209630366,40.72960441418031,-73.98126267285957
1004400030,444 EAST 13 STREET,27.097176397232733,33546.30437977413,91.90768323225788,99.71760914181645,135.48588198616366,159.39515527783962,40.72975430524795,-73.98145587330943
1004400050,419 EAST 12 STREET,28.258335373883035,34983.819192867195,95.84607998045807,103.99067417588957,141.29167686941517,166.22550219931196,40.729796208510045,-73.98244014303543
1004400051,417 EAST 12 STREET,27.872309027365787,34505.918575878844,94.53676322158587,102.57009722070609,139.36154513682894,163.95475898450465,40.72982798367004,-73.98251544695016
1004400052,415 EAST 12 STREET,25.698470581413844,31814.706579790338,87.16357967065846,94.57037173960293,128.4923529070692,151.16747400831673,40.729853148889504,-73.98261073206439
1004400053,413 EAST 12 STREET,25.848506147410347,32000.450610494012,87.672467426011,95.12250262247008,129.24253073705174,152.05003616123736,40.72988241063769,-73.98266923826841
1004400021,424 EAST 13 STREET,41.76077548040275,51699.8400447386,141.64339738284548,153.67965376788212,208.80387740201374,245.65162047295735,40.730064796698336,-73.98217751474647
1004400019,420 EAST 13 STREET,41.108228408623326,50891.98676987568,139.4301007393854,151.27828054373384,205.54114204311662,241.81310828601957,40.730116691012164,-73.9823039369788
1004400018,416 EAST 13 STREET,40.35516810939477,49959.69811943072,136.8758852587143,148.50701864257275,201.77584054697382,237.38334181996922,40.73017194136462,-73.98242833572249
1004400014,410 EAST 13 STREET,43.97213394355408,54437.50182211995,149.1438406085478,161.817452912279,219.86066971777038,258.65961143267106,40.730221400433976,-73.98256382821504
1004520047,221 EAST 10 STREET,26.71073393244409,33067.888608365785,90.59695509141311,98.29550087139425,133.55366966222044,157.12196430849465,40.72947049452827,-73.98554581130632
1004520048,219 EAST 10 STREET,26.343532426942176,32613.293144554413,89.35148806727237,96.9441993311472,131.71766213471088,154.96195545260105,40.72950386104753,-73.98562478275741
1004520050,215 EAST 10 STREET,27.227919070222555,33708.163808935526,92.35113372311103,100.198742178419,136.13959535111277,160.16422982483857,40.72957139587973,-73.98578171124713
1004520052,211 EAST 10 STREET,28.567551893828064,35366.629244559146,96.8948746426278,105.12859096928726,142.8377594691403,168.04442290487094,40.729639698087816,-73.98593637869256
1004520017,318 EAST 11 STREET,24.564565490524814,30410.93207726972,83.31762212950609,90.39760100513132,122.82282745262407,144.49744406191067,40.7297751727077,-73.98543896557037
1004540047,345 EAST 12 STREET,54.46369197992792,67426.05067115076,184.72890594835826,200.42638648613476,272.3184598996396,320.3746587054584,40.73043320406956,-73.98394655999579
1004540050,339 EAST 12 STREET,54.80224080987464,67845.1741226248,185.87718937705424,201.67224618033868,274.0112040493732,322.3661224110273,40.7305004970364,-73.98410652556166
1004540056,329 EAST 12 STREET,31.487524244936658,38981.555015231585,106.79878086364818,115.8740892213669,157.43762122468328,185.22073085256858,40.73065731339771,-73.98448169027847
1004520021,326 EAST 11 STREET,27.10969609061449,33561.80376018074,91.9501472881664,99.76368161346133,135.54848045307244,159.4688005330264,40.72963523193423,-73.98511557072474
1004520019,322 EAST 11 STREET,25.422561931100695,31473.13167070266,86.2277580019251,93.55502790645056,127.11280965550347,149.54448194765115,40.72970241127165,-73.98527576619911
1004510014,206 EAST 10 STREET,27.94858057438977,34600.34275109453,94.79545959203982,102.85077651375434,139.74290287194884,164.40341514346923,40.72936899988059,-73.98634489531497
1004540059,323 EAST 12 STREET,45.66205636709551,56529.62578246424,154.87568707524449,168.03636743091147,228.31028183547753,268.60033157115004,40.7307346732316,-73.98467645657948
1004540060,321 EAST 12 STREET,54.4941933923773,67463.8114197631,184.83236005414545,200.53863168394844,272.47096696188646,320.55407877869,40.73079869887193,-73.98481499190078
1004540063,315 EAST 12 STREET,52.76788064618077,65326.63623997179,178.9770855889638,194.18580077794525,263.8394032309038,310.3992979187104,40.730864716984875,-73.98497149910241
1004530008,188 2 AVENUE,56.07522459881149,69421.12805332862,190.19487137898253,206.35682652362627,280.3761229940574,329.8542623459499,40.730777230966126,-73.98569966370381
1004540057,327 EAST 12 STREET,30.643535219835783,37936.6966021567,103.93615507440191,112.76820960899568,153.2176760991789,180.25608952844576,40.730693651157836,-73.9845668844176
1004540032,346 EAST 13 STREET,43.86840117449091,54309.08065401975,148.79200179183493,161.43571632212655,219.34200587245454,258.04941867347594,40.73076185303153,-73.98382884721869
1004540024,334 EAST 13 STREET,49.52510837034696,61312.08416248954,167.97831277394394,182.25239880287683,247.6255418517348,291.3241668843939,40.73092849520759,-73.98423344052199
1004680027,236 EAST 13 STREET,134.9062978400395,167013.99672596893,457.5725937697779,496.4551760513454,674.5314892001976,793.5664578825854,40.73173452118429,-73.98613398883988
1004680027,236 EAST 13 STREET,134.9062978400395,167013.99672596893,457.5725937697779,496.4551760513454,674.5314892001976,793.5664578825854,40.73173452118429,-73.98613398883988
1004680027,236 EAST 13 STREET,134.9062978400395,167013.99672596893,457.5725937697779,496.4551760513454,674.5314892001976,793.5664578825854,40.73173452118429,-73.98613398883988
1004540004,198 2 AVENUE,60.744030879155844,75201.11022839493,206.03043898190393,223.53803363529352,303.7201543957792,357.3178287009167,40.731143969788604,-73.98539053205106
1004640046,27 ST MARKS PLACE,32.86138232416718,40682.39131731897,111.4586063488191,120.92988695293523,164.3069116208359,193.3022489656893,40.7291546164627,-73.98834841382958
1004640051,17 ST MARKS PLACE,33.098719998121446,40976.21535767435,112.26360371965576,121.8032895930869,165.4935999906072,194.69835293012613,40.72932828063751,-73.98875754871709
1004650057,233 EAST 9 STREET,29.8714239371452,36980.822834185754,101.31732283338563,109.92684008869433,149.357119685726,175.71425845379528,40.72957151170642,-73.98771520804262
1004650050,151 2 AVENUE,55.928903369324864,69239.98237122418,189.69858183897034,205.8183643991155,279.6445168466243,328.99354923132273,40.7296364045041,-73.98734187152779
1004660021,224 EAST 11 STREET,40.94958296513282,50695.58371083443,138.89201016666968,150.69446531168876,204.74791482566408,240.87989979489893,40.730668458085084,-73.98755659246685
1004660018,218 EAST 11 STREET,41.00442303584603,50763.47571837738,139.07801566678737,150.8962767719134,205.02211517923013,241.2024884461531,40.73075635178988,-73.98776219740623
1004670047,229 EAST 11 STREET,27.52380369566942,34074.46897523874,93.35470952120204,101.28759760006346,137.6190184783471,161.90472762158484,40.7309802782441,-73.9872434619805
1004680045,233 EAST 12 STREET,27.39211183766872,33911.43445503387,92.90803960283253,100.80297156262088,136.96055918834358,161.13006963334539,40.73146509048626,-73.98639589515165
1004610009,202 EAST 6 STREET,34.64703229677777,42893.02598341088,117.51513968057776,127.5010788521422,173.23516148388887,203.80607233398692,40.728024974713186,-73.9904678130639
1005560015,85 EAST 10 STREET,125.71255611078571,155632.1444651527,426.3894368908293,462.62220648769136,628.5627805539285,739.4856241810924,40.731162232425596,-73.98961541680312
1005560052,126 EAST 12 STREET,63.75393443040557,78927.3708248421,216.2393721228551,234.61447870389247,318.76967215202785,375.0231437082681,40.732074235161356,-73.98896309366397
1005580048,111 EAST 12 STREET,29.181483545264737,36126.67662903774,98.97719624393902,107.38785944657423,145.90741772632367,171.6557855603808,40.732645381324055,-73.98925513017429
1004680027,236 EAST 13 STREET,134.9062978400395,167013.99672596893,457.5725937697779,496.4551760513454,674.5314892001976,793.5664578825854,40.731790436298915,-73.98626980346928
1004680027,236 EAST 13 STREET,134.9062978400395,167013.99672596893,457.5725937697779,496.4551760513454,674.5314892001976,793.5664578825854,40.731790436298915,-73.98626980346928
1004680027,236 EAST 13 STREET,134.9062978400395,167013.99672596893,457.5725937697779,496.4551760513454,674.5314892001976,793.5664578825854,40.731790436298915,-73.98626980346928
1004680027,236 EAST 13 STREET,134.9062978400395,167013.99672596893,457.5725937697779,496.4551760513454,674.5314892001976,793.5664578825854,40.73184561033422,-73.98640136570666
1004680027,236 EAST 13 STREET,134.9062978400395,167013.99672596893,457.5725937697779,496.4551760513454,674.5314892001976,793.5664578825854,40.73184561033422,-73.98640136570666
1004680027,236 EAST 13 STREET,134.9062978400395,167013.99672596893,457.5725937697779,496.4551760513454,674.5314892001976,793.5664578825854,40.73184561033422,-73.98640136570666
1004680024,228 EAST 13 STREET,32.9707079449561,40817.736435855644,111.8294148927552,121.33220523743842,164.85353972478046,193.9453408526829,40.731941467813954,-73.98665471995935
1004680023,226 EAST 13 STREET,34.50215797656509,42713.67157498758,117.023757739692,126.96794135375951,172.51078988282543,202.95387045038288,40.73197841329386,-73.98674295454481
1004680021,224 EAST 13 STREET,32.901432439141836,40731.97335965759,111.59444756070573,121.07727137604195,164.50716219570916,193.5378378773049,40.7320172319383,-73.98683481291312
1004690046,235 EAST 13 STREET,37.582850947340766,46527.56947280787,127.47279307618594,138.30489148621402,187.91425473670384,221.0755938078869,40.73224240600125,-73.98625001653478
1004690047,231 EAST 13 STREET,48.24616844354522,59728.756533108986,163.64042885783283,177.54589987224642,241.2308422177261,283.80099084438365,40.73228441497043,-73.98636357906007
1004690014,212 EAST 14 STREET,25.826403606812672,31973.08766523409,87.59750045269614,95.04116527307063,129.13201803406335,151.92002121654514,40.73282898984319,-73.98671257812497
1005590043,139 EAST 13 STREET,25.858896067792763,32013.313331927442,87.70770775870533,95.16073752947737,129.2944803389638,152.1111533399574,40.73302419644216,-73.98814664345193
1004400003,202 1 AVENUE,41.8396970779742,51797.54498253206,141.91108214392347,153.97008524694505,209.198485389871,246.11586516455412,40.730144243892184,-73.98309996821547
1004400007,210 1 AVENUE,34.14532268555512,42271.90948471724,115.81345064306093,125.65478748284283,170.72661342777562,200.85483932679486,40.73034778121482,-73.98297676684211
1004400024,432 EAST 13 STREET,50.852501512406526,62955.39687235928,172.4805393763268,187.13720556565602,254.26250756203262,299.13236183768544,40.72993098370231,-73.98189007645963
1004410035,211 AVENUE A,57.74560774955123,71489.06239394442,195.86044491491623,212.50383651834855,288.72803874775616,339.6800455855955,40.72996804809562,-73.98103142207319
1004410031,221 AVENUE A,27.771229117865175,34380.78164791709,94.1939223230605,102.19812315374384,138.85614558932588,163.36017128155984,40.730260364624336,-73.98081189970088
1004550042,219 1 AVENUE,19.577028688787898,24236.36151671942,66.40099045676553,72.04346557473946,97.88514344393948,115.15899228698763,40.730867872221474,-73.98324956719911
1004400008,214 1 AVENUE,47.04938821000133,58247.14260398165,159.58121261364835,173.14174861280492,235.24694105000665,276.7611071176549,40.730431802745485,-73.98289838003456
1004550050,329 EAST 13 STREET,48.46657555653483,60001.620538990115,164.38800147668525,178.35699804804815,242.33287778267413,285.0975032737343,40.731267554400844,-73.98396938080961
1004550021,328 EAST 14 STREET,45.409850177343536,56217.3945195513,154.0202589576748,167.1082486526242,227.04925088671766,267.1167657490796,40.731623499961884,-73.98390432024354
1004070031,228 AVENUE B,31.162678239884674,38579.39566097723,105.69697441363624,114.67865592277559,155.81339119942336,183.30987199932162,40.72928048719935,-73.97844345337508
1004070029,232 AVENUE B,50.00626249561475,61907.75296957106,169.61028210841386,184.0230459838623,250.03131247807374,294.15448526832205,40.729382471290165,-73.97839968204904
1004070027,538 EAST 14 STREET,29.171662797204462,36114.51854293912,98.94388641901129,107.3517190937124,145.8583139860223,171.59801645414387,40.72942857024941,-73.97871034600279
1004070054,513 EAST 13 STREET,39.658350672262294,49097.03813226072,134.51243323907048,145.94273047392525,198.29175336131146,233.28441571918995,40.729619081944264,-73.98004839088539
1004070018,520 EAST 14 STREET,56.08013646330019,69427.20894156564,190.21153134675518,206.3749021849447,280.40068231650093,329.8831556664717,40.72970995913932,-73.97937929465151
1004690040,245 EAST 13 STREET,43.57049974352675,53940.27868248612,147.7815854314688,160.33943905617843,217.85249871763375,256.29705731486325,40.732087337915665,-73.98588200985888
1004690042,243 EAST 13 STREET,35.058615428060925,43402.56589993942,118.91113945188883,129.0157047752642,175.2930771403046,206.22714957682896,40.73212848218451,-73.98599028396976
1004690043,241 EAST 13 STREET,27.088153237722175,33535.133708300054,91.87707865287686,99.68440391481761,135.44076618861087,159.34207786895396,40.73216284145571,-73.98607721011463
1004690044,239 EAST 13 STREET,38.2482983925044,47351.39340992045,129.72984495868616,140.7537380844162,191.24149196252202,224.98999054414355,40.73220296403644,-73.9861555073369
1004690027,238 EAST 14 STREET,51.0499833824624,63199.87942748845,173.15035459585877,187.86393884746164,255.249916912312,300.29401989683765,40.732414435205925,-73.98577104656371
1004690023,230 EAST 14 STREET,50.472764518041316,62485.28247333515,171.19255472146617,185.73977342639205,252.36382259020658,296.89861481200774,40.732538340578195,-73.98606455924508
1004690021,226 EAST 14 STREET,50.45167638077039,62459.17535939374,171.12102838190066,185.66216908123502,252.25838190385193,296.77456694570816,40.73259855105685,-73.98621180035533
