{
"type": "FeatureCollection",
"name": "pv_canopy_centroids",
"crs": { "type": "name", "properties": { "name": "urn:ogc:def:crs:OGC:1.3:CRS84" } },
"features": [
{ "type": "Feature", "properties": { "name": null, "bbl": "1002830072", "shape_area": "179.4140625", "construction_year": "1900", "ground_elevation": "33", "mappluto_bbl": "1002830072", "objectid": "40252", "feature_code": "2100", "shape_length": "55.584620815361589", "height_roof": "69.14", "last_status_type": "Constructed", "bin": "1003598", "last_edited_date": "2017-08-22T18:32:46Z", "geom_source": "Photogrammetric", "doitt_id": "480851", "address": "162 EAST BROADWAY", "bldgclass": "C7", "numfloors": 6.0, "unitsres": 10, "yearbuilt": 1900, "latitude": 40.7142001, "longitude": -73.9904012, "roof_area_m2": 102.96955902002858, "pv_kw_dc": 17.50482503340486, "annual_kwh": 21670.973391355215, "avg_daily_kwh": 59.37252983932936, "psh_daily_kwh": 64.417756122929887, "canopy_area_m2": 87.524125167024295, "lon": -73.990399641637978, "lat": 40.714207751244309 }, "geometry": { "type": "Point", "coordinates": [ -73.990399641637978, 40.714207751244309 ] } },
{ "type": "Feature", "properties": { "name": null, "bbl": "1002820054", "shape_area": "229.921875", "construction_year": "1900", "ground_elevation": "36", "mappluto_bbl": "1002820054", "objectid": "956313", "feature_code": "2100", "shape_length": "64.984474772819325", "height_roof": "69.3", "last_status_type": "Constructed", "bin": "1003546", "last_edited_date": "2017-08-22T17:27:22Z", "geom_source": "Photogrammetric", "doitt_id": "20373", "address": "94 EAST BROADWAY", "bldgclass": "C7", "numfloors": 6.0, "unitsres": 10, "yearbuilt": 1900, "latitude": 40.713967, "longitude": -73.9935828, "roof_area_m2": 131.96133844253981, "pv_kw_dc": 22.433427535231768, "annual_kwh": 27772.58328861693, "avg_daily_kwh": 76.089269283882004, "psh_daily_kwh": 82.555013329652908, "canopy_area_m2": 112.16713767615883, "lon": -73.993580252821289, "lat": 40.713962257782427 }, "geometry": { "type": "Point", "coordinates": [ -73.993580252821289, 40.713962257782427 ] } },
{ "type": "Feature", "properties": { "name": null, "bbl": "1002930028", "shape_area": "265.0859375", "construction_year": "1900", "ground_elevation": "39", "mappluto_bbl": "1002930028", "objectid": "766204", "feature_code": "2100", "shape_length": "84.114628097081464", "height_roof": "74.49", "last_status_type": "Constructed", "bin": "1003793", "last_edited_date": "2017-08-22T18:13:57Z", "geom_source": "Photogrammetric", "doitt_id": "422323", "address": "88 DIVISION STREET", "bldgclass": "C7", "numfloors": 6.0, "unitsres": 15, "yearbuilt": 1900, "latitude": 40.7144638, "longitude": -73.9937487, "roof_area_m2": 152.13892988346151, "pv_kw_dc": 25.863618080188459, "annual_kwh": 32019.159183273314, "avg_daily_kwh": 87.723723789789901, "psh_daily_kwh": 95.178114535093528, "canopy_area_m2": 129.31809040094228, "lon": -73.993728080131021, "lat": 40.714474934068775 }, "geometry": { "type": "Point", "coordinates": [ -73.993728080131021, 40.714474934068775 ] } },
{ "type": "Feature", "properties": { "name": null, "bbl": "1002920029", "shape_area": "306.03515625", "construction_year": "1900", "ground_elevation": "41", "mappluto_bbl": "1002920029", "objectid": "111547", "feature_code": "2100", "shape_length": "78.817185816096668", "height_roof": "58.72", "last_status_type": "Constructed", "bin": "1003774", "last_edited_date": "2017-08-22T18:59:50Z", "geom_source": "Photogrammetric", "doitt_id": "489438", "address": "5 ELDRIDGE STREET", "bldgclass": "C7", "numfloors": 6.0, "unitsres": 9, "yearbuilt": 1900, "latitude": 40.7145846, "longitude": -73.9940336, "roof_area_m2": 175.64839378636506, "pv_kw_dc": 29.860226943682065, "annual_kwh": 36966.960956278395, "avg_daily_kwh": 101.27934508569423, "psh_daily_kwh": 109.88563515275001, "canopy_area_m2": 149.30113471841031, "lon": -73.994034836076793, "lat": 40.714589489772408 }, "geometry": { "type": "Point", "coordinates": [ -73.994034836076793, 40.714589489772408 ] } },
{ "type": "Feature", "properties": { "name": null, "bbl": "1002920028", "shape_area": "222.6171875", "construction_year": "1900", "ground_elevation": "42", "mappluto_bbl": "1002920028", "objectid": "638796", "feature_code": "2100", "shape_length": "63.997501685316138", "height_roof": "57.5", "last_status_type": "Constructed", "bin": "1003773", "last_edited_date": "2017-08-22T18:10:47Z", "geom_source": "Photogrammetric", "doitt_id": "149546", "address": "7 ELDRIDGE STREET", "bldgclass": "C7", "numfloors": 6.0, "unitsres": 8, "yearbuilt": 1900, "latitude": 40.7146505, "longitude": -73.9940012, "roof_area_m2": 127.76536561288594, "pv_kw_dc": 21.720112154190613, "annual_kwh": 26889.498846887978, "avg_daily_kwh": 73.669859854487612, "psh_daily_kwh": 79.930012727421456, "canopy_area_m2": 108.60056077095305, "lon": -73.993969505986783, "lat": 40.714645157637129 }, "geometry": { "type": "Point", "coordinates": [ -73.993969505986783, 40.714645157637129 ] } },
{ "type": "Feature", "properties": { "name": null, "bbl": "1002920027", "shape_area": "216.33984375", "construction_year": "1910", "ground_elevation": "42", "mappluto_bbl": "1002920027", "objectid": "993962", "feature_code": "2100", "shape_length": "63.420917133398888", "height_roof": "58.76", "last_status_type": "Constructed", "bin": "1003772", "last_edited_date": "2017-08-22T17:26:53Z", "geom_source": "Photogrammetric", "doitt_id": "196771", "address": "9 ELDRIDGE STREET", "bldgclass": "C7", "numfloors": 6.0, "unitsres": 18, "yearbuilt": 1910, "latitude": 40.7147136, "longitude": -73.9939687, "roof_area_m2": 124.1622069382524, "pv_kw_dc": 21.107575179502909, "annual_kwh": 26131.1780722246, "avg_daily_kwh": 71.592268691026305, "psh_daily_kwh": 77.675876660570708, "canopy_area_m2": 105.53787589751454, "lon": -73.993936965087798, "lat": 40.714709199467748 }, "geometry": { "type": "Point", "coordinates": [ -73.993936965087798, 40.714709199467748 ] } },
{ "type": "Feature", "properties": { "name": null, "bbl": "1002920026", "shape_area": "321.2421875", "construction_year": "1900", "ground_elevation": "42", "mappluto_bbl": "1002920026", "objectid": "319572", "feature_code": "2100", "shape_length": "83.995632800768675", "height_roof": "61.1", "last_status_type": "Constructed", "bin": "1003771", "last_edited_date": "2017-08-22T18:55:13Z", "geom_source": "Photogrammetric", "doitt_id": "92002", "address": "11 ELDRIDGE STREET", "bldgclass": "C7", "numfloors": 6.0, "unitsres": 18, "yearbuilt": 1900, "latitude": 40.7147904, "longitude": -73.9939759, "roof_area_m2": 184.3739133198649, "pv_kw_dc": 31.343565264377034, "annual_kwh": 38803.333797298765, "avg_daily_kwh": 106.3105035542432, "psh_daily_kwh": 115.34432017290749, "canopy_area_m2": 156.71782632188516, "lon": -73.993943205379793, "lat": 40.714785926458141 }, "geometry": { "type": "Point", "coordinates": [ -73.993943205379793, 40.714785926458141 ] } },
{ "type": "Feature", "properties": { "name": null, "bbl": "1002920025", "shape_area": "388.44921875", "construction_year": "1900", "ground_elevation": "42", "mappluto_bbl": "1002920025", "objectid": "1063942", "feature_code": "2100", "shape_length": "102.09559912967798", "height_roof": "62", "last_status_type": "Constructed", "bin": "1003770", "last_edited_date": "2017-08-22T17:57:24Z", "geom_source": "Other (Manual)", "doitt_id": "609605", "address": "13 ELDRIDGE STREET", "bldgclass": "C7", "numfloors": 6.0, "unitsres": 12, "yearbuilt": 1900, "latitude": 40.7148563, "longitude": -73.9939398, "roof_area_m2": 222.94473804313998, "pv_kw_dc": 37.900605467333797, "annual_kwh": 46920.949568559241, "avg_daily_kwh": 128.55054676317602, "psh_daily_kwh": 139.47422811978836, "canopy_area_m2": 189.50302733666896, "lon": -73.993945695675905, "lat": 40.714859982470472 }, "geometry": { "type": "Point", "coordinates": [ -73.993945695675905, 40.714859982470472 ] } },
{ "type": "Feature", "properties": { "name": null, "bbl": "1002930020", "shape_area": "273.671875", "construction_year": "1910", "ground_elevation": "42", "mappluto_bbl": "1002930020", "objectid": "111489", "feature_code": "2100", "shape_length": "98.731940769617765", "height_roof": "61.27", "last_status_type": "Constructed", "bin": "1003792", "last_edited_date": "2017-08-22T19:22:34Z", "geom_source": "Photogrammetric", "doitt_id": "638772", "address": "3 ALLEN STREET", "bldgclass": "C7", "numfloors": 6.0, "unitsres": 10, "yearbuilt": 1910, "latitude": 40.7146834, "longitude": -73.9931354, "roof_area_m2": 157.07621358749026, "pv_kw_dc": 26.702956309873343, "annual_kwh": 33058.259911623201, "avg_daily_kwh": 90.570575100337535, "psh_daily_kwh": 98.266879220333905, "canopy_area_m2": 133.51478154936672, "lon": -73.99313360217856, "lat": 40.714691234073499 }, "geometry": { "type": "Point", "coordinates": [ -73.99313360217856, 40.714691234073499 ] } },
{ "type": "Feature", "properties": { "name": null, "bbl": "1002930015", "shape_area": "291.53125", "construction_year": "1910", "ground_elevation": "42", "mappluto_bbl": "1002930015", "objectid": "882504", "feature_code": "2100", "shape_length": "76.863414375330336", "height_roof": "67.8", "last_status_type": "Constructed", "bin": "1003788", "last_edited_date": "2017-08-22T19:27:05Z", "geom_source": "Photogrammetric", "doitt_id": "1203940", "address": "70 CANAL STREET", "bldgclass": "C7", "numfloors": 6.0, "unitsres": 13, "yearbuilt": 1910, "latitude": 40.7150182, "longitude": -73.9928865, "roof_area_m2": 167.31129622621248, "pv_kw_dc": 28.442920358456121, "annual_kwh": 35212.33540376868, "avg_daily_kwh": 96.47215179114707, "psh_daily_kwh": 104.66994691911853, "canopy_area_m2": 142.2146017922806, "lon": -73.992879699411873, "lat": 40.715032601292464 }, "geometry": { "type": "Point", "coordinates": [ -73.992879699411873, 40.715032601292464 ] } },
{ "type": "Feature", "properties": { "name": null, "bbl": "1002940022", "shape_area": "301.38671875", "construction_year": "1900", "ground_elevation": "40", "mappluto_bbl": "1002940022", "objectid": "634512", "feature_code": "2100", "shape_length": "85.389373992991722", "height_roof": "67.34", "last_status_type": "Constructed", "bin": "1003799", "last_edited_date": "2017-08-22T18:45:54Z", "geom_source": "Photogrammetric", "doitt_id": "307464", "address": "50 CANAL STREET", "bldgclass": "C7", "numfloors": 6.0, "unitsres": 20, "yearbuilt": 1900, "latitude": 40.7146915, "longitude": -73.9918188, "roof_area_m2": 172.9674463034828, "pv_kw_dc": 29.40446587159208, "annual_kwh": 36402.728749030997, "avg_daily_kwh": 99.733503422002727, "psh_daily_kwh": 108.20843440745885, "canopy_area_m2": 147.02232935796039, "lon": -73.991812655928996, "lat": 40.714704695095669 }, "geometry": { "type": "Point", "coordinates": [ -73.991812655928996, 40.714704695095669 ] } },
{ "type": "Feature", "properties": { "name": null, "bbl": "1002990030", "shape_area": "312.1171875", "construction_year": "1900", "ground_elevation": "42", "mappluto_bbl": "1002990030", "objectid": "727053", "feature_code": "2100", "shape_length": "91.718472760819651", "height_roof": "61.7", "last_status_type": "Constructed", "bin": "1003872", "last_edited_date": "2017-08-22T19:33:04Z", "geom_source": "Photogrammetric", "doitt_id": "338429", "address": "19 ORCHARD STREET", "bldgclass": "C1", "numfloors": 6.0, "unitsres": 10, "yearbuilt": 1900, "latitude": 40.7153448, "longitude": -73.9919341, "roof_area_m2": 179.12288350114102, "pv_kw_dc": 30.450890195193974, "annual_kwh": 37698.20206165014, "avg_daily_kwh": 103.28274537438395, "psh_daily_kwh": 112.05927591831383, "canopy_area_m2": 152.25445097596986, "lon": -73.991934236673586, "lat": 40.715354820615751 }, "geometry": { "type": "Point", "coordinates": [ -73.991934236673586, 40.715354820615751 ] } },
{ "type": "Feature", "properties": { "name": null, "bbl": "1002970022", "shape_area": "271.53515625", "construction_year": "1900", "ground_elevation": "35", "mappluto_bbl": "1002970022", "objectid": "950083", "feature_code": "2100", "shape_length": "88.813998638195912", "height_roof": "62.58", "last_status_type": "Constructed", "bin": "1083703", "last_edited_date": "2017-08-22T18:24:34Z", "geom_source": "Photogrammetric", "doitt_id": "25259", "address": "13 ESSEX STREET", "bldgclass": "C7", "numfloors": 6.0, "unitsres": 44, "yearbuilt": 1900, "latitude": 40.7151799, "longitude": -73.9902604, "roof_area_m2": 313.84461060353181, "pv_kw_dc": 53.353583802600411, "annual_kwh": 66051.736747619303, "avg_daily_kwh": 180.96366232224466, "psh_daily_kwh": 196.3411883935695, "canopy_area_m2": 266.76791901300203, "lon": -73.990264222483219, "lat": 40.715153840687165 }, "geometry": { "type": "Point", "coordinates": [ -73.990264222483219, 40.715153840687165 ] } },
{ "type": "Feature", "properties": { "name": null, "bbl": "1002970022", "shape_area": "271.53515625", "construction_year": "1900", "ground_elevation": "35", "mappluto_bbl": "1002970022", "objectid": "950083", "feature_code": "2100", "shape_length": "88.813998638195912", "height_roof": "62.58", "last_status_type": "Constructed", "bin": "1083703", "last_edited_date": "2017-08-22T18:24:34Z", "geom_source": "Photogrammetric", "doitt_id": "25259", "address": "13 ESSEX STREET", "bldgclass": "C7", "numfloors": 6.0, "unitsres": 44, "yearbuilt": 1900, "latitude": 40.7151799, "longitude": -73.9902604, "roof_area_m2": 313.84461060353181, "pv_kw_dc": 53.353583802600411, "annual_kwh": 66051.736747619303, "avg_daily_kwh": 180.96366232224466, "psh_daily_kwh": 196.3411883935695, "canopy_area_m2": 266.76791901300203, "lon": -73.990264222483219, "lat": 40.715153840687165 }, "geometry": { "type": "Point", "coordinates": [ -73.990264222483219, 40.715153840687165 ] } },
{ "type": "Feature", "properties": { "name": null, "bbl": "1002970022", "shape_area": "275.30859375", "construction_year": "1900", "ground_elevation": "35", "mappluto_bbl": "1002970022", "objectid": "706175", "feature_code": "2100", "shape_length": "89.438415585331455", "height_roof": "62.94", "last_status_type": "Constructed", "bin": "1083702", "last_edited_date": "2017-08-22T17:40:54Z", "geom_source": "Photogrammetric", "doitt_id": "559583", "address": "13 ESSEX STREET", "bldgclass": "C7", "numfloors": 6.0, "unitsres": 44, "yearbuilt": 1900, "latitude": 40.7151799, "longitude": -73.9902604, "roof_area_m2": 313.84461060353181, "pv_kw_dc": 53.353583802600411, "annual_kwh": 66051.736747619303, "avg_daily_kwh": 180.96366232224466, "psh_daily_kwh": 196.3411883935695, "canopy_area_m2": 266.76791901300203, "lon": -73.990231029633421, "lat": 40.715218348539857 }, "geometry": { "type": "Point", "coordinates": [ -73.990231029633421, 40.715218348539857 ] } },
{ "type": "Feature", "properties": { "name": null, "bbl": "1002970022", "shape_area": "275.30859375", "construction_year": "1900", "ground_elevation": "35", "mappluto_bbl": "1002970022", "objectid": "706175", "feature_code": "2100", "shape_length": "89.438415585331455", "height_roof": "62.94", "last_status_type": "Constructed", "bin": "1083702", "last_edited_date": "2017-08-22T17:40:54Z", "geom_source": "Photogrammetric", "doitt_id": "559583", "address": "13 ESSEX STREET", "bldgclass": "C7", "numfloors": 6.0, "unitsres": 44, "yearbuilt": 1900, "latitude": 40.7151799, "longitude": -73.9902604, "roof_area_m2": 313.84461060353181, "pv_kw_dc": 53.353583802600411, "annual_kwh": 66051.736747619303, "avg_daily_kwh": 180.96366232224466, "psh_daily_kwh": 196.3411883935695, "canopy_area_m2": 266.76791901300203, "lon": -73.990231029633421, "lat": 40.715218348539857 }, "geometry": { "type": "Point", "coordinates": [ -73.990231029633421, 40.715218348539857 ] } },
{ "type": "Feature", "properties": { "name": null, "bbl": "1002990027", "shape_area": "365.6171875", "construction_year": "1900", "ground_elevation": "41", "mappluto_bbl": "1002990027", "objectid": "952598", "feature_code": "2100", "shape_length": "91.416996439161011", "height_roof": "64.75", "last_status_type": "Constructed", "bin": "1003869", "last_edited_date": "2017-08-22T18:07:22Z", "geom_source": "Photogrammetric", "doitt_id": "590231", "address": "25 ORCHARD STREET", "bldgclass": "C8", "numfloors": 6.0, "unitsres": 14, "yearbuilt": 1900, "latitude": 40.7154765, "longitude": -73.991862, "roof_area_m2": 209.83615342152626, "pv_kw_dc": 35.672146081659463, "annual_kwh": 44162.116849094418, "avg_daily_kwh": 120.99210095642306, "psh_daily_kwh": 131.27349758050681, "canopy_area_m2": 178.36073040829731, "lon": -73.991859122435699, "lat": 40.715486206099442 }, "geometry": { "type": "Point", "coordinates": [ -73.991859122435699, 40.715486206099442 ] } },
{ "type": "Feature", "properties": { "name": null, "bbl": "1002990022", "shape_area": "363.8515625", "construction_year": "1910", "ground_elevation": "39", "mappluto_bbl": "1002990022", "objectid": "926620", "feature_code": "2100", "shape_length": "94.945389036341624", "height_roof": "66.75", "last_status_type": "Constructed", "bin": "1003865", "last_edited_date": "2017-08-22T19:03:41Z", "geom_source": "Photogrammetric", "doitt_id": "122478", "address": "35 ORCHARD STREET", "bldgclass": "C7", "numfloors": 6.0, "unitsres": 15, "yearbuilt": 1910, "latitude": 40.7158004, "longitude": -73.9916924, "roof_area_m2": 208.82638116865306, "pv_kw_dc": 35.500484798671017, "annual_kwh": 43949.600180754722, "avg_daily_kwh": 120.40986350891704, "psh_daily_kwh": 130.64178405910934, "canopy_area_m2": 177.50242399335508, "lon": -73.991689712783909, "lat": 40.715797386351781 }, "geometry": { "type": "Point", "coordinates": [ -73.991689712783909, 40.715797386351781 ] } },
{ "type": "Feature", "properties": { "name": null, "bbl": "1002980018", "shape_area": "335.55078125", "construction_year": "1930", "ground_elevation": "36", "mappluto_bbl": "1002980018", "objectid": "68070", "feature_code": "2100", "shape_length": "85.781759574324752", "height_roof": "62.14", "last_status_type": "Constructed", "bin": "1003852", "last_edited_date": "2017-08-22T17:51:31Z", "geom_source": "Photogrammetric", "doitt_id": "162238", "address": "56 HESTER STREET", "bldgclass": "C7", "numfloors": 6.0, "unitsres": 15, "yearbuilt": 1930, "latitude": 40.7156768, "longitude": -73.990787, "roof_area_m2": 296.04127196563752, "pv_kw_dc": 50.327016234158378, "annual_kwh": 62304.846097888076, "avg_daily_kwh": 170.69820848736458, "psh_daily_kwh": 185.20341974170285, "canopy_area_m2": 251.63508117079189, "lon": -73.990764377331985, "lat": 40.715676562408106 }, "geometry": { "type": "Point", "coordinates": [ -73.990764377331985, 40.715676562408106 ] } },
{ "type": "Feature", "properties": { "name": null, "bbl": "1002980018", "shape_area": "335.55078125", "construction_year": "1930", "ground_elevation": "36", "mappluto_bbl": "1002980018", "objectid": "68070", "feature_code": "2100", "shape_length": "85.781759574324752", "height_roof": "62.14", "last_status_type": "Constructed", "bin": "1003852", "last_edited_date": "2017-08-22T17:51:31Z", "geom_source": "Photogrammetric", "doitt_id": "162238", "address": "56 HESTER STREET", "bldgclass": "C7", "numfloors": 6.0, "unitsres": 15, "yearbuilt": 1930, "latitude": 40.7156768, "longitude": -73.990787, "roof_area_m2": 296.04127196563752, "pv_kw_dc": 50.327016234158378, "annual_kwh": 62304.846097888076, "avg_daily_kwh": 170.69820848736458, "psh_daily_kwh": 185.20341974170285, "canopy_area_m2": 251.63508117079189, "lon": -73.990764377331985, "lat": 40.715676562408106 }, "geometry": { "type": "Point", "coordinates": [ -73.990764377331985, 40.715676562408106 ] } },
{ "type": "Feature", "properties": { "name": null, "bbl": "1002980018", "shape_area": "180.26953125", "construction_year": "1930", "ground_elevation": "36", "mappluto_bbl": "1002980018", "objectid": "69039", "feature_code": "2100", "shape_length": "64.6031044135624", "height_roof": "63.4", "last_status_type": "Constructed", "bin": "1084870", "last_edited_date": "2017-08-22T19:01:06Z", "geom_source": "Photogrammetric", "doitt_id": "811917", "address": "56 HESTER STREET", "bldgclass": "C7", "numfloors": 6.0, "unitsres": 15, "yearbuilt": 1930, "latitude": 40.7156768, "longitude": -73.990787, "roof_area_m2": 296.04127196563752, "pv_kw_dc": 50.327016234158378, "annual_kwh": 62304.846097888076, "avg_daily_kwh": 170.69820848736458, "psh_daily_kwh": 185.20341974170285, "canopy_area_m2": 251.63508117079189, "lon": -73.990831086147608, "lat": 40.715718187105345 }, "geometry": { "type": "Point", "coordinates": [ -73.990831086147608, 40.715718187105345 ] } },
{ "type": "Feature", "properties": { "name": null, "bbl": "1002980018", "shape_area": "180.26953125", "construction_year": "1930", "ground_elevation": "36", "mappluto_bbl": "1002980018", "objectid": "69039", "feature_code": "2100", "shape_length": "64.6031044135624", "height_roof": "63.4", "last_status_type": "Constructed", "bin": "1084870", "last_edited_date": "2017-08-22T19:01:06Z", "geom_source": "Photogrammetric", "doitt_id": "811917", "address": "56 HESTER STREET", "bldgclass": "C7", "numfloors": 6.0, "unitsres": 15, "yearbuilt": 1930, "latitude": 40.7156768, "longitude": -73.990787, "roof_area_m2": 296.04127196563752, "pv_kw_dc": 50.327016234158378, "annual_kwh": 62304.846097888076, "avg_daily_kwh": 170.69820848736458, "psh_daily_kwh": 185.20341974170285, "canopy_area_m2": 251.63508117079189, "lon": -73.990831086147608, "lat": 40.715718187105345 }, "geometry": { "type": "Point", "coordinates": [ -73.990831086147608, 40.715718187105345 ] } },
{ "type": "Feature", "properties": { "name": null, "bbl": "1002980015", "shape_area": "595.703125", "construction_year": "1900", "ground_elevation": "35", "mappluto_bbl": "1002980015", "objectid": "70024", "feature_code": "2100", "shape_length": "137.56641643110146", "height_roof": "70.85", "last_status_type": "Constructed", "bin": "1003851", "last_edited_date": "2017-08-22T17:38:31Z", "geom_source": "Photogrammetric", "doitt_id": "130999", "address": "58 HESTER STREET", "bldgclass": "C7", "numfloors": 6.0, "unitsres": 38, "yearbuilt": 1900, "latitude": 40.7157344, "longitude": -73.9909817, "roof_area_m2": 341.88417545163338, "pv_kw_dc": 58.120309826777671, "annual_kwh": 71952.943565550755, "avg_daily_kwh": 197.13135223438562, "psh_daily_kwh": 213.88274016254184, "canopy_area_m2": 290.60154913388834, "lon": -73.99098021775221, "lat": 40.715744706262463 }, "geometry": { "type": "Point", "coordinates": [ -73.99098021775221, 40.715744706262463 ] } },
{ "type": "Feature", "properties": { "name": null, "bbl": "1003100032", "shape_area": "170.796875", "construction_year": "1910", "ground_elevation": "34", "mappluto_bbl": "1003100032", "objectid": "190085", "feature_code": "2100", "shape_length": "54.0710284505245", "height_roof": "58.51", "last_status_type": "Constructed", "bin": "1004045", "last_edited_date": "2017-08-22T18:38:40Z", "geom_source": "Photogrammetric", "doitt_id": "652549", "address": "27 ESSEX STREET", "bldgclass": "C7", "numfloors": 6.0, "unitsres": 8, "yearbuilt": 1910, "latitude": 40.7158277, "longitude": -73.9898454, "roof_area_m2": 98.022994294016868, "pv_kw_dc": 16.663909029982868, "annual_kwh": 20629.91937911879, "avg_daily_kwh": 56.520327066078877, "psh_daily_kwh": 61.323185230336946, "canopy_area_m2": 83.319545149914333, "lon": -73.989843677436582, "lat": 40.715839432443161 }, "geometry": { "type": "Point", "coordinates": [ -73.989843677436582, 40.715839432443161 ] } },
{ "type": "Feature", "properties": { "name": null, "bbl": "1003100024", "shape_area": "350.80859375", "construction_year": "1910", "ground_elevation": "36", "mappluto_bbl": "1003100024", "objectid": "494557", "feature_code": "2100", "shape_length": "89.27374225026665", "height_roof": "59.45", "last_status_type": "Constructed", "bin": "1004038", "last_edited_date": "2017-08-22T18:51:25Z", "geom_source": "Photogrammetric", "doitt_id": "599528", "address": "43 ESSEX STREET", "bldgclass": "C7", "numfloors": 6.0, "unitsres": 9, "yearbuilt": 1910, "latitude": 40.7163684, "longitude": -73.9896505, "roof_area_m2": 201.33109483181292, "pv_kw_dc": 34.226286121408201, "annual_kwh": 42372.14221830335, "avg_daily_kwh": 116.08806087206398, "psh_daily_kwh": 125.95273292678218, "canopy_area_m2": 171.13143060704098, "lon": -73.989650095800499, "lat": 40.716379040538399 }, "geometry": { "type": "Point", "coordinates": [ -73.989650095800499, 40.716379040538399 ] } },
{ "type": "Feature", "properties": { "name": null, "bbl": "1004090026", "shape_area": "331.04296875", "construction_year": "1900", "ground_elevation": "37", "mappluto_bbl": "1004090026", "objectid": "837000", "feature_code": "2100", "shape_length": "95.780481514375964", "height_roof": "69.72", "last_status_type": "Constructed", "bin": "1005293", "last_edited_date": "2017-08-22T18:44:15Z", "geom_source": "Photogrammetric", "doitt_id": "451857", "address": "246 BROOME STREET", "bldgclass": "C7", "numfloors": 6.0, "unitsres": 20, "yearbuilt": 1900, "latitude": 40.718103, "longitude": -73.9895132, "roof_area_m2": 189.97798009672795, "pv_kw_dc": 32.296256616443749, "annual_kwh": 39982.765691157358, "avg_daily_kwh": 109.54182381139002, "psh_daily_kwh": 118.850224348513, "canopy_area_m2": 161.48128308221874, "lon": -73.989511974645012, "lat": 40.718108134568809 }, "geometry": { "type": "Point", "coordinates": [ -73.989511974645012, 40.718108134568809 ] } },
{ "type": "Feature", "properties": { "name": null, "bbl": "1004090027", "shape_area": "299.01953125", "construction_year": "1920", "ground_elevation": "37", "mappluto_bbl": "1004090027", "objectid": "43484", "feature_code": "2100", "shape_length": "96.510270829996742", "height_roof": "68.71", "last_status_type": "Constructed", "bin": "1005294", "last_edited_date": "2017-08-22T18:14:37Z", "geom_source": "Photogrammetric", "doitt_id": "791088", "address": "248 BROOME STREET", "bldgclass": "C7", "numfloors": 6.0, "unitsres": 22, "yearbuilt": 1920, "latitude": 40.7181333, "longitude": -73.9896106, "roof_area_m2": 171.59961080145757, "pv_kw_dc": 29.171933836247788, "annual_kwh": 36114.854089274762, "avg_daily_kwh": 98.944805724040449, "psh_daily_kwh": 107.35271651739185, "canopy_area_m2": 145.85966918123893, "lon": -73.989613222580942, "lat": 40.718131855584396 }, "geometry": { "type": "Point", "coordinates": [ -73.989613222580942, 40.718131855584396 ] } },
{ "type": "Feature", "properties": { "name": null, "bbl": "1003530049", "shape_area": "488.4375", "construction_year": "1910", "ground_elevation": "28", "mappluto_bbl": "1003530049", "objectid": "732392", "feature_code": "2100", "shape_length": "100.70497090108174", "height_roof": "69.84", "last_status_type": "Constructed", "bin": "1004299", "last_edited_date": "2017-08-22T17:44:57Z", "geom_source": "Photogrammetric", "doitt_id": "406586", "address": "102 NORFOLK STREET", "bldgclass": "C7", "numfloors": 6.0, "unitsres": 25, "yearbuilt": 1910, "latitude": 40.7187313, "longitude": -73.9869121, "roof_area_m2": 280.29488090601933, "pv_kw_dc": 47.650129754023283, "annual_kwh": 58990.860635480822, "avg_daily_kwh": 161.61879626159129, "psh_daily_kwh": 175.35247749480567, "canopy_area_m2": 238.25064877011641, "lon": -73.986939423437391, "lat": 40.718741722560125 }, "geometry": { "type": "Point", "coordinates": [ -73.986939423437391, 40.718741722560125 ] } },
{ "type": "Feature", "properties": { "name": null, "bbl": "1003530051", "shape_area": "402.76953125", "construction_year": "1910", "ground_elevation": "23", "mappluto_bbl": "1003530051", "objectid": "367009", "feature_code": "2100", "shape_length": "99.439772899880879", "height_roof": "74.84", "last_status_type": "Constructed", "bin": "1004300", "last_edited_date": "2017-08-22T17:34:53Z", "geom_source": "Photogrammetric", "doitt_id": "107129", "address": "106 NORFOLK STREET", "bldgclass": "C7", "numfloors": 6.0, "unitsres": 28, "yearbuilt": 1910, "latitude": 40.7188246, "longitude": -73.9868616, "roof_area_m2": 231.13250357364419, "pv_kw_dc": 39.292525607519508, "annual_kwh": 48644.146702109152, "avg_daily_kwh": 133.27163480029904, "psh_daily_kwh": 144.59649423567177, "canopy_area_m2": 196.46262803759754, "lon": -73.986894374943105, "lat": 40.718842472310357 }, "geometry": { "type": "Point", "coordinates": [ -73.986894374943105, 40.718842472310357 ] } },
{ "type": "Feature", "properties": { "name": null, "bbl": "1004090043", "shape_area": "477.84375", "construction_year": "1920", "ground_elevation": "34", "mappluto_bbl": "1004090043", "objectid": "242846", "feature_code": "2100", "shape_length": "106.60337302487292", "height_roof": "65.48", "last_status_type": "Constructed", "bin": "1005300", "last_edited_date": "2017-08-22T18:38:14Z", "geom_source": "Photogrammetric", "doitt_id": "397844", "address": "101 DELANCEY STREET", "bldgclass": "C7", "numfloors": 6.0, "unitsres": 20, "yearbuilt": 1920, "latitude": 40.7184873, "longitude": -73.9889071, "roof_area_m2": 274.21696350543181, "pv_kw_dc": 46.616883795923407, "annual_kwh": 57711.702139353176, "avg_daily_kwh": 158.11425243658405, "psh_daily_kwh": 171.55013236899813, "canopy_area_m2": 233.08441897961703, "lon": -73.988900107656988, "lat": 40.718492238144812 }, "geometry": { "type": "Point", "coordinates": [ -73.988900107656988, 40.718492238144812 ] } },
{ "type": "Feature", "properties": { "name": null, "bbl": "1003530020", "shape_area": "528.5234375", "construction_year": "1920", "ground_elevation": "28", "mappluto_bbl": "1003530020", "objectid": "731703", "feature_code": "2100", "shape_length": "129.70367823292034", "height_roof": "69.27", "last_status_type": "Constructed", "bin": "1004286", "last_edited_date": "2017-08-22T17:44:48Z", "geom_source": "Photogrammetric", "doitt_id": "437566", "address": "121 RIVINGTON STREET", "bldgclass": "C7", "numfloors": 6.0, "unitsres": 27, "yearbuilt": 1920, "latitude": 40.7195548, "longitude": -73.9873593, "roof_area_m2": 303.2961945600091, "pv_kw_dc": 51.560353075201547, "annual_kwh": 63831.717107099517, "avg_daily_kwh": 174.8814167317795, "psh_daily_kwh": 189.7420993167417, "canopy_area_m2": 257.80176537600772, "lon": -73.987348073591491, "lat": 40.71957941958545 }, "geometry": { "type": "Point", "coordinates": [ -73.987348073591491, 40.71957941958545 ] } },
{ "type": "Feature", "properties": { "name": null, "bbl": "1003000004", "shape_area": "262.890625", "construction_year": "1930", "ground_elevation": "41", "mappluto_bbl": "1003000004", "objectid": "516832", "feature_code": "2100", "shape_length": "89.126977978974423", "height_roof": "64.42", "last_status_type": "Constructed", "bin": "1003877", "last_edited_date": "2017-08-22T19:12:12Z", "geom_source": "Photogrammetric", "doitt_id": "237887", "address": "42 ELDRIDGE STREET", "bldgclass": "C7", "numfloors": 6.0, "unitsres": 20, "yearbuilt": 1930, "latitude": 40.7157346, "longitude": -73.9929477, "roof_area_m2": 150.87032322401956, "pv_kw_dc": 25.647954948083324, "annual_kwh": 31752.168225727157, "avg_daily_kwh": 86.992241714320983, "psh_daily_kwh": 94.384474208946642, "canopy_area_m2": 128.23977474041661, "lon": -73.992958460633162, "lat": 40.715745682993997 }, "geometry": { "type": "Point", "coordinates": [ -73.992958460633162, 40.715745682993997 ] } },
{ "type": "Feature", "properties": { "name": null, "bbl": "1003000005", "shape_area": "258.26953125", "construction_year": "1930", "ground_elevation": "41", "mappluto_bbl": "1003000005", "objectid": "336415", "feature_code": "2100", "shape_length": "88.71680061684313", "height_roof": "64.58", "last_status_type": "Constructed", "bin": "1003878", "last_edited_date": "2017-08-22T18:02:10Z", "geom_source": "Photogrammetric", "doitt_id": "170223", "address": "44 ELDRIDGE STREET", "bldgclass": "C7", "numfloors": 6.0, "unitsres": 20, "yearbuilt": 1930, "latitude": 40.7157977, "longitude": -73.9929116, "roof_area_m2": 148.22042113311451, "pv_kw_dc": 25.197471592629469, "annual_kwh": 31194.469831675284, "avg_daily_kwh": 85.464300908699414, "psh_daily_kwh": 92.726695460876442, "canopy_area_m2": 125.98735796314733, "lon": -73.992925418388509, "lat": 40.715810184638642 }, "geometry": { "type": "Point", "coordinates": [ -73.992925418388509, 40.715810184638642 ] } },
{ "type": "Feature", "properties": { "name": null, "bbl": "1003000006", "shape_area": "254.5078125", "construction_year": "1930", "ground_elevation": "42", "mappluto_bbl": "1003000006", "objectid": "562021", "feature_code": "2100", "shape_length": "88.512460991053189", "height_roof": "63.18", "last_status_type": "Constructed", "bin": "1003879", "last_edited_date": "2017-08-22T17:56:25Z", "geom_source": "Photogrammetric", "doitt_id": "567829", "address": "46 ELDRIDGE STREET", "bldgclass": "C7", "numfloors": 6.0, "unitsres": 20, "yearbuilt": 1930, "latitude": 40.7158636, "longitude": -73.9928792, "roof_area_m2": 146.06611412878584, "pv_kw_dc": 24.831239401893594, "annual_kwh": 30741.074379544269, "avg_daily_kwh": 84.222121587792515, "psh_daily_kwh": 91.378960998968424, "canopy_area_m2": 124.15619700946796, "lon": -73.992893319828056, "lat": 40.715874261881545 }, "geometry": { "type": "Point", "coordinates": [ -73.992893319828056, 40.715874261881545 ] } },
{ "type": "Feature", "properties": { "name": null, "bbl": "1003000007", "shape_area": "315.515625", "construction_year": "1910", "ground_elevation": "41", "mappluto_bbl": "1003000007", "objectid": "214879", "feature_code": "2100", "shape_length": "99.676693637491169", "height_roof": "64.44", "last_status_type": "Constructed", "bin": "1003880", "last_edited_date": "2017-08-22T18:03:49Z", "geom_source": "Photogrammetric", "doitt_id": "227068", "address": "48 ELDRIDGE STREET", "bldgclass": "C7", "numfloors": 6.0, "unitsres": 11, "yearbuilt": 1910, "latitude": 40.7159295, "longitude": -73.9928467, "roof_area_m2": 181.06488775487574, "pv_kw_dc": 30.781030918328881, "annual_kwh": 38106.916276891156, "avg_daily_kwh": 104.402510347647, "psh_daily_kwh": 113.27419377945029, "canopy_area_m2": 153.90515459164439, "lon": -73.992836084885852, "lat": 40.715930809611322 }, "geometry": { "type": "Point", "coordinates": [ -73.992836084885852, 40.715930809611322 ] } },
{ "type": "Feature", "properties": { "name": null, "bbl": "1003060001", "shape_area": "417.78125", "construction_year": "1910", "ground_elevation": "41", "mappluto_bbl": "1003060001", "objectid": "1063336", "feature_code": "2100", "shape_length": "102.65582215079813", "height_roof": "67", "last_status_type": "Constructed", "bin": "1003946", "last_edited_date": "2017-08-22T18:31:41Z", "geom_source": "Other (Manual)", "doitt_id": "546360", "address": "119 HESTER STREET", "bldgclass": "C7", "numfloors": 6.0, "unitsres": 25, "yearbuilt": 1910, "latitude": 40.7167968, "longitude": -73.9934094, "roof_area_m2": 239.76157270430517, "pv_kw_dc": 40.759467359731879, "annual_kwh": 50460.220591348065, "avg_daily_kwh": 138.24717970232348, "psh_daily_kwh": 149.99483988381331, "canopy_area_m2": 203.79733679865939, "lon": -73.993410688471528, "lat": 40.716803771613662 }, "geometry": { "type": "Point", "coordinates": [ -73.993410688471528, 40.716803771613662 ] } },
{ "type": "Feature", "properties": { "name": null, "bbl": "1003060035", "shape_area": "275.09375", "construction_year": "1913", "ground_elevation": "39", "mappluto_bbl": "1003060035", "objectid": "890765", "feature_code": "2100", "shape_length": "77.479419585176316", "height_roof": "67.39", "last_status_type": "Constructed", "bin": "1003971", "last_edited_date": "2017-08-22T17:28:04Z", "geom_source": "Photogrammetric", "doitt_id": "106804", "address": "107 HESTER STREET", "bldgclass": "C7", "numfloors": 6.0, "unitsres": 17, "yearbuilt": 1913, "latitude": 40.7166486, "longitude": -73.9929116, "roof_area_m2": 157.87536554963356, "pv_kw_dc": 26.838812143437703, "annual_kwh": 33226.449433575879, "avg_daily_kwh": 91.031368311166787, "psh_daily_kwh": 98.766828687850747, "canopy_area_m2": 134.19406071718851, "lon": -73.99291185298884, "lat": 40.716647736935926 }, "geometry": { "type": "Point", "coordinates": [ -73.99291185298884, 40.716647736935926 ] } },
{ "type": "Feature", "properties": { "name": null, "bbl": "1003060032", "shape_area": "318.60546875", "construction_year": "1920", "ground_elevation": "40", "mappluto_bbl": "1003060032", "objectid": "810096", "feature_code": "2100", "shape_length": "98.384277585179547", "height_roof": "63.61", "last_status_type": "Constructed", "bin": "1003968", "last_edited_date": "2017-08-22T19:31:54Z", "geom_source": "Photogrammetric", "doitt_id": "260902", "address": "73 ELDRIDGE STREET", "bldgclass": "C7", "numfloors": 6.0, "unitsres": 22, "yearbuilt": 1920, "latitude": 40.7169066, "longitude": -73.9928935, "roof_area_m2": 182.83912933944745, "pv_kw_dc": 31.082651987706068, "annual_kwh": 38480.323160780114, "avg_daily_kwh": 105.42554290624689, "psh_daily_kwh": 114.38415931475832, "canopy_area_m2": 155.41325993853033, "lon": -73.992874869782938, "lat": 40.716911097617476 }, "geometry": { "type": "Point", "coordinates": [ -73.992874869782938, 40.716911097617476 ] } },
{ "type": "Feature", "properties": { "name": null, "bbl": "1003060031", "shape_area": "230.78515625", "construction_year": "1910", "ground_elevation": "41", "mappluto_bbl": "1003060031", "objectid": "441113", "feature_code": "2100", "shape_length": "94.800479314694911", "height_roof": "76.26", "last_status_type": "Constructed", "bin": "1003967", "last_edited_date": "2017-08-22T19:34:54Z", "geom_source": "Photogrammetric", "doitt_id": "248335", "address": "75 ELDRIDGE STREET", "bldgclass": "C7", "numfloors": 6.0, "unitsres": 10, "yearbuilt": 1910, "latitude": 40.7169642, "longitude": -73.992861, "roof_area_m2": 132.44242740888239, "pv_kw_dc": 22.515212659510009, "annual_kwh": 27873.833272473392, "avg_daily_kwh": 76.366666499927106, "psh_daily_kwh": 82.855982586996831, "canopy_area_m2": 112.57606329755004, "lon": -73.992834722359746, "lat": 40.716965651547717 }, "geometry": { "type": "Point", "coordinates": [ -73.992834722359746, 40.716965651547717 ] } },
{ "type": "Feature", "properties": { "name": null, "bbl": "1003060007", "shape_area": "311.38671875", "construction_year": "1900", "ground_elevation": "39", "mappluto_bbl": "1003060007", "objectid": "212629", "feature_code": "2100", "shape_length": "100.33184376440252", "height_roof": "63.91", "last_status_type": "Constructed", "bin": "1003951", "last_edited_date": "2017-08-22T18:04:12Z", "geom_source": "Photogrammetric", "doitt_id": "221632", "address": "74 FORSYTH STREET", "bldgclass": "C7", "numfloors": 6.0, "unitsres": 18, "yearbuilt": 1900, "latitude": 40.7171372, "longitude": -73.9931712, "roof_area_m2": 178.69992515717249, "pv_kw_dc": 30.378987276719325, "annual_kwh": 37609.186248578524, "avg_daily_kwh": 103.03886643446171, "psh_daily_kwh": 111.79467317832712, "canopy_area_m2": 151.89493638359662, "lon": -73.993181578808333, "lat": 40.71715205886138 }, "geometry": { "type": "Point", "coordinates": [ -73.993181578808333, 40.71715205886138 ] } },
{ "type": "Feature", "properties": { "name": null, "bbl": "1003060028", "shape_area": "280.6328125", "construction_year": "1910", "ground_elevation": "41", "mappluto_bbl": "1003060028", "objectid": "694600", "feature_code": "2100", "shape_length": "95.095727454514744", "height_roof": "67.97", "last_status_type": "Constructed", "bin": "1003965", "last_edited_date": "2017-08-22T19:05:57Z", "geom_source": "Photogrammetric", "doitt_id": "465084", "address": "81 ELDRIDGE STREET", "bldgclass": "C7", "numfloors": 6.0, "unitsres": 20, "yearbuilt": 1910, "latitude": 40.7171646, "longitude": -73.99276, "roof_area_m2": 161.05368922794469, "pv_kw_dc": 27.3791271687506, "annual_kwh": 33895.35943491324, "avg_daily_kwh": 92.863998451817096, "psh_daily_kwh": 100.75518798100221, "canopy_area_m2": 136.89563584375298, "lon": -73.992737197866489, "lat": 40.717166511392016 }, "geometry": { "type": "Point", "coordinates": [ -73.992737197866489, 40.717166511392016 ] } },
{ "type": "Feature", "properties": { "name": null, "bbl": "1003060009", "shape_area": "305.0546875", "construction_year": "1900", "ground_elevation": "40", "mappluto_bbl": "1003060009", "objectid": "559155", "feature_code": "2100", "shape_length": "98.943117492499084", "height_roof": "60.65", "last_status_type": "Constructed", "bin": "1003953", "last_edited_date": "2017-08-22T18:47:30Z", "geom_source": "Photogrammetric", "doitt_id": "498074", "address": "78 FORSYTH STREET", "bldgclass": "C7", "numfloors": 6.0, "unitsres": 17, "yearbuilt": 1900, "latitude": 40.7172662, "longitude": -73.9931063, "roof_area_m2": 175.06734442700488, "pv_kw_dc": 29.761448552590835, "annual_kwh": 36844.673308107456, "avg_daily_kwh": 100.94431043317111, "psh_daily_kwh": 109.52213067353428, "canopy_area_m2": 148.80724276295416, "lon": -73.993113596138286, "lat": 40.71727833577792 }, "geometry": { "type": "Point", "coordinates": [ -73.993113596138286, 40.71727833577792 ] } },
{ "type": "Feature", "properties": { "name": null, "bbl": "1003060023", "shape_area": "345.6640625", "construction_year": "1900", "ground_elevation": "40", "mappluto_bbl": "1003060023", "objectid": "882134", "feature_code": "2100", "shape_length": "96.015429778659993", "height_roof": "69.93", "last_status_type": "Constructed", "bin": "1003961", "last_edited_date": "2017-08-22T18:43:03Z", "geom_source": "Photogrammetric", "doitt_id": "275889", "address": "289 GRAND STREET", "bldgclass": "C7", "numfloors": 6.0, "unitsres": 13, "yearbuilt": 1900, "latitude": 40.7174802, "longitude": -73.9924533, "roof_area_m2": 198.3699993589596, "pv_kw_dc": 33.722899891023133, "annual_kwh": 41748.950065086639, "avg_daily_kwh": 114.38068510982642, "psh_daily_kwh": 124.10027159896514, "canopy_area_m2": 168.61449945511566, "lon": -73.992455293125474, "lat": 40.717493157468915 }, "geometry": { "type": "Point", "coordinates": [ -73.992455293125474, 40.717493157468915 ] } },
{ "type": "Feature", "properties": { "name": null, "bbl": "1003100040", "shape_area": "487.59765625", "construction_year": "1915", "ground_elevation": "34", "mappluto_bbl": "1003100040", "objectid": "121137", "feature_code": "2100", "shape_length": "107.81126741902166", "height_roof": "64.42", "last_status_type": "Constructed", "bin": "1004051", "last_edited_date": "2017-08-22T18:59:47Z", "geom_source": "Photogrammetric", "doitt_id": "494051", "address": "61 HESTER STREET", "bldgclass": "C7", "numfloors": 6.0, "unitsres": 20, "yearbuilt": 1915, "latitude": 40.7158963, "longitude": -73.9903288, "roof_area_m2": 279.84122551019931, "pv_kw_dc": 47.573008336733885, "annual_kwh": 58895.384320876547, "avg_daily_kwh": 161.35721731747, "psh_daily_kwh": 175.06867067918068, "canopy_area_m2": 237.8650416836694, "lon": -73.990323008813704, "lat": 40.715912982978558 }, "geometry": { "type": "Point", "coordinates": [ -73.990323008813704, 40.715912982978558 ] } },
{ "type": "Feature", "properties": { "name": null, "bbl": "1003100029", "shape_area": "308.76953125", "construction_year": "1900", "ground_elevation": "34", "mappluto_bbl": "1003100029", "objectid": "685068", "feature_code": "2100", "shape_length": "79.752611068325265", "height_roof": "67.79", "last_status_type": "Constructed", "bin": "1004042", "last_edited_date": "2017-08-22T17:41:13Z", "geom_source": "Photogrammetric", "doitt_id": "23824", "address": "33 ESSEX STREET", "bldgclass": "C7", "numfloors": 6.0, "unitsres": 10, "yearbuilt": 1900, "latitude": 40.7160473, "longitude": -73.9898165, "roof_area_m2": 177.20441120769098, "pv_kw_dc": 30.124749905307468, "annual_kwh": 37294.440382770648, "avg_daily_kwh": 102.17654899389218, "psh_daily_kwh": 110.85907965153147, "canopy_area_m2": 150.62374952653732, "lon": -73.989795989770897, "lat": 40.716049511741282 }, "geometry": { "type": "Point", "coordinates": [ -73.989795989770897, 40.716049511741282 ] } },
{ "type": "Feature", "properties": { "name": null, "bbl": "1003100026", "shape_area": "282.86328125", "construction_year": "1900", "ground_elevation": "36", "mappluto_bbl": "1003100026", "objectid": "950085", "feature_code": "2100", "shape_length": "77.189672718648239", "height_roof": "64.06", "last_status_type": "Constructed", "bin": "1004040", "last_edited_date": "2017-08-22T18:41:37Z", "geom_source": "Photogrammetric", "doitt_id": "60598", "address": "39 ESSEX STREET", "bldgclass": "C7", "numfloors": 6.0, "unitsres": 20, "yearbuilt": 1900, "latitude": 40.7162394, "longitude": -73.9897155, "roof_area_m2": 162.33650845067277, "pv_kw_dc": 27.597206436614371, "annual_kwh": 34165.341568528595, "avg_daily_kwh": 93.603675530215327, "psh_daily_kwh": 101.55771968674088, "canopy_area_m2": 137.98603218307184, "lon": -73.989694733187349, "lat": 40.716239639653651 }, "geometry": { "type": "Point", "coordinates": [ -73.989694733187349, 40.716239639653651 ] } },
{ "type": "Feature", "properties": { "name": null, "bbl": "1003100007", "shape_area": "450.0390625", "construction_year": "1900", "ground_elevation": "36", "mappluto_bbl": "1003100007", "objectid": "728498", "feature_code": "2100", "shape_length": "104.13220386954011", "height_roof": "69.13", "last_status_type": "Constructed", "bin": "1004024", "last_edited_date": "2017-08-22T17:58:23Z", "geom_source": "Photogrammetric", "doitt_id": "77489", "address": "48 LUDLOW STREET", "bldgclass": "C7", "numfloors": 6.0, "unitsres": 27, "yearbuilt": 1900, "latitude": 40.7163492, "longitude": -73.9900113, "roof_area_m2": 258.2740231524906, "pv_kw_dc": 43.906583935923408, "annual_kwh": 54356.350912673181, "avg_daily_kwh": 148.92150934978955, "psh_daily_kwh": 161.57622888419814, "canopy_area_m2": 219.53291967961701, "lon": -73.990030695085167, "lat": 40.716363544493568 }, "geometry": { "type": "Point", "coordinates": [ -73.990030695085167, 40.716363544493568 ] } },
{ "type": "Feature", "properties": { "name": null, "bbl": "1003090025", "shape_area": "252.5546875", "construction_year": "1910", "ground_elevation": "37", "mappluto_bbl": "1003090025", "objectid": "580703", "feature_code": "2100", "shape_length": "89.065964617670829", "height_roof": "67.69", "last_status_type": "Constructed", "bin": "1004018", "last_edited_date": "2017-08-22T19:30:15Z", "geom_source": "Photogrammetric", "doitt_id": "315007", "address": "45 LUDLOW STREET", "bldgclass": "C7", "numfloors": 6.0, "unitsres": 11, "yearbuilt": 1910, "latitude": 40.7164041, "longitude": -73.9905055, "roof_area_m2": 144.93725223038967, "pv_kw_dc": 24.639332879166247, "annual_kwh": 30503.494104407815, "avg_daily_kwh": 83.571216724404977, "psh_daily_kwh": 90.672744995331783, "canopy_area_m2": 123.19666439583122, "lon": -73.990483674877197, "lat": 40.716409322686317 }, "geometry": { "type": "Point", "coordinates": [ -73.990483674877197, 40.716409322686317 ] } },
{ "type": "Feature", "properties": { "name": null, "bbl": "1003080024", "shape_area": "285.203125", "construction_year": "1910", "ground_elevation": "37", "mappluto_bbl": "1003080024", "objectid": "702216", "feature_code": "2100", "shape_length": "96.10408146663211", "height_roof": "61.27", "last_status_type": "Constructed", "bin": "1003992", "last_edited_date": "2017-08-22T18:26:48Z", "geom_source": "Photogrammetric", "doitt_id": "594652", "address": "47 ORCHARD STREET", "bldgclass": "C7", "numfloors": 6.0, "unitsres": 20, "yearbuilt": 1910, "latitude": 40.7164426, "longitude": -73.9913604, "roof_area_m2": 163.67710802634264, "pv_kw_dc": 27.825108364478247, "annual_kwh": 34447.484155224069, "avg_daily_kwh": 94.376668918422112, "psh_daily_kwh": 102.39639878127994, "canopy_area_m2": 139.12554182239123, "lon": -73.991342703960711, "lat": 40.716445734413114 }, "geometry": { "type": "Point", "coordinates": [ -73.991342703960711, 40.716445734413114 ] } },
{ "type": "Feature", "properties": { "name": null, "bbl": "1003090024", "shape_area": "262.51171875", "construction_year": "1900", "ground_elevation": "37", "mappluto_bbl": "1003090024", "objectid": "503186", "feature_code": "2100", "shape_length": "79.403428950424754", "height_roof": "70.81", "last_status_type": "Constructed", "bin": "1004017", "last_edited_date": "2017-08-22T19:11:58Z", "geom_source": "Photogrammetric", "doitt_id": "377959", "address": "47 LUDLOW STREET", "bldgclass": "C7", "numfloors": 6.0, "unitsres": 16, "yearbuilt": 1900, "latitude": 40.71647, "longitude": -73.990473, "roof_area_m2": 150.65880889212531, "pv_kw_dc": 25.611997511661304, "annual_kwh": 31707.652919436696, "avg_daily_kwh": 86.870281971059441, "psh_daily_kwh": 94.252150842913593, "canopy_area_m2": 128.05998755830652, "lon": -73.990442910616167, "lat": 40.716466605803767 }, "geometry": { "type": "Point", "coordinates": [ -73.990442910616167, 40.716466605803767 ] } },
{ "type": "Feature", "properties": { "name": null, "bbl": "1003090008", "shape_area": "296.99609375", "construction_year": "1910", "ground_elevation": "38", "mappluto_bbl": "1003090008", "objectid": "894260", "feature_code": "2100", "shape_length": "77.613905230756473", "height_roof": "60.22", "last_status_type": "Constructed", "bin": "1004002", "last_edited_date": "2017-08-22T19:04:12Z", "geom_source": "Photogrammetric", "doitt_id": "145340", "address": "58 ORCHARD STREET", "bldgclass": "C7", "numfloors": 6.0, "unitsres": 16, "yearbuilt": 1910, "latitude": 40.7166896, "longitude": -73.9907111, "roof_area_m2": 170.44698369641418, "pv_kw_dc": 28.975987228390409, "annual_kwh": 35872.272188747324, "avg_daily_kwh": 98.28019777738993, "psh_daily_kwh": 106.63163300047671, "canopy_area_m2": 144.87993614195204, "lon": -73.990727419553636, "lat": 40.716701321313913 }, "geometry": { "type": "Point", "coordinates": [ -73.990727419553636, 40.716701321313913 ] } },
{ "type": "Feature", "properties": { "name": null, "bbl": "1004080020", "shape_area": "278.6953125", "construction_year": "1900", "ground_elevation": "39", "mappluto_bbl": "1004080020", "objectid": "321660", "feature_code": "2100", "shape_length": "75.898856003382832", "height_roof": "65.32", "last_status_type": "Constructed", "bin": "1005280", "last_edited_date": "2017-08-22T18:36:30Z", "geom_source": "Photogrammetric", "doitt_id": "127016", "address": "67 LUDLOW STREET", "bldgclass": "C4", "numfloors": 6.0, "unitsres": 21, "yearbuilt": 1900, "latitude": 40.717384, "longitude": -73.9900003, "roof_area_m2": 159.93830997875574, "pv_kw_dc": 27.189512696388476, "annual_kwh": 33660.616718128935, "avg_daily_kwh": 92.220867720901197, "psh_daily_kwh": 100.05740672270959, "canopy_area_m2": 135.94756348194238, "lon": -73.989974196804056, "lat": 40.717383704177045 }, "geometry": { "type": "Point", "coordinates": [ -73.989974196804056, 40.717383704177045 ] } },
{ "type": "Feature", "properties": { "name": null, "bbl": "1004130049", "shape_area": "475.90234375", "construction_year": "1910", "ground_elevation": "39", "mappluto_bbl": "1004130049", "objectid": "166126", "feature_code": "2100", "shape_length": "121.44244982105329", "height_roof": "63.55", "last_status_type": "Constructed", "bin": "1005449", "last_edited_date": "2017-08-22T17:50:23Z", "geom_source": "Photogrammetric", "doitt_id": "354856", "address": "75 ORCHARD STREET", "bldgclass": "C7", "numfloors": 6.0, "unitsres": 30, "yearbuilt": 1910, "latitude": 40.7177107, "longitude": -73.9907109, "roof_area_m2": 273.10979720779682, "pv_kw_dc": 46.428665525325464, "annual_kwh": 57478.687920352924, "avg_daily_kwh": 157.47585731603542, "psh_daily_kwh": 170.8574891331977, "canopy_area_m2": 232.1433276266273, "lon": -73.990690528063212, "lat": 40.717714148029231 }, "geometry": { "type": "Point", "coordinates": [ -73.990690528063212, 40.717714148029231 ] } },
{ "type": "Feature", "properties": { "name": null, "bbl": "1004130045", "shape_area": "472.765625", "construction_year": "1910", "ground_elevation": "39", "mappluto_bbl": "1004130045", "objectid": "924044", "feature_code": "2100", "shape_length": "121.70999064614496", "height_roof": "63.37", "last_status_type": "Constructed", "bin": "1005448", "last_edited_date": "2017-08-22T18:07:48Z", "geom_source": "Photogrammetric", "doitt_id": "296988", "address": "81 ORCHARD STREET", "bldgclass": "C7", "numfloors": 6.0, "unitsres": 30, "yearbuilt": 1910, "latitude": 40.7178397, "longitude": -73.990646, "roof_area_m2": 271.30704549613358, "pv_kw_dc": 46.122197734342706, "annual_kwh": 57099.280795116269, "avg_daily_kwh": 156.43638574004459, "psh_daily_kwh": 169.72968766238114, "canopy_area_m2": 230.61098867171353, "lon": -73.990624064120382, "lat": 40.717843220466101 }, "geometry": { "type": "Point", "coordinates": [ -73.990624064120382, 40.717843220466101 ] } },
{ "type": "Feature", "properties": { "name": null, "bbl": "1004130014", "shape_area": "542.0703125", "construction_year": "1900", "ground_elevation": "40", "mappluto_bbl": "1004130014", "objectid": "584256", "feature_code": "2100", "shape_length": "120.30296017424985", "height_roof": "69.3", "last_status_type": "Constructed", "bin": "1005436", "last_edited_date": "2017-08-22T18:46:53Z", "geom_source": "Photogrammetric", "doitt_id": "483614", "address": "277 BROOME STREET", "bldgclass": "C7", "numfloors": 6.0, "unitsres": 25, "yearbuilt": 1900, "latitude": 40.7182267, "longitude": -73.9912339, "roof_area_m2": 311.082105401663, "pv_kw_dc": 52.883957918282704, "annual_kwh": 65470.339902833985, "avg_daily_kwh": 179.37079425433967, "psh_daily_kwh": 194.61296513928036, "canopy_area_m2": 264.41978959141352, "lon": -73.991231560284945, "lat": 40.718229687354089 }, "geometry": { "type": "Point", "coordinates": [ -73.991231560284945, 40.718229687354089 ] } },
{ "type": "Feature", "properties": { "name": null, "bbl": "1004080014", "shape_area": "268.84765625", "construction_year": "1900", "ground_elevation": "37", "mappluto_bbl": "1004080014", "objectid": "743271", "feature_code": "2100", "shape_length": "88.214802113990487", "height_roof": "61.37", "last_status_type": "Constructed", "bin": "1005277", "last_edited_date": "2017-08-22T18:50:23Z", "geom_source": "Photogrammetric", "doitt_id": "840935", "address": "245 BROOME STREET", "bldgclass": "C7", "numfloors": 6.0, "unitsres": 20, "yearbuilt": 1900, "latitude": 40.7177819, "longitude": -73.9897766, "roof_area_m2": 154.27987851035789, "pv_kw_dc": 26.227579346760844, "annual_kwh": 32469.743231289925, "avg_daily_kwh": 88.958200633671026, "psh_daily_kwh": 96.517491996079912, "canopy_area_m2": 131.13789673380421, "lon": -73.989768483841701, "lat": 40.717801800461331 }, "geometry": { "type": "Point", "coordinates": [ -73.989768483841701, 40.717801800461331 ] } },
{ "type": "Feature", "properties": { "name": null, "bbl": "1004090029", "shape_area": "308.76171875", "construction_year": "1920", "ground_elevation": "37", "mappluto_bbl": "1004090029", "objectid": "25715", "feature_code": "2100", "shape_length": "99.86144290588102", "height_roof": "68.9", "last_status_type": "Constructed", "bin": "1005295", "last_edited_date": "2017-08-22T19:14:21Z", "geom_source": "Photogrammetric", "doitt_id": "556494", "address": "250 BROOME STREET", "bldgclass": "C7", "numfloors": 6.0, "unitsres": 22, "yearbuilt": 1890, "latitude": 40.7181635, "longitude": -73.9897116, "roof_area_m2": 177.19501515785151, "pv_kw_dc": 30.123152576834759, "annual_kwh": 37292.462890121431, "avg_daily_kwh": 102.17113120581215, "psh_daily_kwh": 110.85320148275191, "canopy_area_m2": 150.61576288417379, "lon": -73.989716421879862, "lat": 40.718162680943266 }, "geometry": { "type": "Point", "coordinates": [ -73.989716421879862, 40.718162680943266 ] } },
{ "type": "Feature", "properties": { "name": null, "bbl": "1004090031", "shape_area": "307.03515625", "construction_year": "1920", "ground_elevation": "37", "mappluto_bbl": "1004090031", "objectid": "397997", "feature_code": "2100", "shape_length": "94.515765454802334", "height_roof": "69.4", "last_status_type": "Constructed", "bin": "1005296", "last_edited_date": "2017-08-22T17:34:32Z", "geom_source": "Photogrammetric", "doitt_id": "541827", "address": "252 BROOME STREET", "bldgclass": "C7", "numfloors": 6.0, "unitsres": 16, "yearbuilt": 1890, "latitude": 40.7181991, "longitude": -73.9898126, "roof_area_m2": 176.20076733964339, "pv_kw_dc": 29.954130447739374, "annual_kwh": 37083.213494301344, "avg_daily_kwh": 101.5978451898667, "psh_daily_kwh": 110.23120004768089, "canopy_area_m2": 149.77065223869687, "lon": -73.989817755617821, "lat": 40.718194295505391 }, "geometry": { "type": "Point", "coordinates": [ -73.989817755617821, 40.718194295505391 ] } },
{ "type": "Feature", "properties": { "name": null, "bbl": "1004090033", "shape_area": "303.30859375", "construction_year": "1900", "ground_elevation": "38", "mappluto_bbl": "1004090033", "objectid": "447757", "feature_code": "2100", "shape_length": "95.176846180383691", "height_roof": "68.4", "last_status_type": "Constructed", "bin": "1005297", "last_edited_date": "2017-08-22T17:59:48Z", "geom_source": "Photogrammetric", "doitt_id": "660917", "address": "254 BROOME STREET", "bldgclass": "C7", "numfloors": 6.0, "unitsres": 16, "yearbuilt": 1900, "latitude": 40.7182293, "longitude": -73.98991, "roof_area_m2": 174.055346074499, "pv_kw_dc": 29.58940883266483, "annual_kwh": 36631.68813483906, "avg_daily_kwh": 100.36078941051797, "psh_daily_kwh": 108.88902450420659, "canopy_area_m2": 147.94704416332414, "lon": -73.989917024779359, "lat": 40.718224403266248 }, "geometry": { "type": "Point", "coordinates": [ -73.989917024779359, 40.718224403266248 ] } },
{ "type": "Feature", "properties": { "name": null, "bbl": "1004130002", "shape_area": "410.05078125", "construction_year": "1900", "ground_elevation": "40", "mappluto_bbl": "1004130002", "objectid": "700419", "feature_code": "2100", "shape_length": "130.32400033813093", "height_roof": "68.16", "last_status_type": "Constructed", "bin": "1005430", "last_edited_date": "2017-08-22T18:44:44Z", "geom_source": "Photogrammetric", "doitt_id": "458283", "address": "108 ELDRIDGE STREET", "bldgclass": "C7", "numfloors": 6.0, "unitsres": 20, "yearbuilt": 1900, "latitude": 40.7180154, "longitude": -73.9917787, "roof_area_m2": 235.31197328369694, "pv_kw_dc": 40.003035458228482, "annual_kwh": 49523.757897286858, "avg_daily_kwh": 135.68152848571742, "psh_daily_kwh": 147.21117048628079, "canopy_area_m2": 200.01517729114241, "lon": -73.991785954684886, "lat": 40.718026134119654 }, "geometry": { "type": "Point", "coordinates": [ -73.991785954684886, 40.718026134119654 ] } },
{ "type": "Feature", "properties": { "name": null, "bbl": "1004130004", "shape_area": "347.0625", "construction_year": "1909", "ground_elevation": "40", "mappluto_bbl": "1004130004", "objectid": "864069", "feature_code": "2100", "shape_length": "90.896506704201656", "height_roof": "68.06", "last_status_type": "Constructed", "bin": "1005431", "last_edited_date": "2017-08-22T18:43:38Z", "geom_source": "Photogrammetric", "doitt_id": "415202", "address": "112 ELDRIDGE STREET", "bldgclass": "C7", "numfloors": 6.0, "unitsres": 16, "yearbuilt": 1909, "latitude": 40.7181142, "longitude": -73.9917282, "roof_area_m2": 199.16746250923399, "pv_kw_dc": 33.858468626569781, "annual_kwh": 41916.784159693387, "avg_daily_kwh": 114.84050454710517, "psh_daily_kwh": 124.59916454577679, "canopy_area_m2": 169.29234313284888, "lon": -73.991758825960545, "lat": 40.718129923012754 }, "geometry": { "type": "Point", "coordinates": [ -73.991758825960545, 40.718129923012754 ] } },
{ "type": "Feature", "properties": { "name": null, "bbl": "1004180047", "shape_area": "298.0703125", "construction_year": "1900", "ground_elevation": "40", "mappluto_bbl": "1004180047", "objectid": "843774", "feature_code": "2100", "shape_length": "93.74961143378394", "height_roof": "67.84", "last_status_type": "Constructed", "bin": "1005573", "last_edited_date": "2017-08-22T18:43:58Z", "geom_source": "Photogrammetric", "doitt_id": "581860", "address": "109 ELDRIDGE STREET", "bldgclass": "C7", "numfloors": 6.0, "unitsres": 22, "yearbuilt": 1900, "latitude": 40.7182076, "longitude": -73.9922296, "roof_area_m2": 171.05216608589552, "pv_kw_dc": 29.07886823460224, "annual_kwh": 35999.638874437573, "avg_daily_kwh": 98.629147601198824, "psh_daily_kwh": 107.01023510333624, "canopy_area_m2": 145.39434117301118, "lon": -73.99221041782657, "lat": 40.718210795278537 }, "geometry": { "type": "Point", "coordinates": [ -73.99221041782657, 40.718210795278537 ] } },
{ "type": "Feature", "properties": { "name": null, "bbl": "1004090034", "shape_area": "388.03125", "construction_year": "1920", "ground_elevation": "38", "mappluto_bbl": "1004090034", "objectid": "615572", "feature_code": "2100", "shape_length": "95.295783918584974", "height_roof": "69.68", "last_status_type": "Constructed", "bin": "1005298", "last_edited_date": "2017-08-22T18:27:56Z", "geom_source": "Photogrammetric", "doitt_id": "626940", "address": "256 BROOME STREET", "bldgclass": "C7", "numfloors": 6.0, "unitsres": 20, "yearbuilt": 1920, "latitude": 40.7182595, "longitude": -73.9900146, "roof_area_m2": 222.67638701278344, "pv_kw_dc": 37.854985792173181, "annual_kwh": 46864.472410710398, "avg_daily_kwh": 128.3958148238641, "psh_daily_kwh": 139.30634771519732, "canopy_area_m2": 189.27492896086591, "lon": -73.990014334003121, "lat": 40.718266491345737 }, "geometry": { "type": "Point", "coordinates": [ -73.990014334003121, 40.718266491345737 ] } },
{ "type": "Feature", "properties": { "name": null, "bbl": "1004140059", "shape_area": "183.85546875", "construction_year": "1900", "ground_elevation": "39", "mappluto_bbl": "1004140059", "objectid": "415586", "feature_code": "2100", "shape_length": "61.495273283322824", "height_roof": "60.41", "last_status_type": "Constructed", "bin": "1079706", "last_edited_date": "2017-08-22T18:34:45Z", "geom_source": "Photogrammetric", "doitt_id": "193965", "address": "260 BROOME STREET", "bldgclass": "C7", "numfloors": 6.0, "unitsres": 14, "yearbuilt": 1900, "latitude": 40.7183035, "longitude": -73.9903248, "roof_area_m2": 212.54318274434928, "pv_kw_dc": 36.132341066539382, "annual_kwh": 44731.838240375757, "avg_daily_kwh": 122.55298148048152, "psh_daily_kwh": 132.9670151248649, "canopy_area_m2": 180.6617053326969, "lon": -73.990284677927875, "lat": 40.718305414093408 }, "geometry": { "type": "Point", "coordinates": [ -73.990284677927875, 40.718305414093408 ] } },
{ "type": "Feature", "properties": { "name": null, "bbl": "1004140059", "shape_area": "183.85546875", "construction_year": "1900", "ground_elevation": "39", "mappluto_bbl": "1004140059", "objectid": "415586", "feature_code": "2100", "shape_length": "61.495273283322824", "height_roof": "60.41", "last_status_type": "Constructed", "bin": "1079706", "last_edited_date": "2017-08-22T18:34:45Z", "geom_source": "Photogrammetric", "doitt_id": "193965", "address": "260 BROOME STREET", "bldgclass": "C7", "numfloors": 6.0, "unitsres": 14, "yearbuilt": 1900, "latitude": 40.7183035, "longitude": -73.9903248, "roof_area_m2": 212.54318274434928, "pv_kw_dc": 36.132341066539382, "annual_kwh": 44731.838240375757, "avg_daily_kwh": 122.55298148048152, "psh_daily_kwh": 132.9670151248649, "canopy_area_m2": 180.6617053326969, "lon": -73.990284677927875, "lat": 40.718305414093408 }, "geometry": { "type": "Point", "coordinates": [ -73.990284677927875, 40.718305414093408 ] } },
{ "type": "Feature", "properties": { "name": null, "bbl": "1004140059", "shape_area": "186.5234375", "construction_year": "1900", "ground_elevation": "39", "mappluto_bbl": "1004140059", "objectid": "463604", "feature_code": "2100", "shape_length": "57.927742760789613", "height_roof": "60.41", "last_status_type": "Constructed", "bin": "1079707", "last_edited_date": "2017-08-22T19:13:29Z", "geom_source": "Photogrammetric", "doitt_id": "631530", "address": "260 BROOME STREET", "bldgclass": "C7", "numfloors": 6.0, "unitsres": 14, "yearbuilt": 1900, "latitude": 40.7183035, "longitude": -73.9903248, "roof_area_m2": 212.54318274434928, "pv_kw_dc": 36.132341066539382, "annual_kwh": 44731.838240375757, "avg_daily_kwh": 122.55298148048152, "psh_daily_kwh": 132.9670151248649, "canopy_area_m2": 180.6617053326969, "lon": -73.990364459626292, "lat": 40.718317102238082 }, "geometry": { "type": "Point", "coordinates": [ -73.990364459626292, 40.718317102238082 ] } },
{ "type": "Feature", "properties": { "name": null, "bbl": "1004140059", "shape_area": "186.5234375", "construction_year": "1900", "ground_elevation": "39", "mappluto_bbl": "1004140059", "objectid": "463604", "feature_code": "2100", "shape_length": "57.927742760789613", "height_roof": "60.41", "last_status_type": "Constructed", "bin": "1079707", "last_edited_date": "2017-08-22T19:13:29Z", "geom_source": "Photogrammetric", "doitt_id": "631530", "address": "260 BROOME STREET", "bldgclass": "C7", "numfloors": 6.0, "unitsres": 14, "yearbuilt": 1900, "latitude": 40.7183035, "longitude": -73.9903248, "roof_area_m2": 212.54318274434928, "pv_kw_dc": 36.132341066539382, "annual_kwh": 44731.838240375757, "avg_daily_kwh": 122.55298148048152, "psh_daily_kwh": 132.9670151248649, "canopy_area_m2": 180.6617053326969, "lon": -73.990364459626292, "lat": 40.718317102238082 }, "geometry": { "type": "Point", "coordinates": [ -73.990364459626292, 40.718317102238082 ] } },
{ "type": "Feature", "properties": { "name": null, "bbl": "1004130012", "shape_area": "418.8515625", "construction_year": "1900", "ground_elevation": "40", "mappluto_bbl": "1004130012", "objectid": "173590", "feature_code": "2100", "shape_length": "112.57933627262268", "height_roof": "69.24", "last_status_type": "Constructed", "bin": "1005435", "last_edited_date": "2017-08-22T19:39:25Z", "geom_source": "Photogrammetric", "doitt_id": "654175", "address": "281 BROOME STREET", "bldgclass": "C7", "numfloors": 6.0, "unitsres": 22, "yearbuilt": 1900, "latitude": 40.7182734, "longitude": -73.9913854, "roof_area_m2": 240.36237960719316, "pv_kw_dc": 40.861604533222838, "annual_kwh": 50586.666412129875, "avg_daily_kwh": 138.59360660857499, "psh_daily_kwh": 150.37070468226005, "canopy_area_m2": 204.30802266611417, "lon": -73.991372698116095, "lat": 40.71829539710599 }, "geometry": { "type": "Point", "coordinates": [ -73.991372698116095, 40.71829539710599 ] } },
{ "type": "Feature", "properties": { "name": null, "bbl": "1004140028", "shape_area": "431.8203125", "construction_year": "1900", "ground_elevation": "39", "mappluto_bbl": "1004140028", "objectid": "5775", "feature_code": "2100", "shape_length": "125.48079155602314", "height_roof": "68.81", "last_status_type": "Constructed", "bin": "1005466", "last_edited_date": "2017-08-22T17:35:52Z", "geom_source": "Photogrammetric", "doitt_id": "851020", "address": "284 BROOME STREET", "bldgclass": "C7", "numfloors": 6.0, "unitsres": 20, "yearbuilt": 1900, "latitude": 40.7186412, "longitude": -73.9912808, "roof_area_m2": 247.80549950975828, "pv_kw_dc": 42.126934916658911, "annual_kwh": 52153.145426823728, "avg_daily_kwh": 142.88532993650335, "psh_daily_kwh": 155.02712049330478, "canopy_area_m2": 210.63467458329453, "lon": -73.991291973583273, "lat": 40.718637764228681 }, "geometry": { "type": "Point", "coordinates": [ -73.991291973583273, 40.718637764228681 ] } },
{ "type": "Feature", "properties": { "name": null, "bbl": "1004140031", "shape_area": "353.3515625", "construction_year": "1900", "ground_elevation": "42", "mappluto_bbl": "1004140031", "objectid": "20221", "feature_code": "2100", "shape_length": "105.97652587988672", "height_roof": "68.78", "last_status_type": "Constructed", "bin": "1005468", "last_edited_date": "2017-08-22T18:01:05Z", "geom_source": "Photogrammetric", "doitt_id": "703088", "address": "288 BROOME STREET", "bldgclass": "C7", "numfloors": 6.0, "unitsres": 20, "yearbuilt": 1900, "latitude": 40.7187125, "longitude": -73.9914611, "roof_area_m2": 202.77176221051616, "pv_kw_dc": 34.471199575787743, "annual_kwh": 42675.345074825229, "avg_daily_kwh": 116.91875362965816, "psh_daily_kwh": 126.8540144388989, "canopy_area_m2": 172.35599787893872, "lon": -73.991455465773029, "lat": 40.718730279120429 }, "geometry": { "type": "Point", "coordinates": [ -73.991455465773029, 40.718730279120429 ] } },
{ "type": "Feature", "properties": { "name": null, "bbl": "1004140032", "shape_area": "316.71484375", "construction_year": "1900", "ground_elevation": "40", "mappluto_bbl": "1004140032", "objectid": "587469", "feature_code": "2100", "shape_length": "107.14322372160137", "height_roof": "70.9", "last_status_type": "Constructed", "bin": "1005469", "last_edited_date": "2017-08-22T18:28:55Z", "geom_source": "Photogrammetric", "doitt_id": "511764", "address": "128 ELDRIDGE STREET", "bldgclass": "C6", "numfloors": 6.0, "unitsres": 15, "yearbuilt": 1900, "latitude": 40.7187373, "longitude": -73.9915405, "roof_area_m2": 181.75712121096737, "pv_kw_dc": 30.898710605864455, "annual_kwh": 38252.603730060197, "avg_daily_kwh": 104.80165405495944, "psh_daily_kwh": 113.70725502958119, "canopy_area_m2": 154.49355302932227, "lon": -73.991532560213159, "lat": 40.718751243718863 }, "geometry": { "type": "Point", "coordinates": [ -73.991532560213159, 40.718751243718863 ] } },
{ "type": "Feature", "properties": { "name": null, "bbl": "1004190040", "shape_area": "735.68359375", "construction_year": "1900", "ground_elevation": "40", "mappluto_bbl": "1004190040", "objectid": "1067078", "feature_code": "2100", "shape_length": "138.61234651359069", "height_roof": "69", "last_status_type": "Constructed", "bin": "1005583", "last_edited_date": "2017-08-22T17:55:51Z", "geom_source": "Other (Manual)", "doitt_id": "239910", "address": "110 FORSYTH STREET", "bldgclass": "C6", "numfloors": 6.0, "unitsres": 25, "yearbuilt": 1900, "latitude": 40.7189679, "longitude": -73.9923341, "roof_area_m2": 422.17122959950888, "pv_kw_dc": 71.7691090319165, "annual_kwh": 88850.156981512628, "avg_daily_kwh": 243.42508762058253, "psh_daily_kwh": 264.11032123745275, "canopy_area_m2": 358.84554515958251, "lon": -73.992332015970078, "lat": 40.718988607572811 }, "geometry": { "type": "Point", "coordinates": [ -73.992332015970078, 40.718988607572811 ] } },
{ "type": "Feature", "properties": { "name": null, "bbl": "1004140003", "shape_area": "286.59375", "construction_year": "1900", "ground_elevation": "40", "mappluto_bbl": "1004140003", "objectid": "747135", "feature_code": "2100", "shape_length": "76.575604932992988", "height_roof": "57.05", "last_status_type": "Constructed", "bin": "1005454", "last_edited_date": "2017-08-22T18:14:08Z", "geom_source": "Photogrammetric", "doitt_id": "594253", "address": "138 ELDRIDGE STREET", "bldgclass": "C7", "numfloors": 6.0, "unitsres": 18, "yearbuilt": 1900, "latitude": 40.718998, "longitude": -73.9912699, "roof_area_m2": 164.46682291227722, "pv_kw_dc": 27.959359895087132, "annual_kwh": 34613.687550117873, "avg_daily_kwh": 94.832020685254449, "psh_daily_kwh": 102.89044441392065, "canopy_area_m2": 139.79679947543565, "lon": -73.991297012744482, "lat": 40.71901468098892 }, "geometry": { "type": "Point", "coordinates": [ -73.991297012744482, 40.71901468098892 ] } },
{ "type": "Feature", "properties": { "name": null, "bbl": "1004140018", "shape_area": "340.08984375", "construction_year": "1900", "ground_elevation": "37", "mappluto_bbl": "1004140018", "objectid": "208536", "feature_code": "2100", "shape_length": "91.1583346908452", "height_roof": "73.47", "last_status_type": "Constructed", "bin": "1005457", "last_edited_date": "2017-08-22T17:36:52Z", "geom_source": "Photogrammetric", "doitt_id": "507136", "address": "61 DELANCEY STREET", "bldgclass": "C7", "numfloors": 6.0, "unitsres": 15, "yearbuilt": 1900, "latitude": 40.7191023, "longitude": -73.9908658, "roof_area_m2": 195.15654508968493, "pv_kw_dc": 33.176612665246438, "annual_kwh": 41072.646479575087, "avg_daily_kwh": 112.52779857417832, "psh_daily_kwh": 122.08993460810689, "canopy_area_m2": 165.88306332623219, "lon": -73.990874396077885, "lat": 40.719106584764312 }, "geometry": { "type": "Point", "coordinates": [ -73.990874396077885, 40.719106584764312 ] } },
{ "type": "Feature", "properties": { "name": null, "bbl": "1004140005", "shape_area": "584.3125", "construction_year": "1900", "ground_elevation": "40", "mappluto_bbl": "1004140005", "objectid": "208836", "feature_code": "2100", "shape_length": "124.12086535705977", "height_roof": "67.01", "last_status_type": "Constructed", "bin": "1005456", "last_edited_date": "2017-08-22T17:50:01Z", "geom_source": "Photogrammetric", "doitt_id": "384306", "address": "55 DELANCEY STREET", "bldgclass": "C7", "numfloors": 6.0, "unitsres": 30, "yearbuilt": 1900, "latitude": 40.7191599, "longitude": -73.9911869, "roof_area_m2": 335.31414387749737, "pv_kw_dc": 57.003404459174561, "annual_kwh": 70570.214720458112, "avg_daily_kwh": 193.34305402865238, "psh_daily_kwh": 209.7725284097624, "canopy_area_m2": 285.01702229587278, "lon": -73.991184206925354, "lat": 40.719171012856009 }, "geometry": { "type": "Point", "coordinates": [ -73.991184206925354, 40.719171012856009 ] } },
{ "type": "Feature", "properties": { "name": null, "bbl": "1004150078", "shape_area": "748.390625", "construction_year": "1920", "ground_elevation": "37", "mappluto_bbl": "1004150078", "objectid": "161056", "feature_code": "2100", "shape_length": "112.63231177162601", "height_roof": "63.88", "last_status_type": "Constructed", "bin": "1005508", "last_edited_date": "2017-08-22T19:40:32Z", "geom_source": "Photogrammetric", "doitt_id": "581279", "address": "80 DELANCEY STREET", "bldgclass": "C7", "numfloors": 6.0, "unitsres": 29, "yearbuilt": 1920, "latitude": 40.7193492, "longitude": -73.9898665, "roof_area_m2": 429.465438343117, "pv_kw_dc": 73.009124518329884, "annual_kwh": 90385.296153692398, "avg_daily_kwh": 247.63094836628053, "psh_daily_kwh": 268.67357822745396, "canopy_area_m2": 365.04562259164942, "lon": -73.989866505325764, "lat": 40.71936350779329 }, "geometry": { "type": "Point", "coordinates": [ -73.989866505325764, 40.71936350779329 ] } },
{ "type": "Feature", "properties": { "name": null, "bbl": "1004190066", "shape_area": "538.0390625", "construction_year": "1900", "ground_elevation": "40", "mappluto_bbl": "1004190066", "objectid": "278480", "feature_code": "2100", "shape_length": "127.82142528922215", "height_roof": "63.23", "last_status_type": "Constructed", "bin": "1005591", "last_edited_date": "2017-08-22T17:36:12Z", "geom_source": "Photogrammetric", "doitt_id": "80501", "address": "135 ELDRIDGE STREET", "bldgclass": "C7", "numfloors": 6.0, "unitsres": 28, "yearbuilt": 1900, "latitude": 40.7191133, "longitude": -73.9917605, "roof_area_m2": 308.75038886193244, "pv_kw_dc": 52.487566106528519, "annual_kwh": 64979.606839882304, "avg_daily_kwh": 178.02632010926658, "psh_daily_kwh": 193.15424327202493, "canopy_area_m2": 262.43783053264258, "lon": -73.991745462344142, "lat": 40.719113293051748 }, "geometry": { "type": "Point", "coordinates": [ -73.991745462344142, 40.719113293051748 ] } },
{ "type": "Feature", "properties": { "name": null, "bbl": "1004190065", "shape_area": "295.54296875", "construction_year": "1900", "ground_elevation": "40", "mappluto_bbl": "1004190065", "objectid": "212372", "feature_code": "2100", "shape_length": "96.812867867735989", "height_roof": "68.48", "last_status_type": "Constructed", "bin": "1005590", "last_edited_date": "2017-08-22T18:38:28Z", "geom_source": "Photogrammetric", "doitt_id": "739009", "address": "139 ELDRIDGE STREET", "bldgclass": "C7", "numfloors": 6.0, "unitsres": 22, "yearbuilt": 1900, "latitude": 40.7192121, "longitude": -73.99171, "roof_area_m2": 169.59224645490963, "pv_kw_dc": 28.830681897334639, "annual_kwh": 35692.38418890028, "avg_daily_kwh": 97.787353942192553, "psh_daily_kwh": 106.09690938219147, "canopy_area_m2": 144.15340948667318, "lon": -73.991696236571727, "lat": 40.719210165674582 }, "geometry": { "type": "Point", "coordinates": [ -73.991696236571727, 40.719210165674582 ] } },
{ "type": "Feature", "properties": { "name": null, "bbl": "1004190063", "shape_area": "682.99609375", "construction_year": "1920", "ground_elevation": "40", "mappluto_bbl": "1004190063", "objectid": "708116", "feature_code": "2100", "shape_length": "128.89749909658312", "height_roof": "68.56", "last_status_type": "Constructed", "bin": "1005589", "last_edited_date": "2017-08-22T19:28:04Z", "geom_source": "Photogrammetric", "doitt_id": "79238", "address": "47 DELANCEY STREET", "bldgclass": "C7", "numfloors": 6.0, "unitsres": 35, "yearbuilt": 1920, "latitude": 40.7193109, "longitude": -73.9916595, "roof_area_m2": 391.94433088191715, "pv_kw_dc": 66.63053624992591, "annual_kwh": 82488.60387740827, "avg_daily_kwh": 225.99617500659801, "psh_daily_kwh": 245.20037339972734, "canopy_area_m2": 333.15268124962955, "lon": -73.991663966744312, "lat": 40.719318265886059 }, "geometry": { "type": "Point", "coordinates": [ -73.991663966744312, 40.719318265886059 ] } },
{ "type": "Feature", "properties": { "name": null, "bbl": "1004150035", "shape_area": "347.38671875", "construction_year": "1900", "ground_elevation": "39", "mappluto_bbl": "1004150035", "objectid": "87882", "feature_code": "2100", "shape_length": "90.78661312607062", "height_roof": "55.87", "last_status_type": "Constructed", "bin": "1005494", "last_edited_date": "2017-08-22T17:51:20Z", "geom_source": "Photogrammetric", "doitt_id": "714920", "address": "123 ALLEN STREET", "bldgclass": "C7", "numfloors": 6.0, "unitsres": 17, "yearbuilt": 1900, "latitude": 40.7198653, "longitude": -73.9904761, "roof_area_m2": 199.34648153049923, "pv_kw_dc": 33.888901860184873, "annual_kwh": 41954.460502908871, "avg_daily_kwh": 114.94372740522978, "psh_daily_kwh": 124.71115884548033, "canopy_area_m2": 169.44450930092435, "lon": -73.990477179367943, "lat": 40.719876226006818 }, "geometry": { "type": "Point", "coordinates": [ -73.990477179367943, 40.719876226006818 ] } },
{ "type": "Feature", "properties": { "name": null, "bbl": "1004150033", "shape_area": "273.15234375", "construction_year": "1900", "ground_elevation": "38", "mappluto_bbl": "1004150033", "objectid": "886913", "feature_code": "2100", "shape_length": "86.5155387794535", "height_roof": "74.15", "last_status_type": "Constructed", "bin": "1005493", "last_edited_date": "2017-08-22T18:25:43Z", "geom_source": "Photogrammetric", "doitt_id": "652389", "address": "125 ALLEN STREET", "bldgclass": "C7", "numfloors": 6.0, "unitsres": 24, "yearbuilt": 1900, "latitude": 40.7199311, "longitude": -73.99044, "roof_area_m2": 156.74918663706424, "pv_kw_dc": 26.647361728300922, "annual_kwh": 32989.433819636542, "avg_daily_kwh": 90.382010464757656, "psh_daily_kwh": 98.062291160147396, "canopy_area_m2": 133.23680864150461, "lon": -73.990423791314356, "lat": 40.719933411162515 }, "geometry": { "type": "Point", "coordinates": [ -73.990423791314356, 40.719933411162515 ] } },
{ "type": "Feature", "properties": { "name": null, "bbl": "1004100011", "shape_area": "377.9140625", "construction_year": "1920", "ground_elevation": "36", "mappluto_bbl": "1004100011", "objectid": "957505", "feature_code": "2100", "shape_length": "110.25664749230383", "height_roof": "62.41", "last_status_type": "Constructed", "bin": "1005309", "last_edited_date": "2017-08-22T18:41:35Z", "geom_source": "Photogrammetric", "doitt_id": "175067", "address": "85 RIVINGTON STREET", "bldgclass": "C7", "numfloors": 6.0, "unitsres": 15, "yearbuilt": 1920, "latitude": 40.720082, "longitude": -73.9890908, "roof_area_m2": 216.86849428120246, "pv_kw_dc": 36.867644027804424, "annual_kwh": 45642.14330642188, "avg_daily_kwh": 125.04696796279967, "psh_daily_kwh": 135.67293002232029, "canopy_area_m2": 184.3382201390221, "lon": -73.989084538234565, "lat": 40.72008442317037 }, "geometry": { "type": "Point", "coordinates": [ -73.989084538234565, 40.72008442317037 ] } },
{ "type": "Feature", "properties": { "name": null, "bbl": "1004150072", "shape_area": "545.92578125", "construction_year": "1920", "ground_elevation": "38", "mappluto_bbl": "1004150072", "objectid": "888012", "feature_code": "2100", "shape_length": "101.00577577705113", "height_roof": "66.45", "last_status_type": "Constructed", "bin": "1079077", "last_edited_date": "2024-02-26T17:04:44Z", "geom_source": "Photogrammetric", "doitt_id": "660535", "address": "127 ORCHARD STREET", "bldgclass": "C7", "numfloors": 6.0, "unitsres": 20, "yearbuilt": 1920, "latitude": 40.7196786, "longitude": -73.9896969, "roof_area_m2": 313.27465604680782, "pv_kw_dc": 53.256691527957337, "annual_kwh": 65931.784111611181, "avg_daily_kwh": 180.6350249633183, "psh_daily_kwh": 195.98462482288301, "canopy_area_m2": 266.28345763978666, "lon": -73.989700590050063, "lat": 40.719688228974327 }, "geometry": { "type": "Point", "coordinates": [ -73.989700590050063, 40.719688228974327 ] } },
{ "type": "Feature", "properties": { "name": null, "bbl": "1004150032", "shape_area": "276.89453125", "construction_year": "1910", "ground_elevation": "38", "mappluto_bbl": "1004150032", "objectid": "181966", "feature_code": "2100", "shape_length": "85.826798053957887", "height_roof": "74.19", "last_status_type": "Constructed", "bin": "1005492", "last_edited_date": "2017-08-22T18:21:49Z", "geom_source": "Photogrammetric", "doitt_id": "246918", "address": "127 ALLEN STREET", "bldgclass": "C7", "numfloors": 6.0, "unitsres": 24, "yearbuilt": 1910, "latitude": 40.719997, "longitude": -73.9904112, "roof_area_m2": 158.89433033955208, "pv_kw_dc": 27.012036157723855, "annual_kwh": 33440.900763262136, "avg_daily_kwh": 91.618906200718186, "psh_daily_kwh": 99.404293060423782, "canopy_area_m2": 135.06018078861928, "lon": -73.990391530047077, "lat": 40.719997196135289 }, "geometry": { "type": "Point", "coordinates": [ -73.990391530047077, 40.719997196135289 ] } },
{ "type": "Feature", "properties": { "name": null, "bbl": "1004150025", "shape_area": "355.15625", "construction_year": "1910", "ground_elevation": "38", "mappluto_bbl": "1004150025", "objectid": "650097", "feature_code": "2100", "shape_length": "125.2526231577213", "height_roof": "70.84", "last_status_type": "Constructed", "bin": "1005488", "last_edited_date": "2017-08-22T19:29:14Z", "geom_source": "Photogrammetric", "doitt_id": "21453", "address": "139 ALLEN STREET", "bldgclass": "C7", "numfloors": 6.0, "unitsres": 22, "yearbuilt": 1910, "latitude": 40.7203264, "longitude": -73.9902055, "roof_area_m2": 203.79870665101285, "pv_kw_dc": 34.645780130672186, "annual_kwh": 42891.475801772169, "avg_daily_kwh": 117.51089260759498, "psh_daily_kwh": 127.49647088087363, "canopy_area_m2": 173.22890065336091, "lon": -73.990196890958018, "lat": 40.720335029394555 }, "geometry": { "type": "Point", "coordinates": [ -73.990196890958018, 40.720335029394555 ] } },
{ "type": "Feature", "properties": { "name": null, "bbl": "1004230025", "shape_area": "304.4765625", "construction_year": "1900", "ground_elevation": "36", "mappluto_bbl": "1004230025", "objectid": "991617", "feature_code": "2100", "shape_length": "95.485183461113891", "height_roof": "63.93", "last_status_type": "Constructed", "bin": "1005646", "last_edited_date": "2017-08-22T17:38:53Z", "geom_source": "Photogrammetric", "doitt_id": "224308", "address": "111 CHRYSTIE STREET", "bldgclass": "C7", "numfloors": 6.0, "unitsres": 23, "yearbuilt": 1900, "latitude": 40.7185563, "longitude": -73.9939936, "roof_area_m2": 174.73018936609193, "pv_kw_dc": 29.704132192235633, "annual_kwh": 36773.715653987711, "avg_daily_kwh": 100.74990590133619, "psh_daily_kwh": 109.31120646742714, "canopy_area_m2": 148.52066096117815, "lon": -73.993965024487608, "lat": 40.718557969297535 }, "geometry": { "type": "Point", "coordinates": [ -73.993965024487608, 40.718557969297535 ] } },
{ "type": "Feature", "properties": { "name": null, "bbl": "1004180046", "shape_area": "300.54296875", "construction_year": "1900", "ground_elevation": "40", "mappluto_bbl": "1004180046", "objectid": "901680", "feature_code": "2100", "shape_length": "91.693658517942637", "height_roof": "69.97", "last_status_type": "Constructed", "bin": "1005572", "last_edited_date": "2017-08-22T18:25:29Z", "geom_source": "Photogrammetric", "doitt_id": "113240", "address": "111 ELDRIDGE STREET", "bldgclass": "C7", "numfloors": 6.0, "unitsres": 16, "yearbuilt": 1900, "latitude": 40.7182707, "longitude": -73.9921971, "roof_area_m2": 172.47361333201135, "pv_kw_dc": 29.320514266441929, "annual_kwh": 36298.796661855107, "avg_daily_kwh": 99.448757977685219, "psh_daily_kwh": 107.8994925005063, "canopy_area_m2": 146.60257133220964, "lon": -73.992167986481476, "lat": 40.718274803717151 }, "geometry": { "type": "Point", "coordinates": [ -73.992167986481476, 40.718274803717151 ] } },
{ "type": "Feature", "properties": { "name": null, "bbl": "1004130010", "shape_area": "413.56640625", "construction_year": "1900", "ground_elevation": "40", "mappluto_bbl": "1004130010", "objectid": "317263", "feature_code": "2100", "shape_length": "111.39232926571857", "height_roof": "68.64", "last_status_type": "Constructed", "bin": "1005434", "last_edited_date": "2017-08-22T18:02:21Z", "geom_source": "Photogrammetric", "doitt_id": "249695", "address": "285 BROOME STREET", "bldgclass": "C7", "numfloors": 6.0, "unitsres": 21, "yearbuilt": 1900, "latitude": 40.7183173, "longitude": -73.9915333, "roof_area_m2": 237.32736106896814, "pv_kw_dc": 40.345651381724586, "annual_kwh": 49947.916410575039, "avg_daily_kwh": 136.84360660431517, "psh_daily_kwh": 148.47199708474648, "canopy_area_m2": 201.72825690862291, "lon": -73.991525373529512, "lat": 40.718340692932536 }, "geometry": { "type": "Point", "coordinates": [ -73.991525373529512, 40.718340692932536 ] } },
{ "type": "Feature", "properties": { "name": null, "bbl": "1004130008", "shape_area": "488.15234375", "construction_year": "1909", "ground_elevation": "40", "mappluto_bbl": "1004130008", "objectid": "213787", "feature_code": "2100", "shape_length": "108.16595968724337", "height_roof": "69.1", "last_status_type": "Constructed", "bin": "1005433", "last_edited_date": "2017-08-22T17:36:41Z", "geom_source": "Photogrammetric", "doitt_id": "746858", "address": "289 BROOME STREET", "bldgclass": "C7", "numfloors": 6.0, "unitsres": 20, "yearbuilt": 1909, "latitude": 40.718364, "longitude": -73.9916848, "roof_area_m2": 280.13475968607673, "pv_kw_dc": 47.622909146633049, "annual_kwh": 58957.161523531715, "avg_daily_kwh": 161.52646992748416, "psh_daily_kwh": 175.25230565960962, "canopy_area_m2": 238.11454573316522, "lon": -73.991682699775424, "lat": 40.718378494945689 }, "geometry": { "type": "Point", "coordinates": [ -73.991682699775424, 40.718378494945689 ] } },
{ "type": "Feature", "properties": { "name": null, "bbl": "1004180044", "shape_area": "263.35546875", "construction_year": "1900", "ground_elevation": "39", "mappluto_bbl": "1004180044", "objectid": "885697", "feature_code": "2100", "shape_length": "85.561494619995855", "height_roof": "71.05", "last_status_type": "Constructed", "bin": "1005570", "last_edited_date": "2017-08-22T18:25:43Z", "geom_source": "Photogrammetric", "doitt_id": "13142", "address": "291 BROOME STREET", "bldgclass": "C7", "numfloors": 6.0, "unitsres": 15, "yearbuilt": 1900, "latitude": 40.7184436, "longitude": -73.9919554, "roof_area_m2": 151.12204050964752, "pv_kw_dc": 25.690746886640081, "annual_kwh": 31805.144645660421, "avg_daily_kwh": 87.137382590850464, "psh_daily_kwh": 94.541948542835499, "canopy_area_m2": 128.4537344332004, "lon": -73.991952860297886, "lat": 40.718458974290627 }, "geometry": { "type": "Point", "coordinates": [ -73.991952860297886, 40.718458974290627 ] } },
{ "type": "Feature", "properties": { "name": null, "bbl": "1004180037", "shape_area": "471.4765625", "construction_year": "1900", "ground_elevation": "40", "mappluto_bbl": "1004180037", "objectid": "441516", "feature_code": "2100", "shape_length": "115.90103427503593", "height_roof": "69.44", "last_status_type": "Constructed", "bin": "1005565", "last_edited_date": "2017-08-22T17:46:15Z", "geom_source": "Photogrammetric", "doitt_id": "275892", "address": "305 BROOME STREET", "bldgclass": "C7", "numfloors": 6.0, "unitsres": 22, "yearbuilt": 1900, "latitude": 40.7185891, "longitude": -73.9924388, "roof_area_m2": 270.56237258632711, "pv_kw_dc": 45.995603339675611, "annual_kwh": 56942.556934518405, "avg_daily_kwh": 156.00700530005042, "psh_daily_kwh": 169.26382029000627, "canopy_area_m2": 229.97801669837804, "lon": -73.992428019356495, "lat": 40.718609699571395 }, "geometry": { "type": "Point", "coordinates": [ -73.992428019356495, 40.718609699571395 ] } },
{ "type": "Feature", "properties": { "name": null, "bbl": "1004230017", "shape_area": "301.015625", "construction_year": "1920", "ground_elevation": "37", "mappluto_bbl": "1004230017", "objectid": "907134", "feature_code": "2100", "shape_length": "81.109289184912342", "height_roof": "30.92", "last_status_type": "Constructed", "bin": "1005641", "last_edited_date": "2017-08-22T18:25:15Z", "geom_source": "Photogrammetric", "doitt_id": "340888", "address": "327 BROOME STREET", "bldgclass": "C2", "numfloors": 6.0, "unitsres": 6, "yearbuilt": 2024, "latitude": 40.7190229, "longitude": -73.9938023, "roof_area_m2": 172.73927090929374, "pv_kw_dc": 29.365676054579936, "annual_kwh": 36354.706955569964, "avg_daily_kwh": 99.601936864575237, "psh_daily_kwh": 108.06568788085416, "canopy_area_m2": 146.82838027289966, "lon": -73.993804852671261, "lat": 40.719027079625945 }, "geometry": { "type": "Point", "coordinates": [ -73.993804852671261, 40.719027079625945 ] } },
{ "type": "Feature", "properties": { "name": null, "bbl": "1004240040", "shape_area": "388.14453125", "construction_year": "1900", "ground_elevation": "38", "mappluto_bbl": "1004240040", "objectid": "795061", "feature_code": "2100", "shape_length": "100.12779343828655", "height_roof": "61.21", "last_status_type": "Constructed", "bin": "1005672", "last_edited_date": "2017-08-22T18:31:23Z", "geom_source": "Photogrammetric", "doitt_id": "396417", "address": "334 BROOME STREET", "bldgclass": "C7", "numfloors": 6.0, "unitsres": 21, "yearbuilt": 1900, "latitude": 40.7194291, "longitude": -73.9938564, "roof_area_m2": 222.72846440185776, "pv_kw_dc": 37.863838948315816, "annual_kwh": 46875.43261801498, "avg_daily_kwh": 128.42584278908214, "psh_daily_kwh": 139.3389273298022, "canopy_area_m2": 189.31919474157908, "lon": -73.993864772995835, "lat": 40.719414440079696 }, "geometry": { "type": "Point", "coordinates": [ -73.993864772995835, 40.719414440079696 ] } },
{ "type": "Feature", "properties": { "name": null, "bbl": "1004240029", "shape_area": "278.9375", "construction_year": "1910", "ground_elevation": "39", "mappluto_bbl": "1004240029", "objectid": "137940", "feature_code": "2100", "shape_length": "94.673937497339452", "height_roof": "69.18", "last_status_type": "Constructed", "bin": "1005666", "last_edited_date": "2017-08-22T17:50:33Z", "geom_source": "Photogrammetric", "doitt_id": "425572", "address": "135 CHRYSTIE STREET", "bldgclass": "C7", "numfloors": 6.0, "unitsres": 44, "yearbuilt": 1910, "latitude": 40.7196514, "longitude": -73.9934343, "roof_area_m2": 320.13337640618147, "pv_kw_dc": 54.42267398905085, "annual_kwh": 67375.270398444947, "avg_daily_kwh": 184.5897819135478, "psh_daily_kwh": 200.27544027970714, "canopy_area_m2": 272.11336994525425, "lon": -73.993423954424841, "lat": 40.719623735520528 }, "geometry": { "type": "Point", "coordinates": [ -73.993423954424841, 40.719623735520528 ] } },
{ "type": "Feature", "properties": { "name": null, "bbl": "1004240029", "shape_area": "278.9375", "construction_year": "1910", "ground_elevation": "39", "mappluto_bbl": "1004240029", "objectid": "137940", "feature_code": "2100", "shape_length": "94.673937497339452", "height_roof": "69.18", "last_status_type": "Constructed", "bin": "1005666", "last_edited_date": "2017-08-22T17:50:33Z", "geom_source": "Photogrammetric", "doitt_id": "425572", "address": "135 CHRYSTIE STREET", "bldgclass": "C7", "numfloors": 6.0, "unitsres": 44, "yearbuilt": 1910, "latitude": 40.7196514, "longitude": -73.9934343, "roof_area_m2": 320.13337640618147, "pv_kw_dc": 54.42267398905085, "annual_kwh": 67375.270398444947, "avg_daily_kwh": 184.5897819135478, "psh_daily_kwh": 200.27544027970714, "canopy_area_m2": 272.11336994525425, "lon": -73.993423954424841, "lat": 40.719623735520528 }, "geometry": { "type": "Point", "coordinates": [ -73.993423954424841, 40.719623735520528 ] } },
{ "type": "Feature", "properties": { "name": null, "bbl": "1004240029", "shape_area": "278.92578125", "construction_year": "1910", "ground_elevation": "39", "mappluto_bbl": "1004240029", "objectid": "416190", "feature_code": "2100", "shape_length": "94.674255639952037", "height_roof": "68.26", "last_status_type": "Constructed", "bin": "1084898", "last_edited_date": "2017-08-22T18:00:36Z", "geom_source": "Photogrammetric", "doitt_id": "203981", "address": "135 CHRYSTIE STREET", "bldgclass": "C7", "numfloors": 6.0, "unitsres": 44, "yearbuilt": 1910, "latitude": 40.7196514, "longitude": -73.9934343, "roof_area_m2": 320.13337640618147, "pv_kw_dc": 54.42267398905085, "annual_kwh": 67375.270398444947, "avg_daily_kwh": 184.5897819135478, "psh_daily_kwh": 200.27544027970714, "canopy_area_m2": 272.11336994525425, "lon": -73.993393121372378, "lat": 40.719683110837678 }, "geometry": { "type": "Point", "coordinates": [ -73.993393121372378, 40.719683110837678 ] } },
{ "type": "Feature", "properties": { "name": null, "bbl": "1004240029", "shape_area": "278.92578125", "construction_year": "1910", "ground_elevation": "39", "mappluto_bbl": "1004240029", "objectid": "416190", "feature_code": "2100", "shape_length": "94.674255639952037", "height_roof": "68.26", "last_status_type": "Constructed", "bin": "1084898", "last_edited_date": "2017-08-22T18:00:36Z", "geom_source": "Photogrammetric", "doitt_id": "203981", "address": "135 CHRYSTIE STREET", "bldgclass": "C7", "numfloors": 6.0, "unitsres": 44, "yearbuilt": 1910, "latitude": 40.7196514, "longitude": -73.9934343, "roof_area_m2": 320.13337640618147, "pv_kw_dc": 54.42267398905085, "annual_kwh": 67375.270398444947, "avg_daily_kwh": 184.5897819135478, "psh_daily_kwh": 200.27544027970714, "canopy_area_m2": 272.11336994525425, "lon": -73.993393121372378, "lat": 40.719683110837678 }, "geometry": { "type": "Point", "coordinates": [ -73.993393121372378, 40.719683110837678 ] } },
{ "type": "Feature", "properties": { "name": null, "bbl": "1004240026", "shape_area": "256.19140625", "construction_year": "1900", "ground_elevation": "39", "mappluto_bbl": "1004240026", "objectid": "284623", "feature_code": "2100", "shape_length": "91.579083339361475", "height_roof": "66.92", "last_status_type": "Constructed", "bin": "1005663", "last_edited_date": "2017-08-22T18:02:55Z", "geom_source": "Photogrammetric", "doitt_id": "30109", "address": "9 DELANCEY STREET", "bldgclass": "C7", "numfloors": 6.0, "unitsres": 15, "yearbuilt": 1900, "latitude": 40.71986, "longitude": -73.9933405, "roof_area_m2": 147.00988353458041, "pv_kw_dc": 24.991680200878672, "annual_kwh": 30939.700088687798, "avg_daily_kwh": 84.766301612843279, "psh_daily_kwh": 91.969383139233514, "canopy_area_m2": 124.95840100439335, "lon": -73.993322372585212, "lat": 40.719860617496067 }, "geometry": { "type": "Point", "coordinates": [ -73.993322372585212, 40.719860617496067 ] } },
{ "type": "Feature", "properties": { "name": null, "bbl": "1004250041", "shape_area": "175.1328125", "construction_year": "1900", "ground_elevation": "41", "mappluto_bbl": "1004250041", "objectid": "997242", "feature_code": "2100", "shape_length": "72.709230155364324", "height_roof": "65.37", "last_status_type": "Constructed", "bin": "1077635", "last_edited_date": "2017-08-22T17:26:53Z", "geom_source": "Photogrammetric", "doitt_id": "330461", "address": "10 DELANCEY STREET", "bldgclass": "C7", "numfloors": 6.0, "unitsres": 20, "yearbuilt": 1900, "latitude": 40.7203925, "longitude": -73.993207, "roof_area_m2": 199.78450055480215, "pv_kw_dc": 33.963365094316366, "annual_kwh": 42046.645986763659, "avg_daily_kwh": 115.19629037469495, "psh_daily_kwh": 124.98518354708422, "canopy_area_m2": 169.81682547158184, "lon": -73.993180390821237, "lat": 40.720377700268173 }, "geometry": { "type": "Point", "coordinates": [ -73.993180390821237, 40.720377700268173 ] } },
{ "type": "Feature", "properties": { "name": null, "bbl": "1004250041", "shape_area": "175.1328125", "construction_year": "1900", "ground_elevation": "41", "mappluto_bbl": "1004250041", "objectid": "997242", "feature_code": "2100", "shape_length": "72.709230155364324", "height_roof": "65.37", "last_status_type": "Constructed", "bin": "1077635", "last_edited_date": "2017-08-22T17:26:53Z", "geom_source": "Photogrammetric", "doitt_id": "330461", "address": "10 DELANCEY STREET", "bldgclass": "C7", "numfloors": 6.0, "unitsres": 20, "yearbuilt": 1900, "latitude": 40.7203925, "longitude": -73.993207, "roof_area_m2": 199.78450055480215, "pv_kw_dc": 33.963365094316366, "annual_kwh": 42046.645986763659, "avg_daily_kwh": 115.19629037469495, "psh_daily_kwh": 124.98518354708422, "canopy_area_m2": 169.81682547158184, "lon": -73.993180390821237, "lat": 40.720377700268173 }, "geometry": { "type": "Point", "coordinates": [ -73.993180390821237, 40.720377700268173 ] } },
{ "type": "Feature", "properties": { "name": null, "bbl": "1004250041", "shape_area": "173.015625", "construction_year": "1900", "ground_elevation": "41", "mappluto_bbl": "1004250041", "objectid": "584396", "feature_code": "2100", "shape_length": "73.163237555273611", "height_roof": "65.86", "last_status_type": "Constructed", "bin": "1077631", "last_edited_date": "2017-08-22T18:28:40Z", "geom_source": "Photogrammetric", "doitt_id": "316917", "address": "10 DELANCEY STREET", "bldgclass": "C7", "numfloors": 6.0, "unitsres": 20, "yearbuilt": 1900, "latitude": 40.7203925, "longitude": -73.993207, "roof_area_m2": 199.78450055480215, "pv_kw_dc": 33.963365094316366, "annual_kwh": 42046.645986763659, "avg_daily_kwh": 115.19629037469495, "psh_daily_kwh": 124.98518354708422, "canopy_area_m2": 169.81682547158184, "lon": -73.993245523100413, "lat": 40.720397701916802 }, "geometry": { "type": "Point", "coordinates": [ -73.993245523100413, 40.720397701916802 ] } },
{ "type": "Feature", "properties": { "name": null, "bbl": "1004250041", "shape_area": "173.015625", "construction_year": "1900", "ground_elevation": "41", "mappluto_bbl": "1004250041", "objectid": "584396", "feature_code": "2100", "shape_length": "73.163237555273611", "height_roof": "65.86", "last_status_type": "Constructed", "bin": "1077631", "last_edited_date": "2017-08-22T18:28:40Z", "geom_source": "Photogrammetric", "doitt_id": "316917", "address": "10 DELANCEY STREET", "bldgclass": "C7", "numfloors": 6.0, "unitsres": 20, "yearbuilt": 1900, "latitude": 40.7203925, "longitude": -73.993207, "roof_area_m2": 199.78450055480215, "pv_kw_dc": 33.963365094316366, "annual_kwh": 42046.645986763659, "avg_daily_kwh": 115.19629037469495, "psh_daily_kwh": 124.98518354708422, "canopy_area_m2": 169.81682547158184, "lon": -73.993245523100413, "lat": 40.720397701916802 }, "geometry": { "type": "Point", "coordinates": [ -73.993245523100413, 40.720397701916802 ] } },
{ "type": "Feature", "properties": { "name": null, "bbl": "1004780012", "shape_area": "409.53515625", "construction_year": "1900", "ground_elevation": "39", "mappluto_bbl": "1004780012", "objectid": "544770", "feature_code": "2100", "shape_length": "111.77480335126694", "height_roof": "67.69", "last_status_type": "Constructed", "bin": "1007131", "last_edited_date": "2017-08-22T17:43:08Z", "geom_source": "Photogrammetric", "doitt_id": "68703", "address": "164 ELIZABETH STREET", "bldgclass": "C7", "numfloors": 6.0, "unitsres": 15, "yearbuilt": 1900, "latitude": 40.7206862, "longitude": -73.99465, "roof_area_m2": 234.99809796461071, "pv_kw_dc": 39.949676653983822, "annual_kwh": 49457.699697631972, "avg_daily_kwh": 135.50054711679994, "psh_daily_kwh": 147.01481008666048, "canopy_area_m2": 199.74838326991909, "lon": -73.994646587562571, "lat": 40.720684609701209 }, "geometry": { "type": "Point", "coordinates": [ -73.994646587562571, 40.720684609701209 ] } },
{ "type": "Feature", "properties": { "name": null, "bbl": "1004780013", "shape_area": "297.58984375", "construction_year": "1908", "ground_elevation": "39", "mappluto_bbl": "1004780013", "objectid": "720717", "feature_code": "2100", "shape_length": "97.245277330778791", "height_roof": "67.31", "last_status_type": "Constructed", "bin": "1007132", "last_edited_date": "2017-08-22T17:28:53Z", "geom_source": "Photogrammetric", "doitt_id": "97214", "address": "166 ELIZABETH STREET", "bldgclass": "C7", "numfloors": 6.0, "unitsres": 22, "yearbuilt": 1908, "latitude": 40.7207603, "longitude": -73.9946355, "roof_area_m2": 170.7638892702451, "pv_kw_dc": 29.029861175941665, "annual_kwh": 35938.968135815783, "avg_daily_kwh": 98.462926399495302, "psh_daily_kwh": 106.82988912746532, "canopy_area_m2": 145.14930587970832, "lon": -73.994657567806598, "lat": 40.720768822650804 }, "geometry": { "type": "Point", "coordinates": [ -73.994657567806598, 40.720768822650804 ] } },
{ "type": "Feature", "properties": { "name": null, "bbl": "1004780014", "shape_area": "203.38671875", "construction_year": "1900", "ground_elevation": "39", "mappluto_bbl": "1004780014", "objectid": "355508", "feature_code": "2100", "shape_length": "64.419027249503515", "height_roof": "60.69", "last_status_type": "Constructed", "bin": "1007133", "last_edited_date": "2017-08-22T19:36:31Z", "geom_source": "Photogrammetric", "doitt_id": "1532", "address": "168 ELIZABETH STREET", "bldgclass": "C7", "numfloors": 6.0, "unitsres": 10, "yearbuilt": 1900, "latitude": 40.7208289, "longitude": -73.9946103, "roof_area_m2": 116.71273755917824, "pv_kw_dc": 19.8411653850603, "annual_kwh": 24563.36274670465, "avg_daily_kwh": 67.29688423754699, "psh_daily_kwh": 73.015488617021902, "canopy_area_m2": 99.205826925301494, "lon": -73.994693685478737, "lat": 40.720846073989037 }, "geometry": { "type": "Point", "coordinates": [ -73.994693685478737, 40.720846073989037 ] } },
{ "type": "Feature", "properties": { "name": null, "bbl": "1004100037", "shape_area": "280.49609375", "construction_year": "1900", "ground_elevation": "34", "mappluto_bbl": "1004100037", "objectid": "323384", "feature_code": "2100", "shape_length": "89.942502675174623", "height_roof": "64.32", "last_status_type": "Constructed", "bin": "1005325", "last_edited_date": "2017-08-22T18:02:20Z", "geom_source": "Photogrammetric", "doitt_id": "104646", "address": "110 LUDLOW STREET", "bldgclass": "C7", "numfloors": 6.0, "unitsres": 19, "yearbuilt": 1900, "latitude": 40.7192036, "longitude": -73.9885426, "roof_area_m2": 160.96757822218655, "pv_kw_dc": 27.364488297771715, "annual_kwh": 33877.236512641386, "avg_daily_kwh": 92.814346609976397, "psh_daily_kwh": 100.70131693579991, "canopy_area_m2": 136.82244148885857, "lon": -73.988551948097566, "lat": 40.719216789718828 }, "geometry": { "type": "Point", "coordinates": [ -73.988551948097566, 40.719216789718828 ] } },
{ "type": "Feature", "properties": { "name": null, "bbl": "1004100043", "shape_area": "268.96875", "construction_year": "1920", "ground_elevation": "34", "mappluto_bbl": "1004100043", "objectid": "935390", "feature_code": "2100", "shape_length": "88.1335973288033", "height_roof": "67.12", "last_status_type": "Constructed", "bin": "1005327", "last_edited_date": "2017-08-22T18:07:36Z", "geom_source": "Photogrammetric", "doitt_id": "439634", "address": "122 LUDLOW STREET", "bldgclass": "C7", "numfloors": 6.0, "unitsres": 19, "yearbuilt": 1920, "latitude": 40.7195906, "longitude": -73.9883441, "roof_area_m2": 154.35579570971896, "pv_kw_dc": 26.240485270652222, "annual_kwh": 32485.72076506745, "avg_daily_kwh": 89.001974698814934, "psh_daily_kwh": 96.564985796000173, "canopy_area_m2": 131.2024263532611, "lon": -73.988353661336092, "lat": 40.719604641198103 }, "geometry": { "type": "Point", "coordinates": [ -73.988353661336092, 40.719604641198103 ] } },
{ "type": "Feature", "properties": { "name": null, "bbl": "1004100044", "shape_area": "266.29296875", "construction_year": "1900", "ground_elevation": "34", "mappluto_bbl": "1004100044", "objectid": "600542", "feature_code": "2100", "shape_length": "88.093995226712309", "height_roof": "67.51", "last_status_type": "Constructed", "bin": "1005328", "last_edited_date": "2017-08-22T19:29:58Z", "geom_source": "Photogrammetric", "doitt_id": "718247", "address": "124 LUDLOW STREET", "bldgclass": "C7", "numfloors": 6.0, "unitsres": 20, "yearbuilt": 1900, "latitude": 40.7196565, "longitude": -73.9883116, "roof_area_m2": 152.80609073587311, "pv_kw_dc": 25.977035425098428, "annual_kwh": 32159.569856271853, "avg_daily_kwh": 88.108410565128366, "psh_daily_kwh": 95.595490364362206, "canopy_area_m2": 129.88517712549213, "lon": -73.988321032294195, "lat": 40.719668532077343 }, "geometry": { "type": "Point", "coordinates": [ -73.988321032294195, 40.719668532077343 ] } },
{ "type": "Feature", "properties": { "name": null, "bbl": "1004100018", "shape_area": "408.63671875", "construction_year": "1900", "ground_elevation": "35", "mappluto_bbl": "1004100018", "objectid": "338629", "feature_code": "2100", "shape_length": "98.156652251205827", "height_roof": "67.44", "last_status_type": "Constructed", "bin": "1005313", "last_edited_date": "2017-08-22T18:18:41Z", "geom_source": "Photogrammetric", "doitt_id": "151744", "address": "123 LUDLOW STREET", "bldgclass": "C7", "numfloors": 6.0, "unitsres": 31, "yearbuilt": 1900, "latitude": 40.7197773, "longitude": -73.9887698, "roof_area_m2": 234.48950207800118, "pv_kw_dc": 39.863215353260202, "annual_kwh": 49350.660607336133, "avg_daily_kwh": 135.20728933516747, "psh_daily_kwh": 146.69663249999755, "canopy_area_m2": 199.31607676630099, "lon": -73.988753379627198, "lat": 40.71978055377329 }, "geometry": { "type": "Point", "coordinates": [ -73.988753379627198, 40.71978055377329 ] } },
{ "type": "Feature", "properties": { "name": null, "bbl": "1004100046", "shape_area": "504.74609375", "construction_year": "1910", "ground_elevation": "32", "mappluto_bbl": "1004100046", "objectid": "119536", "feature_code": "2100", "shape_length": "104.03116120164678", "height_roof": "65.79", "last_status_type": "Constructed", "bin": "1005329", "last_edited_date": "2017-08-22T18:39:41Z", "geom_source": "Photogrammetric", "doitt_id": "645102", "address": "101 RIVINGTON STREET", "bldgclass": "C7", "numfloors": 6.0, "unitsres": 25, "yearbuilt": 1910, "latitude": 40.7198459, "longitude": -73.9883152, "roof_area_m2": 289.64397221277216, "pv_kw_dc": 49.23947527617127, "annual_kwh": 60958.470391900031, "avg_daily_kwh": 167.00950792301379, "psh_daily_kwh": 181.20126901631028, "canopy_area_m2": 246.19737638085633, "lon": -73.988308242660437, "lat": 40.719861063542474 }, "geometry": { "type": "Point", "coordinates": [ -73.988308242660437, 40.719861063542474 ] } },
{ "type": "Feature", "properties": { "name": null, "bbl": "1004100025", "shape_area": "415.78125", "construction_year": "1920", "ground_elevation": "35", "mappluto_bbl": "1004100025", "objectid": "255624", "feature_code": "2100", "shape_length": "128.58495225498189", "height_roof": "66.9", "last_status_type": "Constructed", "bin": "1005319", "last_edited_date": "2017-08-22T18:20:00Z", "geom_source": "Photogrammetric", "doitt_id": "311681", "address": "109 LUDLOW STREET", "bldgclass": "C7", "numfloors": 6.0, "unitsres": 24, "yearbuilt": 1920, "latitude": 40.7194122, "longitude": -73.9889574, "roof_area_m2": 238.59433388015009, "pv_kw_dc": 40.561036759625516, "annual_kwh": 50214.563508416388, "avg_daily_kwh": 137.57414659840106, "psh_daily_kwh": 149.2646152754219, "canopy_area_m2": 202.80518379812756, "lon": -73.988935600621289, "lat": 40.71941705231896 }, "geometry": { "type": "Point", "coordinates": [ -73.988935600621289, 40.71941705231896 ] } },
{ "type": "Feature", "properties": { "name": null, "bbl": "1004100002", "shape_area": "340.9765625", "construction_year": "1910", "ground_elevation": "36", "mappluto_bbl": "1004100002", "objectid": "872527", "feature_code": "2100", "shape_length": "103.32359481990056", "height_roof": "69.51", "last_status_type": "Constructed", "bin": "1005303", "last_edited_date": "2017-08-22T18:08:36Z", "geom_source": "Photogrammetric", "doitt_id": "58645", "address": "122 ORCHARD STREET", "bldgclass": "C7", "numfloors": 6.0, "unitsres": 20, "yearbuilt": 1910, "latitude": 40.7194452, "longitude": -73.9892929, "roof_area_m2": 195.66744854378891, "pv_kw_dc": 33.263466252444111, "annual_kwh": 41180.171220525808, "avg_daily_kwh": 112.82238690555016, "psh_daily_kwh": 122.40955580899431, "canopy_area_m2": 166.31733126222056, "lon": -73.989303725260044, "lat": 40.719460222433625 }, "geometry": { "type": "Point", "coordinates": [ -73.989303725260044, 40.719460222433625 ] } },
{ "type": "Feature", "properties": { "name": null, "bbl": "1004100022", "shape_area": "227.75", "construction_year": "1900", "ground_elevation": "35", "mappluto_bbl": "1004100022", "objectid": "563149", "feature_code": "2100", "shape_length": "91.249682896173155", "height_roof": "62.03", "last_status_type": "Constructed", "bin": "1005316", "last_edited_date": "2017-08-22T17:30:34Z", "geom_source": "Photogrammetric", "doitt_id": "337670", "address": "117 LUDLOW STREET", "bldgclass": "C7", "numfloors": 6.0, "unitsres": 10, "yearbuilt": 1900, "latitude": 40.7195989, "longitude": -73.9888636, "roof_area_m2": 130.69680189963083, "pv_kw_dc": 22.218456322937243, "annual_kwh": 27506.448927796308, "avg_daily_kwh": 75.360134048757004, "psh_daily_kwh": 81.763919268409055, "canopy_area_m2": 111.0922816146862, "lon": -73.988844556718703, "lat": 40.719601433319419 }, "geometry": { "type": "Point", "coordinates": [ -73.988844556718703, 40.719601433319419 ] } },
{ "type": "Feature", "properties": { "name": null, "bbl": "1004110075", "shape_area": "550.8984375", "construction_year": "1900", "ground_elevation": "34", "mappluto_bbl": "1004110075", "objectid": "285556", "feature_code": "2100", "shape_length": "113.80953715650817", "height_roof": "67.05", "last_status_type": "Constructed", "bin": "1005385", "last_edited_date": "2017-08-22T18:19:45Z", "geom_source": "Photogrammetric", "doitt_id": "481699", "address": "100 RIVINGTON STREET", "bldgclass": "C7", "numfloors": 6.0, "unitsres": 20, "yearbuilt": 1900, "latitude": 40.7201917, "longitude": -73.988124, "roof_area_m2": 316.12365188054605, "pv_kw_dc": 53.741020819692828, "annual_kwh": 66531.383774779722, "avg_daily_kwh": 182.2777637665198, "psh_daily_kwh": 197.7669566164696, "canopy_area_m2": 268.70510409846412, "lon": -73.988124217644938, "lat": 40.72020349830369 }, "geometry": { "type": "Point", "coordinates": [ -73.988124217644938, 40.72020349830369 ] } },
{ "type": "Feature", "properties": { "name": null, "bbl": "1004110034", "shape_area": "436.41015625", "construction_year": "1920", "ground_elevation": "34", "mappluto_bbl": "1004110034", "objectid": "135202", "feature_code": "2100", "shape_length": "124.39896207498794", "height_roof": "68.28", "last_status_type": "Constructed", "bin": "1005363", "last_edited_date": "2017-08-22T18:04:47Z", "geom_source": "Photogrammetric", "doitt_id": "122442", "address": "94 RIVINGTON STREET", "bldgclass": "C7", "numfloors": 6.0, "unitsres": 20, "yearbuilt": 1920, "latitude": 40.720307, "longitude": -73.9885316, "roof_area_m2": 250.42258253448171, "pv_kw_dc": 42.571839030861895, "annual_kwh": 52703.936720207028, "avg_daily_kwh": 144.39434717864938, "psh_daily_kwh": 156.66436763357177, "canopy_area_m2": 212.85919515430945, "lon": -73.988535002111462, "lat": 40.720310792525197 }, "geometry": { "type": "Point", "coordinates": [ -73.988535002111462, 40.720310792525197 ] } },
{ "type": "Feature", "properties": { "name": null, "bbl": "1003540034", "shape_area": "252.6171875", "construction_year": "1900", "ground_elevation": "31", "mappluto_bbl": "1003540034", "objectid": "921003", "feature_code": "2100", "shape_length": "76.881103400651185", "height_roof": "62.24", "last_status_type": "Constructed", "bin": "1004319", "last_edited_date": "2017-08-22T17:53:02Z", "geom_source": "Photogrammetric", "doitt_id": "189406", "address": "126 RIVINGTON STREET", "bldgclass": "C7", "numfloors": 6.0, "unitsres": 7, "yearbuilt": 1900, "latitude": 40.7198457, "longitude": -73.9869949, "roof_area_m2": 144.95916583356177, "pv_kw_dc": 24.643058191705503, "annual_kwh": 30508.106041331412, "avg_daily_kwh": 83.583852168031271, "psh_daily_kwh": 90.686454145476247, "canopy_area_m2": 123.2152909585275, "lon": -73.986991468294207, "lat": 40.719858650944303 }, "geometry": { "type": "Point", "coordinates": [ -73.986991468294207, 40.719858650944303 ] } },
{ "type": "Feature", "properties": { "name": null, "bbl": "1004110039", "shape_area": "292.26953125", "construction_year": "1920", "ground_elevation": "35", "mappluto_bbl": "1004110039", "objectid": "951328", "feature_code": "2100", "shape_length": "77.604720542290437", "height_roof": "69.18", "last_status_type": "Constructed", "bin": "1005367", "last_edited_date": "2017-08-22T17:27:23Z", "geom_source": "Photogrammetric", "doitt_id": "330336", "address": "86 RIVINGTON STREET", "bldgclass": "C7", "numfloors": 6.0, "unitsres": 15, "yearbuilt": 1920, "latitude": 40.7204223, "longitude": -73.988914, "roof_area_m2": 167.71563404409338, "pv_kw_dc": 28.511657787495878, "annual_kwh": 35297.432340919899, "avg_daily_kwh": 96.705294084712051, "psh_daily_kwh": 104.92290065798483, "canopy_area_m2": 142.55828893747938, "lon": -73.988911866210586, "lat": 40.720429306919037 }, "geometry": { "type": "Point", "coordinates": [ -73.988911866210586, 40.720429306919037 ] } },
{ "type": "Feature", "properties": { "name": null, "bbl": "1004160069", "shape_area": "441.2265625", "construction_year": "1920", "ground_elevation": "36", "mappluto_bbl": "1004160069", "objectid": "726476", "feature_code": "2100", "shape_length": "100.07881170466952", "height_roof": "62.14", "last_status_type": "Constructed", "bin": "1005536", "last_edited_date": "2017-08-22T17:44:47Z", "geom_source": "Photogrammetric", "doitt_id": "552817", "address": "78 RIVINGTON STREET", "bldgclass": "C7", "numfloors": 6.0, "unitsres": 20, "yearbuilt": 1920, "latitude": 40.72048, "longitude": -73.9892928, "roof_area_m2": 253.18445537410625, "pv_kw_dc": 43.041357413598064, "annual_kwh": 53285.2004780344, "avg_daily_kwh": 145.98685062475178, "psh_daily_kwh": 158.39219528204089, "canopy_area_m2": 215.20678706799032, "lon": -73.989288928077414, "lat": 40.720491964761059 }, "geometry": { "type": "Point", "coordinates": [ -73.989288928077414, 40.720491964761059 ] } },
{ "type": "Feature", "properties": { "name": null, "bbl": "1004160068", "shape_area": "316.16796875", "construction_year": "1900", "ground_elevation": "36", "mappluto_bbl": "1004160068", "objectid": "149117", "feature_code": "2100", "shape_length": "97.149484647529391", "height_roof": "62.14", "last_status_type": "Constructed", "bin": "1005535", "last_edited_date": "2017-08-22T18:22:15Z", "geom_source": "Photogrammetric", "doitt_id": "510185", "address": "145 ORCHARD STREET", "bldgclass": "C7", "numfloors": 6.0, "unitsres": 10, "yearbuilt": 1900, "latitude": 40.7205596, "longitude": -73.9892531, "roof_area_m2": 181.42384707312127, "pv_kw_dc": 30.842054002430615, "annual_kwh": 38182.4628550091, "avg_daily_kwh": 104.60948727399753, "psh_daily_kwh": 113.49875872894467, "canopy_area_m2": 154.21027001215307, "lon": -73.989250946681238, "lat": 40.72056928195785 }, "geometry": { "type": "Point", "coordinates": [ -73.989250946681238, 40.72056928195785 ] } },
{ "type": "Feature", "properties": { "name": null, "bbl": "1004160067", "shape_area": "308.2265625", "construction_year": "1900", "ground_elevation": "36", "mappluto_bbl": "1004160067", "objectid": "43080", "feature_code": "2100", "shape_length": "95.567113550113731", "height_roof": "62.14", "last_status_type": "Constructed", "bin": "1005534", "last_edited_date": "2017-08-22T18:32:21Z", "geom_source": "Photogrammetric", "doitt_id": "92850", "address": "147 ORCHARD STREET", "bldgclass": "C7", "numfloors": 6.0, "unitsres": 15, "yearbuilt": 1900, "latitude": 40.7206255, "longitude": -73.9892206, "roof_area_m2": 176.86893314760584, "pv_kw_dc": 30.067718635092991, "annual_kwh": 37223.83567024512, "avg_daily_kwh": 101.9831114253291, "psh_daily_kwh": 110.6492045771422, "canopy_area_m2": 150.33859317546495, "lon": -73.989217664942316, "lat": 40.720633289502771 }, "geometry": { "type": "Point", "coordinates": [ -73.989217664942316, 40.720633289502771 ] } },
{ "type": "Feature", "properties": { "name": null, "bbl": "1004160066", "shape_area": "323.09765625", "construction_year": "1900", "ground_elevation": "35", "mappluto_bbl": "1004160066", "objectid": "813774", "feature_code": "2100", "shape_length": "98.2003504875798", "height_roof": "63.14", "last_status_type": "Constructed", "bin": "1005533", "last_edited_date": "2017-08-22T19:31:55Z", "geom_source": "Photogrammetric", "doitt_id": "509883", "address": "149 ORCHARD STREET", "bldgclass": "C7", "numfloors": 6.0, "unitsres": 14, "yearbuilt": 1900, "latitude": 40.7206886, "longitude": -73.9891881, "roof_area_m2": 185.41007936576193, "pv_kw_dc": 31.51971349217953, "annual_kwh": 39021.405303318257, "avg_daily_kwh": 106.90795973511851, "psh_daily_kwh": 115.99254565122067, "canopy_area_m2": 157.59856746089764, "lon": -73.98918553752398, "lat": 40.720697357184946 }, "geometry": { "type": "Point", "coordinates": [ -73.98918553752398, 40.720697357184946 ] } },
{ "type": "Feature", "properties": { "name": null, "bbl": "1004160065", "shape_area": "294.08984375", "construction_year": "1900", "ground_elevation": "35", "mappluto_bbl": "1004160065", "objectid": "362218", "feature_code": "2100", "shape_length": "94.93261844096827", "height_roof": "63.14", "last_status_type": "Constructed", "bin": "1005532", "last_edited_date": "2017-08-22T18:18:12Z", "geom_source": "Photogrammetric", "doitt_id": "15298", "address": "151 ORCHARD STREET", "bldgclass": "C7", "numfloors": 6.0, "unitsres": 18, "yearbuilt": 1900, "latitude": 40.7207517, "longitude": -73.989152, "roof_area_m2": 168.75617888763335, "pv_kw_dc": 28.688550410897673, "annual_kwh": 35516.425408691321, "avg_daily_kwh": 97.305275092304981, "psh_daily_kwh": 105.57386551210344, "canopy_area_m2": 143.44275205448835, "lon": -73.989152739348768, "lat": 40.720762007196242 }, "geometry": { "type": "Point", "coordinates": [ -73.989152739348768, 40.720762007196242 ] } },
{ "type": "Feature", "properties": { "name": null, "bbl": "1004110042", "shape_area": "489.62890625", "construction_year": "1920", "ground_elevation": "34", "mappluto_bbl": "1004110042", "objectid": "4369", "feature_code": "2100", "shape_length": "120.8507489646408", "height_roof": "66.71", "last_status_type": "Constructed", "bin": "1005369", "last_edited_date": "2017-08-22T18:55:27Z", "geom_source": "Photogrammetric", "doitt_id": "577862", "address": "138 LUDLOW STREET", "bldgclass": "C7", "numfloors": 6.0, "unitsres": 27, "yearbuilt": 1920, "latitude": 40.7203948, "longitude": -73.9879327, "roof_area_m2": 280.9656398467983, "pv_kw_dc": 47.764158773955714, "annual_kwh": 59132.028562157175, "avg_daily_kwh": 162.00555770454019, "psh_daily_kwh": 175.77210428815704, "canopy_area_m2": 238.82079386977856, "lon": -73.987950110166977, "lat": 40.720410328481172 }, "geometry": { "type": "Point", "coordinates": [ -73.987950110166977, 40.720410328481172 ] } },
{ "type": "Feature", "properties": { "name": null, "bbl": "1004110027", "shape_area": "336.5703125", "construction_year": "1920", "ground_elevation": "34", "mappluto_bbl": "1004110027", "objectid": "687111", "feature_code": "2100", "shape_length": "97.729227127346888", "height_roof": "66.64", "last_status_type": "Constructed", "bin": "1005358", "last_edited_date": "2017-08-22T17:54:42Z", "geom_source": "Photogrammetric", "doitt_id": "128426", "address": "143 LUDLOW STREET", "bldgclass": "C7", "numfloors": 6.0, "unitsres": 23, "yearbuilt": 1920, "latitude": 40.7206391, "longitude": -73.9883331, "roof_area_m2": 193.12886914693658, "pv_kw_dc": 32.83190775497922, "annual_kwh": 40645.901800664273, "avg_daily_kwh": 111.35863507031307, "psh_daily_kwh": 120.82142053832352, "canopy_area_m2": 164.15953877489608, "lon": -73.988307997532416, "lat": 40.720643430360532 }, "geometry": { "type": "Point", "coordinates": [ -73.988307997532416, 40.720643430360532 ] } },
{ "type": "Feature", "properties": { "name": null, "bbl": "1004110003", "shape_area": "368.48828125", "construction_year": "1920", "ground_elevation": "33", "mappluto_bbl": "1004110003", "objectid": "440109", "feature_code": "2100", "shape_length": "92.540656794111612", "height_roof": "58.9", "last_status_type": "Constructed", "bin": "1005342", "last_edited_date": "2017-08-22T18:16:16Z", "geom_source": "Photogrammetric", "doitt_id": "788526", "address": "150 ORCHARD STREET", "bldgclass": "C7", "numfloors": 6.0, "unitsres": 20, "yearbuilt": 1920, "latitude": 40.7206529, "longitude": -73.9886758, "roof_area_m2": 211.44816813179165, "pv_kw_dc": 35.946188582404581, "annual_kwh": 44501.381465016872, "avg_daily_kwh": 121.92159305484074, "psh_daily_kwh": 132.28197398324886, "canopy_area_m2": 179.7309429120229, "lon": -73.988669163391734, "lat": 40.720663177409904 }, "geometry": { "type": "Point", "coordinates": [ -73.988669163391734, 40.720663177409904 ] } },
{ "type": "Feature", "properties": { "name": null, "bbl": "1004110005", "shape_area": "93.8984375", "construction_year": "1920", "ground_elevation": "36", "mappluto_bbl": "1004110005", "objectid": "1057271", "feature_code": "2100", "shape_length": "38.795889337274687", "height_roof": "13", "last_status_type": "Constructed", "bin": "1088378", "last_edited_date": "2017-08-10T15:26:38Z", "geom_source": "Other (Manual)", "doitt_id": "1061399", "address": "154 ORCHARD STREET", "bldgclass": "C7", "numfloors": 6.0, "unitsres": 14, "yearbuilt": 1920, "latitude": 40.7207791, "longitude": -73.9886109, "roof_area_m2": 182.21232169968636, "pv_kw_dc": 30.976094688946684, "annual_kwh": 38348.405224915994, "avg_daily_kwh": 105.06412390387943, "psh_daily_kwh": 113.9920284553238, "canopy_area_m2": 154.88047344473341, "lon": -73.988492778392626, "lat": 40.720757206337247 }, "geometry": { "type": "Point", "coordinates": [ -73.988492778392626, 40.720757206337247 ] } },
{ "type": "Feature", "properties": { "name": null, "bbl": "1004110005", "shape_area": "93.8984375", "construction_year": "1920", "ground_elevation": "36", "mappluto_bbl": "1004110005", "objectid": "1057271", "feature_code": "2100", "shape_length": "38.795889337274687", "height_roof": "13", "last_status_type": "Constructed", "bin": "1088378", "last_edited_date": "2017-08-10T15:26:38Z", "geom_source": "Other (Manual)", "doitt_id": "1061399", "address": "154 ORCHARD STREET", "bldgclass": "C7", "numfloors": 6.0, "unitsres": 14, "yearbuilt": 1920, "latitude": 40.7207791, "longitude": -73.9886109, "roof_area_m2": 182.21232169968636, "pv_kw_dc": 30.976094688946684, "annual_kwh": 38348.405224915994, "avg_daily_kwh": 105.06412390387943, "psh_daily_kwh": 113.9920284553238, "canopy_area_m2": 154.88047344473341, "lon": -73.988492778392626, "lat": 40.720757206337247 }, "geometry": { "type": "Point", "coordinates": [ -73.988492778392626, 40.720757206337247 ] } },
{ "type": "Feature", "properties": { "name": null, "bbl": "1004110005", "shape_area": "223.6328125", "construction_year": "1920", "ground_elevation": "35", "mappluto_bbl": "1004110005", "objectid": "257162", "feature_code": "2100", "shape_length": "64.30146304765816", "height_roof": "78.05", "last_status_type": "Constructed", "bin": "1005344", "last_edited_date": "2017-08-22T17:49:15Z", "geom_source": "Photogrammetric", "doitt_id": "308114", "address": "154 ORCHARD STREET", "bldgclass": "C7", "numfloors": 6.0, "unitsres": 14, "yearbuilt": 1920, "latitude": 40.7207791, "longitude": -73.9886109, "roof_area_m2": 182.21232169968636, "pv_kw_dc": 30.976094688946684, "annual_kwh": 38348.405224915994, "avg_daily_kwh": 105.06412390387943, "psh_daily_kwh": 113.9920284553238, "canopy_area_m2": 154.88047344473341, "lon": -73.988663725144377, "lat": 40.720807587837172 }, "geometry": { "type": "Point", "coordinates": [ -73.988663725144377, 40.720807587837172 ] } },
{ "type": "Feature", "properties": { "name": null, "bbl": "1004110005", "shape_area": "223.6328125", "construction_year": "1920", "ground_elevation": "35", "mappluto_bbl": "1004110005", "objectid": "257162", "feature_code": "2100", "shape_length": "64.30146304765816", "height_roof": "78.05", "last_status_type": "Constructed", "bin": "1005344", "last_edited_date": "2017-08-22T17:49:15Z", "geom_source": "Photogrammetric", "doitt_id": "308114", "address": "154 ORCHARD STREET", "bldgclass": "C7", "numfloors": 6.0, "unitsres": 14, "yearbuilt": 1920, "latitude": 40.7207791, "longitude": -73.9886109, "roof_area_m2": 182.21232169968636, "pv_kw_dc": 30.976094688946684, "annual_kwh": 38348.405224915994, "avg_daily_kwh": 105.06412390387943, "psh_daily_kwh": 113.9920284553238, "canopy_area_m2": 154.88047344473341, "lon": -73.988663725144377, "lat": 40.720807587837172 }, "geometry": { "type": "Point", "coordinates": [ -73.988663725144377, 40.720807587837172 ] } },
{ "type": "Feature", "properties": { "name": null, "bbl": "1004110021", "shape_area": "267.50390625", "construction_year": "1900", "ground_elevation": "34", "mappluto_bbl": "1004110021", "objectid": "597601", "feature_code": "2100", "shape_length": "83.93944522920448", "height_roof": "67.16", "last_status_type": "Constructed", "bin": "1005354", "last_edited_date": "2017-08-22T18:11:19Z", "geom_source": "Photogrammetric", "doitt_id": "571695", "address": "153 LUDLOW STREET", "bldgclass": "C7", "numfloors": 6.0, "unitsres": 20, "yearbuilt": 1900, "latitude": 40.7209437, "longitude": -73.9881779, "roof_area_m2": 153.50459614913777, "pv_kw_dc": 26.095781345353419, "annual_kwh": 32306.577305547533, "avg_daily_kwh": 88.511170700130222, "psh_daily_kwh": 96.032475350900583, "canopy_area_m2": 130.47890672676709, "lon": -73.988157745992027, "lat": 40.720951562352369 }, "geometry": { "type": "Point", "coordinates": [ -73.988157745992027, 40.720951562352369 ] } },
{ "type": "Feature", "properties": { "name": null, "bbl": "1004250026", "shape_area": "360.07421875", "construction_year": "1900", "ground_elevation": "42", "mappluto_bbl": "1004250026", "objectid": "12320", "feature_code": "2100", "shape_length": "95.504446573256018", "height_roof": "66.51", "last_status_type": "Constructed", "bin": "1005689", "last_edited_date": "2017-08-22T18:01:41Z", "geom_source": "Photogrammetric", "doitt_id": "97006", "address": "17 RIVINGTON STREET", "bldgclass": "C7", "numfloors": 6.0, "unitsres": 20, "yearbuilt": 1900, "latitude": 40.7211143, "longitude": -73.9925287, "roof_area_m2": 206.61865234065488, "pv_kw_dc": 35.125170897911332, "annual_kwh": 43484.961571614229, "avg_daily_kwh": 119.13688101812117, "psh_daily_kwh": 129.26062890431371, "canopy_area_m2": 175.62585448955664, "lon": -73.99252952698015, "lat": 40.72112931952222 }, "geometry": { "type": "Point", "coordinates": [ -73.99252952698015, 40.72112931952222 ] } },
{ "type": "Feature", "properties": { "name": null, "bbl": "1004260044", "shape_area": "389.42578125", "construction_year": "1920", "ground_elevation": "44", "mappluto_bbl": "1004260044", "objectid": "597604", "feature_code": "2100", "shape_length": "97.997431064828916", "height_roof": "63.89", "last_status_type": "Constructed", "bin": "1005726", "last_edited_date": "2017-08-22T17:30:22Z", "geom_source": "Photogrammetric", "doitt_id": "96125", "address": "8 RIVINGTON STREET", "bldgclass": "C7", "numfloors": 6.0, "unitsres": 23, "yearbuilt": 1920, "latitude": 40.7215809, "longitude": -73.9927126, "roof_area_m2": 223.4610899456338, "pv_kw_dc": 37.988385290757748, "annual_kwh": 47029.620989958094, "avg_daily_kwh": 128.84827668481668, "psh_daily_kwh": 139.7972578699885, "canopy_area_m2": 189.94192645378874, "lon": -73.992716038309709, "lat": 40.721578936421921 }, "geometry": { "type": "Point", "coordinates": [ -73.992716038309709, 40.721578936421921 ] } },
{ "type": "Feature", "properties": { "name": null, "bbl": "1004260002", "shape_area": "369.36328125", "construction_year": "1900", "ground_elevation": "43", "mappluto_bbl": "1004260002", "objectid": "585117", "feature_code": "2100", "shape_length": "88.028956396090408", "height_roof": "62.69", "last_status_type": "Constructed", "bin": "1005701", "last_edited_date": "2017-08-22T17:30:32Z", "geom_source": "Photogrammetric", "doitt_id": "268186", "address": "217 BOWERY", "bldgclass": "C7", "numfloors": 6.0, "unitsres": 10, "yearbuilt": 1900, "latitude": 40.721688, "longitude": -73.9931203, "roof_area_m2": 211.94470591947803, "pv_kw_dc": 36.030600006311261, "annual_kwh": 44605.882807813337, "avg_daily_kwh": 122.20789810359818, "psh_daily_kwh": 132.59260802322544, "canopy_area_m2": 180.1530000315563, "lon": -73.993134384097175, "lat": 40.721704609164448 }, "geometry": { "type": "Point", "coordinates": [ -73.993134384097175, 40.721704609164448 ] } },
{ "type": "Feature", "properties": { "name": null, "bbl": "1004920007", "shape_area": "391.30078125", "construction_year": "1900", "ground_elevation": "43", "mappluto_bbl": "1004920007", "objectid": "179358", "feature_code": "2100", "shape_length": "105.25448583528549", "height_roof": "62.49", "last_status_type": "Constructed", "bin": "1007392", "last_edited_date": "2017-08-22T18:04:25Z", "geom_source": "Photogrammetric", "doitt_id": "384062", "address": "202 ELIZABETH STREET", "bldgclass": "C7", "numfloors": 6.0, "unitsres": 27, "yearbuilt": 1900, "latitude": 40.7219515, "longitude": -73.9941845, "roof_area_m2": 224.53664754335719, "pv_kw_dc": 38.17123008237072, "annual_kwh": 47255.982841974954, "avg_daily_kwh": 129.46844614239714, "psh_daily_kwh": 140.47012670312424, "canopy_area_m2": 190.8561504118536, "lon": -73.994207285132561, "lat": 40.721961666290269 }, "geometry": { "type": "Point", "coordinates": [ -73.994207285132561, 40.721961666290269 ] } },
{ "type": "Feature", "properties": { "name": null, "bbl": "1004930009", "shape_area": "272.50390625", "construction_year": "1900", "ground_elevation": "43", "mappluto_bbl": "1004930009", "objectid": "777130", "feature_code": "2100", "shape_length": "72.266548099018792", "height_roof": "75.82", "last_status_type": "Constructed", "bin": "1007475", "last_edited_date": "2017-08-22T18:31:42Z", "geom_source": "Photogrammetric", "doitt_id": "615886", "address": "228 MOTT STREET", "bldgclass": "C4", "numfloors": 6.0, "unitsres": 14, "yearbuilt": 1900, "latitude": 40.7223386, "longitude": -73.994924, "roof_area_m2": 156.36168832050592, "pv_kw_dc": 26.581487014486004, "annual_kwh": 32907.880923933677, "avg_daily_kwh": 90.15857787379089, "psh_daily_kwh": 97.819872213308486, "canopy_area_m2": 132.90743507243002, "lon": -73.994968519592732, "lat": 40.722355540224243 }, "geometry": { "type": "Point", "coordinates": [ -73.994968519592732, 40.722355540224243 ] } },
{ "type": "Feature", "properties": { "name": null, "bbl": "1004930010", "shape_area": "256.8671875", "construction_year": "1900", "ground_elevation": "44", "mappluto_bbl": "1004930010", "objectid": "763671", "feature_code": "2100", "shape_length": "92.863017702127252", "height_roof": "64.76", "last_status_type": "Constructed", "bin": "1007476", "last_edited_date": "2017-08-22T19:32:23Z", "geom_source": "Photogrammetric", "doitt_id": "734759", "address": "230 MOTT STREET", "bldgclass": "C7", "numfloors": 6.0, "unitsres": 11, "yearbuilt": 1900, "latitude": 40.7224072, "longitude": -73.9948952, "roof_area_m2": 147.38591838273069, "pv_kw_dc": 25.055606125064216, "annual_kwh": 31018.840382829498, "avg_daily_kwh": 84.983124336519168, "psh_daily_kwh": 92.204630540236309, "canopy_area_m2": 125.27803062532108, "lon": -73.994914772365462, "lat": 40.722413079604131 }, "geometry": { "type": "Point", "coordinates": [ -73.994914772365462, 40.722413079604131 ] } },
{ "type": "Feature", "properties": { "name": null, "bbl": "1004930012", "shape_area": "255.703125", "construction_year": "1900", "ground_elevation": "42", "mappluto_bbl": "1004930012", "objectid": "588021", "feature_code": "2100", "shape_length": "82.865737668102128", "height_roof": "66.24", "last_status_type": "Constructed", "bin": "1007477", "last_edited_date": "2017-08-22T18:28:42Z", "geom_source": "Photogrammetric", "doitt_id": "366616", "address": "234 MOTT STREET", "bldgclass": "C4", "numfloors": 6.0, "unitsres": 20, "yearbuilt": 1900, "latitude": 40.7225417, "longitude": -73.9948446, "roof_area_m2": 146.71843265883857, "pv_kw_dc": 24.942133552002559, "annual_kwh": 30878.361337379167, "avg_daily_kwh": 84.598250239394972, "psh_daily_kwh": 91.787051471369409, "canopy_area_m2": 124.71066776001278, "lon": -73.994874609120956, "lat": 40.722543997593277 }, "geometry": { "type": "Point", "coordinates": [ -73.994874609120956, 40.722543997593277 ] } },
{ "type": "Feature", "properties": { "name": null, "bbl": "1004930017", "shape_area": "664.56640625", "construction_year": "1900", "ground_elevation": "43", "mappluto_bbl": "1004930017", "objectid": "867582", "feature_code": "2100", "shape_length": "157.184605658306", "height_roof": "68.6", "last_status_type": "Constructed", "bin": "1007482", "last_edited_date": "2017-08-22T17:53:48Z", "geom_source": "Photogrammetric", "doitt_id": "732658", "address": "20 PRINCE STREET", "bldgclass": "C7", "numfloors": 6.0, "unitsres": 48, "yearbuilt": 1900, "latitude": 40.7226213, "longitude": -73.9945452, "roof_area_m2": 381.32820020802257, "pv_kw_dc": 64.825794035363842, "annual_kwh": 80254.33301578043, "avg_daily_kwh": 219.87488497474089, "psh_daily_kwh": 238.55892205013893, "canopy_area_m2": 324.12897017681917, "lon": -73.99453430729919, "lat": 40.722649322455879 }, "geometry": { "type": "Point", "coordinates": [ -73.99453430729919, 40.722649322455879 ] } },
{ "type": "Feature", "properties": { "name": null, "bbl": "1005070001", "shape_area": "397.87109375", "construction_year": "1910", "ground_elevation": "46", "mappluto_bbl": "1005070001", "objectid": "759970", "feature_code": "2100", "shape_length": "90.4241826276562", "height_roof": "69.37130663", "last_status_type": "Constructed", "bin": "1007845", "last_edited_date": "2017-08-22T17:57:58Z", "geom_source": "Photogrammetric", "doitt_id": "531633", "address": "13 PRINCE STREET", "bldgclass": "C7", "numfloors": 6.0, "unitsres": 20, "yearbuilt": 1910, "latitude": 40.7228244, "longitude": -73.9939499, "roof_area_m2": 228.29440596577848, "pv_kw_dc": 38.81004901418234, "annual_kwh": 48046.840679557739, "avg_daily_kwh": 131.63517994399382, "psh_daily_kwh": 142.820980372191, "canopy_area_m2": 194.0502450709117, "lon": -73.993952941657625, "lat": 40.722827641946658 }, "geometry": { "type": "Point", "coordinates": [ -73.993952941657625, 40.722827641946658 ] } },
{ "type": "Feature", "properties": { "name": null, "bbl": "1004260022", "shape_area": "202.62109375", "construction_year": "1920", "ground_elevation": "41", "mappluto_bbl": "1004260022", "objectid": "691023", "feature_code": "2100", "shape_length": "60.272012181942259", "height_roof": "59.88", "last_status_type": "Constructed", "bin": "1077245", "last_edited_date": "2017-08-22T17:29:24Z", "geom_source": "Photogrammetric", "doitt_id": "507492", "address": "13 STANTON STREET", "bldgclass": "C7", "numfloors": 6.0, "unitsres": 10, "yearbuilt": 1920, "latitude": 40.7223906, "longitude": -73.9923626, "roof_area_m2": 116.26519431247719, "pv_kw_dc": 19.765083033121122, "annual_kwh": 24469.172795003949, "avg_daily_kwh": 67.03882957535329, "psh_daily_kwh": 72.735505561885731, "canopy_area_m2": 98.825415165605605, "lon": -73.992331962891654, "lat": 40.722461272011373 }, "geometry": { "type": "Point", "coordinates": [ -73.992331962891654, 40.722461272011373 ] } },
{ "type": "Feature", "properties": { "name": null, "bbl": "1004930013", "shape_area": "404.56640625", "construction_year": "1900", "ground_elevation": "42", "mappluto_bbl": "1004930013", "objectid": "23965", "feature_code": "2100", "shape_length": "115.39756960454393", "height_roof": "71.96", "last_status_type": "Constructed", "bin": "1007478", "last_edited_date": "2017-08-22T17:46:26Z", "geom_source": "Photogrammetric", "doitt_id": "92497", "address": "30 PRINCE STREET", "bldgclass": "C7", "numfloors": 6.0, "unitsres": 25, "yearbuilt": 1900, "latitude": 40.7227668, "longitude": -73.9948915, "roof_area_m2": 232.1344326188522, "pv_kw_dc": 39.462853545204872, "annual_kwh": 48855.01268896363, "avg_daily_kwh": 133.84934983277708, "psh_daily_kwh": 145.22330104635392, "canopy_area_m2": 197.31426772602435, "lon": -73.994884912100602, "lat": 40.722770190286731 }, "geometry": { "type": "Point", "coordinates": [ -73.994884912100602, 40.722770190286731 ] } },
{ "type": "Feature", "properties": { "name": null, "bbl": "1005080046", "shape_area": "218.0078125", "construction_year": "1914", "ground_elevation": "44", "mappluto_bbl": "1005080046", "objectid": "177618", "feature_code": "2100", "shape_length": "77.2409722482598", "height_roof": "71.40646052", "last_status_type": "Constructed", "bin": "1007909", "last_edited_date": "2017-08-22T17:50:11Z", "geom_source": "Photogrammetric", "doitt_id": "347924", "address": "17 PRINCE STREET", "bldgclass": "C7", "numfloors": 6.0, "unitsres": 15, "yearbuilt": 1914, "latitude": 40.7229259, "longitude": -73.994188, "roof_area_m2": 125.08826086004227, "pv_kw_dc": 21.265004346207188, "annual_kwh": 26326.0753806045, "avg_daily_kwh": 72.126233919464383, "psh_daily_kwh": 78.255215994042459, "canopy_area_m2": 106.32502173103593, "lon": -73.994200212061131, "lat": 40.722935164942832 }, "geometry": { "type": "Point", "coordinates": [ -73.994200212061131, 40.722935164942832 ] } },
{ "type": "Feature", "properties": { "name": null, "bbl": "1002920010", "shape_area": "371.65234375", "construction_year": "1900", "ground_elevation": "45", "mappluto_bbl": "1002920010", "objectid": "713058", "feature_code": "2100", "shape_length": "105.56042704414649", "height_roof": "71.32", "last_status_type": "Constructed", "bin": "1003759", "last_edited_date": "2017-08-22T18:26:36Z", "geom_source": "Photogrammetric", "doitt_id": "642428", "address": "28 FORSYTH STREET", "bldgclass": "C7", "numfloors": 6.0, "unitsres": 22, "yearbuilt": 1900, "latitude": 40.7152077, "longitude": -73.9941634, "roof_area_m2": 213.29494105817653, "pv_kw_dc": 36.260139979890013, "annual_kwh": 44890.053295103833, "avg_daily_kwh": 122.98644738384611, "psh_daily_kwh": 133.43731512599524, "canopy_area_m2": 181.30069989945005, "lon": -73.99417352642898, "lat": 40.715218294364412 }, "geometry": { "type": "Point", "coordinates": [ -73.99417352642898, 40.715218294364412 ] } },
{ "type": "Feature", "properties": { "name": null, "bbl": "1003030020", "shape_area": "342.625", "construction_year": "1910", "ground_elevation": "41", "mappluto_bbl": "1003030020", "objectid": "850746", "feature_code": "2100", "shape_length": "74.3620522808463", "height_roof": "69.35", "last_status_type": "Constructed", "bin": "1003912", "last_edited_date": "2017-08-22T18:26:10Z", "geom_source": "Photogrammetric", "doitt_id": "365705", "address": "122 HESTER STREET", "bldgclass": "C7", "numfloors": 6.0, "unitsres": 20, "yearbuilt": 1910, "latitude": 40.7169122, "longitude": -73.994726, "roof_area_m2": 196.63196494469466, "pv_kw_dc": 33.427434040598094, "annual_kwh": 41383.163342260443, "avg_daily_kwh": 113.37852970482314, "psh_daily_kwh": 123.01295726940099, "canopy_area_m2": 167.13717020299046, "lon": -73.994722465732423, "lat": 40.716926067408814 }, "geometry": { "type": "Point", "coordinates": [ -73.994722465732423, 40.716926067408814 ] } },
{ "type": "Feature", "properties": { "name": null, "bbl": "1003040035", "shape_area": "729.6484375", "construction_year": "1910", "ground_elevation": "40", "mappluto_bbl": "1003040035", "objectid": "2963", "feature_code": "2100", "shape_length": "115.53232744291026", "height_roof": "65.14", "last_status_type": "Constructed", "bin": "1003945", "last_edited_date": "2017-08-22T17:48:31Z", "geom_source": "Photogrammetric", "doitt_id": "214723", "address": "75 CHRYSTIE STREET", "bldgclass": "C7", "numfloors": 6.0, "unitsres": 35, "yearbuilt": 1910, "latitude": 40.7171894, "longitude": -73.9946863, "roof_area_m2": 418.73389476651556, "pv_kw_dc": 71.184762110307645, "annual_kwh": 88126.735492560867, "avg_daily_kwh": 241.44311093852292, "psh_daily_kwh": 261.95992456593211, "canopy_area_m2": 355.92381055153822, "lon": -73.994676122439486, "lat": 40.717199044075969 }, "geometry": { "type": "Point", "coordinates": [ -73.994676122439486, 40.717199044075969 ] } },
{ "type": "Feature", "properties": { "name": null, "bbl": "1003040031", "shape_area": "520.1171875", "construction_year": "1910", "ground_elevation": "39", "mappluto_bbl": "1003040031", "objectid": "707939", "feature_code": "2100", "shape_length": "126.56980184837472", "height_roof": "66.74", "last_status_type": "Constructed", "bin": "1003942", "last_edited_date": "2017-08-22T18:09:25Z", "geom_source": "Photogrammetric", "doitt_id": "113307", "address": "83 CHRYSTIE STREET", "bldgclass": "C7", "numfloors": 6.0, "unitsres": 28, "yearbuilt": 1910, "latitude": 40.7174474, "longitude": -73.9945528, "roof_area_m2": 298.49013294161836, "pv_kw_dc": 50.743322600075118, "annual_kwh": 62820.233378892997, "avg_daily_kwh": 172.11022843532328, "psh_daily_kwh": 186.73542716827643, "canopy_area_m2": 253.71661300037559, "lon": -73.994533591636397, "lat": 40.717450566271687 }, "geometry": { "type": "Point", "coordinates": [ -73.994533591636397, 40.717450566271687 ] } },
{ "type": "Feature", "properties": { "name": null, "bbl": "1002050004", "shape_area": "543.27734375", "construction_year": "1915", "ground_elevation": "33", "mappluto_bbl": "1002050004", "objectid": "589200", "feature_code": "2100", "shape_length": "130.47215409400019", "height_roof": "64.74", "last_status_type": "Constructed", "bin": "1002630", "last_edited_date": "2017-08-22T17:42:37Z", "geom_source": "Photogrammetric", "doitt_id": "733853", "address": "106 MULBERRY STREET", "bldgclass": "C7", "numfloors": 6.0, "unitsres": 33, "yearbuilt": 1915, "latitude": 40.717324, "longitude": -73.9981566, "roof_area_m2": 311.78096360149914, "pv_kw_dc": 53.002763812254855, "annual_kwh": 65617.421599571506, "avg_daily_kwh": 179.77375780704523, "psh_daily_kwh": 195.05017082909785, "canopy_area_m2": 265.01381906127426, "lon": -73.998173561682634, "lat": 40.717338479485903 }, "geometry": { "type": "Point", "coordinates": [ -73.998173561682634, 40.717338479485903 ] } },
{ "type": "Feature", "properties": { "name": null, "bbl": "1002060004", "shape_area": "228.17578125", "construction_year": "1910", "ground_elevation": "24", "mappluto_bbl": "1002060004", "objectid": "336398", "feature_code": "2100", "shape_length": "65.155454367994238", "height_roof": "57.71", "last_status_type": "Constructed", "bin": "1079542", "last_edited_date": "2017-08-22T19:17:13Z", "geom_source": "Photogrammetric", "doitt_id": "568662", "address": "119 BAXTER STREET", "bldgclass": "C7", "numfloors": 6.0, "unitsres": 22, "yearbuilt": 1910, "latitude": 40.7178922, "longitude": -73.9988059, "roof_area_m2": 188.65709548483292, "pv_kw_dc": 32.071706232421597, "annual_kwh": 39704.772315737937, "avg_daily_kwh": 108.78019812530941, "psh_daily_kwh": 118.02387893531147, "canopy_area_m2": 160.35853116210799, "lon": -73.998872619079378, "lat": 40.717924708763945 }, "geometry": { "type": "Point", "coordinates": [ -73.998872619079378, 40.717924708763945 ] } },
{ "type": "Feature", "properties": { "name": null, "bbl": "1002060004", "shape_area": "228.17578125", "construction_year": "1910", "ground_elevation": "24", "mappluto_bbl": "1002060004", "objectid": "336398", "feature_code": "2100", "shape_length": "65.155454367994238", "height_roof": "57.71", "last_status_type": "Constructed", "bin": "1079542", "last_edited_date": "2017-08-22T19:17:13Z", "geom_source": "Photogrammetric", "doitt_id": "568662", "address": "119 BAXTER STREET", "bldgclass": "C7", "numfloors": 6.0, "unitsres": 22, "yearbuilt": 1910, "latitude": 40.7178922, "longitude": -73.9988059, "roof_area_m2": 188.65709548483292, "pv_kw_dc": 32.071706232421597, "annual_kwh": 39704.772315737937, "avg_daily_kwh": 108.78019812530941, "psh_daily_kwh": 118.02387893531147, "canopy_area_m2": 160.35853116210799, "lon": -73.998872619079378, "lat": 40.717924708763945 }, "geometry": { "type": "Point", "coordinates": [ -73.998872619079378, 40.717924708763945 ] } },
{ "type": "Feature", "properties": { "name": null, "bbl": "1002050023", "shape_area": "280.54296875", "construction_year": "1900", "ground_elevation": "36", "mappluto_bbl": "1002050023", "objectid": "405243", "feature_code": "2100", "shape_length": "91.011443951270948", "height_roof": "66.49", "last_status_type": "Constructed", "bin": "1002642", "last_edited_date": "2017-08-22T19:15:22Z", "geom_source": "Photogrammetric", "doitt_id": "695713", "address": "111 MOTT STREET", "bldgclass": "C7", "numfloors": 6.0, "unitsres": 22, "yearbuilt": 1900, "latitude": 40.7176122, "longitude": -73.9975686, "roof_area_m2": 161.00143142184041, "pv_kw_dc": 27.370243341712872, "annual_kwh": 33884.361257040538, "avg_daily_kwh": 92.833866457645314, "psh_daily_kwh": 100.72249549750336, "canopy_area_m2": 136.85121670856435, "lon": -73.997530528622875, "lat": 40.717615187444359 }, "geometry": { "type": "Point", "coordinates": [ -73.997530528622875, 40.717615187444359 ] } },
{ "type": "Feature", "properties": { "name": null, "bbl": "1002060004", "shape_area": "100.55859375", "construction_year": "1910", "ground_elevation": "26", "mappluto_bbl": "1002060004", "objectid": "528040", "feature_code": "2100", "shape_length": "40.111743167922924", "height_roof": "46.34", "last_status_type": "Constructed", "bin": "1079543", "last_edited_date": "2009-02-14T00:00:00Z", "geom_source": "Photogrammetric", "doitt_id": "645882", "address": "119 BAXTER STREET", "bldgclass": "C7", "numfloors": 6.0, "unitsres": 22, "yearbuilt": 1910, "latitude": 40.7178922, "longitude": -73.9988059, "roof_area_m2": 188.65709548483292, "pv_kw_dc": 32.071706232421597, "annual_kwh": 39704.772315737937, "avg_daily_kwh": 108.78019812530941, "psh_daily_kwh": 118.02387893531147, "canopy_area_m2": 160.35853116210799, "lon": -73.998685422684986, "lat": 40.717858582637952 }, "geometry": { "type": "Point", "coordinates": [ -73.998685422684986, 40.717858582637952 ] } },
{ "type": "Feature", "properties": { "name": null, "bbl": "1002060004", "shape_area": "100.55859375", "construction_year": "1910", "ground_elevation": "26", "mappluto_bbl": "1002060004", "objectid": "528040", "feature_code": "2100", "shape_length": "40.111743167922924", "height_roof": "46.34", "last_status_type": "Constructed", "bin": "1079543", "last_edited_date": "2009-02-14T00:00:00Z", "geom_source": "Photogrammetric", "doitt_id": "645882", "address": "119 BAXTER STREET", "bldgclass": "C7", "numfloors": 6.0, "unitsres": 22, "yearbuilt": 1910, "latitude": 40.7178922, "longitude": -73.9988059, "roof_area_m2": 188.65709548483292, "pv_kw_dc": 32.071706232421597, "annual_kwh": 39704.772315737937, "avg_daily_kwh": 108.78019812530941, "psh_daily_kwh": 118.02387893531147, "canopy_area_m2": 160.35853116210799, "lon": -73.998685422684986, "lat": 40.717858582637952 }, "geometry": { "type": "Point", "coordinates": [ -73.998685422684986, 40.717858582637952 ] } },
{ "type": "Feature", "properties": { "name": null, "bbl": "1002380040", "shape_area": "714.734375", "construction_year": "1910", "ground_elevation": "36", "mappluto_bbl": "1002380040", "objectid": "548300", "feature_code": "2100", "shape_length": "116.48789248548941", "height_roof": "65.18", "last_status_type": "Constructed", "bin": "1003114", "last_edited_date": "2017-08-22T18:12:12Z", "geom_source": "Photogrammetric", "doitt_id": "198788", "address": "173 HESTER STREET", "bldgclass": "C7", "numfloors": 6.0, "unitsres": 30, "yearbuilt": 1910, "latitude": 40.7179992, "longitude": -73.9968543, "roof_area_m2": 410.17024288506229, "pv_kw_dc": 69.728941290460597, "annual_kwh": 86324.429317590213, "avg_daily_kwh": 236.50528580161702, "psh_daily_kwh": 256.60250394889499, "canopy_area_m2": 348.64470645230296, "lon": -73.996842247225089, "lat": 40.718007352509616 }, "geometry": { "type": "Point", "coordinates": [ -73.996842247225089, 40.718007352509616 ] } },
{ "type": "Feature", "properties": { "name": null, "bbl": "1002370029", "shape_area": "400.17578125", "construction_year": "1912", "ground_elevation": "34", "mappluto_bbl": "1002370029", "objectid": "363721", "feature_code": "2100", "shape_length": "92.637850842702164", "height_roof": "62.62", "last_status_type": "Constructed", "bin": "1003096", "last_edited_date": "2017-08-22T18:01:43Z", "geom_source": "Photogrammetric", "doitt_id": "233404", "address": "121 MOTT STREET", "bldgclass": "C7", "numfloors": 6.0, "unitsres": 25, "yearbuilt": 1912, "latitude": 40.7180486, "longitude": -73.9972151, "roof_area_m2": 229.65451215134115, "pv_kw_dc": 39.041267065727993, "annual_kwh": 48333.088627371253, "avg_daily_kwh": 132.41942089690755, "psh_daily_kwh": 143.671862801879, "canopy_area_m2": 195.20633532863997, "lon": -73.997209825302463, "lat": 40.718053700645733 }, "geometry": { "type": "Point", "coordinates": [ -73.997209825302463, 40.718053700645733 ] } },
{ "type": "Feature", "properties": { "name": null, "bbl": "1002370028", "shape_area": "343.32421875", "construction_year": "1912", "ground_elevation": "33", "mappluto_bbl": "1002370028", "objectid": "819102", "feature_code": "2100", "shape_length": "85.47023634529306", "height_roof": "64.6", "last_status_type": "Constructed", "bin": "1003095", "last_edited_date": "2017-08-22T19:10:10Z", "geom_source": "Photogrammetric", "doitt_id": "390929", "address": "123 MOTT STREET", "bldgclass": "C7", "numfloors": 6.0, "unitsres": 25, "yearbuilt": 1912, "latitude": 40.7181776, "longitude": -73.9971357, "roof_area_m2": 197.02200162022802, "pv_kw_dc": 33.493740275438761, "annual_kwh": 41465.250460993186, "avg_daily_kwh": 113.60342592052928, "psh_daily_kwh": 123.25696421361464, "canopy_area_m2": 167.46870137719381, "lon": -73.997115397468988, "lat": 40.718180381321424 }, "geometry": { "type": "Point", "coordinates": [ -73.997115397468988, 40.718180381321424 ] } },
{ "type": "Feature", "properties": { "name": null, "bbl": "1002050018", "shape_area": "282.77734375", "construction_year": "1910", "ground_elevation": "34", "mappluto_bbl": "1002050018", "objectid": "18506", "feature_code": "2100", "shape_length": "90.681654729311973", "height_roof": "66.95", "last_status_type": "Constructed", "bin": "1002640", "last_edited_date": "2017-08-22T18:35:15Z", "geom_source": "Photogrammetric", "doitt_id": "408254", "address": "174 HESTER STREET", "bldgclass": "C7", "numfloors": 6.0, "unitsres": 19, "yearbuilt": 1910, "latitude": 40.7178455, "longitude": -73.9976768, "roof_area_m2": 162.27675317054997, "pv_kw_dc": 27.587048038993494, "annual_kwh": 34152.765472273946, "avg_daily_kwh": 93.569220471983414, "psh_daily_kwh": 101.52033678349606, "canopy_area_m2": 137.93524019496746, "lon": -73.997656107245831, "lat": 40.717869316347191 }, "geometry": { "type": "Point", "coordinates": [ -73.997656107245831, 40.717869316347191 ] } },
{ "type": "Feature", "properties": { "name": null, "bbl": "1002030015", "shape_area": "257.55859375", "construction_year": "1900", "ground_elevation": "41", "mappluto_bbl": "1002030015", "objectid": "88060", "feature_code": "2100", "shape_length": "75.6507644782105", "height_roof": "62.82", "last_status_type": "Constructed", "bin": "1079529", "last_edited_date": "2017-08-22T17:51:19Z", "geom_source": "Photogrammetric", "doitt_id": "802790", "address": "58 ELIZABETH STREET", "bldgclass": "C7", "numfloors": 6.0, "unitsres": 45, "yearbuilt": 1900, "latitude": 40.7173734, "longitude": -73.9962267, "roof_area_m2": 342.56769515036774, "pv_kw_dc": 58.23650817556252, "annual_kwh": 72096.797121346404, "avg_daily_kwh": 197.52547156533262, "psh_daily_kwh": 214.31035008607006, "canopy_area_m2": 291.18254087781258, "lon": -73.996282981156767, "lat": 40.717339043478994 }, "geometry": { "type": "Point", "coordinates": [ -73.996282981156767, 40.717339043478994 ] } },
{ "type": "Feature", "properties": { "name": null, "bbl": "1002030015", "shape_area": "257.55859375", "construction_year": "1900", "ground_elevation": "41", "mappluto_bbl": "1002030015", "objectid": "88060", "feature_code": "2100", "shape_length": "75.6507644782105", "height_roof": "62.82", "last_status_type": "Constructed", "bin": "1079529", "last_edited_date": "2017-08-22T17:51:19Z", "geom_source": "Photogrammetric", "doitt_id": "802790", "address": "58 ELIZABETH STREET", "bldgclass": "C7", "numfloors": 6.0, "unitsres": 45, "yearbuilt": 1900, "latitude": 40.7173734, "longitude": -73.9962267, "roof_area_m2": 342.56769515036774, "pv_kw_dc": 58.23650817556252, "annual_kwh": 72096.797121346404, "avg_daily_kwh": 197.52547156533262, "psh_daily_kwh": 214.31035008607006, "canopy_area_m2": 291.18254087781258, "lon": -73.996282981156767, "lat": 40.717339043478994 }, "geometry": { "type": "Point", "coordinates": [ -73.996282981156767, 40.717339043478994 ] } },
{ "type": "Feature", "properties": { "name": null, "bbl": "1002030015", "shape_area": "339.3828125", "construction_year": "1900", "ground_elevation": "40", "mappluto_bbl": "1002030015", "objectid": "804264", "feature_code": "2100", "shape_length": "92.913041521717375", "height_roof": "65.15", "last_status_type": "Constructed", "bin": "1079528", "last_edited_date": "2017-08-22T18:31:11Z", "geom_source": "Photogrammetric", "doitt_id": "683610", "address": "58 ELIZABETH STREET", "bldgclass": "C7", "numfloors": 6.0, "unitsres": 45, "yearbuilt": 1900, "latitude": 40.7173734, "longitude": -73.9962267, "roof_area_m2": 342.56769515036774, "pv_kw_dc": 58.23650817556252, "annual_kwh": 72096.797121346404, "avg_daily_kwh": 197.52547156533262, "psh_daily_kwh": 214.31035008607006, "canopy_area_m2": 291.18254087781258, "lon": -73.996204458538287, "lat": 40.717429358755709 }, "geometry": { "type": "Point", "coordinates": [ -73.996204458538287, 40.717429358755709 ] } },
{ "type": "Feature", "properties": { "name": null, "bbl": "1002030015", "shape_area": "339.3828125", "construction_year": "1900", "ground_elevation": "40", "mappluto_bbl": "1002030015", "objectid": "804264", "feature_code": "2100", "shape_length": "92.913041521717375", "height_roof": "65.15", "last_status_type": "Constructed", "bin": "1079528", "last_edited_date": "2017-08-22T18:31:11Z", "geom_source": "Photogrammetric", "doitt_id": "683610", "address": "58 ELIZABETH STREET", "bldgclass": "C7", "numfloors": 6.0, "unitsres": 45, "yearbuilt": 1900, "latitude": 40.7173734, "longitude": -73.9962267, "roof_area_m2": 342.56769515036774, "pv_kw_dc": 58.23650817556252, "annual_kwh": 72096.797121346404, "avg_daily_kwh": 197.52547156533262, "psh_daily_kwh": 214.31035008607006, "canopy_area_m2": 291.18254087781258, "lon": -73.996204458538287, "lat": 40.717429358755709 }, "geometry": { "type": "Point", "coordinates": [ -73.996204458538287, 40.717429358755709 ] } },
{ "type": "Feature", "properties": { "name": null, "bbl": "1003040030", "shape_area": "303.53125", "construction_year": "1910", "ground_elevation": "38", "mappluto_bbl": "1003040030", "objectid": "459823", "feature_code": "2100", "shape_length": "93.648843787806243", "height_roof": "69.14", "last_status_type": "Constructed", "bin": "1003941", "last_edited_date": "2017-08-22T17:33:36Z", "geom_source": "Photogrammetric", "doitt_id": "588963", "address": "85 CHRYSTIE STREET", "bldgclass": "C7", "numfloors": 6.0, "unitsres": 20, "yearbuilt": 1910, "latitude": 40.7175435, "longitude": -73.9945023, "roof_area_m2": 174.19241176036394, "pv_kw_dc": 29.61270999926187, "annual_kwh": 36660.534979086195, "avg_daily_kwh": 100.43982186051012, "psh_daily_kwh": 108.97477279728369, "canopy_area_m2": 148.06354999630935, "lon": -73.994482219044258, "lat": 40.717546939604468 }, "geometry": { "type": "Point", "coordinates": [ -73.994482219044258, 40.717546939604468 ] } },
{ "type": "Feature", "properties": { "name": null, "bbl": "1003040029", "shape_area": "282.9375", "construction_year": "1900", "ground_elevation": "38", "mappluto_bbl": "1003040029", "objectid": "647520", "feature_code": "2100", "shape_length": "89.4964734541108", "height_roof": "68.61", "last_status_type": "Constructed", "bin": "1003940", "last_edited_date": "2017-08-22T17:55:28Z", "geom_source": "Photogrammetric", "doitt_id": "330839", "address": "87 CHRYSTIE STREET", "bldgclass": "CB", "numfloors": 6.0, "unitsres": 10, "yearbuilt": 1900, "latitude": 40.7176011, "longitude": -73.9944735, "roof_area_m2": 162.37625257777606, "pv_kw_dc": 27.60396293822193, "annual_kwh": 34173.706117518748, "avg_daily_kwh": 93.626592102791093, "psh_daily_kwh": 101.58258361265671, "canopy_area_m2": 138.01981469110964, "lon": -73.994465211486116, "lat": 40.717607386518608 }, "geometry": { "type": "Point", "coordinates": [ -73.994465211486116, 40.717607386518608 ] } },
{ "type": "Feature", "properties": { "name": null, "bbl": "1002390008", "shape_area": "278.21484375", "construction_year": "1910", "ground_elevation": "36", "mappluto_bbl": "1002390008", "objectid": "4298", "feature_code": "2100", "shape_length": "89.552397082258793", "height_roof": "72.24", "last_status_type": "Constructed", "bin": "1003116", "last_edited_date": "2017-08-22T19:17:34Z", "geom_source": "Photogrammetric", "doitt_id": "92314", "address": "84 ELIZABETH STREET", "bldgclass": "C7", "numfloors": 6.0, "unitsres": 24, "yearbuilt": 1910, "latitude": 40.7180458, "longitude": -73.9957829, "roof_area_m2": 159.65011264616942, "pv_kw_dc": 27.140519149848803, "annual_kwh": 33599.962707512816, "avg_daily_kwh": 92.054692349350177, "psh_daily_kwh": 99.877110471443586, "canopy_area_m2": 135.70259574924401, "lon": -73.995799554926094, "lat": 40.718060071019252 }, "geometry": { "type": "Point", "coordinates": [ -73.995799554926094, 40.718060071019252 ] } },
{ "type": "Feature", "properties": { "name": null, "bbl": "1002390010", "shape_area": "268.26953125", "construction_year": "1910", "ground_elevation": "34", "mappluto_bbl": "1002390010", "objectid": "556617", "feature_code": "2100", "shape_length": "86.848073728112368", "height_roof": "73.53", "last_status_type": "Constructed", "bin": "1003118", "last_edited_date": "2017-08-22T19:08:42Z", "geom_source": "Photogrammetric", "doitt_id": "769305", "address": "88 ELIZABETH STREET", "bldgclass": "C7", "numfloors": 6.0, "unitsres": 24, "yearbuilt": 1910, "latitude": 40.7181721, "longitude": -73.9957144, "roof_area_m2": 153.95095288335327, "pv_kw_dc": 26.171661990170055, "annual_kwh": 32400.517543830527, "avg_daily_kwh": 88.768541215974039, "psh_daily_kwh": 96.311716123825803, "canopy_area_m2": 130.85830995085027, "lon": -73.995733545529319, "lat": 40.718187356578355 }, "geometry": { "type": "Point", "coordinates": [ -73.995733545529319, 40.718187356578355 ] } },
{ "type": "Feature", "properties": { "name": null, "bbl": "1002380004", "shape_area": "522.90234375", "construction_year": "1912", "ground_elevation": "35", "mappluto_bbl": "1002380004", "objectid": "995651", "feature_code": "2100", "shape_length": "123.09356170610241", "height_roof": "65.76", "last_status_type": "Constructed", "bin": "1003100", "last_edited_date": "2017-08-22T18:40:58Z", "geom_source": "Photogrammetric", "doitt_id": "637901", "address": "124 MOTT STREET", "bldgclass": "C7", "numfloors": 6.0, "unitsres": 39, "yearbuilt": 1912, "latitude": 40.7182242, "longitude": -73.9966162, "roof_area_m2": 300.07384177705751, "pv_kw_dc": 51.01255310209978, "annual_kwh": 63153.540740399527, "avg_daily_kwh": 173.02339928876583, "psh_daily_kwh": 187.72619541572718, "canopy_area_m2": 255.06276551049888, "lon": -73.996637090242046, "lat": 40.71823807403387 }, "geometry": { "type": "Point", "coordinates": [ -73.996637090242046, 40.71823807403387 ] } },
{ "type": "Feature", "properties": { "name": null, "bbl": "1002380027", "shape_area": "276.765625", "construction_year": "1900", "ground_elevation": "36", "mappluto_bbl": "1002380027", "objectid": "231026", "feature_code": "2100", "shape_length": "88.6647446514492", "height_roof": "62.08", "last_status_type": "Constructed", "bin": "1079594", "last_edited_date": "2017-08-22T18:38:03Z", "geom_source": "Photogrammetric", "doitt_id": "297306", "address": "83 ELIZABETH STREET", "bldgclass": "C7", "numfloors": 6.0, "unitsres": 34, "yearbuilt": 1900, "latitude": 40.7181748, "longitude": -73.9962555, "roof_area_m2": 318.56247190167028, "pv_kw_dc": 54.155620223283954, "annual_kwh": 67044.65783642554, "avg_daily_kwh": 183.68399407239875, "psh_daily_kwh": 199.29268242168496, "canopy_area_m2": 270.77810111641975, "lon": -73.996254004698471, "lat": 40.718143438596329 }, "geometry": { "type": "Point", "coordinates": [ -73.996254004698471, 40.718143438596329 ] } },
{ "type": "Feature", "properties": { "name": null, "bbl": "1002380027", "shape_area": "276.765625", "construction_year": "1900", "ground_elevation": "36", "mappluto_bbl": "1002380027", "objectid": "231026", "feature_code": "2100", "shape_length": "88.6647446514492", "height_roof": "62.08", "last_status_type": "Constructed", "bin": "1079594", "last_edited_date": "2017-08-22T18:38:03Z", "geom_source": "Photogrammetric", "doitt_id": "297306", "address": "83 ELIZABETH STREET", "bldgclass": "C7", "numfloors": 6.0, "unitsres": 34, "yearbuilt": 1900, "latitude": 40.7181748, "longitude": -73.9962555, "roof_area_m2": 318.56247190167028, "pv_kw_dc": 54.155620223283954, "annual_kwh": 67044.65783642554, "avg_daily_kwh": 183.68399407239875, "psh_daily_kwh": 199.29268242168496, "canopy_area_m2": 270.77810111641975, "lon": -73.996254004698471, "lat": 40.718143438596329 }, "geometry": { "type": "Point", "coordinates": [ -73.996254004698471, 40.718143438596329 ] } },
{ "type": "Feature", "properties": { "name": null, "bbl": "1002380027", "shape_area": "278.34375", "construction_year": "1900", "ground_elevation": "35", "mappluto_bbl": "1002380027", "objectid": "933854", "feature_code": "2100", "shape_length": "88.93193567685789", "height_roof": "62.48", "last_status_type": "Constructed", "bin": "1079595", "last_edited_date": "2017-08-22T18:24:48Z", "geom_source": "Photogrammetric", "doitt_id": "127623", "address": "83 ELIZABETH STREET", "bldgclass": "C7", "numfloors": 6.0, "unitsres": 34, "yearbuilt": 1900, "latitude": 40.7181748, "longitude": -73.9962555, "roof_area_m2": 318.56247190167028, "pv_kw_dc": 54.155620223283954, "annual_kwh": 67044.65783642554, "avg_daily_kwh": 183.68399407239875, "psh_daily_kwh": 199.29268242168496, "canopy_area_m2": 270.77810111641975, "lon": -73.996215705034672, "lat": 40.718207438606697 }, "geometry": { "type": "Point", "coordinates": [ -73.996215705034672, 40.718207438606697 ] } },
{ "type": "Feature", "properties": { "name": null, "bbl": "1002380027", "shape_area": "278.34375", "construction_year": "1900", "ground_elevation": "35", "mappluto_bbl": "1002380027", "objectid": "933854", "feature_code": "2100", "shape_length": "88.93193567685789", "height_roof": "62.48", "last_status_type": "Constructed", "bin": "1079595", "last_edited_date": "2017-08-22T18:24:48Z", "geom_source": "Photogrammetric", "doitt_id": "127623", "address": "83 ELIZABETH STREET", "bldgclass": "C7", "numfloors": 6.0, "unitsres": 34, "yearbuilt": 1900, "latitude": 40.7181748, "longitude": -73.9962555, "roof_area_m2": 318.56247190167028, "pv_kw_dc": 54.155620223283954, "annual_kwh": 67044.65783642554, "avg_daily_kwh": 183.68399407239875, "psh_daily_kwh": 199.29268242168496, "canopy_area_m2": 270.77810111641975, "lon": -73.996215705034672, "lat": 40.718207438606697 }, "geometry": { "type": "Point", "coordinates": [ -73.996215705034672, 40.718207438606697 ] } },
{ "type": "Feature", "properties": { "name": null, "bbl": "1002380023", "shape_area": "392.375", "construction_year": "1910", "ground_elevation": "34", "mappluto_bbl": "1002380023", "objectid": "87770", "feature_code": "2100", "shape_length": "106.28753081222911", "height_roof": "68.06", "last_status_type": "Constructed", "bin": "1003107", "last_edited_date": "2017-08-22T19:00:44Z", "geom_source": "Photogrammetric", "doitt_id": "120272", "address": "91 ELIZABETH STREET", "bldgclass": "C7", "numfloors": 6.0, "unitsres": 27, "yearbuilt": 1910, "latitude": 40.7184164, "longitude": -73.9961292, "roof_area_m2": 225.17371876171447, "pv_kw_dc": 38.279532189491462, "annual_kwh": 47390.060850590431, "avg_daily_kwh": 129.83578315230255, "psh_daily_kwh": 140.86867845732857, "canopy_area_m2": 191.3976609474573, "lon": -73.996109529030491, "lat": 40.71842049043034 }, "geometry": { "type": "Point", "coordinates": [ -73.996109529030491, 40.71842049043034 ] } },
{ "type": "Feature", "properties": { "name": null, "bbl": "1002380021", "shape_area": "397.97265625", "construction_year": "1910", "ground_elevation": "33", "mappluto_bbl": "1002380021", "objectid": "541978", "feature_code": "2100", "shape_length": "106.44868440196109", "height_roof": "69.97", "last_status_type": "Constructed", "bin": "1003106", "last_edited_date": "2017-08-22T17:43:00Z", "geom_source": "Photogrammetric", "doitt_id": "380086", "address": "95 ELIZABETH STREET", "bldgclass": "C7", "numfloors": 6.0, "unitsres": 27, "yearbuilt": 1910, "latitude": 40.7185179, "longitude": -73.9960823, "roof_area_m2": 228.3790600122141, "pv_kw_dc": 38.824440202076403, "annual_kwh": 48064.656970170588, "avg_daily_kwh": 131.6839916990975, "psh_daily_kwh": 142.87393994364115, "canopy_area_m2": 194.12220101038199, "lon": -73.996063304329752, "lat": 40.718518982864261 }, "geometry": { "type": "Point", "coordinates": [ -73.996063304329752, 40.718518982864261 ] } },
{ "type": "Feature", "properties": { "name": null, "bbl": "1002380014", "shape_area": "466.30078125", "construction_year": "1900", "ground_elevation": "32", "mappluto_bbl": "1002380014", "objectid": "991211", "feature_code": "2100", "shape_length": "121.86348521749639", "height_roof": "64.86", "last_status_type": "Constructed", "bin": "1003103", "last_edited_date": "2017-08-22T18:40:59Z", "geom_source": "Photogrammetric", "doitt_id": "680493", "address": "209 GRAND STREET", "bldgclass": "C7", "numfloors": 6.0, "unitsres": 20, "yearbuilt": 1900, "latitude": 40.718754, "longitude": -73.9962482, "roof_area_m2": 267.58675583899105, "pv_kw_dc": 45.489748492628479, "annual_kwh": 56316.308633874054, "avg_daily_kwh": 154.29125653116179, "psh_daily_kwh": 167.4022744528728, "canopy_area_m2": 227.44874246314239, "lon": -73.996245533950287, "lat": 40.718753433689905 }, "geometry": { "type": "Point", "coordinates": [ -73.996245533950287, 40.718753433689905 ] } },
{ "type": "Feature", "properties": { "name": null, "bbl": "1002390011", "shape_area": "289", "construction_year": "1900", "ground_elevation": "34", "mappluto_bbl": "1002390011", "objectid": "498547", "feature_code": "2100", "shape_length": "95.662851135750159", "height_roof": "69.66", "last_status_type": "Constructed", "bin": "1003119", "last_edited_date": "2017-08-22T18:33:01Z", "geom_source": "Photogrammetric", "doitt_id": "143657", "address": "90 ELIZABETH STREET", "bldgclass": "C7", "numfloors": 6.0, "unitsres": 20, "yearbuilt": 1900, "latitude": 40.7182297, "longitude": -73.9956675, "roof_area_m2": 165.84815753988147, "pv_kw_dc": 28.194186781779848, "annual_kwh": 34904.403235843449, "avg_daily_kwh": 95.628502016009449, "psh_daily_kwh": 103.75460735694983, "canopy_area_m2": 140.97093390889924, "lon": -73.995689403338787, "lat": 40.718252974686614 }, "geometry": { "type": "Point", "coordinates": [ -73.995689403338787, 40.718252974686614 ] } },
{ "type": "Feature", "properties": { "name": null, "bbl": "1002390012", "shape_area": "998.0078125", "construction_year": "1912", "ground_elevation": "33", "mappluto_bbl": "1002390012", "objectid": "389245", "feature_code": "2100", "shape_length": "137.53046245022907", "height_roof": "68.1", "last_status_type": "Constructed", "bin": "1003120", "last_edited_date": "2017-08-22T18:17:21Z", "geom_source": "Photogrammetric", "doitt_id": "575746", "address": "92 ELIZABETH STREET", "bldgclass": "C7", "numfloors": 6.0, "unitsres": 53, "yearbuilt": 1912, "latitude": 40.7183615, "longitude": -73.9956061, "roof_area_m2": 572.72061105844966, "pv_kw_dc": 97.36250387993644, "annual_kwh": 120534.77980336131, "avg_daily_kwh": 330.23227343386657, "psh_daily_kwh": 358.29401427816606, "canopy_area_m2": 486.81251939968217, "lon": -73.995629687394313, "lat": 40.71836838069828 }, "geometry": { "type": "Point", "coordinates": [ -73.995629687394313, 40.71836838069828 ] } },
{ "type": "Feature", "properties": { "name": null, "bbl": "1004700031", "shape_area": "263.6640625", "construction_year": "1920", "ground_elevation": "31", "mappluto_bbl": "1004700031", "objectid": "992281", "feature_code": "2100", "shape_length": "89.3805136921089", "height_roof": "64.03", "last_status_type": "Constructed", "bin": "1006937", "last_edited_date": "2017-08-22T19:24:26Z", "geom_source": "Photogrammetric", "doitt_id": "785860", "address": "208 GRAND STREET", "bldgclass": "C7", "numfloors": 6.0, "unitsres": 22, "yearbuilt": 1920, "latitude": 40.7191959, "longitude": -73.9961977, "roof_area_m2": 151.30106881848855, "pv_kw_dc": 25.721181699143052, "annual_kwh": 31842.8229435391, "avg_daily_kwh": 87.240610804216715, "psh_daily_kwh": 94.653948652846438, "canopy_area_m2": 128.60590849571525, "lon": -73.996212426221589, "lat": 40.719189461953583 }, "geometry": { "type": "Point", "coordinates": [ -73.996212426221589, 40.719189461953583 ] } },
{ "type": "Feature", "properties": { "name": null, "bbl": "1004700032", "shape_area": "322.69140625", "construction_year": "1909", "ground_elevation": "31", "mappluto_bbl": "1004700032", "objectid": "965954", "feature_code": "2100", "shape_length": "90.086181527505175", "height_roof": "63.14", "last_status_type": "Constructed", "bin": "1006938", "last_edited_date": "2017-08-22T17:39:21Z", "geom_source": "Photogrammetric", "doitt_id": "18933", "address": "206 GRAND STREET", "bldgclass": "C7", "numfloors": 6.0, "unitsres": 20, "yearbuilt": 1909, "latitude": 40.7192261, "longitude": -73.9962807, "roof_area_m2": 185.18081677062642, "pv_kw_dc": 31.480738851006492, "annual_kwh": 38973.154697546037, "avg_daily_kwh": 106.77576629464667, "psh_daily_kwh": 115.84911897170389, "canopy_area_m2": 157.40369425503246, "lon": -73.996276706018421, "lat": 40.719224435107122 }, "geometry": { "type": "Point", "coordinates": [ -73.996276706018421, 40.719224435107122 ] } },
{ "type": "Feature", "properties": { "name": null, "bbl": "1004710052", "shape_area": "639.6875", "construction_year": "1910", "ground_elevation": "30", "mappluto_bbl": "1004710052", "objectid": "248801", "feature_code": "2100", "shape_length": "130.6954634485823", "height_roof": "67.31", "last_status_type": "Constructed", "bin": "1006992", "last_edited_date": "2017-08-22T18:20:25Z", "geom_source": "Photogrammetric", "doitt_id": "61632", "address": "200 GRAND STREET", "bldgclass": "C7", "numfloors": 6.0, "unitsres": 35, "yearbuilt": 1910, "latitude": 40.7193167, "longitude": -73.9965512, "roof_area_m2": 367.08253595632794, "pv_kw_dc": 62.404031112575751, "annual_kwh": 77256.190517368785, "avg_daily_kwh": 211.66079593799668, "psh_daily_kwh": 229.64683449427878, "canopy_area_m2": 312.02015556287876, "lon": -73.996543465847807, "lat": 40.71932852483183 }, "geometry": { "type": "Point", "coordinates": [ -73.996543465847807, 40.71932852483183 ] } },
{ "type": "Feature", "properties": { "name": null, "bbl": "1002370011", "shape_area": "350.2890625", "construction_year": "1900", "ground_elevation": "28", "mappluto_bbl": "1002370011", "objectid": "437881", "feature_code": "2100", "shape_length": "97.590189361996636", "height_roof": "66.92", "last_status_type": "Constructed", "bin": "1077452", "last_edited_date": "2017-08-22T18:00:17Z", "geom_source": "Photogrammetric", "doitt_id": "796685", "address": "146 MULBERRY STREET", "bldgclass": "C7", "numfloors": 6.0, "unitsres": 15, "yearbuilt": 1900, "latitude": 40.7188748, "longitude": -73.9972511, "roof_area_m2": 201.01272891074731, "pv_kw_dc": 34.172163914827046, "annual_kwh": 42305.138926555883, "avg_daily_kwh": 115.90449020974215, "psh_daily_kwh": 125.75356320656351, "canopy_area_m2": 170.86081957413521, "lon": -73.997276271949957, "lat": 40.718880377116221 }, "geometry": { "type": "Point", "coordinates": [ -73.997276271949957, 40.718880377116221 ] } },
{ "type": "Feature", "properties": { "name": null, "bbl": "1002370012", "shape_area": "632.64453125", "construction_year": "1900", "ground_elevation": "27", "mappluto_bbl": "1002370012", "objectid": "276589", "feature_code": "2100", "shape_length": "126.8997884982744", "height_roof": "66.01", "last_status_type": "Constructed", "bin": "1077451", "last_edited_date": "2017-08-22T18:37:25Z", "geom_source": "Photogrammetric", "doitt_id": "962200", "address": "191 GRAND STREET", "bldgclass": "C7", "numfloors": 6.0, "unitsres": 35, "yearbuilt": 1900, "latitude": 40.7190724, "longitude": -73.9972439, "roof_area_m2": 363.04594574210046, "pv_kw_dc": 61.71781077615708, "annual_kwh": 76406.649740882465, "avg_daily_kwh": 209.33328696132182, "psh_daily_kwh": 227.12154365625804, "canopy_area_m2": 308.5890538807854, "lon": -73.997237757683706, "lat": 40.719075041643684 }, "geometry": { "type": "Point", "coordinates": [ -73.997237757683706, 40.719075041643684 ] } },
{ "type": "Feature", "properties": { "name": null, "bbl": "1002060016", "shape_area": "365.24609375", "construction_year": "1910", "ground_elevation": "29", "mappluto_bbl": "1002060016", "objectid": "545430", "feature_code": "2100", "shape_length": "87.955578853481484", "height_roof": "67.91", "last_status_type": "Constructed", "bin": "1002652", "last_edited_date": "2017-08-22T18:47:50Z", "geom_source": "Photogrammetric", "doitt_id": "432144", "address": "182 HESTER STREET", "bldgclass": "C7", "numfloors": 6.0, "unitsres": 20, "yearbuilt": 1910, "latitude": 40.7180898, "longitude": -73.998171, "roof_area_m2": 209.59977341938571, "pv_kw_dc": 35.631961481295569, "annual_kwh": 44112.368313843916, "avg_daily_kwh": 120.85580359957237, "psh_daily_kwh": 131.12561825116768, "canopy_area_m2": 178.15980740647785, "lon": -73.998164189095263, "lat": 40.718095657991029 }, "geometry": { "type": "Point", "coordinates": [ -73.998164189095263, 40.718095657991029 ] } },
{ "type": "Feature", "properties": { "name": null, "bbl": "1002060012", "shape_area": "315.31640625", "construction_year": "1910", "ground_elevation": "26", "mappluto_bbl": "1002060012", "objectid": "405075", "feature_code": "2100", "shape_length": "96.787035336226225", "height_roof": "62.02", "last_status_type": "Constructed", "bin": "1002650", "last_edited_date": "2017-08-22T19:15:23Z", "geom_source": "Photogrammetric", "doitt_id": "378002", "address": "190 HESTER STREET", "bldgclass": "C7", "numfloors": 6.0, "unitsres": 20, "yearbuilt": 1910, "latitude": 40.7181337, "longitude": -73.9984993, "roof_area_m2": 180.95582926422975, "pv_kw_dc": 30.762490974919061, "annual_kwh": 38083.963826949795, "avg_daily_kwh": 104.33962692315012, "psh_daily_kwh": 113.20596678770215, "canopy_area_m2": 153.81245487459529, "lon": -73.998490556018879, "lat": 40.718149727966257 }, "geometry": { "type": "Point", "coordinates": [ -73.998490556018879, 40.718149727966257 ] } },
{ "type": "Feature", "properties": { "name": null, "bbl": "1002360033", "shape_area": "581.99609375", "construction_year": "1910", "ground_elevation": "26", "mappluto_bbl": "1002360033", "objectid": "538114", "feature_code": "2100", "shape_length": "133.91748846788795", "height_roof": "65.9", "last_status_type": "Constructed", "bin": "1003085", "last_edited_date": "2017-08-22T17:31:03Z", "geom_source": "Photogrammetric", "doitt_id": "245763", "address": "197 HESTER STREET", "bldgclass": "C7", "numfloors": 6.0, "unitsres": 40, "yearbuilt": 1910, "latitude": 40.7184521, "longitude": -73.9981494, "roof_area_m2": 333.98403164556345, "pv_kw_dc": 56.777285379745791, "annual_kwh": 70290.279300125287, "avg_daily_kwh": 192.57610767157612, "psh_daily_kwh": 208.94041019746453, "canopy_area_m2": 283.88642689872893, "lon": -73.9981542103545, "lat": 40.718453063886841 }, "geometry": { "type": "Point", "coordinates": [ -73.9981542103545, 40.718453063886841 ] } },
{ "type": "Feature", "properties": { "name": null, "bbl": "1002370036", "shape_area": "224.2734375", "construction_year": "1900", "ground_elevation": "32", "mappluto_bbl": "1002370036", "objectid": "12840", "feature_code": "2100", "shape_length": "74.375706254374109", "height_roof": "62.84", "last_status_type": "Constructed", "bin": "1003098", "last_edited_date": "2017-08-22T18:53:41Z", "geom_source": "Photogrammetric", "doitt_id": "507117", "address": "191 HESTER STREET", "bldgclass": "C7", "numfloors": 6.0, "unitsres": 15, "yearbuilt": 1900, "latitude": 40.7182627, "longitude": -73.9977309, "roof_area_m2": 128.70407094526607, "pv_kw_dc": 21.879692060695234, "annual_kwh": 27087.058771140699, "avg_daily_kwh": 74.211119920933427, "psh_daily_kwh": 80.517266783358465, "canopy_area_m2": 109.39846030347616, "lon": -73.997728864777031, "lat": 40.718263537124713 }, "geometry": { "type": "Point", "coordinates": [ -73.997728864777031, 40.718263537124713 ] } },
{ "type": "Feature", "properties": { "name": null, "bbl": "1002350016", "shape_area": "351.66015625", "construction_year": "1900", "ground_elevation": "22", "mappluto_bbl": "1002350016", "objectid": "184223", "feature_code": "2100", "shape_length": "88.977081174992179", "height_roof": "67.04", "last_status_type": "Constructed", "bin": "1003066", "last_edited_date": "2017-08-22T19:20:35Z", "geom_source": "Photogrammetric", "doitt_id": "53152", "address": "150 BAXTER STREET", "bldgclass": "C7", "numfloors": 6.0, "unitsres": 20, "yearbuilt": 1900, "latitude": 40.7192536, "longitude": -73.9985029, "roof_area_m2": 201.80166538925968, "pv_kw_dc": 34.306283116174143, "annual_kwh": 42471.178497823588, "avg_daily_kwh": 116.35939314472216, "psh_daily_kwh": 126.24712186752083, "canopy_area_m2": 171.53141558087071, "lon": -73.998476784495054, "lat": 40.719248295753594 }, "geometry": { "type": "Point", "coordinates": [ -73.998476784495054, 40.719248295753594 ] } },
{ "type": "Feature", "properties": { "name": null, "bbl": "1004730044", "shape_area": "275.60546875", "construction_year": "1906", "ground_elevation": "27", "mappluto_bbl": "1004730044", "objectid": "1056532", "feature_code": "2100", "shape_length": "100.92305762951378", "height_roof": "62.94", "last_status_type": "Constructed", "bin": "1007027", "last_edited_date": "2020-01-28T17:17:15Z", "geom_source": "Photogrammetric", "doitt_id": "759215", "address": "178 LAFAYETTE STREET", "bldgclass": "C7", "numfloors": 6.0, "unitsres": 20, "yearbuilt": 1906, "latitude": 40.7206287, "longitude": -73.998943, "roof_area_m2": 158.15113950223486, "pv_kw_dc": 26.885693715379929, "annual_kwh": 33284.488819640355, "avg_daily_kwh": 91.190380327781796, "psh_daily_kwh": 98.939352872598135, "canopy_area_m2": 134.42846857689963, "lon": -73.998922287407808, "lat": 40.720634027163271 }, "geometry": { "type": "Point", "coordinates": [ -73.998922287407808, 40.720634027163271 ] } },
{ "type": "Feature", "properties": { "name": null, "bbl": "1004700038", "shape_area": "285.54296875", "construction_year": "1900", "ground_elevation": "34", "mappluto_bbl": "1004700038", "objectid": "35202", "feature_code": "2100", "shape_length": "96.302906774679712", "height_roof": "67.49", "last_status_type": "Constructed", "bin": "1006940", "last_edited_date": "2017-08-22T18:33:16Z", "geom_source": "Photogrammetric", "doitt_id": "717005", "address": "118 ELIZABETH STREET", "bldgclass": "C7", "numfloors": 6.0, "unitsres": 20, "yearbuilt": 1900, "latitude": 40.7191464, "longitude": -73.9952778, "roof_area_m2": 163.86287523563033, "pv_kw_dc": 27.856688790057156, "annual_kwh": 34486.580722090759, "avg_daily_kwh": 94.483782800248662, "psh_daily_kwh": 102.51261474741032, "canopy_area_m2": 139.28344395028577, "lon": -73.99528975432473, "lat": 40.719158196769527 }, "geometry": { "type": "Point", "coordinates": [ -73.99528975432473, 40.719158196769527 ] } },
{ "type": "Feature", "properties": { "name": null, "bbl": "1004700039", "shape_area": "303.0703125", "construction_year": "1900", "ground_elevation": "34", "mappluto_bbl": "1004700039", "objectid": "646884", "feature_code": "2100", "shape_length": "98.068239458936958", "height_roof": "67.92", "last_status_type": "Constructed", "bin": "1006941", "last_edited_date": "2017-08-22T17:29:51Z", "geom_source": "Photogrammetric", "doitt_id": "544531", "address": "120 ELIZABETH STREET", "bldgclass": "C7", "numfloors": 6.0, "unitsres": 22, "yearbuilt": 1900, "latitude": 40.7192123, "longitude": -73.9952489, "roof_area_m2": 173.91747667498933, "pv_kw_dc": 29.565971034748188, "annual_kwh": 36602.672141018258, "avg_daily_kwh": 100.28129353703632, "psh_daily_kwh": 108.80277340787332, "canopy_area_m2": 147.82985517374092, "lon": -73.995262659225673, "lat": 40.719224204425984 }, "geometry": { "type": "Point", "coordinates": [ -73.995262659225673, 40.719224204425984 ] } },
{ "type": "Feature", "properties": { "name": null, "bbl": "1004700021", "shape_area": "519.484375", "construction_year": "1921", "ground_elevation": "33", "mappluto_bbl": "1004700021", "objectid": "659560", "feature_code": "2100", "shape_length": "132.72306655940312", "height_roof": "66.85", "last_status_type": "Constructed", "bin": "1006929", "last_edited_date": "2017-08-22T17:41:35Z", "geom_source": "Photogrammetric", "doitt_id": "837111", "address": "119 ELIZABETH STREET", "bldgclass": "C7", "numfloors": 6.0, "unitsres": 35, "yearbuilt": 1921, "latitude": 40.7193413, "longitude": -73.9957359, "roof_area_m2": 298.1069898497168, "pv_kw_dc": 50.678188274451855, "annual_kwh": 62739.597083771398, "avg_daily_kwh": 171.88930707882574, "psh_daily_kwh": 186.49573284998283, "canopy_area_m2": 253.39094137225928, "lon": -73.995717840877077, "lat": 40.719344242022416 }, "geometry": { "type": "Point", "coordinates": [ -73.995717840877077, 40.719344242022416 ] } },
{ "type": "Feature", "properties": { "name": null, "bbl": "1004700042", "shape_area": "305.0546875", "construction_year": "1900", "ground_elevation": "35", "mappluto_bbl": "1004700042", "objectid": "689908", "feature_code": "2100", "shape_length": "99.96697278221373", "height_roof": "68.74", "last_status_type": "Constructed", "bin": "1006942", "last_edited_date": "2017-08-22T17:29:31Z", "geom_source": "Photogrammetric", "doitt_id": "287047", "address": "126 ELIZABETH STREET", "bldgclass": "C4", "numfloors": 6.0, "unitsres": 24, "yearbuilt": 1900, "latitude": 40.7194154, "longitude": -73.9951696, "roof_area_m2": 175.04918915401299, "pv_kw_dc": 29.758362156182212, "annual_kwh": 36840.852349353576, "avg_daily_kwh": 100.9338420530235, "psh_daily_kwh": 109.51077273475053, "canopy_area_m2": 148.79181078091105, "lon": -73.995181785432109, "lat": 40.7194256478559 }, "geometry": { "type": "Point", "coordinates": [ -73.995181785432109, 40.7194256478559 ] } },
{ "type": "Feature", "properties": { "name": null, "bbl": "1004700004", "shape_area": "250.46875", "construction_year": "1905", "ground_elevation": "32", "mappluto_bbl": "1004700004", "objectid": "993739", "feature_code": "2100", "shape_length": "96.367546752767751", "height_roof": "68.33", "last_status_type": "Constructed", "bin": "1006920", "last_edited_date": "2017-08-22T18:06:36Z", "geom_source": "Photogrammetric", "doitt_id": "294114", "address": "158 MOTT STREET", "bldgclass": "C7", "numfloors": 6.0, "unitsres": 17, "yearbuilt": 1905, "latitude": 40.7194868, "longitude": -73.9960426, "roof_area_m2": 143.7333116803479, "pv_kw_dc": 24.434662985659145, "annual_kwh": 30250.11277624602, "avg_daily_kwh": 82.877021304783611, "psh_daily_kwh": 89.919559787225651, "canopy_area_m2": 122.17331492829571, "lon": -73.996055685049868, "lat": 40.71950548107629 }, "geometry": { "type": "Point", "coordinates": [ -73.996055685049868, 40.71950548107629 ] } },
{ "type": "Feature", "properties": { "name": null, "bbl": "1004700007", "shape_area": "262.32421875", "construction_year": "1900", "ground_elevation": "32", "mappluto_bbl": "1004700007", "objectid": "997994", "feature_code": "2100", "shape_length": "87.748862381429475", "height_roof": "71.23", "last_status_type": "Constructed", "bin": "1006923", "last_edited_date": "2017-08-22T17:26:53Z", "geom_source": "Photogrammetric", "doitt_id": "254942", "address": "164 MOTT STREET", "bldgclass": "C7", "numfloors": 6.0, "unitsres": 20, "yearbuilt": 1900, "latitude": 40.7196844, "longitude": -73.9959632, "roof_area_m2": 150.53282639734064, "pv_kw_dc": 25.590580487547911, "annual_kwh": 31681.138643584312, "avg_daily_kwh": 86.797640119409081, "psh_daily_kwh": 94.173336194176315, "canopy_area_m2": 127.95290243773954, "lon": -73.995985330815913, "lat": 40.719692740228176 }, "geometry": { "type": "Point", "coordinates": [ -73.995985330815913, 40.719692740228176 ] } },
{ "type": "Feature", "properties": { "name": null, "bbl": "1004710021", "shape_area": "277.421875", "construction_year": "1900", "ground_elevation": "29", "mappluto_bbl": "1004710021", "objectid": "5244", "feature_code": "2100", "shape_length": "91.083937336926382", "height_roof": "68.2", "last_status_type": "Constructed", "bin": "1006969", "last_edited_date": "2017-08-22T17:35:34Z", "geom_source": "Photogrammetric", "doitt_id": "43205", "address": "163 MULBERRY STREET", "bldgclass": "C7", "numfloors": 6.0, "unitsres": 17, "yearbuilt": 1900, "latitude": 40.7197943, "longitude": -73.9974026, "roof_area_m2": 159.1943459869193, "pv_kw_dc": 27.063038817776285, "annual_kwh": 33504.042056407037, "avg_daily_kwh": 91.791896044950789, "psh_daily_kwh": 99.591982849416723, "canopy_area_m2": 135.31519408888141, "lon": -73.997373929569207, "lat": 40.719785306201416 }, "geometry": { "type": "Point", "coordinates": [ -73.997373929569207, 40.719785306201416 ] } },
{ "type": "Feature", "properties": { "name": null, "bbl": "1004710020", "shape_area": "282.5390625", "construction_year": "1920", "ground_elevation": "30", "mappluto_bbl": "1004710020", "objectid": "568289", "feature_code": "2100", "shape_length": "92.8851448545112", "height_roof": "67.2", "last_status_type": "Constructed", "bin": "1006968", "last_edited_date": "2017-08-22T18:12:01Z", "geom_source": "Photogrammetric", "doitt_id": "402079", "address": "165 MULBERRY STREET", "bldgclass": "C7", "numfloors": 6.0, "unitsres": 15, "yearbuilt": 1920, "latitude": 40.7198601, "longitude": -73.9973773, "roof_area_m2": 162.1341482885627, "pv_kw_dc": 27.562805209055661, "annual_kwh": 34122.752848810909, "avg_daily_kwh": 93.486994106331252, "psh_daily_kwh": 101.43112316932483, "canopy_area_m2": 137.8140260452783, "lon": -73.99733965133494, "lat": 40.719862454293008 }, "geometry": { "type": "Point", "coordinates": [ -73.99733965133494, 40.719862454293008 ] } },
{ "type": "Feature", "properties": { "name": null, "bbl": "1004710018", "shape_area": "268.69140625", "construction_year": "1914", "ground_elevation": "30", "mappluto_bbl": "1004710018", "objectid": "832388", "feature_code": "2100", "shape_length": "88.517214080950637", "height_roof": "62.91", "last_status_type": "Constructed", "bin": "1006966", "last_edited_date": "2017-08-22T19:09:33Z", "geom_source": "Photogrammetric", "doitt_id": "748548", "address": "169 MULBERRY STREET", "bldgclass": "C7", "numfloors": 6.0, "unitsres": 11, "yearbuilt": 1914, "latitude": 40.7199919, "longitude": -73.9973196, "roof_area_m2": 154.18806537841846, "pv_kw_dc": 26.211971114331135, "annual_kwh": 32450.420239541945, "avg_daily_kwh": 88.905260930251899, "psh_daily_kwh": 96.46005370073857, "canopy_area_m2": 131.05985557165567, "lon": -73.997290557351263, "lat": 40.719980941517093 }, "geometry": { "type": "Point", "coordinates": [ -73.997290557351263, 40.719980941517093 ] } },
{ "type": "Feature", "properties": { "name": null, "bbl": "1004790035", "shape_area": "512.79296875", "construction_year": "1900", "ground_elevation": "37", "mappluto_bbl": "1004790035", "objectid": "692347", "feature_code": "2100", "shape_length": "125.98737102594454", "height_roof": "65.29", "last_status_type": "Constructed", "bin": "1007171", "last_edited_date": "2017-08-22T18:27:02Z", "geom_source": "Photogrammetric", "doitt_id": "458011", "address": "358 BROOME STREET", "bldgclass": "C7", "numfloors": 6.0, "unitsres": 34, "yearbuilt": 1900, "latitude": 40.7201757, "longitude": -73.9954292, "roof_area_m2": 294.25929804956456, "pv_kw_dc": 50.024080668425974, "annual_kwh": 61929.811867511358, "avg_daily_kwh": 169.67071744523659, "psh_daily_kwh": 184.08861685980759, "canopy_area_m2": 250.12040334212986, "lon": -73.995425873646951, "lat": 40.720164498568714 }, "geometry": { "type": "Point", "coordinates": [ -73.995425873646951, 40.720164498568714 ] } },
{ "type": "Feature", "properties": { "name": null, "bbl": "1004700009", "shape_area": "291.94140625", "construction_year": "1900", "ground_elevation": "34", "mappluto_bbl": "1004700009", "objectid": "908540", "feature_code": "2100", "shape_length": "98.617813646926976", "height_roof": "68.07", "last_status_type": "Constructed", "bin": "1006924", "last_edited_date": "2017-08-22T17:40:01Z", "geom_source": "Photogrammetric", "doitt_id": "52779", "address": "365 BROOME STREET", "bldgclass": "C7", "numfloors": 6.0, "unitsres": 46, "yearbuilt": 1900, "latitude": 40.7198738, "longitude": -73.9959307, "roof_area_m2": 553.24841890953189, "pv_kw_dc": 94.05223121462042, "annual_kwh": 116436.66224370008, "avg_daily_kwh": 319.00455409232899, "psh_daily_kwh": 346.11221086980316, "canopy_area_m2": 470.26115607310209, "lon": -73.995833562039351, "lat": 40.71986582323229 }, "geometry": { "type": "Point", "coordinates": [ -73.995833562039351, 40.71986582323229 ] } },
{ "type": "Feature", "properties": { "name": null, "bbl": "1004700009", "shape_area": "291.94140625", "construction_year": "1900", "ground_elevation": "34", "mappluto_bbl": "1004700009", "objectid": "908540", "feature_code": "2100", "shape_length": "98.617813646926976", "height_roof": "68.07", "last_status_type": "Constructed", "bin": "1006924", "last_edited_date": "2017-08-22T17:40:01Z", "geom_source": "Photogrammetric", "doitt_id": "52779", "address": "365 BROOME STREET", "bldgclass": "C7", "numfloors": 6.0, "unitsres": 46, "yearbuilt": 1900, "latitude": 40.7198738, "longitude": -73.9959307, "roof_area_m2": 553.24841890953189, "pv_kw_dc": 94.05223121462042, "annual_kwh": 116436.66224370008, "avg_daily_kwh": 319.00455409232899, "psh_daily_kwh": 346.11221086980316, "canopy_area_m2": 470.26115607310209, "lon": -73.995833562039351, "lat": 40.71986582323229 }, "geometry": { "type": "Point", "coordinates": [ -73.995833562039351, 40.71986582323229 ] } },
{ "type": "Feature", "properties": { "name": null, "bbl": "1004700009", "shape_area": "672.18359375", "construction_year": "1900", "ground_elevation": "35", "mappluto_bbl": "1004700009", "objectid": "345808", "feature_code": "2100", "shape_length": "131.49801076263412", "height_roof": "67.28", "last_status_type": "Constructed", "bin": "1084908", "last_edited_date": "2017-08-22T19:36:43Z", "geom_source": "Photogrammetric", "doitt_id": "562089", "address": "365 BROOME STREET", "bldgclass": "C7", "numfloors": 6.0, "unitsres": 46, "yearbuilt": 1900, "latitude": 40.7198738, "longitude": -73.9959307, "roof_area_m2": 553.24841890953189, "pv_kw_dc": 94.05223121462042, "annual_kwh": 116436.66224370008, "avg_daily_kwh": 319.00455409232899, "psh_daily_kwh": 346.11221086980316, "canopy_area_m2": 470.26115607310209, "lon": -73.995976137051571, "lat": 40.719892466126289 }, "geometry": { "type": "Point", "coordinates": [ -73.995976137051571, 40.719892466126289 ] } },
{ "type": "Feature", "properties": { "name": null, "bbl": "1004700009", "shape_area": "672.18359375", "construction_year": "1900", "ground_elevation": "35", "mappluto_bbl": "1004700009", "objectid": "345808", "feature_code": "2100", "shape_length": "131.49801076263412", "height_roof": "67.28", "last_status_type": "Constructed", "bin": "1084908", "last_edited_date": "2017-08-22T19:36:43Z", "geom_source": "Photogrammetric", "doitt_id": "562089", "address": "365 BROOME STREET", "bldgclass": "C7", "numfloors": 6.0, "unitsres": 46, "yearbuilt": 1900, "latitude": 40.7198738, "longitude": -73.9959307, "roof_area_m2": 553.24841890953189, "pv_kw_dc": 94.05223121462042, "annual_kwh": 116436.66224370008, "avg_daily_kwh": 319.00455409232899, "psh_daily_kwh": 346.11221086980316, "canopy_area_m2": 470.26115607310209, "lon": -73.995976137051571, "lat": 40.719892466126289 }, "geometry": { "type": "Point", "coordinates": [ -73.995976137051571, 40.719892466126289 ] } },
{ "type": "Feature", "properties": { "name": null, "bbl": "1004710044", "shape_area": "214.609375", "construction_year": "1900", "ground_elevation": "32", "mappluto_bbl": "1004710044", "objectid": "363288", "feature_code": "2100", "shape_length": "65.166499954210678", "height_roof": "68.35", "last_status_type": "Constructed", "bin": "1006986", "last_edited_date": "2017-08-22T19:16:31Z", "geom_source": "Photogrammetric", "doitt_id": "47719", "address": "171 MOTT STREET", "bldgclass": "C7", "numfloors": 6.0, "unitsres": 10, "yearbuilt": 1900, "latitude": 40.7199123, "longitude": -73.9963203, "roof_area_m2": 123.15108286949432, "pv_kw_dc": 20.935684087814035, "annual_kwh": 25918.376900713774, "avg_daily_kwh": 71.009251782777469, "psh_daily_kwh": 77.043317443155658, "canopy_area_m2": 104.67842043907017, "lon": -73.996295487946654, "lat": 40.719904671883732 }, "geometry": { "type": "Point", "coordinates": [ -73.996295487946654, 40.719904671883732 ] } },
{ "type": "Feature", "properties": { "name": null, "bbl": "1004710043", "shape_area": "473.7578125", "construction_year": "1900", "ground_elevation": "35", "mappluto_bbl": "1004710043", "objectid": "340773", "feature_code": "2100", "shape_length": "103.22089418645159", "height_roof": "65.66", "last_status_type": "Constructed", "bin": "1006985", "last_edited_date": "2017-08-22T19:17:12Z", "geom_source": "Photogrammetric", "doitt_id": "130045", "address": "373 BROOME STREET", "bldgclass": "C7", "numfloors": 6.0, "unitsres": 30, "yearbuilt": 1900, "latitude": 40.720066, "longitude": -73.996259, "roof_area_m2": 271.86062755041019, "pv_kw_dc": 46.216306683569734, "annual_kwh": 57215.787674259329, "avg_daily_kwh": 156.75558266920365, "psh_daily_kwh": 170.07600859553662, "canopy_area_m2": 231.08153341784865, "lon": -73.996253200910445, "lat": 40.720070890743301 }, "geometry": { "type": "Point", "coordinates": [ -73.996253200910445, 40.720070890743301 ] } },
{ "type": "Feature", "properties": { "name": null, "bbl": "1004710017", "shape_area": "347.8671875", "construction_year": "1900", "ground_elevation": "30", "mappluto_bbl": "1004710017", "objectid": "945657", "feature_code": "2100", "shape_length": "88.090688828203525", "height_roof": "56.11", "last_status_type": "Constructed", "bin": "1006965", "last_edited_date": "2017-08-22T19:03:12Z", "geom_source": "Photogrammetric", "doitt_id": "500650", "address": "171 MULBERRY STREET", "bldgclass": "C7", "numfloors": 6.0, "unitsres": 10, "yearbuilt": 1900, "latitude": 40.7200578, "longitude": -73.9972943, "roof_area_m2": 199.61705800862293, "pv_kw_dc": 33.934899861465901, "annual_kwh": 42011.406028494785, "avg_daily_kwh": 115.09974254382132, "psh_daily_kwh": 124.8804314901945, "canopy_area_m2": 169.67449930732948, "lon": -73.997268436171055, "lat": 40.720057066689584 }, "geometry": { "type": "Point", "coordinates": [ -73.997268436171055, 40.720057066689584 ] } },
{ "type": "Feature", "properties": { "name": null, "bbl": "1004800041", "shape_area": "358.75390625", "construction_year": "1900", "ground_elevation": "35", "mappluto_bbl": "1004800041", "objectid": "337213", "feature_code": "2100", "shape_length": "115.80404983326346", "height_roof": "68.5", "last_status_type": "Constructed", "bin": "1077734", "last_edited_date": "2017-08-22T18:18:42Z", "geom_source": "Photogrammetric", "doitt_id": "35848", "address": "384 BROOME STREET", "bldgclass": "C7", "numfloors": 6.0, "unitsres": 40, "yearbuilt": 1900, "latitude": 40.7205957, "longitude": -73.9964682, "roof_area_m2": 397.86272460485168, "pv_kw_dc": 67.63666318282479, "annual_kwh": 83734.189020337086, "avg_daily_kwh": 229.40873704201942, "psh_daily_kwh": 248.90292051279522, "canopy_area_m2": 338.18331591412391, "lon": -73.996414422031663, "lat": 40.720571542789557 }, "geometry": { "type": "Point", "coordinates": [ -73.996414422031663, 40.720571542789557 ] } },
{ "type": "Feature", "properties": { "name": null, "bbl": "1004800041", "shape_area": "358.75390625", "construction_year": "1900", "ground_elevation": "35", "mappluto_bbl": "1004800041", "objectid": "337213", "feature_code": "2100", "shape_length": "115.80404983326346", "height_roof": "68.5", "last_status_type": "Constructed", "bin": "1077734", "last_edited_date": "2017-08-22T18:18:42Z", "geom_source": "Photogrammetric", "doitt_id": "35848", "address": "384 BROOME STREET", "bldgclass": "C7", "numfloors": 6.0, "unitsres": 40, "yearbuilt": 1900, "latitude": 40.7205957, "longitude": -73.9964682, "roof_area_m2": 397.86272460485168, "pv_kw_dc": 67.63666318282479, "annual_kwh": 83734.189020337086, "avg_daily_kwh": 229.40873704201942, "psh_daily_kwh": 248.90292051279522, "canopy_area_m2": 338.18331591412391, "lon": -73.996414422031663, "lat": 40.720571542789557 }, "geometry": { "type": "Point", "coordinates": [ -73.996414422031663, 40.720571542789557 ] } },
{ "type": "Feature", "properties": { "name": null, "bbl": "1004800041", "shape_area": "334.59375", "construction_year": "1900", "ground_elevation": "35", "mappluto_bbl": "1004800041", "objectid": "926193", "feature_code": "2100", "shape_length": "109.50019387647652", "height_roof": "67.78", "last_status_type": "Constructed", "bin": "1077744", "last_edited_date": "2017-08-22T18:25:00Z", "geom_source": "Photogrammetric", "doitt_id": "63883", "address": "384 BROOME STREET", "bldgclass": "C7", "numfloors": 6.0, "unitsres": 40, "yearbuilt": 1900, "latitude": 40.7205957, "longitude": -73.9964682, "roof_area_m2": 397.86272460485168, "pv_kw_dc": 67.63666318282479, "annual_kwh": 83734.189020337086, "avg_daily_kwh": 229.40873704201942, "psh_daily_kwh": 248.90292051279522, "canopy_area_m2": 338.18331591412391, "lon": -73.996533459885256, "lat": 40.720610002318843 }, "geometry": { "type": "Point", "coordinates": [ -73.996533459885256, 40.720610002318843 ] } },
{ "type": "Feature", "properties": { "name": null, "bbl": "1004800041", "shape_area": "334.59375", "construction_year": "1900", "ground_elevation": "35", "mappluto_bbl": "1004800041", "objectid": "926193", "feature_code": "2100", "shape_length": "109.50019387647652", "height_roof": "67.78", "last_status_type": "Constructed", "bin": "1077744", "last_edited_date": "2017-08-22T18:25:00Z", "geom_source": "Photogrammetric", "doitt_id": "63883", "address": "384 BROOME STREET", "bldgclass": "C7", "numfloors": 6.0, "unitsres": 40, "yearbuilt": 1900, "latitude": 40.7205957, "longitude": -73.9964682, "roof_area_m2": 397.86272460485168, "pv_kw_dc": 67.63666318282479, "annual_kwh": 83734.189020337086, "avg_daily_kwh": 229.40873704201942, "psh_daily_kwh": 248.90292051279522, "canopy_area_m2": 338.18331591412391, "lon": -73.996533459885256, "lat": 40.720610002318843 }, "geometry": { "type": "Point", "coordinates": [ -73.996533459885256, 40.720610002318843 ] } },
{ "type": "Feature", "properties": { "name": null, "bbl": "1004790031", "shape_area": "523.55078125", "construction_year": "1900", "ground_elevation": "38", "mappluto_bbl": "1004790031", "objectid": "364930", "feature_code": "2100", "shape_length": "123.46301951330541", "height_roof": "67.82", "last_status_type": "Constructed", "bin": "1007168", "last_edited_date": "2017-08-22T17:35:02Z", "geom_source": "Photogrammetric", "doitt_id": "424024", "address": "149 ELIZABETH STREET", "bldgclass": "C7", "numfloors": 6.0, "unitsres": 39, "yearbuilt": 1900, "latitude": 40.7204282, "longitude": -73.9953138, "roof_area_m2": 300.43023919951429, "pv_kw_dc": 51.073140663917428, "annual_kwh": 63228.548141929779, "avg_daily_kwh": 173.22889901898569, "psh_daily_kwh": 187.94915764321615, "canopy_area_m2": 255.36570331958714, "lon": -73.995290235369282, "lat": 40.720430878048489 }, "geometry": { "type": "Point", "coordinates": [ -73.995290235369282, 40.720430878048489 ] } },
{ "type": "Feature", "properties": { "name": null, "bbl": "1004790003", "shape_area": "539.5390625", "construction_year": "1900", "ground_elevation": "38", "mappluto_bbl": "1004790003", "objectid": "449144", "feature_code": "2100", "shape_length": "118.95099280228408", "height_roof": "66.93", "last_status_type": "Constructed", "bin": "1007157", "last_edited_date": "2017-08-22T17:46:03Z", "geom_source": "Photogrammetric", "doitt_id": "266357", "address": "184 MOTT STREET", "bldgclass": "C7", "numfloors": 6.0, "unitsres": 30, "yearbuilt": 1900, "latitude": 40.7206616, "longitude": -73.9955915, "roof_area_m2": 309.60024599264017, "pv_kw_dc": 52.632041818748831, "annual_kwh": 65158.467771611053, "avg_daily_kwh": 178.51635005920838, "psh_daily_kwh": 193.6859138929957, "canopy_area_m2": 263.16020909374413, "lon": -73.995581851468231, "lat": 40.720667098862769 }, "geometry": { "type": "Point", "coordinates": [ -73.995581851468231, 40.720667098862769 ] } },
{ "type": "Feature", "properties": { "name": null, "bbl": "1004790005", "shape_area": "557.03515625", "construction_year": "1900", "ground_elevation": "40", "mappluto_bbl": "1004790005", "objectid": "297012", "feature_code": "2100", "shape_length": "118.36271442077258", "height_roof": "66.64", "last_status_type": "Constructed", "bin": "1007158", "last_edited_date": "2017-08-22T18:36:59Z", "geom_source": "Photogrammetric", "doitt_id": "532057", "address": "192 MOTT STREET", "bldgclass": "C7", "numfloors": 6.0, "unitsres": 30, "yearbuilt": 1900, "latitude": 40.7209662, "longitude": -73.9954508, "roof_area_m2": 319.63419798026558, "pv_kw_dc": 54.337813656645153, "annual_kwh": 67270.2133069267, "avg_daily_kwh": 184.30195426555261, "psh_daily_kwh": 199.96315425645415, "canopy_area_m2": 271.68906828322577, "lon": -73.995441943567002, "lat": 40.72096920786452 }, "geometry": { "type": "Point", "coordinates": [ -73.995441943567002, 40.72096920786452 ] } },
{ "type": "Feature", "properties": { "name": null, "bbl": "1004810035", "shape_area": "456.140625", "construction_year": "1900", "ground_elevation": "32", "mappluto_bbl": "1004810035", "objectid": "28252", "feature_code": "2100", "shape_length": "104.09362979059274", "height_roof": "69.98", "last_status_type": "Constructed", "bin": "1007204", "last_edited_date": "2017-08-22T18:15:46Z", "geom_source": "Photogrammetric", "doitt_id": "775114", "address": "390 BROOME STREET", "bldgclass": "C7", "numfloors": 6.0, "unitsres": 30, "yearbuilt": 1900, "latitude": 40.7207412, "longitude": -73.9969624, "roof_area_m2": 261.74811829807481, "pv_kw_dc": 44.497180110672723, "annual_kwh": 55087.508977012832, "avg_daily_kwh": 150.92468212880229, "psh_daily_kwh": 163.74962280727561, "canopy_area_m2": 222.48590055336359, "lon": -73.996949130832817, "lat": 40.720740705718583 }, "geometry": { "type": "Point", "coordinates": [ -73.996949130832817, 40.720740705718583 ] } },
{ "type": "Feature", "properties": { "name": null, "bbl": "1004810039", "shape_area": "273.71484375", "construction_year": "1900", "ground_elevation": "33", "mappluto_bbl": "1004810039", "objectid": "733661", "feature_code": "2100", "shape_length": "90.07823513594694", "height_roof": "66.15", "last_status_type": "Constructed", "bin": "1007205", "last_edited_date": "2017-08-22T17:44:48Z", "geom_source": "Photogrammetric", "doitt_id": "477732", "address": "396 BROOME STREET", "bldgclass": "C7", "numfloors": 6.0, "unitsres": 16, "yearbuilt": 1900, "latitude": 40.7209004, "longitude": -73.9971031, "roof_area_m2": 157.06206666704969, "pv_kw_dc": 26.700551333398451, "annual_kwh": 33055.282550747281, "avg_daily_kwh": 90.562417947252825, "psh_daily_kwh": 98.258028906906304, "canopy_area_m2": 133.50275666699224, "lon": -73.997128877483107, "lat": 40.720859191900821 }, "geometry": { "type": "Point", "coordinates": [ -73.997128877483107, 40.720859191900821 ] } },
{ "type": "Feature", "properties": { "name": null, "bbl": "1004810033", "shape_area": "311.8671875", "construction_year": "1920", "ground_elevation": "34", "mappluto_bbl": "1004810033", "objectid": "387420", "feature_code": "2100", "shape_length": "82.6160007034561", "height_roof": "67.64", "last_status_type": "Constructed", "bin": "1082480", "last_edited_date": "2017-08-22T18:01:29Z", "geom_source": "Photogrammetric", "doitt_id": "319228", "address": "183 MULBERRY STREET", "bldgclass": "C7", "numfloors": 6.0, "unitsres": 43, "yearbuilt": 1920, "latitude": 40.7209224, "longitude": -73.9968975, "roof_area_m2": 357.30749943115137, "pv_kw_dc": 60.742274903295737, "annual_kwh": 75198.936330280121, "avg_daily_kwh": 206.02448309665786, "psh_daily_kwh": 223.53157164412829, "canopy_area_m2": 303.71137451647866, "lon": -73.996893857487166, "lat": 40.720870002569193 }, "geometry": { "type": "Point", "coordinates": [ -73.996893857487166, 40.720870002569193 ] } },
{ "type": "Feature", "properties": { "name": null, "bbl": "1004810033", "shape_area": "311.8671875", "construction_year": "1920", "ground_elevation": "34", "mappluto_bbl": "1004810033", "objectid": "387420", "feature_code": "2100", "shape_length": "82.6160007034561", "height_roof": "67.64", "last_status_type": "Constructed", "bin": "1082480", "last_edited_date": "2017-08-22T18:01:29Z", "geom_source": "Photogrammetric", "doitt_id": "319228", "address": "183 MULBERRY STREET", "bldgclass": "C7", "numfloors": 6.0, "unitsres": 43, "yearbuilt": 1920, "latitude": 40.7209224, "longitude": -73.9968975, "roof_area_m2": 357.30749943115137, "pv_kw_dc": 60.742274903295737, "annual_kwh": 75198.936330280121, "avg_daily_kwh": 206.02448309665786, "psh_daily_kwh": 223.53157164412829, "canopy_area_m2": 303.71137451647866, "lon": -73.996893857487166, "lat": 40.720870002569193 }, "geometry": { "type": "Point", "coordinates": [ -73.996893857487166, 40.720870002569193 ] } },
{ "type": "Feature", "properties": { "name": null, "bbl": "1004810033", "shape_area": "310.8046875", "construction_year": "1920", "ground_elevation": "35", "mappluto_bbl": "1004810033", "objectid": "619054", "feature_code": "2100", "shape_length": "83.030073412089408", "height_roof": "65.75", "last_status_type": "Constructed", "bin": "1077746", "last_edited_date": "2017-08-22T17:30:02Z", "geom_source": "Photogrammetric", "doitt_id": "37983", "address": "183 MULBERRY STREET", "bldgclass": "C7", "numfloors": 6.0, "unitsres": 43, "yearbuilt": 1920, "latitude": 40.7209224, "longitude": -73.9968975, "roof_area_m2": 357.30749943115137, "pv_kw_dc": 60.742274903295737, "annual_kwh": 75198.936330280121, "avg_daily_kwh": 206.02448309665786, "psh_daily_kwh": 223.53157164412829, "canopy_area_m2": 303.71137451647866, "lon": -73.996851303900755, "lat": 40.720977393988207 }, "geometry": { "type": "Point", "coordinates": [ -73.996851303900755, 40.720977393988207 ] } },
{ "type": "Feature", "properties": { "name": null, "bbl": "1004810033", "shape_area": "310.8046875", "construction_year": "1920", "ground_elevation": "35", "mappluto_bbl": "1004810033", "objectid": "619054", "feature_code": "2100", "shape_length": "83.030073412089408", "height_roof": "65.75", "last_status_type": "Constructed", "bin": "1077746", "last_edited_date": "2017-08-22T17:30:02Z", "geom_source": "Photogrammetric", "doitt_id": "37983", "address": "183 MULBERRY STREET", "bldgclass": "C7", "numfloors": 6.0, "unitsres": 43, "yearbuilt": 1920, "latitude": 40.7209224, "longitude": -73.9968975, "roof_area_m2": 357.30749943115137, "pv_kw_dc": 60.742274903295737, "annual_kwh": 75198.936330280121, "avg_daily_kwh": 206.02448309665786, "psh_daily_kwh": 223.53157164412829, "canopy_area_m2": 303.71137451647866, "lon": -73.996851303900755, "lat": 40.720977393988207 }, "geometry": { "type": "Point", "coordinates": [ -73.996851303900755, 40.720977393988207 ] } },
{ "type": "Feature", "properties": { "name": null, "bbl": "1004810032", "shape_area": "590.40625", "construction_year": "1900", "ground_elevation": "35", "mappluto_bbl": "1004810032", "objectid": "783534", "feature_code": "2100", "shape_length": "131.19751946779314", "height_roof": "64.48", "last_status_type": "Constructed", "bin": "1007203", "last_edited_date": "2017-08-22T18:13:28Z", "geom_source": "Photogrammetric", "doitt_id": "711665", "address": "86 KENMARE STREET", "bldgclass": "C7", "numfloors": 6.0, "unitsres": 30, "yearbuilt": 1900, "latitude": 40.721098, "longitude": -73.9968866, "roof_area_m2": 338.78584024894542, "pv_kw_dc": 57.593592842320724, "annual_kwh": 71300.867938793061, "avg_daily_kwh": 195.3448436679262, "psh_daily_kwh": 211.94442165974024, "canopy_area_m2": 287.9679642116036, "lon": -73.996893034946424, "lat": 40.721109072468913 }, "geometry": { "type": "Point", "coordinates": [ -73.996893034946424, 40.721109072468913 ] } },
{ "type": "Feature", "properties": { "name": null, "bbl": "1004810028", "shape_area": "678.99609375", "construction_year": "1900", "ground_elevation": "36", "mappluto_bbl": "1004810028", "objectid": "149384", "feature_code": "2100", "shape_length": "132.6122822729377", "height_roof": "64.24", "last_status_type": "Constructed", "bin": "1007202", "last_edited_date": "2017-08-22T17:50:35Z", "geom_source": "Photogrammetric", "doitt_id": "488695", "address": "195 MULBERRY STREET", "bldgclass": "C7", "numfloors": 6.0, "unitsres": 40, "yearbuilt": 1900, "latitude": 40.7214219, "longitude": -73.9967423, "roof_area_m2": 389.61144930234667, "pv_kw_dc": 66.233946381398937, "annual_kwh": 81997.625620171879, "avg_daily_kwh": 224.6510290963613, "psh_daily_kwh": 243.74092268354809, "canopy_area_m2": 331.16973190699468, "lon": -73.996726717565167, "lat": 40.721422017943503 }, "geometry": { "type": "Point", "coordinates": [ -73.996726717565167, 40.721422017943503 ] } },
{ "type": "Feature", "properties": { "name": null, "bbl": "1003410075", "shape_area": "768.67578125", "construction_year": "1910", "ground_elevation": "27", "mappluto_bbl": "1003410075", "objectid": "650533", "feature_code": "2100", "shape_length": "137.33002596251666", "height_roof": "66.42", "last_status_type": "Constructed", "bin": "1004077", "last_edited_date": "2017-08-22T19:29:01Z", "geom_source": "Photogrammetric", "doitt_id": "333561", "address": "157 BROOME STREET", "bldgclass": "C6", "numfloors": 6.0, "unitsres": 28, "yearbuilt": 1910, "latitude": 40.7164063, "longitude": -73.9853289, "roof_area_m2": 441.14124411406362, "pv_kw_dc": 74.994011499390822, "annual_kwh": 92842.586236245843, "avg_daily_kwh": 254.36324996231738, "psh_daily_kwh": 275.97796231775823, "canopy_area_m2": 374.9700574969541, "lon": -73.985294651477204, "lat": 40.7164113002382 }, "geometry": { "type": "Point", "coordinates": [ -73.985294651477204, 40.7164113002382 ] } },
{ "type": "Feature", "properties": { "name": null, "bbl": "1003480032", "shape_area": "339.9140625", "construction_year": "1920", "ground_elevation": "28", "mappluto_bbl": "1003480032", "objectid": "148867", "feature_code": "2100", "shape_length": "105.92619107677308", "height_roof": "60.79", "last_status_type": "Constructed", "bin": "1004188", "last_edited_date": "2017-08-22T19:21:25Z", "geom_source": "Photogrammetric", "doitt_id": "235845", "address": "107 CLINTON STREET", "bldgclass": "C7", "numfloors": 6.0, "unitsres": 20, "yearbuilt": 1920, "latitude": 40.7181658, "longitude": -73.9858552, "roof_area_m2": 195.06820652539295, "pv_kw_dc": 33.161595109316799, "annual_kwh": 41054.054745334201, "avg_daily_kwh": 112.47686231598411, "psh_daily_kwh": 122.03467000228582, "canopy_area_m2": 165.807975546584, "lon": -73.985833721070406, "lat": 40.718167806217522 }, "geometry": { "type": "Point", "coordinates": [ -73.985833721070406, 40.718167806217522 ] } },
{ "type": "Feature", "properties": { "name": null, "bbl": "1003480031", "shape_area": "339.9140625", "construction_year": "1920", "ground_elevation": "28", "mappluto_bbl": "1003480031", "objectid": "767766", "feature_code": "2100", "shape_length": "105.92660243463048", "height_roof": "61.12", "last_status_type": "Constructed", "bin": "1004187", "last_edited_date": "2017-08-22T17:32:04Z", "geom_source": "Photogrammetric", "doitt_id": "574355", "address": "105 CLINTON STREET", "bldgclass": "C7", "numfloors": 6.0, "unitsres": 20, "yearbuilt": 1920, "latitude": 40.7182289, "longitude": -73.9858228, "roof_area_m2": 195.06751085081009, "pv_kw_dc": 33.161476844637711, "annual_kwh": 41053.908333661486, "avg_daily_kwh": 112.47646118811366, "psh_daily_kwh": 122.03423478826676, "canopy_area_m2": 165.80738422318856, "lon": -73.985800407339184, "lat": 40.7182313985573 }, "geometry": { "type": "Point", "coordinates": [ -73.985800407339184, 40.7182313985573 ] } },
{ "type": "Feature", "properties": { "name": null, "bbl": "1003480073", "shape_area": "316.65234375", "construction_year": "1920", "ground_elevation": "25", "mappluto_bbl": "1003480073", "objectid": "694598", "feature_code": "2100", "shape_length": "99.9753412696189", "height_roof": "64.12", "last_status_type": "Constructed", "bin": "1004212", "last_edited_date": "2017-08-22T18:44:46Z", "geom_source": "Photogrammetric", "doitt_id": "290905", "address": "172 DELANCEY STREET", "bldgclass": "C6", "numfloors": 6.0, "unitsres": 12, "yearbuilt": 1920, "latitude": 40.7179736, "longitude": -73.9851158, "roof_area_m2": 181.71895390225575, "pv_kw_dc": 30.892222163383476, "annual_kwh": 38244.571038268747, "avg_daily_kwh": 104.77964668018835, "psh_daily_kwh": 113.68337756125118, "canopy_area_m2": 154.46111081691737, "lon": -73.985120790149352, "lat": 40.717969555990578 }, "geometry": { "type": "Point", "coordinates": [ -73.985120790149352, 40.717969555990578 ] } },
{ "type": "Feature", "properties": { "name": null, "bbl": "1003480074", "shape_area": "301.68359375", "construction_year": "1920", "ground_elevation": "26", "mappluto_bbl": "1003480074", "objectid": "4502", "feature_code": "2100", "shape_length": "97.5961378662577", "height_roof": "62.94", "last_status_type": "Constructed", "bin": "1004213", "last_edited_date": "2017-08-22T18:55:27Z", "geom_source": "Photogrammetric", "doitt_id": "744724", "address": "170 DELANCEY STREET", "bldgclass": "C7", "numfloors": 6.0, "unitsres": 22, "yearbuilt": 1920, "latitude": 40.7179983, "longitude": -73.9851987, "roof_area_m2": 173.1256492848884, "pv_kw_dc": 29.431360378431027, "annual_kwh": 36436.024148497614, "avg_daily_kwh": 99.824723694514006, "psh_daily_kwh": 108.30740619262617, "canopy_area_m2": 147.15680189215513, "lon": -73.985204172401026, "lat": 40.717994629963769 }, "geometry": { "type": "Point", "coordinates": [ -73.985204172401026, 40.717994629963769 ] } },
{ "type": "Feature", "properties": { "name": null, "bbl": "1003480076", "shape_area": "248.3359375", "construction_year": "1900", "ground_elevation": "27", "mappluto_bbl": "1003480076", "objectid": "227761", "feature_code": "2100", "shape_length": "67.790171521053779", "height_roof": "65.14", "last_status_type": "Constructed", "bin": "1004215", "last_edited_date": "2017-08-22T18:20:50Z", "geom_source": "Photogrammetric", "doitt_id": "845061", "address": "168 1/2 DELANCEY STREET", "bldgclass": "C7", "numfloors": 6.0, "unitsres": 7, "yearbuilt": 1900, "latitude": 40.7179956, "longitude": -73.9853935, "roof_area_m2": 142.51357197901396, "pv_kw_dc": 24.227307236432374, "annual_kwh": 29993.40635870328, "avg_daily_kwh": 82.173716051241868, "psh_daily_kwh": 89.156490630071133, "canopy_area_m2": 121.13653618216186, "lon": -73.985393046274794, "lat": 40.718005661852096 }, "geometry": { "type": "Point", "coordinates": [ -73.985393046274794, 40.718005661852096 ] } },
{ "type": "Feature", "properties": { "name": null, "bbl": "1003480053", "shape_area": "426.6796875", "construction_year": "1920", "ground_elevation": "24", "mappluto_bbl": "1003480053", "objectid": "39268", "feature_code": "2100", "shape_length": "110.81582529286835", "height_roof": "67.7", "last_status_type": "Constructed", "bin": "1004204", "last_edited_date": "2017-08-22T18:32:46Z", "geom_source": "Photogrammetric", "doitt_id": "725278", "address": "173 RIVINGTON STREET", "bldgclass": "C6", "numfloors": 6.0, "unitsres": 26, "yearbuilt": 1920, "latitude": 40.7187695, "longitude": -73.9847188, "roof_area_m2": 244.85697602918054, "pv_kw_dc": 41.625685924960692, "annual_kwh": 51532.599175101335, "avg_daily_kwh": 141.1852032194557, "psh_daily_kwh": 153.18252420385534, "canopy_area_m2": 208.12842962480346, "lon": -73.984705738514663, "lat": 40.718789875401036 }, "geometry": { "type": "Point", "coordinates": [ -73.984705738514663, 40.718789875401036 ] } },
{ "type": "Feature", "properties": { "name": null, "bbl": "1003430065", "shape_area": "338.0546875", "construction_year": "1900", "ground_elevation": "20", "mappluto_bbl": "1003430065", "objectid": "112707", "feature_code": "2100", "shape_length": "100.43740853708452", "height_roof": "71.93", "last_status_type": "Constructed", "bin": "1004084", "last_edited_date": "2017-08-22T18:22:48Z", "geom_source": "Photogrammetric", "doitt_id": "748596", "address": "57 PITT STREET", "bldgclass": "C7", "numfloors": 6.0, "unitsres": 22, "yearbuilt": 1900, "latitude": 40.7177729, "longitude": -73.9831137, "roof_area_m2": 194.00019017688777, "pv_kw_dc": 32.980032330070919, "annual_kwh": 40829.280024627798, "avg_daily_kwh": 111.86104116336384, "psh_daily_kwh": 121.36651897466098, "canopy_area_m2": 164.90016165035459, "lon": -73.983096303590187, "lat": 40.717776407948406 }, "geometry": { "type": "Point", "coordinates": [ -73.983096303590187, 40.717776407948406 ] } },
{ "type": "Feature", "properties": { "name": null, "bbl": "1003440069", "shape_area": "529.34765625", "construction_year": "1920", "ground_elevation": "19", "mappluto_bbl": "1003440069", "objectid": "666093", "feature_code": "2100", "shape_length": "94.8919594269919", "height_roof": "69.7", "last_status_type": "Constructed", "bin": "1004105", "last_edited_date": "2017-08-22T18:45:36Z", "geom_source": "Photogrammetric", "doitt_id": "342069", "address": "210 RIVINGTON STREET", "bldgclass": "C7", "numfloors": 6.0, "unitsres": 20, "yearbuilt": 1920, "latitude": 40.7184892, "longitude": -73.982677, "roof_area_m2": 303.77611239407111, "pv_kw_dc": 51.641939106992083, "annual_kwh": 63932.720614456201, "avg_daily_kwh": 175.15813866974301, "psh_daily_kwh": 190.04233591373088, "canopy_area_m2": 258.20969553496042, "lon": -73.982679013940043, "lat": 40.718508147935829 }, "geometry": { "type": "Point", "coordinates": [ -73.982679013940043, 40.718508147935829 ] } },
{ "type": "Feature", "properties": { "name": null, "bbl": "1003440072", "shape_area": "415.51953125", "construction_year": "1920", "ground_elevation": "17", "mappluto_bbl": "1003440072", "objectid": "341345", "feature_code": "2100", "shape_length": "105.37274296006527", "height_roof": "72.07", "last_status_type": "Constructed", "bin": "1004106", "last_edited_date": "2017-08-22T19:36:44Z", "geom_source": "Photogrammetric", "doitt_id": "639604", "address": "206 RIVINGTON STREET", "bldgclass": "C7", "numfloors": 6.0, "unitsres": 25, "yearbuilt": 1920, "latitude": 40.71861, "longitude": -73.9828105, "roof_area_m2": 238.45196633788325, "pv_kw_dc": 40.536834277440157, "annual_kwh": 50184.600835470912, "avg_daily_kwh": 137.49205708348194, "psh_daily_kwh": 149.17555014097977, "canopy_area_m2": 202.68417138720076, "lon": -73.98282116731049, "lat": 40.718593699475143 }, "geometry": { "type": "Point", "coordinates": [ -73.98282116731049, 40.718593699475143 ] } },
{ "type": "Feature", "properties": { "name": null, "bbl": "1003440068", "shape_area": "317.8828125", "construction_year": "1920", "ground_elevation": "18", "mappluto_bbl": "1003440068", "objectid": "795552", "feature_code": "2100", "shape_length": "84.370349894300375", "height_roof": "70.22", "last_status_type": "Constructed", "bin": "1004104", "last_edited_date": "2017-08-22T18:49:41Z", "geom_source": "Photogrammetric", "doitt_id": "829239", "address": "85 PITT STREET", "bldgclass": "C7", "numfloors": 6.0, "unitsres": 21, "yearbuilt": 1920, "latitude": 40.718621, "longitude": -73.9826084, "roof_area_m2": 182.42461027702691, "pv_kw_dc": 31.012183747094578, "annual_kwh": 38393.083478903085, "avg_daily_kwh": 105.18653007918654, "psh_daily_kwh": 114.12483618930804, "canopy_area_m2": 155.06091873547288, "lon": -73.982576331400622, "lat": 40.718625426729616 }, "geometry": { "type": "Point", "coordinates": [ -73.982576331400622, 40.718625426729616 ] } },
{ "type": "Feature", "properties": { "name": null, "bbl": "1003440073", "shape_area": "519.29296875", "construction_year": "1920", "ground_elevation": "18", "mappluto_bbl": "1003440073", "objectid": "468929", "feature_code": "2100", "shape_length": "124.05684710429435", "height_roof": "70.41", "last_status_type": "Constructed", "bin": "1004107", "last_edited_date": "2017-08-22T18:15:33Z", "geom_source": "Photogrammetric", "doitt_id": "298970", "address": "202 RIVINGTON STREET", "bldgclass": "C7", "numfloors": 6.0, "unitsres": 33, "yearbuilt": 1920, "latitude": 40.718643, "longitude": -73.9829692, "roof_area_m2": 298.00283428663744, "pv_kw_dc": 50.660481828728365, "annual_kwh": 62717.676503965718, "avg_daily_kwh": 171.82925069579647, "psh_daily_kwh": 186.43057312972039, "canopy_area_m2": 253.30240914364182, "lon": -73.982973166995222, "lat": 40.718633839631337 }, "geometry": { "type": "Point", "coordinates": [ -73.982973166995222, 40.718633839631337 ] } },
{ "type": "Feature", "properties": { "name": null, "bbl": "1003440067", "shape_area": "297.94921875", "construction_year": "1920", "ground_elevation": "17", "mappluto_bbl": "1003440067", "objectid": "743542", "feature_code": "2100", "shape_length": "97.054345131661947", "height_roof": "70.55", "last_status_type": "Constructed", "bin": "1004103", "last_edited_date": "2017-08-22T18:50:23Z", "geom_source": "Photogrammetric", "doitt_id": "48601", "address": "89 PITT STREET", "bldgclass": "C4", "numfloors": 6.0, "unitsres": 12, "yearbuilt": 1920, "latitude": 40.7187417, "longitude": -73.9826228, "roof_area_m2": 170.98175187649863, "pv_kw_dc": 29.066897819004765, "annual_kwh": 35984.8194999279, "avg_daily_kwh": 98.588546575144932, "psh_daily_kwh": 106.96618397393752, "canopy_area_m2": 145.33448909502383, "lon": -73.982599618131317, "lat": 40.71874318547615 }, "geometry": { "type": "Point", "coordinates": [ -73.982599618131317, 40.71874318547615 ] } },
{ "type": "Feature", "properties": { "name": null, "bbl": "1003440076", "shape_area": "607.078125", "construction_year": "1914", "ground_elevation": "18", "mappluto_bbl": "1003440076", "objectid": "689044", "feature_code": "2100", "shape_length": "123.48860239067152", "height_roof": "70.18", "last_status_type": "Constructed", "bin": "1004108", "last_edited_date": "2017-08-22T18:09:50Z", "geom_source": "Photogrammetric", "doitt_id": "220092", "address": "106 RIDGE STREET", "bldgclass": "C7", "numfloors": 6.0, "unitsres": 20, "yearbuilt": 1914, "latitude": 40.7186952, "longitude": -73.9831423, "roof_area_m2": 348.38039619587204, "pv_kw_dc": 59.224667353298244, "annual_kwh": 73320.138183383227, "avg_daily_kwh": 200.87709091337871, "psh_daily_kwh": 217.94677586013756, "canopy_area_m2": 296.12333676649121, "lon": -73.983148471349409, "lat": 40.718695176245461 }, "geometry": { "type": "Point", "coordinates": [ -73.983148471349409, 40.718695176245461 ] } },
{ "type": "Feature", "properties": { "name": null, "bbl": "1003450029", "shape_area": "269.91015625", "construction_year": "1920", "ground_elevation": "20", "mappluto_bbl": "1003450029", "objectid": "636981", "feature_code": "2100", "shape_length": "76.014255599109646", "height_roof": "66.97", "last_status_type": "Constructed", "bin": "1004146", "last_edited_date": "2017-08-22T18:27:41Z", "geom_source": "Photogrammetric", "doitt_id": "165583", "address": "200 STANTON STREET", "bldgclass": "C7", "numfloors": 6.0, "unitsres": 12, "yearbuilt": 1920, "latitude": 40.7199165, "longitude": -73.9828462, "roof_area_m2": 154.88731225057739, "pv_kw_dc": 26.330843082598161, "annual_kwh": 32597.583736256522, "avg_daily_kwh": 89.308448592483614, "psh_daily_kwh": 96.897502543961238, "canopy_area_m2": 131.65421541299079, "lon": -73.982852065107224, "lat": 40.719922665679903 }, "geometry": { "type": "Point", "coordinates": [ -73.982852065107224, 40.719922665679903 ] } },
{ "type": "Feature", "properties": { "name": null, "bbl": "1003250001", "shape_area": "2033.2109375", "construction_year": "1920", "ground_elevation": "8", "mappluto_bbl": "1003250001", "objectid": "751857", "feature_code": "2100", "shape_length": "369.98328022683245", "height_roof": "64.92", "last_status_type": "Constructed", "bin": "1077594", "last_edited_date": "2017-08-22T18:14:21Z", "geom_source": "Photogrammetric", "doitt_id": "16412", "address": "140 BARUCH PLACE", "bldgclass": "C4", "numfloors": 6.0, "unitsres": 36, "yearbuilt": 1920, "latitude": 40.7184085, "longitude": -73.9764181, "roof_area_m2": 1166.7932875291244, "pv_kw_dc": 198.35485887995117, "annual_kwh": 245563.31529337954, "avg_daily_kwh": 672.77620628323166, "psh_daily_kwh": 729.94588067822031, "canopy_area_m2": 991.77429439975572, "lon": -73.976411434932345, "lat": 40.718415615790846 }, "geometry": { "type": "Point", "coordinates": [ -73.976411434932345, 40.718415615790846 ] } },
{ "type": "Feature", "properties": { "name": null, "bbl": "1003720039", "shape_area": "354.890625", "construction_year": "1900", "ground_elevation": "12", "mappluto_bbl": "1003720039", "objectid": "991122", "feature_code": "2100", "shape_length": "107.26125748329451", "height_roof": "66.91", "last_status_type": "Constructed", "bin": "1004369", "last_edited_date": "2017-08-22T19:24:25Z", "geom_source": "Photogrammetric", "doitt_id": "760163", "address": "11 AVENUE D", "bldgclass": "C7", "numfloors": 6.0, "unitsres": 16, "yearbuilt": 1900, "latitude": 40.7205252, "longitude": -73.9786541, "roof_area_m2": 203.64774897292594, "pv_kw_dc": 34.620117325397409, "annual_kwh": 42859.705248841994, "avg_daily_kwh": 117.42384999682739, "psh_daily_kwh": 127.40203175746247, "canopy_area_m2": 173.10058662698705, "lon": -73.978628161014385, "lat": 40.72052700152112 }, "geometry": { "type": "Point", "coordinates": [ -73.978628161014385, 40.72052700152112 ] } },
{ "type": "Feature", "properties": { "name": null, "bbl": "1003720023", "shape_area": "229.296875", "construction_year": "2001", "ground_elevation": "14", "mappluto_bbl": "1003720023", "objectid": "332423", "feature_code": "2100", "shape_length": "68.9447754347587", "height_roof": "61.14", "last_status_type": "Constructed", "bin": "1086166", "last_edited_date": "2017-08-22T19:17:33Z", "geom_source": "Photogrammetric", "doitt_id": "942316", "address": "300 EAST 3 STREET", "bldgclass": "C1", "numfloors": 6.0, "unitsres": 12, "yearbuilt": 2001, "latitude": 40.7209645, "longitude": -73.9795378, "roof_area_m2": 131.57457351909281, "pv_kw_dc": 22.367677498245779, "annual_kwh": 27691.184742828274, "avg_daily_kwh": 75.86625956939254, "psh_daily_kwh": 82.313053193544476, "canopy_area_m2": 111.83838749122889, "lon": -73.979500145489041, "lat": 40.721021540714347 }, "geometry": { "type": "Point", "coordinates": [ -73.979500145489041, 40.721021540714347 ] } },
{ "type": "Feature", "properties": { "name": null, "bbl": "1003720068", "shape_area": "416.88671875", "construction_year": "1905", "ground_elevation": "9", "mappluto_bbl": "1003720068", "objectid": "805687", "feature_code": "2100", "shape_length": "110.94511472429366", "height_roof": "69.54", "last_status_type": "Constructed", "bin": "1004378", "last_edited_date": "2017-08-22T19:31:41Z", "geom_source": "Photogrammetric", "doitt_id": "563233", "address": "264 EAST 2 STREET", "bldgclass": "C1", "numfloors": 6.0, "unitsres": 24, "yearbuilt": 1905, "latitude": 40.7210415, "longitude": -73.9805515, "roof_area_m2": 239.21840334085411, "pv_kw_dc": 40.667128567945198, "annual_kwh": 50345.905167116158, "avg_daily_kwh": 137.93398675922236, "psh_daily_kwh": 149.65503313003833, "canopy_area_m2": 203.33564283972598, "lon": -73.980567553864191, "lat": 40.721027248483971 }, "geometry": { "type": "Point", "coordinates": [ -73.980567553864191, 40.721027248483971 ] } },
{ "type": "Feature", "properties": { "name": null, "bbl": "1003730040", "shape_area": "520.87109375", "construction_year": "1920", "ground_elevation": "12", "mappluto_bbl": "1003730040", "objectid": "527496", "feature_code": "2100", "shape_length": "116.51041543025669", "height_roof": "66.36", "last_status_type": "Constructed", "bin": "1004395", "last_edited_date": "2017-08-22T18:12:40Z", "geom_source": "Photogrammetric", "doitt_id": "330661", "address": "327 EAST 3 STREET", "bldgclass": "C6", "numfloors": 6.0, "unitsres": 25, "yearbuilt": 1920, "latitude": 40.7208929, "longitude": -73.978423, "roof_area_m2": 298.88653528324767, "pv_kw_dc": 50.810710998152103, "annual_kwh": 62903.660215712305, "avg_daily_kwh": 172.33879511154055, "psh_daily_kwh": 186.98341647319975, "canopy_area_m2": 254.05355499076052, "lon": -73.978420884692639, "lat": 40.720898631868728 }, "geometry": { "type": "Point", "coordinates": [ -73.978420884692639, 40.720898631868728 ] } },
{ "type": "Feature", "properties": { "name": null, "bbl": "1003730046", "shape_area": "507.7265625", "construction_year": "1925", "ground_elevation": "12", "mappluto_bbl": "1003730046", "objectid": "290573", "feature_code": "2100", "shape_length": "126.30361665536363", "height_roof": "64.98", "last_status_type": "Constructed", "bin": "1004396", "last_edited_date": "2017-08-22T17:48:43Z", "geom_source": "Photogrammetric", "doitt_id": "40133", "address": "317 EAST 3 STREET", "bldgclass": "C6", "numfloors": 6.0, "unitsres": 35, "yearbuilt": 1925, "latitude": 40.721151, "longitude": -73.9787982, "roof_area_m2": 291.3424714486772, "pv_kw_dc": 49.528220146275125, "annual_kwh": 61315.936541088602, "avg_daily_kwh": 167.98886723585917, "psh_daily_kwh": 182.26385013829247, "canopy_area_m2": 247.64110073137562, "lon": -73.978804605263917, "lat": 40.721148117565853 }, "geometry": { "type": "Point", "coordinates": [ -73.978804605263917, 40.721148117565853 ] } },
{ "type": "Feature", "properties": { "name": null, "bbl": "1003730049", "shape_area": "502.0234375", "construction_year": "1920", "ground_elevation": "12", "mappluto_bbl": "1003730049", "objectid": "819104", "feature_code": "2100", "shape_length": "125.76055606992351", "height_roof": "65.15", "last_status_type": "Constructed", "bin": "1004397", "last_edited_date": "2017-08-22T18:13:12Z", "geom_source": "Photogrammetric", "doitt_id": "114951", "address": "311 EAST 3 STREET", "bldgclass": "C6", "numfloors": 6.0, "unitsres": 36, "yearbuilt": 1920, "latitude": 40.7212169, "longitude": -73.9789533, "roof_area_m2": 288.0669593215419, "pv_kw_dc": 48.971383084662122, "annual_kwh": 60626.572258811706, "avg_daily_kwh": 166.10019796934714, "psh_daily_kwh": 180.21468975155662, "canopy_area_m2": 244.8569154233106, "lon": -73.978958101906557, "lat": 40.721212814279227 }, "geometry": { "type": "Point", "coordinates": [ -73.978958101906557, 40.721212814279227 ] } },
{ "type": "Feature", "properties": { "name": null, "bbl": "1003730032", "shape_area": "441.43359375", "construction_year": "1900", "ground_elevation": "12", "mappluto_bbl": "1003730032", "objectid": "160737", "feature_code": "2100", "shape_length": "111.75285112827608", "height_roof": "65.8", "last_status_type": "Constructed", "bin": "1004392", "last_edited_date": "2017-08-22T17:37:31Z", "geom_source": "Photogrammetric", "doitt_id": "196575", "address": "37 AVENUE D", "bldgclass": "C7", "numfloors": 6.0, "unitsres": 16, "yearbuilt": 1900, "latitude": 40.7212579, "longitude": -73.9781415, "roof_area_m2": 253.30528895437791, "pv_kw_dc": 43.061899122244249, "annual_kwh": 53310.631113338379, "avg_daily_kwh": 146.05652359818734, "psh_daily_kwh": 158.46778876985883, "canopy_area_m2": 215.30949561122122, "lon": -73.978120146203338, "lat": 40.721271346240464 }, "geometry": { "type": "Point", "coordinates": [ -73.978120146203338, 40.721271346240464 ] } },
{ "type": "Feature", "properties": { "name": null, "bbl": "1003480007", "shape_area": "314.58203125", "construction_year": "1920", "ground_elevation": "27", "mappluto_bbl": "1003480007", "objectid": "553902", "feature_code": "2100", "shape_length": "99.36936210066672", "height_roof": "64.67", "last_status_type": "Constructed", "bin": "1004164", "last_edited_date": "2017-08-22T18:48:08Z", "geom_source": "Photogrammetric", "doitt_id": "385779", "address": "110 SUFFOLK STREET", "bldgclass": "C6", "numfloors": 6.0, "unitsres": 12, "yearbuilt": 1920, "latitude": 40.7187202, "longitude": -73.9859489, "roof_area_m2": 180.52731169192577, "pv_kw_dc": 30.689642987627384, "annual_kwh": 37993.7780186827, "avg_daily_kwh": 104.09254251693891, "psh_daily_kwh": 112.93788619446876, "canopy_area_m2": 153.44821493813691, "lon": -73.985962229855929, "lat": 40.718730522099044 }, "geometry": { "type": "Point", "coordinates": [ -73.985962229855929, 40.718730522099044 ] } },
{ "type": "Feature", "properties": { "name": null, "bbl": "1003480021", "shape_area": "389.08984375", "construction_year": "1920", "ground_elevation": "25", "mappluto_bbl": "1003480021", "objectid": "271914", "feature_code": "2100", "shape_length": "98.948239964242759", "height_roof": "68.9", "last_status_type": "Constructed", "bin": "1004177", "last_edited_date": "2017-08-22T18:02:55Z", "geom_source": "Photogrammetric", "doitt_id": "438892", "address": "163 RIVINGTON STREET", "bldgclass": "C7", "numfloors": 6.0, "unitsres": 20, "yearbuilt": 1920, "latitude": 40.7189315, "longitude": -73.9852959, "roof_area_m2": 223.28435064766788, "pv_kw_dc": 37.958339610103536, "annual_kwh": 46992.424437308175, "avg_daily_kwh": 128.74636832139225, "psh_daily_kwh": 139.686689765181, "canopy_area_m2": 189.79169805051768, "lon": -73.985288168623796, "lat": 40.718941208932918 }, "geometry": { "type": "Point", "coordinates": [ -73.985288168623796, 40.718941208932918 ] } },
{ "type": "Feature", "properties": { "name": null, "bbl": "1003440173", "shape_area": "402.75", "construction_year": "1925", "ground_elevation": "23", "mappluto_bbl": "1003440173", "objectid": "748279", "feature_code": "2100", "shape_length": "99.481796388800049", "height_roof": "69.49", "last_status_type": "Constructed", "bin": "1004125", "last_edited_date": "2017-08-22T17:44:36Z", "geom_source": "Photogrammetric", "doitt_id": "828660", "address": "72 CLINTON STREET", "bldgclass": "C6", "numfloors": 6.0, "unitsres": 19, "yearbuilt": 1925, "latitude": 40.7191593, "longitude": -73.9848413, "roof_area_m2": 231.11982673883341, "pv_kw_dc": 39.290370545601682, "annual_kwh": 48641.478735454883, "avg_daily_kwh": 133.26432530261613, "psh_daily_kwh": 144.58856360781417, "canopy_area_m2": 196.45185272800839, "lon": -73.984846138168677, "lat": 40.719163253207263 }, "geometry": { "type": "Point", "coordinates": [ -73.984846138168677, 40.719163253207263 ] } },
{ "type": "Feature", "properties": { "name": null, "bbl": "1003530057", "shape_area": "712.578125", "construction_year": "1920", "ground_elevation": "29", "mappluto_bbl": "1003530057", "objectid": "419183", "feature_code": "2100", "shape_length": "134.13697322601575", "height_roof": "67.74", "last_status_type": "Constructed", "bin": "1004302", "last_edited_date": "2017-08-22T17:46:37Z", "geom_source": "Photogrammetric", "doitt_id": "337800", "address": "131 RIVINGTON STREET", "bldgclass": "C7", "numfloors": 6.0, "unitsres": 30, "yearbuilt": 1920, "latitude": 40.7193489, "longitude": -73.9866883, "roof_area_m2": 408.906041485733, "pv_kw_dc": 69.514027052574619, "annual_kwh": 86058.365491087374, "avg_daily_kwh": 235.77634381119827, "psh_daily_kwh": 255.81161955347457, "canopy_area_m2": 347.57013526287307, "lon": -73.986692958019802, "lat": 40.719361332685843 }, "geometry": { "type": "Point", "coordinates": [ -73.986692958019802, 40.719361332685843 ] } },
{ "type": "Feature", "properties": { "name": null, "bbl": "1003530024", "shape_area": "421.73828125", "construction_year": "1930", "ground_elevation": "28", "mappluto_bbl": "1003530024", "objectid": "994495", "feature_code": "2100", "shape_length": "97.797857807845162", "height_roof": "71.15", "last_status_type": "Constructed", "bin": "1004289", "last_edited_date": "2017-08-22T18:23:57Z", "geom_source": "Photogrammetric", "doitt_id": "641966", "address": "129 RIVINGTON STREET", "bldgclass": "C7", "numfloors": 6.0, "unitsres": 15, "yearbuilt": 1930, "latitude": 40.7195026, "longitude": -73.9869913, "roof_area_m2": 242.00975464531965, "pv_kw_dc": 41.141658289704338, "annual_kwh": 50933.372962653972, "avg_daily_kwh": 139.543487568915, "psh_daily_kwh": 151.40130250611196, "canopy_area_m2": 205.70829144852169, "lon": -73.986978782222963, "lat": 40.719512896310029 }, "geometry": { "type": "Point", "coordinates": [ -73.986978782222963, 40.719512896310029 ] } },
{ "type": "Feature", "properties": { "name": null, "bbl": "1003440146", "shape_area": "318.7578125", "construction_year": "1920", "ground_elevation": "23", "mappluto_bbl": "1003440146", "objectid": "765077", "feature_code": "2100", "shape_length": "100.60045990264311", "height_roof": "65.83", "last_status_type": "Constructed", "bin": "1004114", "last_edited_date": "2017-08-22T19:32:36Z", "geom_source": "Photogrammetric", "doitt_id": "214505", "address": "42 CLINTON STREET", "bldgclass": "C7", "numfloors": 6.0, "unitsres": 18, "yearbuilt": 1920, "latitude": 40.7197384, "longitude": -73.984448, "roof_area_m2": 182.92530949057809, "pv_kw_dc": 31.097302613398274, "annual_kwh": 38498.460635387062, "avg_daily_kwh": 105.4752346174988, "psh_daily_kwh": 114.43807361730565, "canopy_area_m2": 155.48651306699136, "lon": -73.984465753352268, "lat": 40.719754084754889 }, "geometry": { "type": "Point", "coordinates": [ -73.984465753352268, 40.719754084754889 ] } },
{ "type": "Feature", "properties": { "name": null, "bbl": "1003440154", "shape_area": "589.67578125", "construction_year": "1920", "ground_elevation": "22", "mappluto_bbl": "1003440154", "objectid": "797501", "feature_code": "2100", "shape_length": "99.568882155884054", "height_roof": "63.11", "last_status_type": "Constructed", "bin": "1004119", "last_edited_date": "2017-08-22T18:49:30Z", "geom_source": "Photogrammetric", "doitt_id": "68337", "address": "141 ATTORNEY STREET", "bldgclass": "C6", "numfloors": 6.0, "unitsres": 19, "yearbuilt": 1920, "latitude": 40.719892, "longitude": -73.983896, "roof_area_m2": 338.37949737538344, "pv_kw_dc": 57.524514553815187, "annual_kwh": 71215.349017623201, "avg_daily_kwh": 195.11054525376218, "psh_daily_kwh": 211.69021355803989, "canopy_area_m2": 287.62257276907593, "lon": -73.983883676994807, "lat": 40.719898907345716 }, "geometry": { "type": "Point", "coordinates": [ -73.983883676994807, 40.719898907345716 ] } },
{ "type": "Feature", "properties": { "name": null, "bbl": "1003490032", "shape_area": "190.32421875", "construction_year": "1900", "ground_elevation": "27", "mappluto_bbl": "1003490032", "objectid": "31750", "feature_code": "2100", "shape_length": "60.435003595645618", "height_roof": "57.9", "last_status_type": "Constructed", "bin": "1004234", "last_edited_date": "2017-08-22T18:33:35Z", "geom_source": "Photogrammetric", "doitt_id": "439525", "address": "158 RIVINGTON STREET", "bldgclass": "C7", "numfloors": 6.0, "unitsres": 9, "yearbuilt": 1900, "latitude": 40.7193569, "longitude": -73.9852706, "roof_area_m2": 109.21863816340716, "pv_kw_dc": 18.567168487779217, "annual_kwh": 22986.154587870671, "avg_daily_kwh": 62.975765994166224, "psh_daily_kwh": 68.327180035027524, "canopy_area_m2": 92.83584243889608, "lon": -73.985297335253662, "lat": 40.719304687410464 }, "geometry": { "type": "Point", "coordinates": [ -73.985297335253662, 40.719304687410464 ] } },
{ "type": "Feature", "properties": { "name": null, "bbl": "1003490027", "shape_area": "311.6796875", "construction_year": "1920", "ground_elevation": "26", "mappluto_bbl": "1003490027", "objectid": "40284", "feature_code": "2100", "shape_length": "99.398744832478826", "height_roof": "71.6", "last_status_type": "Constructed", "bin": "1004230", "last_edited_date": "2017-08-22T19:12:28Z", "geom_source": "Photogrammetric", "doitt_id": "379668", "address": "63 CLINTON STREET", "bldgclass": "C4", "numfloors": 6.0, "unitsres": 22, "yearbuilt": 1920, "latitude": 40.7195079, "longitude": -73.9851371, "roof_area_m2": 178.86228093867231, "pv_kw_dc": 30.406587759574293, "annual_kwh": 37643.355646352975, "avg_daily_kwh": 103.13248122288486, "psh_daily_kwh": 111.8962429552334, "canopy_area_m2": 152.03293879787145, "lon": -73.985119053814117, "lat": 40.719508224289875 }, "geometry": { "type": "Point", "coordinates": [ -73.985119053814117, 40.719508224289875 ] } },
{ "type": "Feature", "properties": { "name": null, "bbl": "1003490026", "shape_area": "307.3046875", "construction_year": "1920", "ground_elevation": "26", "mappluto_bbl": "1003490026", "objectid": "262366", "feature_code": "2100", "shape_length": "98.691020156767891", "height_roof": "62.21", "last_status_type": "Constructed", "bin": "1004229", "last_edited_date": "2017-08-22T18:56:23Z", "geom_source": "Photogrammetric", "doitt_id": "766458", "address": "61 CLINTON STREET", "bldgclass": "C4", "numfloors": 6.0, "unitsres": 22, "yearbuilt": 1920, "latitude": 40.719571, "longitude": -73.9851046, "roof_area_m2": 176.34089634598899, "pv_kw_dc": 29.977952378818131, "annual_kwh": 37112.705044976843, "avg_daily_kwh": 101.67864395884067, "psh_daily_kwh": 110.31886475405072, "canopy_area_m2": 149.88976189409064, "lon": -73.985088598127859, "lat": 40.719573726527912 }, "geometry": { "type": "Point", "coordinates": [ -73.985088598127859, 40.719573726527912 ] } },
{ "type": "Feature", "properties": { "name": null, "bbl": "1003500030", "shape_area": "309.78515625", "construction_year": "1920", "ground_elevation": "25", "mappluto_bbl": "1003500030", "objectid": "907137", "feature_code": "2100", "shape_length": "78.917355293162373", "height_roof": "69", "last_status_type": "Constructed", "bin": "1004252", "last_edited_date": "2017-08-22T18:25:15Z", "geom_source": "Photogrammetric", "doitt_id": "751151", "address": "168 STANTON STREET", "bldgclass": "C7", "numfloors": 6.0, "unitsres": 20, "yearbuilt": 1920, "latitude": 40.7204218, "longitude": -73.98452, "roof_area_m2": 177.76229566689662, "pv_kw_dc": 30.219590263372424, "annual_kwh": 37411.852746055061, "avg_daily_kwh": 102.49822670152072, "psh_daily_kwh": 111.20809216921053, "canopy_area_m2": 151.09795131686212, "lon": -73.984526234877777, "lat": 40.720430003350856 }, "geometry": { "type": "Point", "coordinates": [ -73.984526234877777, 40.720430003350856 ] } },
{ "type": "Feature", "properties": { "name": null, "bbl": "1003500028", "shape_area": "353.45703125", "construction_year": "1920", "ground_elevation": "25", "mappluto_bbl": "1003500028", "objectid": "87950", "feature_code": "2100", "shape_length": "90.987393261716392", "height_roof": "73.7", "last_status_type": "Constructed", "bin": "1004250", "last_edited_date": "2017-08-22T19:22:55Z", "geom_source": "Photogrammetric", "doitt_id": "825051", "address": "23 CLINTON STREET", "bldgclass": "C7", "numfloors": 6.0, "unitsres": 16, "yearbuilt": 1920, "latitude": 40.7206579, "longitude": -73.9845488, "roof_area_m2": 202.82146585945449, "pv_kw_dc": 34.47964919610726, "annual_kwh": 42685.805704780789, "avg_daily_kwh": 116.94741288981038, "psh_daily_kwh": 126.88510904167472, "canopy_area_m2": 172.3982459805363, "lon": -73.984531259414695, "lat": 40.720665250210772 }, "geometry": { "type": "Point", "coordinates": [ -73.984531259414695, 40.720665250210772 ] } },
{ "type": "Feature", "properties": { "name": null, "bbl": "1003720001", "shape_area": "559.52734375", "construction_year": "1920", "ground_elevation": "11", "mappluto_bbl": "1003720001", "objectid": "325046", "feature_code": "2100", "shape_length": "127.28976187956533", "height_roof": "68.17", "last_status_type": "Constructed", "bin": "1004352", "last_edited_date": "2017-08-22T18:36:17Z", "geom_source": "Photogrammetric", "doitt_id": "416315", "address": "14 AVENUE C", "bldgclass": "C7", "numfloors": 6.0, "unitsres": 27, "yearbuilt": 1920, "latitude": 40.7210553, "longitude": -73.9807751, "roof_area_m2": 321.07135695911734, "pv_kw_dc": 54.582130683049947, "annual_kwh": 67572.67778561583, "avg_daily_kwh": 185.13062407018035, "psh_daily_kwh": 200.86224091362379, "canopy_area_m2": 272.91065341524973, "lon": -73.980771668153508, "lat": 40.721061400475342 }, "geometry": { "type": "Point", "coordinates": [ -73.980771668153508, 40.721061400475342 ] } },
{ "type": "Feature", "properties": { "name": null, "bbl": "1003500075", "shape_area": "396.21875", "construction_year": "1920", "ground_elevation": "22", "mappluto_bbl": "1003500075", "objectid": "340460", "feature_code": "2100", "shape_length": "86.025154587428773", "height_roof": "67.74", "last_status_type": "Constructed", "bin": "1004281", "last_edited_date": "2017-08-22T18:02:09Z", "geom_source": "Photogrammetric", "doitt_id": "631148", "address": "184 STANTON STREET", "bldgclass": "C4", "numfloors": 6.0, "unitsres": 9, "yearbuilt": 1920, "latitude": 40.7201555, "longitude": -73.9837083, "roof_area_m2": 227.3717153505782, "pv_kw_dc": 38.653191609598295, "annual_kwh": 47852.651212682693, "avg_daily_kwh": 131.10315400734984, "psh_daily_kwh": 142.24374512332173, "canopy_area_m2": 193.26595804799146, "lon": -73.983705008755777, "lat": 40.72017291687493 }, "geometry": { "type": "Point", "coordinates": [ -73.983705008755777, 40.72017291687493 ] } },
{ "type": "Feature", "properties": { "name": null, "bbl": "1003500077", "shape_area": "205.39453125", "construction_year": "1920", "ground_elevation": "22", "mappluto_bbl": "1003500077", "objectid": "993824", "feature_code": "2100", "shape_length": "75.121440626783325", "height_roof": "67.78", "last_status_type": "Constructed", "bin": "1004282", "last_edited_date": "2017-08-22T18:06:36Z", "geom_source": "Photogrammetric", "doitt_id": "351109", "address": "182 STANTON STREET", "bldgclass": "C4", "numfloors": 6.0, "unitsres": 8, "yearbuilt": 1920, "latitude": 40.7201884, "longitude": -73.9838093, "roof_area_m2": 117.85895825869684, "pv_kw_dc": 20.036022903978463, "annual_kwh": 24804.596355125337, "avg_daily_kwh": 67.957798233220103, "psh_daily_kwh": 73.732564286640738, "canopy_area_m2": 100.18011451989231, "lon": -73.98381881460999, "lat": 40.720186828254903 }, "geometry": { "type": "Point", "coordinates": [ -73.98381881460999, 40.720186828254903 ] } },
{ "type": "Feature", "properties": { "name": null, "bbl": "1003450018", "shape_area": "310.6875", "construction_year": "1920", "ground_elevation": "19", "mappluto_bbl": "1003450018", "objectid": "592868", "feature_code": "2100", "shape_length": "83.138682056177274", "height_roof": "58.45", "last_status_type": "Constructed", "bin": "1004140", "last_edited_date": "2017-08-22T17:56:05Z", "geom_source": "Photogrammetric", "doitt_id": "119075", "address": "333 EAST HOUSTON STREET", "bldgclass": "C7", "numfloors": 6.0, "unitsres": 9, "yearbuilt": 1920, "latitude": 40.7207509, "longitude": -73.9824203, "roof_area_m2": 178.27658151294619, "pv_kw_dc": 30.307018857200855, "annual_kwh": 37520.089345214656, "avg_daily_kwh": 102.79476532935522, "psh_daily_kwh": 111.52982939449915, "canopy_area_m2": 151.53509428600427, "lon": -73.982425483367663, "lat": 40.720754974349077 }, "geometry": { "type": "Point", "coordinates": [ -73.982425483367663, 40.720754974349077 ] } },
{ "type": "Feature", "properties": { "name": null, "bbl": "1003450014", "shape_area": "252.92578125", "construction_year": "1920", "ground_elevation": "18", "mappluto_bbl": "1003450014", "objectid": "807017", "feature_code": "2100", "shape_length": "101.64035674779134", "height_roof": "66.64", "last_status_type": "Constructed", "bin": "1004138", "last_edited_date": "2017-08-22T17:57:25Z", "geom_source": "Photogrammetric", "doitt_id": "844662", "address": "325 EAST HOUSTON STREET", "bldgclass": "C4", "numfloors": 6.0, "unitsres": 17, "yearbuilt": 1920, "latitude": 40.7208278, "longitude": -73.9827702, "roof_area_m2": 145.13148106661134, "pv_kw_dc": 24.672351781323929, "annual_kwh": 30544.371505279025, "avg_daily_kwh": 83.683209603504181, "psh_daily_kwh": 90.794254555272062, "canopy_area_m2": 123.36175890661964, "lon": -73.982757259357584, "lat": 40.720848713617372 }, "geometry": { "type": "Point", "coordinates": [ -73.982757259357584, 40.720848713617372 ] } },
{ "type": "Feature", "properties": { "name": null, "bbl": "1003840026", "shape_area": "215.98046875", "construction_year": "1900", "ground_elevation": "18", "mappluto_bbl": "1003840026", "objectid": "546644", "feature_code": "2100", "shape_length": "63.021047914003631", "height_roof": "51.82", "last_status_type": "Constructed", "bin": "1004583", "last_edited_date": "2017-08-22T19:09:01Z", "geom_source": "Photogrammetric", "doitt_id": "74458", "address": "243 EAST 2 STREET", "bldgclass": "C4", "numfloors": 6.0, "unitsres": 10, "yearbuilt": 1900, "latitude": 40.7211927, "longitude": -73.9819512, "roof_area_m2": 123.92823081826413, "pv_kw_dc": 21.0677992391049, "annual_kwh": 26081.935458011867, "avg_daily_kwh": 71.457357419210595, "psh_daily_kwh": 77.529501199906036, "canopy_area_m2": 105.3389961955245, "lon": -73.981943346077387, "lat": 40.72121343383909 }, "geometry": { "type": "Point", "coordinates": [ -73.981943346077387, 40.72121343383909 ] } },
{ "type": "Feature", "properties": { "name": null, "bbl": "1003850038", "shape_area": "426.32421875", "construction_year": "1900", "ground_elevation": "16", "mappluto_bbl": "1003850038", "objectid": "885267", "feature_code": "2100", "shape_length": "86.357879341061121", "height_roof": "68.3", "last_status_type": "Constructed", "bin": "1004599", "last_edited_date": "2017-08-22T19:27:04Z", "geom_source": "Photogrammetric", "doitt_id": "345074", "address": "21 AVENUE C", "bldgclass": "C6", "numfloors": 6.0, "unitsres": 20, "yearbuilt": 1900, "latitude": 40.721382, "longitude": -73.9810925, "roof_area_m2": 244.62949469459218, "pv_kw_dc": 41.587014098080672, "annual_kwh": 51484.723453423874, "avg_daily_kwh": 141.05403685869555, "psh_daily_kwh": 153.04021188093688, "canopy_area_m2": 207.93507049040335, "lon": -73.981076678343271, "lat": 40.721383010546184 }, "geometry": { "type": "Point", "coordinates": [ -73.981076678343271, 40.721383010546184 ] } },
{ "type": "Feature", "properties": { "name": null, "bbl": "1003850037", "shape_area": "267.953125", "construction_year": "2000", "ground_elevation": "16", "mappluto_bbl": "1003850037", "objectid": "110028", "feature_code": "2100", "shape_length": "72.29407787133978", "height_roof": "65.99", "last_status_type": "Constructed", "bin": "1086127", "last_edited_date": "2017-08-22T18:39:52Z", "geom_source": "Photogrammetric", "doitt_id": "957762", "address": "25 AVENUE C", "bldgclass": "C1", "numfloors": 6.0, "unitsres": 13, "yearbuilt": 2000, "latitude": 40.721489, "longitude": -73.9810781, "roof_area_m2": 153.7509471093876, "pv_kw_dc": 26.137661008595895, "annual_kwh": 32358.424328641719, "avg_daily_kwh": 88.65321733874444, "psh_daily_kwh": 96.186592511632895, "canopy_area_m2": 130.68830504297947, "lon": -73.981020459860375, "lat": 40.7214719332869 }, "geometry": { "type": "Point", "coordinates": [ -73.981020459860375, 40.7214719332869 ] } },
{ "type": "Feature", "properties": { "name": null, "bbl": "1003500057", "shape_area": "531.3828125", "construction_year": "1920", "ground_elevation": "17", "mappluto_bbl": "1003500057", "objectid": "368564", "feature_code": "2100", "shape_length": "128.5835318963731", "height_roof": "71.11", "last_status_type": "Constructed", "bin": "1004269", "last_edited_date": "2017-08-22T19:36:29Z", "geom_source": "Photogrammetric", "doitt_id": "772635", "address": "309 EAST HOUSTON STREET", "bldgclass": "C6", "numfloors": 6.0, "unitsres": 28, "yearbuilt": 1920, "latitude": 40.7210502, "longitude": -73.9835205, "roof_area_m2": 304.9077078102041, "pv_kw_dc": 51.834310327734698, "annual_kwh": 64170.876185735557, "avg_daily_kwh": 175.81061968694672, "psh_daily_kwh": 190.75026200606368, "canopy_area_m2": 259.17155163867346, "lon": -73.983511395036516, "lat": 40.721073845649634 }, "geometry": { "type": "Point", "coordinates": [ -73.983511395036516, 40.721073845649634 ] } },
{ "type": "Feature", "properties": { "name": null, "bbl": "1003850054", "shape_area": "300.859375", "construction_year": "1910", "ground_elevation": "17", "mappluto_bbl": "1003850054", "objectid": "325434", "feature_code": "2100", "shape_length": "81.64829847664592", "height_roof": "59.31", "last_status_type": "Constructed", "bin": "1004604", "last_edited_date": "2017-08-22T17:48:07Z", "geom_source": "Photogrammetric", "doitt_id": "281909", "address": "232 EAST 2 STREET", "bldgclass": "C4", "numfloors": 6.0, "unitsres": 24, "yearbuilt": 1910, "latitude": 40.7217362, "longitude": -73.9821711, "roof_area_m2": 172.63437400378504, "pv_kw_dc": 29.347843580643456, "annual_kwh": 36332.630352836597, "avg_daily_kwh": 99.541453021470133, "psh_daily_kwh": 108.00006437676791, "canopy_area_m2": 146.73921790321728, "lon": -73.982195005559177, "lat": 40.721709205256559 }, "geometry": { "type": "Point", "coordinates": [ -73.982195005559177, 40.721709205256559 ] } },
{ "type": "Feature", "properties": { "name": null, "bbl": "1003850035", "shape_area": "268.23828125", "construction_year": "2000", "ground_elevation": "16", "mappluto_bbl": "1003850035", "objectid": "641596", "feature_code": "2100", "shape_length": "72.313685430252889", "height_roof": "65.46", "last_status_type": "Constructed", "bin": "1086126", "last_edited_date": "2017-08-22T19:29:14Z", "geom_source": "Photogrammetric", "doitt_id": "965827", "address": "29 AVENUE C", "bldgclass": "C1", "numfloors": 6.0, "unitsres": 13, "yearbuilt": 2000, "latitude": 40.7216152, "longitude": -73.9809842, "roof_area_m2": 153.91824729492998, "pv_kw_dc": 26.166102040138096, "annual_kwh": 32393.634325690964, "avg_daily_kwh": 88.749683084084836, "psh_daily_kwh": 96.291255507708186, "canopy_area_m2": 130.83051020069047, "lon": -73.98092695319373, "lat": 40.72159989820679 }, "geometry": { "type": "Point", "coordinates": [ -73.98092695319373, 40.72159989820679 ] } },
{ "type": "Feature", "properties": { "name": null, "bbl": "1003850050", "shape_area": "319.53125", "construction_year": "1910", "ground_elevation": "15", "mappluto_bbl": "1003850050", "objectid": "125155", "feature_code": "2100", "shape_length": "97.854205404810429", "height_roof": "72.09", "last_status_type": "Constructed", "bin": "1004602", "last_edited_date": "2017-08-22T17:37:53Z", "geom_source": "Photogrammetric", "doitt_id": "369434", "address": "240 EAST 2 STREET", "bldgclass": "C4", "numfloors": 6.0, "unitsres": 24, "yearbuilt": 1910, "latitude": 40.7216072, "longitude": -73.9818609, "roof_area_m2": 183.35159824154351, "pv_kw_dc": 31.169771701062402, "annual_kwh": 38588.177365915253, "avg_daily_kwh": 105.72103387921987, "psh_daily_kwh": 114.70475985990964, "canopy_area_m2": 155.84885850531199, "lon": -73.981871683812088, "lat": 40.721599886630358 }, "geometry": { "type": "Point", "coordinates": [ -73.981871683812088, 40.721599886630358 ] } },
{ "type": "Feature", "properties": { "name": null, "bbl": "1003850034", "shape_area": "369.55078125", "construction_year": "1900", "ground_elevation": "16", "mappluto_bbl": "1003850034", "objectid": "892883", "feature_code": "2100", "shape_length": "98.3346631575017", "height_roof": "69.09", "last_status_type": "Constructed", "bin": "1004598", "last_edited_date": "2017-08-22T17:53:25Z", "geom_source": "Photogrammetric", "doitt_id": "36863", "address": "31 AVENUE C", "bldgclass": "C7", "numfloors": 6.0, "unitsres": 20, "yearbuilt": 1900, "latitude": 40.7216811, "longitude": -73.9809337, "roof_area_m2": 212.05306906398559, "pv_kw_dc": 36.049021740877549, "annual_kwh": 44628.688915206403, "avg_daily_kwh": 122.27038058960659, "psh_daily_kwh": 132.6604000064294, "canopy_area_m2": 180.24510870438775, "lon": -73.980928031693864, "lat": 40.721684349382329 }, "geometry": { "type": "Point", "coordinates": [ -73.980928031693864, 40.721684349382329 ] } },
{ "type": "Feature", "properties": { "name": null, "bbl": "1003970038", "shape_area": "187.4375", "construction_year": "1900", "ground_elevation": "21", "mappluto_bbl": "1003970038", "objectid": "585119", "feature_code": "2100", "shape_length": "77.2506790673787", "height_roof": "67.22", "last_status_type": "Constructed", "bin": "1004959", "last_edited_date": "2017-08-22T17:30:32Z", "geom_source": "Photogrammetric", "doitt_id": "758265", "address": "6 AVENUE B", "bldgclass": "C7", "numfloors": 6.0, "unitsres": 10, "yearbuilt": 1900, "latitude": 40.7217365, "longitude": -73.9839244, "roof_area_m2": 107.54859576540555, "pv_kw_dc": 18.283261280118946, "annual_kwh": 22634.677464787255, "avg_daily_kwh": 62.012814972019875, "psh_daily_kwh": 67.282401510837715, "canopy_area_m2": 91.416306400594721, "lon": -73.983897004455642, "lat": 40.721741107647979 }, "geometry": { "type": "Point", "coordinates": [ -73.983897004455642, 40.721741107647979 ] } },
{ "type": "Feature", "properties": { "name": null, "bbl": "1003970033", "shape_area": "479.421875", "construction_year": "1925", "ground_elevation": "20", "mappluto_bbl": "1003970033", "objectid": "213457", "feature_code": "2100", "shape_length": "94.489244684070371", "height_roof": "68.53", "last_status_type": "Constructed", "bin": "1004956", "last_edited_date": "2017-08-22T18:20:50Z", "geom_source": "Photogrammetric", "doitt_id": "276131", "address": "14 AVENUE B", "bldgclass": "C7", "numfloors": 6.0, "unitsres": 25, "yearbuilt": 1925, "latitude": 40.7219862, "longitude": -73.983744, "roof_area_m2": 275.09265385539345, "pv_kw_dc": 46.765751155416893, "annual_kwh": 57895.999930406113, "avg_daily_kwh": 158.61917789152361, "psh_daily_kwh": 172.09796425193417, "canopy_area_m2": 233.82875577708444, "lon": -73.98373378010119, "lat": 40.721989886787462 }, "geometry": { "type": "Point", "coordinates": [ -73.98373378010119, 40.721989886787462 ] } },
{ "type": "Feature", "properties": { "name": null, "bbl": "1003970025", "shape_area": "340.8125", "construction_year": "1915", "ground_elevation": "22", "mappluto_bbl": "1003970025", "objectid": "6136", "feature_code": "2100", "shape_length": "105.81364479128662", "height_roof": "66.75", "last_status_type": "Constructed", "bin": "1004950", "last_edited_date": "2017-08-22T18:02:54Z", "geom_source": "Photogrammetric", "doitt_id": "453750", "address": "185 EAST 2 STREET", "bldgclass": "C6", "numfloors": 6.0, "unitsres": 23, "yearbuilt": 1915, "latitude": 40.7221592, "longitude": -73.9843825, "roof_area_m2": 195.5559518703146, "pv_kw_dc": 33.24451181795348, "annual_kwh": 41156.705630626406, "avg_daily_kwh": 112.75809761815454, "psh_daily_kwh": 122.33980349006879, "canopy_area_m2": 166.2225590897674, "lon": -73.984373866205502, "lat": 40.722179336027331 }, "geometry": { "type": "Point", "coordinates": [ -73.984373866205502, 40.722179336027331 ] } },
{ "type": "Feature", "properties": { "name": null, "bbl": "1003970022", "shape_area": "346.6953125", "construction_year": "1910", "ground_elevation": "23", "mappluto_bbl": "1003970022", "objectid": "323439", "feature_code": "2100", "shape_length": "106.59972765515968", "height_roof": "66.34", "last_status_type": "Constructed", "bin": "1077497", "last_edited_date": "2017-08-22T19:37:10Z", "geom_source": "Photogrammetric", "doitt_id": "729623", "address": "181 EAST 2 STREET", "bldgclass": "C4", "numfloors": 6.0, "unitsres": 50, "yearbuilt": 1910, "latitude": 40.7222169, "longitude": -73.9845123, "roof_area_m2": 386.85844545404916, "pv_kw_dc": 65.765935727188364, "annual_kwh": 81418.228430259187, "avg_daily_kwh": 223.06363953495668, "psh_daily_kwh": 242.01864347605317, "canopy_area_m2": 328.82967863594178, "lon": -73.984461549027273, "lat": 40.722216309733163 }, "geometry": { "type": "Point", "coordinates": [ -73.984461549027273, 40.722216309733163 ] } },
{ "type": "Feature", "properties": { "name": null, "bbl": "1003970022", "shape_area": "346.6953125", "construction_year": "1910", "ground_elevation": "23", "mappluto_bbl": "1003970022", "objectid": "323439", "feature_code": "2100", "shape_length": "106.59972765515968", "height_roof": "66.34", "last_status_type": "Constructed", "bin": "1077497", "last_edited_date": "2017-08-22T19:37:10Z", "geom_source": "Photogrammetric", "doitt_id": "729623", "address": "181 EAST 2 STREET", "bldgclass": "C4", "numfloors": 6.0, "unitsres": 50, "yearbuilt": 1910, "latitude": 40.7222169, "longitude": -73.9845123, "roof_area_m2": 386.85844545404916, "pv_kw_dc": 65.765935727188364, "annual_kwh": 81418.228430259187, "avg_daily_kwh": 223.06363953495668, "psh_daily_kwh": 242.01864347605317, "canopy_area_m2": 328.82967863594178, "lon": -73.984461549027273, "lat": 40.722216309733163 }, "geometry": { "type": "Point", "coordinates": [ -73.984461549027273, 40.722216309733163 ] } },
{ "type": "Feature", "properties": { "name": null, "bbl": "1003550067", "shape_area": "554.9453125", "construction_year": "1900", "ground_elevation": "28", "mappluto_bbl": "1003550067", "objectid": "944434", "feature_code": "2100", "shape_length": "131.2174273025081", "height_roof": "66.5", "last_status_type": "Constructed", "bin": "1004342", "last_edited_date": "2017-08-22T19:03:12Z", "geom_source": "Photogrammetric", "doitt_id": "426783", "address": "157 SUFFOLK STREET", "bldgclass": "C1", "numfloors": 6.0, "unitsres": 35, "yearbuilt": 1900, "latitude": 40.7209407, "longitude": -73.9853748, "roof_area_m2": 318.43421354574645, "pv_kw_dc": 54.133816302776893, "annual_kwh": 67017.664582837795, "avg_daily_kwh": 183.61003995298026, "psh_daily_kwh": 199.21244399421897, "canopy_area_m2": 270.66908151388446, "lon": -73.985354480117607, "lat": 40.720944698286822 }, "geometry": { "type": "Point", "coordinates": [ -73.985354480117607, 40.720944698286822 ] } },
{ "type": "Feature", "properties": { "name": null, "bbl": "1003500050", "shape_area": "326.19140625", "construction_year": "1930", "ground_elevation": "22", "mappluto_bbl": "1003500050", "objectid": "421730", "feature_code": "2100", "shape_length": "79.9583902045419", "height_roof": "58.51", "last_status_type": "Constructed", "bin": "1004264", "last_edited_date": "2017-08-22T18:16:47Z", "geom_source": "Photogrammetric", "doitt_id": "128840", "address": "6 CLINTON STREET", "bldgclass": "C4", "numfloors": 6.0, "unitsres": 20, "yearbuilt": 1930, "latitude": 40.721031, "longitude": -73.9838091, "roof_area_m2": 187.17822063021416, "pv_kw_dc": 31.820297507136406, "annual_kwh": 39393.528313834868, "avg_daily_kwh": 107.92747483242429, "psh_daily_kwh": 117.09869482626196, "canopy_area_m2": 159.10148753568203, "lon": -73.98383853099449, "lat": 40.721050568014107 }, "geometry": { "type": "Point", "coordinates": [ -73.98383853099449, 40.721050568014107 ] } },
{ "type": "Feature", "properties": { "name": null, "bbl": "1003500051", "shape_area": "434.11328125", "construction_year": "1920", "ground_elevation": "21", "mappluto_bbl": "1003500051", "objectid": "183452", "feature_code": "2100", "shape_length": "94.574588004300963", "height_roof": "70.47", "last_status_type": "Constructed", "bin": "1004265", "last_edited_date": "2017-08-22T17:50:02Z", "geom_source": "Photogrammetric", "doitt_id": "756386", "address": "299 EAST HOUSTON STREET", "bldgclass": "C7", "numfloors": 6.0, "unitsres": 15, "yearbuilt": 1920, "latitude": 40.7211793, "longitude": -73.9838271, "roof_area_m2": 249.11048339023492, "pv_kw_dc": 42.348782176339938, "annual_kwh": 52427.792334308841, "avg_daily_kwh": 143.63778721728448, "psh_daily_kwh": 155.84351840893098, "canopy_area_m2": 211.74391088169966, "lon": -73.983821381667113, "lat": 40.721203875702336 }, "geometry": { "type": "Point", "coordinates": [ -73.983821381667113, 40.721203875702336 ] } },
{ "type": "Feature", "properties": { "name": null, "bbl": "1003550044", "shape_area": "334.23046875", "construction_year": "1900", "ground_elevation": "28", "mappluto_bbl": "1003550044", "objectid": "266515", "feature_code": "2100", "shape_length": "91.172519494011254", "height_roof": "65.66", "last_status_type": "Constructed", "bin": "1004330", "last_edited_date": "2017-08-22T19:38:20Z", "geom_source": "Photogrammetric", "doitt_id": "448280", "address": "178 NORFOLK STREET", "bldgclass": "C7", "numfloors": 6.0, "unitsres": 20, "yearbuilt": 1900, "latitude": 40.7212673, "longitude": -73.9856057, "roof_area_m2": 191.78586666095023, "pv_kw_dc": 32.603597332361538, "annual_kwh": 40363.253497463586, "avg_daily_kwh": 110.58425615743448, "psh_daily_kwh": 119.98123818309045, "canopy_area_m2": 163.0179866618077, "lon": -73.985614725575545, "lat": 40.721283437357009 }, "geometry": { "type": "Point", "coordinates": [ -73.985614725575545, 40.721283437357009 ] } },
{ "type": "Feature", "properties": { "name": null, "bbl": "1003550046", "shape_area": "311.49609375", "construction_year": "1900", "ground_elevation": "28", "mappluto_bbl": "1003550046", "objectid": "25318", "feature_code": "2100", "shape_length": "99.173116909644918", "height_roof": "65.56", "last_status_type": "Constructed", "bin": "1083430", "last_edited_date": "2017-08-22T17:34:03Z", "geom_source": "Photogrammetric", "doitt_id": "148453", "address": "184 NORFOLK STREET", "bldgclass": "C4", "numfloors": 6.0, "unitsres": 38, "yearbuilt": 1900, "latitude": 40.7214293, "longitude": -73.9855227, "roof_area_m2": 357.56022810329921, "pv_kw_dc": 60.78523877756087, "annual_kwh": 75252.125606620364, "avg_daily_kwh": 206.17020714142566, "psh_daily_kwh": 223.68967870142399, "canopy_area_m2": 303.92619388780435, "lon": -73.985556873825118, "lat": 40.721413832516014 }, "geometry": { "type": "Point", "coordinates": [ -73.985556873825118, 40.721413832516014 ] } },
{ "type": "Feature", "properties": { "name": null, "bbl": "1003550046", "shape_area": "311.49609375", "construction_year": "1900", "ground_elevation": "28", "mappluto_bbl": "1003550046", "objectid": "25318", "feature_code": "2100", "shape_length": "99.173116909644918", "height_roof": "65.56", "last_status_type": "Constructed", "bin": "1083430", "last_edited_date": "2017-08-22T17:34:03Z", "geom_source": "Photogrammetric", "doitt_id": "148453", "address": "184 NORFOLK STREET", "bldgclass": "C4", "numfloors": 6.0, "unitsres": 38, "yearbuilt": 1900, "latitude": 40.7214293, "longitude": -73.9855227, "roof_area_m2": 357.56022810329921, "pv_kw_dc": 60.78523877756087, "annual_kwh": 75252.125606620364, "avg_daily_kwh": 206.17020714142566, "psh_daily_kwh": 223.68967870142399, "canopy_area_m2": 303.92619388780435, "lon": -73.985556873825118, "lat": 40.721413832516014 }, "geometry": { "type": "Point", "coordinates": [ -73.985556873825118, 40.721413832516014 ] } },
{ "type": "Feature", "properties": { "name": null, "bbl": "1003550046", "shape_area": "311.61328125", "construction_year": "1900", "ground_elevation": "28", "mappluto_bbl": "1003550046", "objectid": "995652", "feature_code": "2100", "shape_length": "99.227532822998612", "height_roof": "64.84", "last_status_type": "Constructed", "bin": "1083431", "last_edited_date": "2017-08-22T18:06:35Z", "geom_source": "Photogrammetric", "doitt_id": "651657", "address": "184 NORFOLK STREET", "bldgclass": "C4", "numfloors": 6.0, "unitsres": 38, "yearbuilt": 1900, "latitude": 40.7214293, "longitude": -73.9855227, "roof_area_m2": 357.56022810329921, "pv_kw_dc": 60.78523877756087, "annual_kwh": 75252.125606620364, "avg_daily_kwh": 206.17020714142566, "psh_daily_kwh": 223.68967870142399, "canopy_area_m2": 303.92619388780435, "lon": -73.98552385968236, "lat": 40.721478616170963 }, "geometry": { "type": "Point", "coordinates": [ -73.98552385968236, 40.721478616170963 ] } },
{ "type": "Feature", "properties": { "name": null, "bbl": "1003550046", "shape_area": "311.61328125", "construction_year": "1900", "ground_elevation": "28", "mappluto_bbl": "1003550046", "objectid": "995652", "feature_code": "2100", "shape_length": "99.227532822998612", "height_roof": "64.84", "last_status_type": "Constructed", "bin": "1083431", "last_edited_date": "2017-08-22T18:06:35Z", "geom_source": "Photogrammetric", "doitt_id": "651657", "address": "184 NORFOLK STREET", "bldgclass": "C4", "numfloors": 6.0, "unitsres": 38, "yearbuilt": 1900, "latitude": 40.7214293, "longitude": -73.9855227, "roof_area_m2": 357.56022810329921, "pv_kw_dc": 60.78523877756087, "annual_kwh": 75252.125606620364, "avg_daily_kwh": 206.17020714142566, "psh_daily_kwh": 223.68967870142399, "canopy_area_m2": 303.92619388780435, "lon": -73.98552385968236, "lat": 40.721478616170963 }, "geometry": { "type": "Point", "coordinates": [ -73.98552385968236, 40.721478616170963 ] } },
{ "type": "Feature", "properties": { "name": null, "bbl": "1003550048", "shape_area": "223.37109375", "construction_year": "1900", "ground_elevation": "27", "mappluto_bbl": "1003550048", "objectid": "734444", "feature_code": "2100", "shape_length": "79.397453120284226", "height_roof": "64.19", "last_status_type": "Constructed", "bin": "1004332", "last_edited_date": "2017-08-22T19:11:56Z", "geom_source": "Photogrammetric", "doitt_id": "763186", "address": "188 NORFOLK STREET", "bldgclass": "C4", "numfloors": 6.0, "unitsres": 13, "yearbuilt": 1900, "latitude": 40.7215363, "longitude": -73.9855154, "roof_area_m2": 128.16162772974087, "pv_kw_dc": 21.787476714055948, "annual_kwh": 26972.896172001263, "avg_daily_kwh": 73.898345676715792, "psh_daily_kwh": 80.177914307725885, "canopy_area_m2": 108.93738357027974, "lon": -73.985526527908192, "lat": 40.721552994778939 }, "geometry": { "type": "Point", "coordinates": [ -73.985526527908192, 40.721552994778939 ] } },
{ "type": "Feature", "properties": { "name": null, "bbl": "1003500007", "shape_area": "374", "construction_year": "1910", "ground_elevation": "24", "mappluto_bbl": "1003500007", "objectid": "200739", "feature_code": "2100", "shape_length": "92.627468823465847", "height_roof": "73.69", "last_status_type": "Constructed", "bin": "1004239", "last_edited_date": "2017-08-22T19:19:52Z", "geom_source": "Photogrammetric", "doitt_id": "512110", "address": "178 SUFFOLK STREET", "bldgclass": "C6", "numfloors": 6.0, "unitsres": 6, "yearbuilt": 1910, "latitude": 40.7210806, "longitude": -73.9847327, "roof_area_m2": 214.6131283858291, "pv_kw_dc": 36.484231825590946, "annual_kwh": 45167.479000081592, "avg_daily_kwh": 123.74651780844272, "psh_daily_kwh": 134.26197311817467, "canopy_area_m2": 182.42115912795472, "lon": -73.984741049103874, "lat": 40.721096223312884 }, "geometry": { "type": "Point", "coordinates": [ -73.984741049103874, 40.721096223312884 ] } },
{ "type": "Feature", "properties": { "name": null, "bbl": "1003550062", "shape_area": "302.375", "construction_year": "1900", "ground_elevation": "28", "mappluto_bbl": "1003550062", "objectid": "415852", "feature_code": "2100", "shape_length": "98.700403273651148", "height_roof": "68.51", "last_status_type": "Constructed", "bin": "1004340", "last_edited_date": "2017-08-22T18:52:54Z", "geom_source": "Photogrammetric", "doitt_id": "823566", "address": "167 SUFFOLK STREET", "bldgclass": "C4", "numfloors": 6.0, "unitsres": 26, "yearbuilt": 1900, "latitude": 40.7211959, "longitude": -73.9852449, "roof_area_m2": 348.62411992247075, "pv_kw_dc": 59.266100386820028, "annual_kwh": 73371.432278883192, "avg_daily_kwh": 201.01762268187176, "psh_daily_kwh": 218.09924942349767, "canopy_area_m2": 296.33050193410014, "lon": -73.985237887890861, "lat": 40.721169835532798 }, "geometry": { "type": "Point", "coordinates": [ -73.985237887890861, 40.721169835532798 ] } },
{ "type": "Feature", "properties": { "name": null, "bbl": "1003550062", "shape_area": "302.375", "construction_year": "1900", "ground_elevation": "28", "mappluto_bbl": "1003550062", "objectid": "415852", "feature_code": "2100", "shape_length": "98.700403273651148", "height_roof": "68.51", "last_status_type": "Constructed", "bin": "1004340", "last_edited_date": "2017-08-22T18:52:54Z", "geom_source": "Photogrammetric", "doitt_id": "823566", "address": "167 SUFFOLK STREET", "bldgclass": "C4", "numfloors": 6.0, "unitsres": 26, "yearbuilt": 1900, "latitude": 40.7211959, "longitude": -73.9852449, "roof_area_m2": 348.62411992247075, "pv_kw_dc": 59.266100386820028, "annual_kwh": 73371.432278883192, "avg_daily_kwh": 201.01762268187176, "psh_daily_kwh": 218.09924942349767, "canopy_area_m2": 296.33050193410014, "lon": -73.985237887890861, "lat": 40.721169835532798 }, "geometry": { "type": "Point", "coordinates": [ -73.985237887890861, 40.721169835532798 ] } },
{ "type": "Feature", "properties": { "name": null, "bbl": "1003550062", "shape_area": "305.1796875", "construction_year": "1900", "ground_elevation": "27", "mappluto_bbl": "1003550062", "objectid": "567313", "feature_code": "2100", "shape_length": "99.304172841339138", "height_roof": "69.84", "last_status_type": "Constructed", "bin": "1004339", "last_edited_date": "2017-08-22T18:47:30Z", "geom_source": "Photogrammetric", "doitt_id": "371068", "address": "167 SUFFOLK STREET", "bldgclass": "C4", "numfloors": 6.0, "unitsres": 26, "yearbuilt": 1900, "latitude": 40.7211959, "longitude": -73.9852449, "roof_area_m2": 348.62411992247075, "pv_kw_dc": 59.266100386820028, "annual_kwh": 73371.432278883192, "avg_daily_kwh": 201.01762268187176, "psh_daily_kwh": 218.09924942349767, "canopy_area_m2": 296.33050193410014, "lon": -73.98520513434417, "lat": 40.721233861688518 }, "geometry": { "type": "Point", "coordinates": [ -73.98520513434417, 40.721233861688518 ] } },
{ "type": "Feature", "properties": { "name": null, "bbl": "1003550062", "shape_area": "305.1796875", "construction_year": "1900", "ground_elevation": "27", "mappluto_bbl": "1003550062", "objectid": "567313", "feature_code": "2100", "shape_length": "99.304172841339138", "height_roof": "69.84", "last_status_type": "Constructed", "bin": "1004339", "last_edited_date": "2017-08-22T18:47:30Z", "geom_source": "Photogrammetric", "doitt_id": "371068", "address": "167 SUFFOLK STREET", "bldgclass": "C4", "numfloors": 6.0, "unitsres": 26, "yearbuilt": 1900, "latitude": 40.7211959, "longitude": -73.9852449, "roof_area_m2": 348.62411992247075, "pv_kw_dc": 59.266100386820028, "annual_kwh": 73371.432278883192, "avg_daily_kwh": 201.01762268187176, "psh_daily_kwh": 218.09924942349767, "canopy_area_m2": 296.33050193410014, "lon": -73.98520513434417, "lat": 40.721233861688518 }, "geometry": { "type": "Point", "coordinates": [ -73.98520513434417, 40.721233861688518 ] } },
{ "type": "Feature", "properties": { "name": null, "bbl": "1003500012", "shape_area": "318.3828125", "construction_year": "1920", "ground_elevation": "23", "mappluto_bbl": "1003500012", "objectid": "679896", "feature_code": "2100", "shape_length": "88.211199396091388", "height_roof": "69.27", "last_status_type": "Constructed", "bin": "1004241", "last_edited_date": "2017-08-22T18:45:20Z", "geom_source": "Photogrammetric", "doitt_id": "424332", "address": "271 EAST HOUSTON STREET", "bldgclass": "C7", "numfloors": 6.0, "unitsres": 15, "yearbuilt": 1920, "latitude": 40.7214566, "longitude": -73.9846604, "roof_area_m2": 182.69407217784925, "pv_kw_dc": 31.057992270234372, "annual_kwh": 38449.794430550151, "avg_daily_kwh": 105.34190254945247, "psh_daily_kwh": 114.29341155446248, "canopy_area_m2": 155.28996135117185, "lon": -73.984657603989234, "lat": 40.721469926994608 }, "geometry": { "type": "Point", "coordinates": [ -73.984657603989234, 40.721469926994608 ] } },
{ "type": "Feature", "properties": { "name": null, "bbl": "1003970018", "shape_area": "281.7734375", "construction_year": "1900", "ground_elevation": "24", "mappluto_bbl": "1003970018", "objectid": "148588", "feature_code": "2100", "shape_length": "97.6809701087372", "height_roof": "62.6", "last_status_type": "Constructed", "bin": "1004948", "last_edited_date": "2017-08-22T17:37:42Z", "geom_source": "Photogrammetric", "doitt_id": "45316", "address": "171 EAST 2 STREET", "bldgclass": "C1", "numfloors": 6.0, "unitsres": 18, "yearbuilt": 1900, "latitude": 40.7223734, "longitude": -73.9848911, "roof_area_m2": 161.68346494141946, "pv_kw_dc": 27.48618904004131, "annual_kwh": 34027.902031571139, "avg_daily_kwh": 93.227128853619561, "psh_daily_kwh": 101.14917566735203, "canopy_area_m2": 137.43094520020654, "lon": -73.984883947716511, "lat": 40.722401192981899 }, "geometry": { "type": "Point", "coordinates": [ -73.984883947716511, 40.722401192981899 ] } },
{ "type": "Feature", "properties": { "name": null, "bbl": "1003980053", "shape_area": "460.484375", "construction_year": "1900", "ground_elevation": "23", "mappluto_bbl": "1003980053", "objectid": "802602", "feature_code": "2100", "shape_length": "112.26959715527606", "height_roof": "64.03", "last_status_type": "Constructed", "bin": "1004984", "last_edited_date": "2017-08-22T17:31:44Z", "geom_source": "Photogrammetric", "doitt_id": "247299", "address": "170 EAST 2 STREET", "bldgclass": "C7", "numfloors": 6.0, "unitsres": 36, "yearbuilt": 1900, "latitude": 40.7227796, "longitude": -73.9846457, "roof_area_m2": 264.2270834286204, "pv_kw_dc": 44.918604182865465, "annual_kwh": 55609.231978387448, "avg_daily_kwh": 152.35406021476012, "psh_daily_kwh": 165.30046339294492, "canopy_area_m2": 224.59302091432733, "lon": -73.984659327900928, "lat": 40.722769116717593 }, "geometry": { "type": "Point", "coordinates": [ -73.984659327900928, 40.722769116717593 ] } },
{ "type": "Feature", "properties": { "name": null, "bbl": "1003970022", "shape_area": "327.51171875", "construction_year": "1910", "ground_elevation": "23", "mappluto_bbl": "1003970022", "objectid": "902935", "feature_code": "2100", "shape_length": "103.44857436957889", "height_roof": "66.66", "last_status_type": "Constructed", "bin": "1077488", "last_edited_date": "2017-08-22T18:25:29Z", "geom_source": "Photogrammetric", "doitt_id": "800988", "address": "181 EAST 2 STREET", "bldgclass": "C4", "numfloors": 6.0, "unitsres": 50, "yearbuilt": 1910, "latitude": 40.7222169, "longitude": -73.9845123, "roof_area_m2": 386.85844545404916, "pv_kw_dc": 65.765935727188364, "annual_kwh": 81418.228430259187, "avg_daily_kwh": 223.06363953495668, "psh_daily_kwh": 242.01864347605317, "canopy_area_m2": 328.82967863594178, "lon": -73.984547023648076, "lat": 40.722256834260534 }, "geometry": { "type": "Point", "coordinates": [ -73.984547023648076, 40.722256834260534 ] } },
{ "type": "Feature", "properties": { "name": null, "bbl": "1003970022", "shape_area": "327.51171875", "construction_year": "1910", "ground_elevation": "23", "mappluto_bbl": "1003970022", "objectid": "902935", "feature_code": "2100", "shape_length": "103.44857436957889", "height_roof": "66.66", "last_status_type": "Constructed", "bin": "1077488", "last_edited_date": "2017-08-22T18:25:29Z", "geom_source": "Photogrammetric", "doitt_id": "800988", "address": "181 EAST 2 STREET", "bldgclass": "C4", "numfloors": 6.0, "unitsres": 50, "yearbuilt": 1910, "latitude": 40.7222169, "longitude": -73.9845123, "roof_area_m2": 386.85844545404916, "pv_kw_dc": 65.765935727188364, "annual_kwh": 81418.228430259187, "avg_daily_kwh": 223.06363953495668, "psh_daily_kwh": 242.01864347605317, "canopy_area_m2": 328.82967863594178, "lon": -73.984547023648076, "lat": 40.722256834260534 }, "geometry": { "type": "Point", "coordinates": [ -73.984547023648076, 40.722256834260534 ] } },
{ "type": "Feature", "properties": { "name": null, "bbl": "1003980043", "shape_area": "535.71484375", "construction_year": "1900", "ground_elevation": "22", "mappluto_bbl": "1003980043", "objectid": "925709", "feature_code": "2100", "shape_length": "136.57549382068589", "height_roof": "65.64", "last_status_type": "Constructed", "bin": "1004978", "last_edited_date": "2017-08-22T17:27:43Z", "geom_source": "Photogrammetric", "doitt_id": "640861", "address": "190 EAST 2 STREET", "bldgclass": "C7", "numfloors": 6.0, "unitsres": 28, "yearbuilt": 1900, "latitude": 40.7224858, "longitude": -73.9839495, "roof_area_m2": 307.39160549524496, "pv_kw_dc": 52.256572934191638, "annual_kwh": 64693.637292529245, "avg_daily_kwh": 177.24284189734041, "psh_daily_kwh": 192.30418839782521, "canopy_area_m2": 261.28286467095819, "lon": -73.983954731658088, "lat": 40.72248204630246 }, "geometry": { "type": "Point", "coordinates": [ -73.983954731658088, 40.72248204630246 ] } },
{ "type": "Feature", "properties": { "name": null, "bbl": "1004290045", "shape_area": "478.76171875", "construction_year": "1920", "ground_elevation": "28", "mappluto_bbl": "1004290045", "objectid": "116657", "feature_code": "2100", "shape_length": "111.33037124210152", "height_roof": "72.96", "last_status_type": "Constructed", "bin": "1005754", "last_edited_date": "2017-08-22T18:39:41Z", "geom_source": "Photogrammetric", "doitt_id": "471798", "address": "114 EAST 1 STREET", "bldgclass": "C7", "numfloors": 6.0, "unitsres": 30, "yearbuilt": 1920, "latitude": 40.7227496, "longitude": -73.9865938, "roof_area_m2": 274.70653307088986, "pv_kw_dc": 46.700110622051277, "annual_kwh": 57814.736950099483, "avg_daily_kwh": 158.39653958931365, "psh_daily_kwh": 171.85640708914869, "canopy_area_m2": 233.50055311025636, "lon": -73.986606483344246, "lat": 40.722734940317395 }, "geometry": { "type": "Point", "coordinates": [ -73.986606483344246, 40.722734940317395 ] } },
{ "type": "Feature", "properties": { "name": null, "bbl": "1004290047", "shape_area": "404.85546875", "construction_year": "1900", "ground_elevation": "29", "mappluto_bbl": "1004290047", "objectid": "770307", "feature_code": "2100", "shape_length": "110.00178916127324", "height_roof": "68.15", "last_status_type": "Constructed", "bin": "1005755", "last_edited_date": "2017-08-22T17:32:06Z", "geom_source": "Photogrammetric", "doitt_id": "303830", "address": "110 EAST 1 STREET", "bldgclass": "C1", "numfloors": 6.0, "unitsres": 24, "yearbuilt": 1900, "latitude": 40.722799, "longitude": -73.9867129, "roof_area_m2": 232.30603863018203, "pv_kw_dc": 39.492026567130949, "annual_kwh": 48891.128890108113, "avg_daily_kwh": 133.94829832906333, "psh_daily_kwh": 145.33065776704188, "canopy_area_m2": 197.46013283565472, "lon": -73.986727754194206, "lat": 40.722784213706326 }, "geometry": { "type": "Point", "coordinates": [ -73.986727754194206, 40.722784213706326 ] } },
{ "type": "Feature", "properties": { "name": null, "bbl": "1003980061", "shape_area": "400.44140625", "construction_year": "1919", "ground_elevation": "24", "mappluto_bbl": "1003980061", "objectid": "425165", "feature_code": "2100", "shape_length": "95.301216143016191", "height_roof": "65.96", "last_status_type": "Constructed", "bin": "1004985", "last_edited_date": "2017-08-22T17:34:13Z", "geom_source": "Photogrammetric", "doitt_id": "48523", "address": "156 EAST 2 STREET", "bldgclass": "C7", "numfloors": 6.0, "unitsres": 26, "yearbuilt": 1919, "latitude": 40.7229718, "longitude": -73.9852012, "roof_area_m2": 229.76943632902726, "pv_kw_dc": 39.060804175934635, "annual_kwh": 48357.275569807076, "avg_daily_kwh": 132.48568649262214, "psh_daily_kwh": 143.74375936743945, "canopy_area_m2": 195.30402087967317, "lon": -73.985207955868646, "lat": 40.722970021039643 }, "geometry": { "type": "Point", "coordinates": [ -73.985207955868646, 40.722970021039643 ] } },
{ "type": "Feature", "properties": { "name": null, "bbl": "1003740041", "shape_area": "507.18359375", "construction_year": "1900", "ground_elevation": "10", "mappluto_bbl": "1003740041", "objectid": "333416", "feature_code": "2100", "shape_length": "127.25527519295269", "height_roof": "70.41", "last_status_type": "Constructed", "bin": "1004419", "last_edited_date": "2017-08-22T18:36:16Z", "geom_source": "Photogrammetric", "doitt_id": "133434", "address": "41 AVENUE D", "bldgclass": "C7", "numfloors": 6.0, "unitsres": 20, "yearbuilt": 1900, "latitude": 40.7214967, "longitude": -73.9779503, "roof_area_m2": 291.0274477417687, "pv_kw_dc": 49.474666116100678, "annual_kwh": 61249.636651732639, "avg_daily_kwh": 167.8072237033771, "psh_daily_kwh": 182.06677130725049, "canopy_area_m2": 247.37333058050339, "lon": -73.97793892123336, "lat": 40.721501991849998 }, "geometry": { "type": "Point", "coordinates": [ -73.97793892123336, 40.721501991849998 ] } },
{ "type": "Feature", "properties": { "name": null, "bbl": "1003730019", "shape_area": "464.84765625", "construction_year": "1920", "ground_elevation": "13", "mappluto_bbl": "1003730019", "objectid": "492917", "feature_code": "2100", "shape_length": "121.90414022938234", "height_roof": "63.23", "last_status_type": "Constructed", "bin": "1004387", "last_edited_date": "2017-08-22T17:45:20Z", "geom_source": "Photogrammetric", "doitt_id": "105272", "address": "332 EAST 4 STREET", "bldgclass": "C7", "numfloors": 6.0, "unitsres": 28, "yearbuilt": 1920, "latitude": 40.7215655, "longitude": -73.9790506, "roof_area_m2": 266.73631076792043, "pv_kw_dc": 45.345172830546474, "annual_kwh": 56137.323964216535, "avg_daily_kwh": 153.80088757319598, "psh_daily_kwh": 166.87023601641101, "canopy_area_m2": 226.72586415273236, "lon": -73.979037131450568, "lat": 40.721587515454019 }, "geometry": { "type": "Point", "coordinates": [ -73.979037131450568, 40.721587515454019 ] } },
{ "type": "Feature", "properties": { "name": null, "bbl": "1003730017", "shape_area": "248.49609375", "construction_year": "1900", "ground_elevation": "11", "mappluto_bbl": "1003730017", "objectid": "87833", "feature_code": "2100", "shape_length": "70.241141605195025", "height_roof": "62.0000255", "last_status_type": "Constructed", "bin": "1004385", "last_edited_date": "2017-08-22T18:23:07Z", "geom_source": "Photogrammetric", "doitt_id": "165942", "address": "328 EAST 4 STREET", "bldgclass": "C1", "numfloors": 6.0, "unitsres": 10, "yearbuilt": 1900, "latitude": 40.7216424, "longitude": -73.9792273, "roof_area_m2": 142.5875241951384, "pv_kw_dc": 24.239879113173529, "annual_kwh": 30008.970342108831, "avg_daily_kwh": 82.216357101668024, "psh_daily_kwh": 89.202755136478586, "canopy_area_m2": 121.19939556586763, "lon": -73.979199012522969, "lat": 40.721689700371087 }, "geometry": { "type": "Point", "coordinates": [ -73.979199012522969, 40.721689700371087 ] } },
{ "type": "Feature", "properties": { "name": null, "bbl": "1003730016", "shape_area": "228.546875", "construction_year": "1899", "ground_elevation": "13", "mappluto_bbl": "1003730016", "objectid": "87831", "feature_code": "2100", "shape_length": "68.665191611580852", "height_roof": "59.93925243", "last_status_type": "Constructed", "bin": "1004384", "last_edited_date": "2017-08-22T19:00:44Z", "geom_source": "Photogrammetric", "doitt_id": "554907", "address": "326 EAST 4 STREET", "bldgclass": "C1", "numfloors": 6.0, "unitsres": 10, "yearbuilt": 1899, "latitude": 40.7216726, "longitude": -73.9792994, "roof_area_m2": 131.14715017893764, "pv_kw_dc": 22.295015530419398, "annual_kwh": 27601.229226659216, "avg_daily_kwh": 75.619806100436207, "psh_daily_kwh": 82.045657151943388, "canopy_area_m2": 111.47507765209699, "lon": -73.979272771522915, "lat": 40.721721255376622 }, "geometry": { "type": "Point", "coordinates": [ -73.979272771522915, 40.721721255376622 ] } },
{ "type": "Feature", "properties": { "name": null, "bbl": "1003750042", "shape_area": "300.109375", "construction_year": "1900", "ground_elevation": "10", "mappluto_bbl": "1003750042", "objectid": "433816", "feature_code": "2100", "shape_length": "85.611642642437943", "height_roof": "68.7", "last_status_type": "Constructed", "bin": "1004447", "last_edited_date": "2017-08-22T18:34:07Z", "geom_source": "Photogrammetric", "doitt_id": "576060", "address": "63 AVENUE D", "bldgclass": "C7", "numfloors": 6.0, "unitsres": 16, "yearbuilt": 1900, "latitude": 40.7221608, "longitude": -73.9774738, "roof_area_m2": 172.20466928264116, "pv_kw_dc": 29.274793778048998, "annual_kwh": 36242.194697224659, "avg_daily_kwh": 99.293684101985363, "psh_daily_kwh": 107.73124110322031, "canopy_area_m2": 146.37396889024498, "lon": -73.977451523657706, "lat": 40.722162805154902 }, "geometry": { "type": "Point", "coordinates": [ -73.977451523657706, 40.722162805154902 ] } },
{ "type": "Feature", "properties": { "name": null, "bbl": "1003750039", "shape_area": "379.9453125", "construction_year": "1910", "ground_elevation": "12", "mappluto_bbl": "1003750039", "objectid": "836430", "feature_code": "2100", "shape_length": "107.52876534826073", "height_roof": "64.15", "last_status_type": "Constructed", "bin": "1004445", "last_edited_date": "2017-08-22T17:31:22Z", "geom_source": "Photogrammetric", "doitt_id": "231140", "address": "67 AVENUE D", "bldgclass": "C7", "numfloors": 6.0, "unitsres": 16, "yearbuilt": 1910, "latitude": 40.7223008, "longitude": -73.97738, "roof_area_m2": 218.01976932161983, "pv_kw_dc": 37.063360784675375, "annual_kwh": 45884.440651428115, "avg_daily_kwh": 125.7107963052825, "psh_daily_kwh": 136.39316768760537, "canopy_area_m2": 185.31680392337685, "lon": -73.977356653991194, "lat": 40.722305070187971 }, "geometry": { "type": "Point", "coordinates": [ -73.977356653991194, 40.722305070187971 ] } },
{ "type": "Feature", "properties": { "name": null, "bbl": "1003740065", "shape_area": "484.06640625", "construction_year": "1900", "ground_elevation": "7", "mappluto_bbl": "1003740065", "objectid": "560797", "feature_code": "2100", "shape_length": "114.19264463080673", "height_roof": "73.05", "last_status_type": "Constructed", "bin": "1004423", "last_edited_date": "2017-08-22T18:29:14Z", "geom_source": "Photogrammetric", "doitt_id": "512761", "address": "307 EAST 4 STREET", "bldgclass": "C6", "numfloors": 6.0, "unitsres": 20, "yearbuilt": 1900, "latitude": 40.722271, "longitude": -73.9795807, "roof_area_m2": 277.75853955034177, "pv_kw_dc": 47.218951723558099, "annual_kwh": 58457.062233764926, "avg_daily_kwh": 160.15633488702719, "psh_daily_kwh": 173.76574234269378, "canopy_area_m2": 236.09475861779049, "lon": -73.979586530705546, "lat": 40.722262242112912 }, "geometry": { "type": "Point", "coordinates": [ -73.979586530705546, 40.722262242112912 ] } },
{ "type": "Feature", "properties": { "name": null, "bbl": "1003750030", "shape_area": "473.10546875", "construction_year": "1902", "ground_elevation": "12", "mappluto_bbl": "1003750030", "objectid": "926397", "feature_code": "2100", "shape_length": "116.6547929903833", "height_roof": "66.88", "last_status_type": "Constructed", "bin": "1004442", "last_edited_date": "2017-08-22T18:25:00Z", "geom_source": "Photogrammetric", "doitt_id": "66679", "address": "742 EAST 6 STREET", "bldgclass": "C6", "numfloors": 6.0, "unitsres": 19, "yearbuilt": 1902, "latitude": 40.7226247, "longitude": -73.9777875, "roof_area_m2": 271.46837872770692, "pv_kw_dc": 46.149624383710176, "annual_kwh": 57133.234987033196, "avg_daily_kwh": 156.52941092337863, "psh_daily_kwh": 169.83061773205344, "canopy_area_m2": 230.74812191855088, "lon": -73.977770467392077, "lat": 40.722646677424656 }, "geometry": { "type": "Point", "coordinates": [ -73.977770467392077, 40.722646677424656 ] } },
{ "type": "Feature", "properties": { "name": null, "bbl": "1003760041", "shape_area": "522.734375", "construction_year": "1900", "ground_elevation": "12", "mappluto_bbl": "1003760041", "objectid": "411802", "feature_code": "2100", "shape_length": "124.69092311117305", "height_roof": "66.11", "last_status_type": "Constructed", "bin": "1004491", "last_edited_date": "2017-08-22T17:46:39Z", "geom_source": "Photogrammetric", "doitt_id": "583414", "address": "745 EAST 6 STREET", "bldgclass": "C6", "numfloors": 6.0, "unitsres": 28, "yearbuilt": 1900, "latitude": 40.7228799, "longitude": -73.9772679, "roof_area_m2": 299.93298184116907, "pv_kw_dc": 50.98860691299874, "annual_kwh": 63123.895358292444, "avg_daily_kwh": 172.9421790638149, "psh_daily_kwh": 187.63807343983535, "canopy_area_m2": 254.9430345649937, "lon": -73.977274360378729, "lat": 40.722874752894654 }, "geometry": { "type": "Point", "coordinates": [ -73.977274360378729, 40.722874752894654 ] } },
{ "type": "Feature", "properties": { "name": null, "bbl": "1003740006", "shape_area": "415.3984375", "construction_year": "1910", "ground_elevation": "12", "mappluto_bbl": "1003740006", "objectid": "995379", "feature_code": "2100", "shape_length": "116.76817604239393", "height_roof": "67.33", "last_status_type": "Constructed", "bin": "1004413", "last_edited_date": "2017-08-22T18:40:58Z", "geom_source": "Photogrammetric", "doitt_id": "656919", "address": "64 AVENUE C", "bldgclass": "C6", "numfloors": 6.0, "unitsres": 16, "yearbuilt": 1910, "latitude": 40.7225921, "longitude": -73.979613, "roof_area_m2": 238.341120912702, "pv_kw_dc": 40.517990555159344, "annual_kwh": 50161.272307287269, "avg_daily_kwh": 137.42814330763636, "psh_daily_kwh": 149.10620524298639, "canopy_area_m2": 202.58995277579669, "lon": -73.979629436519474, "lat": 40.722608747900722 }, "geometry": { "type": "Point", "coordinates": [ -73.979629436519474, 40.722608747900722 ] } },
{ "type": "Feature", "properties": { "name": null, "bbl": "1003740008", "shape_area": "283.8828125", "construction_year": "1900", "ground_elevation": "11", "mappluto_bbl": "1003740008", "objectid": "547128", "feature_code": "2100", "shape_length": "86.784247274933492", "height_roof": "64.06", "last_status_type": "Constructed", "bin": "1004414", "last_edited_date": "2017-08-22T17:56:38Z", "geom_source": "Photogrammetric", "doitt_id": "280772", "address": "702 EAST 5 STREET", "bldgclass": "C6", "numfloors": 6.0, "unitsres": 8, "yearbuilt": 1900, "latitude": 40.72268, "longitude": -73.9795481, "roof_area_m2": 162.88868196470676, "pv_kw_dc": 27.691075934000153, "annual_kwh": 34281.552006292193, "avg_daily_kwh": 93.922060291211494, "psh_daily_kwh": 101.90315943712056, "canopy_area_m2": 138.45537967000075, "lon": -73.979552927907577, "lat": 40.722695842495291 }, "geometry": { "type": "Point", "coordinates": [ -73.979552927907577, 40.722695842495291 ] } },
{ "type": "Feature", "properties": { "name": null, "bbl": "1003870143", "shape_area": "326.015625", "construction_year": "1900", "ground_elevation": "9", "mappluto_bbl": "1003870143", "objectid": "655066", "feature_code": "2100", "shape_length": "89.167773430784848", "height_roof": "68.57", "last_status_type": "Constructed", "bin": "1004659", "last_edited_date": "2017-08-22T17:41:35Z", "geom_source": "Photogrammetric", "doitt_id": "381125", "address": "653 EAST 5 STREET", "bldgclass": "C6", "numfloors": 6.0, "unitsres": 8, "yearbuilt": 1900, "latitude": 40.7230972, "longitude": -73.9799231, "roof_area_m2": 187.06461700521214, "pv_kw_dc": 31.800984890886067, "annual_kwh": 39369.619294916949, "avg_daily_kwh": 107.86197067100534, "psh_daily_kwh": 117.02762439846072, "canopy_area_m2": 159.00492445443032, "lon": -73.97991561880184, "lat": 40.723106934074927 }, "geometry": { "type": "Point", "coordinates": [ -73.97991561880184, 40.723106934074927 ] } },
{ "type": "Feature", "properties": { "name": null, "bbl": "1003870141", "shape_area": "326.015625", "construction_year": "1920", "ground_elevation": "10", "mappluto_bbl": "1003870141", "objectid": "22827", "feature_code": "2100", "shape_length": "91.134836968365136", "height_roof": "61.67", "last_status_type": "Constructed", "bin": "1004658", "last_edited_date": "2017-08-22T18:17:04Z", "geom_source": "Photogrammetric", "doitt_id": "300618", "address": "73 AVENUE C", "bldgclass": "C6", "numfloors": 6.0, "unitsres": 16, "yearbuilt": 1920, "latitude": 40.7231713, "longitude": -73.9798654, "roof_area_m2": 187.06587551228924, "pv_kw_dc": 31.801198837089171, "annual_kwh": 39369.884160316396, "avg_daily_kwh": 107.86269632963396, "psh_daily_kwh": 117.02841172048814, "canopy_area_m2": 159.00599418544584, "lon": -73.979834714259397, "lat": 40.723169756058681 }, "geometry": { "type": "Point", "coordinates": [ -73.979834714259397, 40.723169756058681 ] } },
{ "type": "Feature", "properties": { "name": null, "bbl": "1003760031", "shape_area": "330.33984375", "construction_year": "1920", "ground_elevation": "12", "mappluto_bbl": "1003760031", "objectid": "527904", "feature_code": "2100", "shape_length": "103.02646605120546", "height_roof": "69.06", "last_status_type": "Constructed", "bin": "1004487", "last_edited_date": "2017-08-22T18:48:35Z", "geom_source": "Photogrammetric", "doitt_id": "24915", "address": "276 EAST 7 STREET", "bldgclass": "C6", "numfloors": 6.0, "unitsres": 19, "yearbuilt": 1920, "latitude": 40.7230912, "longitude": -73.9770767, "roof_area_m2": 189.54383540063651, "pv_kw_dc": 32.222452018108207, "annual_kwh": 39891.395598417963, "avg_daily_kwh": 109.29149479018621, "psh_daily_kwh": 118.57862342663819, "canopy_area_m2": 161.11226009054104, "lon": -73.977059789367317, "lat": 40.72311657541664 }, "geometry": { "type": "Point", "coordinates": [ -73.977059789367317, 40.72311657541664 ] } },
{ "type": "Feature", "properties": { "name": null, "bbl": "1003760030", "shape_area": "328.34765625", "construction_year": "1910", "ground_elevation": "12", "mappluto_bbl": "1003760030", "objectid": "421742", "feature_code": "2100", "shape_length": "101.84249412967377", "height_roof": "69.06", "last_status_type": "Constructed", "bin": "1004486", "last_edited_date": "2017-08-22T17:34:04Z", "geom_source": "Photogrammetric", "doitt_id": "782494", "address": "274 EAST 7 STREET", "bldgclass": "C4", "numfloors": 6.0, "unitsres": 13, "yearbuilt": 1910, "latitude": 40.7231297, "longitude": -73.9771705, "roof_area_m2": 188.39737625264999, "pv_kw_dc": 32.027553962950499, "annual_kwh": 39650.111806132714, "avg_daily_kwh": 108.63044330447319, "psh_daily_kwh": 117.86139858365783, "canopy_area_m2": 160.13776981475249, "lon": -73.977152850291162, "lat": 40.723154165952614 }, "geometry": { "type": "Point", "coordinates": [ -73.977152850291162, 40.723154165952614 ] } },
{ "type": "Feature", "properties": { "name": null, "bbl": "1003760028", "shape_area": "334.16015625", "construction_year": "1900", "ground_elevation": "11", "mappluto_bbl": "1003760028", "objectid": "272586", "feature_code": "2100", "shape_length": "103.67720169631214", "height_roof": "70.06", "last_status_type": "Constructed", "bin": "1004485", "last_edited_date": "2017-08-22T19:38:20Z", "geom_source": "Photogrammetric", "doitt_id": "247891", "address": "272 EAST 7 STREET", "bldgclass": "C4", "numfloors": 6.0, "unitsres": 24, "yearbuilt": 1900, "latitude": 40.7231709, "longitude": -73.9772642, "roof_area_m2": 191.73559933492737, "pv_kw_dc": 32.595051886937654, "annual_kwh": 40352.674236028819, "avg_daily_kwh": 110.55527187953101, "psh_daily_kwh": 119.94979094393057, "canopy_area_m2": 162.97525943468827, "lon": -73.977248933176085, "lat": 40.723194203086962 }, "geometry": { "type": "Point", "coordinates": [ -73.977248933176085, 40.723194203086962 ] } },
{ "type": "Feature", "properties": { "name": null, "bbl": "1003760018", "shape_area": "311.83984375", "construction_year": "1928", "ground_elevation": "10", "mappluto_bbl": "1003760018", "objectid": "437530", "feature_code": "2100", "shape_length": "96.438980103524386", "height_roof": "68.41", "last_status_type": "Constructed", "bin": "1004476", "last_edited_date": "2017-08-22T19:34:53Z", "geom_source": "Photogrammetric", "doitt_id": "350078", "address": "250 EAST 7 STREET", "bldgclass": "C6", "numfloors": 6.0, "unitsres": 12, "yearbuilt": 1928, "latitude": 40.7234674, "longitude": -73.9779712, "roof_area_m2": 178.91879116092304, "pv_kw_dc": 30.416194497356919, "annual_kwh": 37655.248787727869, "avg_daily_kwh": 103.16506517185718, "psh_daily_kwh": 111.93159575027346, "canopy_area_m2": 152.08097248678459, "lon": -73.97795849829896, "lat": 40.723492968929179 }, "geometry": { "type": "Point", "coordinates": [ -73.97795849829896, 40.723492968929179 ] } },
{ "type": "Feature", "properties": { "name": null, "bbl": "1003760016", "shape_area": "308.58203125", "construction_year": "1928", "ground_elevation": "10", "mappluto_bbl": "1003760016", "objectid": "884016", "feature_code": "2100", "shape_length": "92.551473025997836", "height_roof": "68.41", "last_status_type": "Constructed", "bin": "1004475", "last_edited_date": "2017-08-22T17:28:13Z", "geom_source": "Photogrammetric", "doitt_id": "769229", "address": "248 EAST 7 STREET", "bldgclass": "C6", "numfloors": 6.0, "unitsres": 12, "yearbuilt": 1928, "latitude": 40.7235059, "longitude": -73.9780614, "roof_area_m2": 177.05834708359308, "pv_kw_dc": 30.099919004210825, "annual_kwh": 37263.699727213003, "avg_daily_kwh": 102.09232801976165, "psh_daily_kwh": 110.76770193549584, "canopy_area_m2": 150.49959502105412, "lon": -73.978045971613824, "lat": 40.723529455782653 }, "geometry": { "type": "Point", "coordinates": [ -73.978045971613824, 40.723529455782653 ] } },
{ "type": "Feature", "properties": { "name": null, "bbl": "1003760014", "shape_area": "452.453125", "construction_year": "1928", "ground_elevation": "10", "mappluto_bbl": "1003760014", "objectid": "537867", "feature_code": "2100", "shape_length": "117.72670419236613", "height_roof": "67.25", "last_status_type": "Constructed", "bin": "1004474", "last_edited_date": "2017-08-22T17:56:51Z", "geom_source": "Photogrammetric", "doitt_id": "486797", "address": "246 EAST 7 STREET", "bldgclass": "C1", "numfloors": 6.0, "unitsres": 24, "yearbuilt": 1928, "latitude": 40.7235553, "longitude": -73.9781733, "roof_area_m2": 259.60375848499461, "pv_kw_dc": 44.132638942449091, "annual_kwh": 54636.207010751976, "avg_daily_kwh": 149.68823838562184, "psh_daily_kwh": 162.40811130821265, "canopy_area_m2": 220.66319471224543, "lon": -73.978156367014449, "lat": 40.723578960191453 }, "geometry": { "type": "Point", "coordinates": [ -73.978156367014449, 40.723578960191453 ] } },
{ "type": "Feature", "properties": { "name": null, "bbl": "1003850002", "shape_area": "267.296875", "construction_year": "1900", "ground_elevation": "16", "mappluto_bbl": "1003850002", "objectid": "1062243", "feature_code": "2100", "shape_length": "83.359642424736791", "height_roof": "45", "last_status_type": "Split", "bin": "1082473", "last_edited_date": "2020-02-25T19:07:15Z", "geom_source": "Other (Manual)", "doitt_id": "434536", "address": "21 AVENUE B", "bldgclass": "C7", "numfloors": 6.0, "unitsres": 7, "yearbuilt": 1900, "latitude": 40.7220959, "longitude": -73.983109, "roof_area_m2": 153.37764382024574, "pv_kw_dc": 26.074199449441775, "annual_kwh": 32279.858918408918, "avg_daily_kwh": 88.437969639476492, "psh_daily_kwh": 95.953053973945728, "canopy_area_m2": 130.37099724720886, "lon": -73.983124550410338, "lat": 40.722109196665336 }, "geometry": { "type": "Point", "coordinates": [ -73.983124550410338, 40.722109196665336 ] } },
{ "type": "Feature", "properties": { "name": null, "bbl": "1003850003", "shape_area": "255.3828125", "construction_year": "1900", "ground_elevation": "16", "mappluto_bbl": "1003850003", "objectid": "57366", "feature_code": "2100", "shape_length": "75.052897299068022", "height_roof": "45", "last_status_type": "Split", "bin": "1090905", "last_edited_date": "2020-02-25T19:09:24Z", "geom_source": "Other (Manual)", "doitt_id": "1292145", "address": "23 AVENUE B", "bldgclass": "C7", "numfloors": 6.0, "unitsres": 7, "yearbuilt": 1900, "latitude": 40.7221645, "longitude": -73.9830585, "roof_area_m2": 146.53773991801575, "pv_kw_dc": 24.911415786062676, "annual_kwh": 30840.332743145595, "avg_daily_kwh": 84.494062309987925, "psh_daily_kwh": 91.674010092710645, "canopy_area_m2": 124.55707893031338, "lon": -73.983082593564191, "lat": 40.722190245783565 }, "geometry": { "type": "Point", "coordinates": [ -73.983082593564191, 40.722190245783565 ] } },
{ "type": "Feature", "properties": { "name": null, "bbl": "1003850055", "shape_area": "284.3046875", "construction_year": "1910", "ground_elevation": "17", "mappluto_bbl": "1003850055", "objectid": "222560", "feature_code": "2100", "shape_length": "80.586636232233616", "height_roof": "59.44", "last_status_type": "Constructed", "bin": "1004605", "last_edited_date": "2017-08-22T17:49:39Z", "geom_source": "Photogrammetric", "doitt_id": "225030", "address": "230 EAST 2 STREET", "bldgclass": "C4", "numfloors": 6.0, "unitsres": 24, "yearbuilt": 1910, "latitude": 40.7217692, "longitude": -73.9822432, "roof_area_m2": 163.13784121637011, "pv_kw_dc": 27.733433006782917, "annual_kwh": 34333.99006239725, "avg_daily_kwh": 94.065726198348628, "psh_daily_kwh": 102.05903346496113, "canopy_area_m2": 138.66716503391459, "lon": -73.982268645626405, "lat": 40.721740325110829 }, "geometry": { "type": "Point", "coordinates": [ -73.982268645626405, 40.721740325110829 ] } },
{ "type": "Feature", "properties": { "name": null, "bbl": "1003860053", "shape_area": "495.60546875", "construction_year": "1910", "ground_elevation": "16", "mappluto_bbl": "1003860053", "objectid": "43644", "feature_code": "2100", "shape_length": "109.81425710311427", "height_roof": "66.65", "last_status_type": "Constructed", "bin": "1004620", "last_edited_date": "2017-08-22T18:14:37Z", "geom_source": "Photogrammetric", "doitt_id": "540689", "address": "233 EAST 3 STREET", "bldgclass": "C1", "numfloors": 6.0, "unitsres": 29, "yearbuilt": 1910, "latitude": 40.7223262, "longitude": -73.9815793, "roof_area_m2": 284.38002170033559, "pv_kw_dc": 48.344603689057053, "annual_kwh": 59850.619367052634, "avg_daily_kwh": 163.97429963576064, "psh_daily_kwh": 177.90814157572993, "canopy_area_m2": 241.72301844528525, "lon": -73.981580982466753, "lat": 40.722322569583319 }, "geometry": { "type": "Point", "coordinates": [ -73.981580982466753, 40.722322569583319 ] } },
{ "type": "Feature", "properties": { "name": null, "bbl": "1003860011", "shape_area": "325.109375", "construction_year": "1900", "ground_elevation": "16", "mappluto_bbl": "1003860011", "objectid": "827731", "feature_code": "2100", "shape_length": "93.056027250237591", "height_roof": "68.78", "last_status_type": "Constructed", "bin": "1004614", "last_edited_date": "2017-08-22T18:30:30Z", "geom_source": "Photogrammetric", "doitt_id": "259064", "address": "250 EAST 4 STREET", "bldgclass": "C4", "numfloors": 6.0, "unitsres": 34, "yearbuilt": 1900, "latitude": 40.7228835, "longitude": -73.9821636, "roof_area_m2": 525.29563815596828, "pv_kw_dc": 89.300258486514608, "annual_kwh": 110553.72000630508, "avg_daily_kwh": 302.88690412686327, "psh_daily_kwh": 328.62495123037377, "canopy_area_m2": 446.501292432573, "lon": -73.982069052134165, "lat": 40.722869022388096 }, "geometry": { "type": "Point", "coordinates": [ -73.982069052134165, 40.722869022388096 ] } },
{ "type": "Feature", "properties": { "name": null, "bbl": "1003860011", "shape_area": "325.109375", "construction_year": "1900", "ground_elevation": "16", "mappluto_bbl": "1003860011", "objectid": "827731", "feature_code": "2100", "shape_length": "93.056027250237591", "height_roof": "68.78", "last_status_type": "Constructed", "bin": "1004614", "last_edited_date": "2017-08-22T18:30:30Z", "geom_source": "Photogrammetric", "doitt_id": "259064", "address": "250 EAST 4 STREET", "bldgclass": "C4", "numfloors": 6.0, "unitsres": 34, "yearbuilt": 1900, "latitude": 40.7228835, "longitude": -73.9821636, "roof_area_m2": 525.29563815596828, "pv_kw_dc": 89.300258486514608, "annual_kwh": 110553.72000630508, "avg_daily_kwh": 302.88690412686327, "psh_daily_kwh": 328.62495123037377, "canopy_area_m2": 446.501292432573, "lon": -73.982069052134165, "lat": 40.722869022388096 }, "geometry": { "type": "Point", "coordinates": [ -73.982069052134165, 40.722869022388096 ] } },
{ "type": "Feature", "properties": { "name": null, "bbl": "1003860011", "shape_area": "325.109375", "construction_year": "1900", "ground_elevation": "16", "mappluto_bbl": "1003860011", "objectid": "827731", "feature_code": "2100", "shape_length": "93.056027250237591", "height_roof": "68.78", "last_status_type": "Constructed", "bin": "1004614", "last_edited_date": "2017-08-22T18:30:30Z", "geom_source": "Photogrammetric", "doitt_id": "259064", "address": "250 EAST 4 STREET", "bldgclass": "C4", "numfloors": 6.0, "unitsres": 34, "yearbuilt": 1900, "latitude": 40.7228835, "longitude": -73.9821636, "roof_area_m2": 525.29563815596828, "pv_kw_dc": 89.300258486514608, "annual_kwh": 110553.72000630508, "avg_daily_kwh": 302.88690412686327, "psh_daily_kwh": 328.62495123037377, "canopy_area_m2": 446.501292432573, "lon": -73.982069052134165, "lat": 40.722869022388096 }, "geometry": { "type": "Point", "coordinates": [ -73.982069052134165, 40.722869022388096 ] } },
{ "type": "Feature", "properties": { "name": null, "bbl": "1003990038", "shape_area": "298.91015625", "construction_year": "1900", "ground_elevation": "19", "mappluto_bbl": "1003990038", "objectid": "668905", "feature_code": "2100", "shape_length": "79.436188116968083", "height_roof": "68.04", "last_status_type": "Constructed", "bin": "1004999", "last_edited_date": "2017-08-22T17:55:05Z", "geom_source": "Photogrammetric", "doitt_id": "568546", "address": "38 AVENUE B", "bldgclass": "C7", "numfloors": 6.0, "unitsres": 10, "yearbuilt": 1900, "latitude": 40.7228562, "longitude": -73.9831052, "roof_area_m2": 171.50794706453678, "pv_kw_dc": 29.156351000971252, "annual_kwh": 36095.562539202409, "avg_daily_kwh": 98.891952162198379, "psh_daily_kwh": 107.2953716835742, "canopy_area_m2": 145.78175500485625, "lon": -73.983092683014007, "lat": 40.722862118759124 }, "geometry": { "type": "Point", "coordinates": [ -73.983092683014007, 40.722862118759124 ] } },
{ "type": "Feature", "properties": { "name": null, "bbl": "1003860011", "shape_area": "300.84375", "construction_year": "1900", "ground_elevation": "17", "mappluto_bbl": "1003860011", "objectid": "848153", "feature_code": "2100", "shape_length": "93.9145915198937", "height_roof": "67.78", "last_status_type": "Constructed", "bin": "1004613", "last_edited_date": "2017-08-22T19:27:36Z", "geom_source": "Photogrammetric", "doitt_id": "597115", "address": "250 EAST 4 STREET", "bldgclass": "C4", "numfloors": 6.0, "unitsres": 34, "yearbuilt": 1900, "latitude": 40.7228835, "longitude": -73.9821636, "roof_area_m2": 525.29563815596828, "pv_kw_dc": 89.300258486514608, "annual_kwh": 110553.72000630508, "avg_daily_kwh": 302.88690412686327, "psh_daily_kwh": 328.62495123037377, "canopy_area_m2": 446.501292432573, "lon": -73.982144770192264, "lat": 40.722909147602536 }, "geometry": { "type": "Point", "coordinates": [ -73.982144770192264, 40.722909147602536 ] } },
{ "type": "Feature", "properties": { "name": null, "bbl": "1003860011", "shape_area": "300.84375", "construction_year": "1900", "ground_elevation": "17", "mappluto_bbl": "1003860011", "objectid": "848153", "feature_code": "2100", "shape_length": "93.9145915198937", "height_roof": "67.78", "last_status_type": "Constructed", "bin": "1004613", "last_edited_date": "2017-08-22T19:27:36Z", "geom_source": "Photogrammetric", "doitt_id": "597115", "address": "250 EAST 4 STREET", "bldgclass": "C4", "numfloors": 6.0, "unitsres": 34, "yearbuilt": 1900, "latitude": 40.7228835, "longitude": -73.9821636, "roof_area_m2": 525.29563815596828, "pv_kw_dc": 89.300258486514608, "annual_kwh": 110553.72000630508, "avg_daily_kwh": 302.88690412686327, "psh_daily_kwh": 328.62495123037377, "canopy_area_m2": 446.501292432573, "lon": -73.982144770192264, "lat": 40.722909147602536 }, "geometry": { "type": "Point", "coordinates": [ -73.982144770192264, 40.722909147602536 ] } },
{ "type": "Feature", "properties": { "name": null, "bbl": "1003860011", "shape_area": "300.84375", "construction_year": "1900", "ground_elevation": "17", "mappluto_bbl": "1003860011", "objectid": "848153", "feature_code": "2100", "shape_length": "93.9145915198937", "height_roof": "67.78", "last_status_type": "Constructed", "bin": "1004613", "last_edited_date": "2017-08-22T19:27:36Z", "geom_source": "Photogrammetric", "doitt_id": "597115", "address": "250 EAST 4 STREET", "bldgclass": "C4", "numfloors": 6.0, "unitsres": 34, "yearbuilt": 1900, "latitude": 40.7228835, "longitude": -73.9821636, "roof_area_m2": 525.29563815596828, "pv_kw_dc": 89.300258486514608, "annual_kwh": 110553.72000630508, "avg_daily_kwh": 302.88690412686327, "psh_daily_kwh": 328.62495123037377, "canopy_area_m2": 446.501292432573, "lon": -73.982144770192264, "lat": 40.722909147602536 }, "geometry": { "type": "Point", "coordinates": [ -73.982144770192264, 40.722909147602536 ] } },
{ "type": "Feature", "properties": { "name": null, "bbl": "1003860011", "shape_area": "289.52734375", "construction_year": "1900", "ground_elevation": "17", "mappluto_bbl": "1003860011", "objectid": "649822", "feature_code": "2100", "shape_length": "92.079956942855", "height_roof": "67.78", "last_status_type": "Constructed", "bin": "1004612", "last_edited_date": "2017-08-22T18:10:30Z", "geom_source": "Photogrammetric", "doitt_id": "76727", "address": "250 EAST 4 STREET", "bldgclass": "C4", "numfloors": 6.0, "unitsres": 34, "yearbuilt": 1900, "latitude": 40.7228835, "longitude": -73.9821636, "roof_area_m2": 525.29563815596828, "pv_kw_dc": 89.300258486514608, "annual_kwh": 110553.72000630508, "avg_daily_kwh": 302.88690412686327, "psh_daily_kwh": 328.62495123037377, "canopy_area_m2": 446.501292432573, "lon": -73.982223870398386, "lat": 40.722941877782638 }, "geometry": { "type": "Point", "coordinates": [ -73.982223870398386, 40.722941877782638 ] } },
{ "type": "Feature", "properties": { "name": null, "bbl": "1003860011", "shape_area": "289.52734375", "construction_year": "1900", "ground_elevation": "17", "mappluto_bbl": "1003860011", "objectid": "649822", "feature_code": "2100", "shape_length": "92.079956942855", "height_roof": "67.78", "last_status_type": "Constructed", "bin": "1004612", "last_edited_date": "2017-08-22T18:10:30Z", "geom_source": "Photogrammetric", "doitt_id": "76727", "address": "250 EAST 4 STREET", "bldgclass": "C4", "numfloors": 6.0, "unitsres": 34, "yearbuilt": 1900, "latitude": 40.7228835, "longitude": -73.9821636, "roof_area_m2": 525.29563815596828, "pv_kw_dc": 89.300258486514608, "annual_kwh": 110553.72000630508, "avg_daily_kwh": 302.88690412686327, "psh_daily_kwh": 328.62495123037377, "canopy_area_m2": 446.501292432573, "lon": -73.982223870398386, "lat": 40.722941877782638 }, "geometry": { "type": "Point", "coordinates": [ -73.982223870398386, 40.722941877782638 ] } },
{ "type": "Feature", "properties": { "name": null, "bbl": "1003860011", "shape_area": "289.52734375", "construction_year": "1900", "ground_elevation": "17", "mappluto_bbl": "1003860011", "objectid": "649822", "feature_code": "2100", "shape_length": "92.079956942855", "height_roof": "67.78", "last_status_type": "Constructed", "bin": "1004612", "last_edited_date": "2017-08-22T18:10:30Z", "geom_source": "Photogrammetric", "doitt_id": "76727", "address": "250 EAST 4 STREET", "bldgclass": "C4", "numfloors": 6.0, "unitsres": 34, "yearbuilt": 1900, "latitude": 40.7228835, "longitude": -73.9821636, "roof_area_m2": 525.29563815596828, "pv_kw_dc": 89.300258486514608, "annual_kwh": 110553.72000630508, "avg_daily_kwh": 302.88690412686327, "psh_daily_kwh": 328.62495123037377, "canopy_area_m2": 446.501292432573, "lon": -73.982223870398386, "lat": 40.722941877782638 }, "geometry": { "type": "Point", "coordinates": [ -73.982223870398386, 40.722941877782638 ] } },
{ "type": "Feature", "properties": { "name": null, "bbl": "1003860010", "shape_area": "337.51171875", "construction_year": "1900", "ground_elevation": "17", "mappluto_bbl": "1003860010", "objectid": "844768", "feature_code": "2100", "shape_length": "90.900137880771126", "height_roof": "66.59", "last_status_type": "Constructed", "bin": "1004611", "last_edited_date": "2017-08-22T17:40:43Z", "geom_source": "Photogrammetric", "doitt_id": "362135", "address": "53 AVENUE B", "bldgclass": "C7", "numfloors": 6.0, "unitsres": 16, "yearbuilt": 1900, "latitude": 40.7230812, "longitude": -73.9823656, "roof_area_m2": 193.66024493098337, "pv_kw_dc": 32.922241638267174, "annual_kwh": 40757.735148174761, "avg_daily_kwh": 111.66502780321852, "psh_daily_kwh": 121.1538492288232, "canopy_area_m2": 164.61120819133586, "lon": -73.982362782139887, "lat": 40.723091040109971 }, "geometry": { "type": "Point", "coordinates": [ -73.982362782139887, 40.723091040109971 ] } },
{ "type": "Feature", "properties": { "name": null, "bbl": "1003990033", "shape_area": "421.27734375", "construction_year": "1900", "ground_elevation": "19", "mappluto_bbl": "1003990033", "objectid": "794443", "feature_code": "2100", "shape_length": "111.28829887421583", "height_roof": "66.39", "last_status_type": "Constructed", "bin": "1004995", "last_edited_date": "2017-08-22T18:13:41Z", "geom_source": "Photogrammetric", "doitt_id": "346551", "address": "46 AVENUE B", "bldgclass": "C7", "numfloors": 6.0, "unitsres": 21, "yearbuilt": 1900, "latitude": 40.7231197, "longitude": -73.9829139, "roof_area_m2": 241.72681988136469, "pv_kw_dc": 41.093559379832001, "annual_kwh": 50873.826512232015, "avg_daily_kwh": 139.38034660885484, "psh_daily_kwh": 151.22429851778176, "canopy_area_m2": 205.46779689915999, "lon": -73.98289225198144, "lat": 40.723121200364012 }, "geometry": { "type": "Point", "coordinates": [ -73.98289225198144, 40.723121200364012 ] } },
{ "type": "Feature", "properties": { "name": null, "bbl": "1003990030", "shape_area": "575.703125", "construction_year": "1900", "ground_elevation": "19", "mappluto_bbl": "1003990030", "objectid": "646597", "feature_code": "2100", "shape_length": "113.37749738951636", "height_roof": "66.51", "last_status_type": "Constructed", "bin": "1004994", "last_edited_date": "2017-08-22T17:29:52Z", "geom_source": "Photogrammetric", "doitt_id": "678477", "address": "50 AVENUE B", "bldgclass": "C7", "numfloors": 6.0, "unitsres": 26, "yearbuilt": 1900, "latitude": 40.7232404, "longitude": -73.9828237, "roof_area_m2": 330.32623660517709, "pv_kw_dc": 56.155460222880109, "annual_kwh": 69520.459755925578, "avg_daily_kwh": 190.4670130299331, "psh_daily_kwh": 206.6520936201988, "canopy_area_m2": 280.77730111440053, "lon": -73.982831145310939, "lat": 40.723249446058574 }, "geometry": { "type": "Point", "coordinates": [ -73.982831145310939, 40.723249446058574 ] } },
{ "type": "Feature", "properties": { "name": null, "bbl": "1004000039", "shape_area": "637.3671875", "construction_year": "1920", "ground_elevation": "18", "mappluto_bbl": "1004000039", "objectid": "475129", "feature_code": "2100", "shape_length": "120.7817746942853", "height_roof": "67.89", "last_status_type": "Constructed", "bin": "1005028", "last_edited_date": "2017-08-22T19:13:10Z", "geom_source": "Photogrammetric", "doitt_id": "649830", "address": "235 EAST 4 STREET", "bldgclass": "C7", "numfloors": 6.0, "unitsres": 30, "yearbuilt": 1920, "latitude": 40.7235039, "longitude": -73.9826793, "roof_area_m2": 365.70564527819027, "pv_kw_dc": 62.169959697292349, "annual_kwh": 76966.410105247924, "avg_daily_kwh": 210.86687700067924, "psh_daily_kwh": 228.78545168603583, "canopy_area_m2": 310.84979848646174, "lon": -73.98266253021896, "lat": 40.72350562625379 }, "geometry": { "type": "Point", "coordinates": [ -73.98266253021896, 40.72350562625379 ] } },
{ "type": "Feature", "properties": { "name": null, "bbl": "1003990041", "shape_area": "503.69140625", "construction_year": "1900", "ground_elevation": "21", "mappluto_bbl": "1003990041", "objectid": "559677", "feature_code": "2100", "shape_length": "120.48563810655939", "height_roof": "65.07", "last_status_type": "Constructed", "bin": "1005002", "last_edited_date": "2017-08-22T19:30:41Z", "geom_source": "Photogrammetric", "doitt_id": "138710", "address": "191 EAST 3 STREET", "bldgclass": "C7", "numfloors": 6.0, "unitsres": 17, "yearbuilt": 1900, "latitude": 40.7230923, "longitude": -73.9833974, "roof_area_m2": 289.0129853020747, "pv_kw_dc": 49.132207501352696, "annual_kwh": 60825.672886674634, "avg_daily_kwh": 166.64567914157433, "psh_daily_kwh": 180.80652360497791, "canopy_area_m2": 245.66103750676348, "lon": -73.983410088755917, "lat": 40.723087751457122 }, "geometry": { "type": "Point", "coordinates": [ -73.983410088755917, 40.723087751457122 ] } },
{ "type": "Feature", "properties": { "name": null, "bbl": "1003990043", "shape_area": "242.171875", "construction_year": "1900", "ground_elevation": "21", "mappluto_bbl": "1003990043", "objectid": "996145", "feature_code": "2100", "shape_length": "87.680897534919836", "height_roof": "61.28", "last_status_type": "Constructed", "bin": "1005003", "last_edited_date": "2017-08-22T19:01:52Z", "geom_source": "Photogrammetric", "doitt_id": "313119", "address": "189 EAST 3 STREET", "bldgclass": "C7", "numfloors": 6.0, "unitsres": 16, "yearbuilt": 1900, "latitude": 40.7231417, "longitude": -73.9835128, "roof_area_m2": 138.95376381893533, "pv_kw_dc": 23.622139849219007, "annual_kwh": 29244.20913333313, "avg_daily_kwh": 80.121120913241455, "psh_daily_kwh": 86.929474645125936, "canopy_area_m2": 118.11069924609502, "lon": -73.98351818670362, "lat": 40.723128124249925 }, "geometry": { "type": "Point", "coordinates": [ -73.98351818670362, 40.723128124249925 ] } },
{ "type": "Feature", "properties": { "name": null, "bbl": "1003990026", "shape_area": "487.9453125", "construction_year": "1900", "ground_elevation": "19", "mappluto_bbl": "1003990026", "objectid": "499634", "feature_code": "2100", "shape_length": "125.35718175847447", "height_roof": "65.96", "last_status_type": "Constructed", "bin": "1004992", "last_edited_date": "2017-08-22T17:45:31Z", "geom_source": "Photogrammetric", "doitt_id": "812718", "address": "234 EAST 4 STREET", "bldgclass": "C7", "numfloors": 6.0, "unitsres": 28, "yearbuilt": 1900, "latitude": 40.7233009, "longitude": -73.9831484, "roof_area_m2": 279.96968102589307, "pv_kw_dc": 47.594845774401819, "annual_kwh": 58922.419068709452, "avg_daily_kwh": 161.43128511975192, "psh_daily_kwh": 175.14903244979871, "canopy_area_m2": 237.97422887200909, "lon": -73.983141339769944, "lat": 40.723318844628558 }, "geometry": { "type": "Point", "coordinates": [ -73.983141339769944, 40.723318844628558 ] } },
{ "type": "Feature", "properties": { "name": null, "bbl": "1003990024", "shape_area": "488.33203125", "construction_year": "1900", "ground_elevation": "20", "mappluto_bbl": "1003990024", "objectid": "304249", "feature_code": "2100", "shape_length": "127.61721949314898", "height_roof": "66.16", "last_status_type": "Constructed", "bin": "1004991", "last_edited_date": "2017-08-22T18:36:58Z", "geom_source": "Photogrammetric", "doitt_id": "529913", "address": "230 EAST 4 STREET", "bldgclass": "C1", "numfloors": 6.0, "unitsres": 18, "yearbuilt": 1900, "latitude": 40.7233668, "longitude": -73.9832999, "roof_area_m2": 280.19570486789405, "pv_kw_dc": 47.633269827541994, "annual_kwh": 58969.98804649699, "avg_daily_kwh": 161.56161108629311, "psh_daily_kwh": 175.29043296535454, "canopy_area_m2": 238.16634913770994, "lon": -73.983292582921479, "lat": 40.723382513622752 }, "geometry": { "type": "Point", "coordinates": [ -73.983292582921479, 40.723382513622752 ] } },
{ "type": "Feature", "properties": { "name": null, "bbl": "1004000045", "shape_area": "337.67578125", "construction_year": "1937", "ground_elevation": "18", "mappluto_bbl": "1004000045", "objectid": "652849", "feature_code": "2100", "shape_length": "103.91857267295603", "height_roof": "69.37", "last_status_type": "Constructed", "bin": "1005030", "last_edited_date": "2017-08-22T17:29:53Z", "geom_source": "Photogrammetric", "doitt_id": "398060", "address": "225 EAST 4 STREET", "bldgclass": "C6", "numfloors": 6.0, "unitsres": 21, "yearbuilt": 1937, "latitude": 40.7237482, "longitude": -73.9830581, "roof_area_m2": 193.74816939870601, "pv_kw_dc": 32.937188797780024, "annual_kwh": 40776.239731651673, "avg_daily_kwh": 111.71572529219637, "psh_daily_kwh": 121.20885477583047, "canopy_area_m2": 164.68594398890011, "lon": -73.983070414810626, "lat": 40.72373809326767 }, "geometry": { "type": "Point", "coordinates": [ -73.983070414810626, 40.72373809326767 ] } },
{ "type": "Feature", "properties": { "name": null, "bbl": "1003870047", "shape_area": "315.9453125", "construction_year": "1900", "ground_elevation": "13", "mappluto_bbl": "1003870047", "objectid": "139255", "feature_code": "2100", "shape_length": "92.779575461934627", "height_roof": "71.21", "last_status_type": "Constructed", "bin": "1004649", "last_edited_date": "2017-08-22T19:21:24Z", "geom_source": "Photogrammetric", "doitt_id": "682990", "address": "279 EAST 4 STREET", "bldgclass": "C4", "numfloors": 6.0, "unitsres": 12, "yearbuilt": 1900, "latitude": 40.7228559, "longitude": -73.9809514, "roof_area_m2": 181.28734873649367, "pv_kw_dc": 30.818849285203925, "annual_kwh": 38153.735415082461, "avg_daily_kwh": 104.53078195913002, "psh_daily_kwh": 113.41336536955043, "canopy_area_m2": 154.09424642601962, "lon": -73.980956933219701, "lat": 40.722848675031791 }, "geometry": { "type": "Point", "coordinates": [ -73.980956933219701, 40.722848675031791 ] } },
{ "type": "Feature", "properties": { "name": null, "bbl": "1003870048", "shape_area": "317.3671875", "construction_year": "1920", "ground_elevation": "14", "mappluto_bbl": "1003870048", "objectid": "823542", "feature_code": "2100", "shape_length": "92.624644728357453", "height_roof": "70.19", "last_status_type": "Constructed", "bin": "1004650", "last_edited_date": "2017-08-22T17:57:12Z", "geom_source": "Photogrammetric", "doitt_id": "4244", "address": "277 EAST 4 STREET", "bldgclass": "C1", "numfloors": 6.0, "unitsres": 13, "yearbuilt": 1920, "latitude": 40.7228888, "longitude": -73.9810308, "roof_area_m2": 182.09737657499906, "pv_kw_dc": 30.956554017749841, "annual_kwh": 38324.213873974302, "avg_daily_kwh": 104.99784623006659, "psh_daily_kwh": 113.92011878531942, "canopy_area_m2": 154.7827700887492, "lon": -73.981035396012601, "lat": 40.722881760925802 }, "geometry": { "type": "Point", "coordinates": [ -73.981035396012601, 40.722881760925802 ] } },
{ "type": "Feature", "properties": { "name": null, "bbl": "1003870015", "shape_area": "340.02734375", "construction_year": "1900", "ground_elevation": "14", "mappluto_bbl": "1003870015", "objectid": "942043", "feature_code": "2100", "shape_length": "94.592804729284993", "height_roof": "65.36", "last_status_type": "Constructed", "bin": "1004628", "last_edited_date": "2017-08-22T18:41:50Z", "geom_source": "Photogrammetric", "doitt_id": "795212", "address": "610 EAST 5 STREET", "bldgclass": "C6", "numfloors": 6.0, "unitsres": 23, "yearbuilt": 1900, "latitude": 40.7234269, "longitude": -73.9815826, "roof_area_m2": 195.10143200632945, "pv_kw_dc": 33.167243441076003, "annual_kwh": 41061.047380052092, "avg_daily_kwh": 112.4960202193208, "psh_daily_kwh": 122.05545586315969, "canopy_area_m2": 165.83621720538002, "lon": -73.981560057829071, "lat": 40.723459293728737 }, "geometry": { "type": "Point", "coordinates": [ -73.981560057829071, 40.723459293728737 ] } },
{ "type": "Feature", "properties": { "name": null, "bbl": "1003870157", "shape_area": "516.6796875", "construction_year": "1900", "ground_elevation": "7", "mappluto_bbl": "1003870157", "objectid": "495262", "feature_code": "2100", "shape_length": "122.37321564500022", "height_roof": "73.25", "last_status_type": "Constructed", "bin": "1004667", "last_edited_date": "2017-08-22T19:34:00Z", "geom_source": "Photogrammetric", "doitt_id": "627153", "address": "619 EAST 5 STREET", "bldgclass": "C1", "numfloors": 6.0, "unitsres": 40, "yearbuilt": 1900, "latitude": 40.7236656, "longitude": -73.9810089, "roof_area_m2": 296.45489982811324, "pv_kw_dc": 50.397332970779253, "annual_kwh": 62391.898217824717, "avg_daily_kwh": 170.93670744609511, "psh_daily_kwh": 185.46218533246764, "canopy_area_m2": 251.98666485389626, "lon": -73.981012755815414, "lat": 40.723661991186518 }, "geometry": { "type": "Point", "coordinates": [ -73.981012755815414, 40.723661991186518 ] } },
{ "type": "Feature", "properties": { "name": null, "bbl": "1003870119", "shape_area": "351.48046875", "construction_year": "1920", "ground_elevation": "10", "mappluto_bbl": "1003870119", "objectid": "614206", "feature_code": "2100", "shape_length": "96.482046003657814", "height_roof": "66.23", "last_status_type": "Constructed", "bin": "1004652", "last_edited_date": "2017-08-22T17:30:22Z", "geom_source": "Photogrammetric", "doitt_id": "139755", "address": "620 EAST 6 STREET", "bldgclass": "C7", "numfloors": 6.0, "unitsres": 22, "yearbuilt": 1920, "latitude": 40.7239153, "longitude": -73.9808537, "roof_area_m2": 201.67383312183318, "pv_kw_dc": 34.28455163071164, "annual_kwh": 42444.274918821007, "avg_daily_kwh": 116.28568470909865, "psh_daily_kwh": 126.16715000101884, "canopy_area_m2": 171.42275815355819, "lon": -73.980832560029157, "lat": 40.723951960140361 }, "geometry": { "type": "Point", "coordinates": [ -73.980832560029157, 40.723951960140361 ] } },
{ "type": "Feature", "properties": { "name": null, "bbl": "1004000047", "shape_area": "337.57421875", "construction_year": "1937", "ground_elevation": "18", "mappluto_bbl": "1004000047", "objectid": "450427", "feature_code": "2100", "shape_length": "103.02545947359712", "height_roof": "69.94", "last_status_type": "Constructed", "bin": "1005031", "last_edited_date": "2017-08-22T18:52:26Z", "geom_source": "Photogrammetric", "doitt_id": "627838", "address": "223 EAST 4 STREET", "bldgclass": "C6", "numfloors": 6.0, "unitsres": 19, "yearbuilt": 1937, "latitude": 40.7237867, "longitude": -73.9831555, "roof_area_m2": 193.69181020493241, "pv_kw_dc": 32.92760773483851, "annual_kwh": 40764.378375730077, "avg_daily_kwh": 111.68322842665775, "psh_daily_kwh": 121.17359646420572, "canopy_area_m2": 164.63803867419253, "lon": -73.983163523220981, "lat": 40.723777715482044 }, "geometry": { "type": "Point", "coordinates": [ -73.983163523220981, 40.723777715482044 ] } },
{ "type": "Feature", "properties": { "name": null, "bbl": "1004000050", "shape_area": "493.98046875", "construction_year": "1900", "ground_elevation": "18", "mappluto_bbl": "1004000050", "objectid": "694200", "feature_code": "2100", "shape_length": "125.91333465735052", "height_roof": "66.89", "last_status_type": "Constructed", "bin": "1005034", "last_edited_date": "2017-08-22T18:26:47Z", "geom_source": "Photogrammetric", "doitt_id": "445315", "address": "213 EAST 4 STREET", "bldgclass": "C7", "numfloors": 6.0, "unitsres": 28, "yearbuilt": 1900, "latitude": 40.7238993, "longitude": -73.9834188, "roof_area_m2": 283.43754131651093, "pv_kw_dc": 48.184382023806862, "annual_kwh": 59652.264945472896, "avg_daily_kwh": 163.43086286430932, "psh_daily_kwh": 177.31852584760924, "canopy_area_m2": 240.92191011903429, "lon": -73.98343049554957, "lat": 40.72388711733872 }, "geometry": { "type": "Point", "coordinates": [ -73.98343049554957, 40.72388711733872 ] } },
{ "type": "Feature", "properties": { "name": null, "bbl": "1004000038", "shape_area": "317.65234375", "construction_year": "1900", "ground_elevation": "18", "mappluto_bbl": "1004000038", "objectid": "918602", "feature_code": "2100", "shape_length": "95.189209935273865", "height_roof": "67.12", "last_status_type": "Constructed", "bin": "1005027", "last_edited_date": "2017-08-22T17:27:52Z", "geom_source": "Photogrammetric", "doitt_id": "775813", "address": "60 AVENUE B", "bldgclass": "C7", "numfloors": 6.0, "unitsres": 22, "yearbuilt": 1900, "latitude": 40.7235945, "longitude": -73.9826107, "roof_area_m2": 182.26480350285456, "pv_kw_dc": 30.985016595485277, "annual_kwh": 38359.45054521077, "avg_daily_kwh": 105.09438505537197, "psh_daily_kwh": 114.02486107138583, "canopy_area_m2": 154.92508297742637, "lon": -73.982595058346305, "lat": 40.72359676885285 }, "geometry": { "type": "Point", "coordinates": [ -73.982595058346305, 40.72359676885285 ] } },
{ "type": "Feature", "properties": { "name": null, "bbl": "1004000026", "shape_area": "412.38671875", "construction_year": "1929", "ground_elevation": "17", "mappluto_bbl": "1004000026", "objectid": "640301", "feature_code": "2100", "shape_length": "107.96776595389146", "height_roof": "64.16", "last_status_type": "Constructed", "bin": "1005025", "last_edited_date": "2017-08-22T17:29:52Z", "geom_source": "Photogrammetric", "doitt_id": "839875", "address": "540 EAST 5 STREET", "bldgclass": "C7", "numfloors": 6.0, "unitsres": 22, "yearbuilt": 1929, "latitude": 40.7239623, "longitude": -73.9828199, "roof_area_m2": 236.61416520529366, "pv_kw_dc": 40.22440808489992, "annual_kwh": 49797.817209106099, "avg_daily_kwh": 136.43237591535919, "psh_daily_kwh": 148.02582175243171, "canopy_area_m2": 201.1220404244996, "lon": -73.982815952677129, "lat": 40.723978582737786 }, "geometry": { "type": "Point", "coordinates": [ -73.982815952677129, 40.723978582737786 ] } },
{ "type": "Feature", "properties": { "name": null, "bbl": "1004000024", "shape_area": "401.16796875", "construction_year": "1929", "ground_elevation": "17", "mappluto_bbl": "1004000024", "objectid": "896616", "feature_code": "2100", "shape_length": "107.98825051204126", "height_roof": "64.16", "last_status_type": "Constructed", "bin": "1005024", "last_edited_date": "2017-08-22T18:08:13Z", "geom_source": "Photogrammetric", "doitt_id": "511348", "address": "536 EAST 5 STREET", "bldgclass": "C7", "numfloors": 6.0, "unitsres": 22, "yearbuilt": 1929, "latitude": 40.7240145, "longitude": -73.9829462, "roof_area_m2": 230.1780704658423, "pv_kw_dc": 39.130271979193196, "annual_kwh": 48443.276710241174, "avg_daily_kwh": 132.72130605545527, "psh_daily_kwh": 143.99940088343098, "canopy_area_m2": 195.65135989596595, "lon": -73.982936172059297, "lat": 40.724029967963368 }, "geometry": { "type": "Point", "coordinates": [ -73.982936172059297, 40.724029967963368 ] } },
{ "type": "Feature", "properties": { "name": null, "bbl": "1004010042", "shape_area": "281.44921875", "construction_year": "1900", "ground_elevation": "15", "mappluto_bbl": "1004010042", "objectid": "130513", "feature_code": "2100", "shape_length": "93.812010560960587", "height_roof": "70.43", "last_status_type": "Constructed", "bin": "1005063", "last_edited_date": "2017-08-22T19:41:06Z", "geom_source": "Photogrammetric", "doitt_id": "47101", "address": "543 EAST 5 STREET", "bldgclass": "C7", "numfloors": 6.0, "unitsres": 22, "yearbuilt": 1900, "latitude": 40.7242559, "longitude": -73.9823941, "roof_area_m2": 161.49027254035752, "pv_kw_dc": 27.453346331860782, "annual_kwh": 33987.242758843648, "avg_daily_kwh": 93.115733585873002, "psh_daily_kwh": 101.02831450124768, "canopy_area_m2": 137.2667316593039, "lon": -73.982403869913952, "lat": 40.724250218434662 }, "geometry": { "type": "Point", "coordinates": [ -73.982403869913952, 40.724250218434662 ] } },
{ "type": "Feature", "properties": { "name": null, "bbl": "1003760019", "shape_area": "401.08203125", "construction_year": "1910", "ground_elevation": "11", "mappluto_bbl": "1003760019", "objectid": "374993", "feature_code": "2100", "shape_length": "107.61856592635627", "height_roof": "66.29", "last_status_type": "Constructed", "bin": "1004477", "last_edited_date": "2017-08-22T17:34:34Z", "geom_source": "Photogrammetric", "doitt_id": "828042", "address": "254 EAST 7 STREET", "bldgclass": "C6", "numfloors": 6.0, "unitsres": 20, "yearbuilt": 1910, "latitude": 40.7234262, "longitude": -73.9778702, "roof_area_m2": 230.14013643549663, "pv_kw_dc": 39.123823194034429, "annual_kwh": 48435.293114214626, "avg_daily_kwh": 132.6994331896291, "psh_daily_kwh": 143.97566935404669, "canopy_area_m2": 195.61911597017212, "lon": -73.977856388378157, "lat": 40.723451129485227 }, "geometry": { "type": "Point", "coordinates": [ -73.977856388378157, 40.723451129485227 ] } },
{ "type": "Feature", "properties": { "name": null, "bbl": "1003870140", "shape_area": "325.8125", "construction_year": "1900", "ground_elevation": "10", "mappluto_bbl": "1003870140", "objectid": "633512", "feature_code": "2100", "shape_length": "89.9650505927907", "height_roof": "60.12", "last_status_type": "Constructed", "bin": "1004657", "last_edited_date": "2017-08-22T17:41:56Z", "geom_source": "Photogrammetric", "doitt_id": "60617", "address": "77 AVENUE C", "bldgclass": "C7", "numfloors": 6.0, "unitsres": 16, "yearbuilt": 1900, "latitude": 40.7232619, "longitude": -73.979804, "roof_area_m2": 186.94362682476981, "pv_kw_dc": 31.780416560210867, "annual_kwh": 39344.155701541051, "avg_daily_kwh": 107.79220740148233, "psh_daily_kwh": 116.95193294157599, "canopy_area_m2": 158.90208280105432, "lon": -73.979771859521307, "lat": 40.723257392319091 }, "geometry": { "type": "Point", "coordinates": [ -73.979771859521307, 40.723257392319091 ] } },
{ "type": "Feature", "properties": { "name": null, "bbl": "1003760011", "shape_area": "458.7265625", "construction_year": "1900", "ground_elevation": "9", "mappluto_bbl": "1003760011", "objectid": "775113", "feature_code": "2100", "shape_length": "116.7994486828122", "height_roof": "63.485256", "last_status_type": "Constructed", "bin": "1004472", "last_edited_date": "2017-08-22T19:32:37Z", "geom_source": "Photogrammetric", "doitt_id": "122189", "address": "238 EAST 7 STREET", "bldgclass": "C4", "numfloors": 6.0, "unitsres": 30, "yearbuilt": 1900, "latitude": 40.7236459, "longitude": -73.9783897, "roof_area_m2": 263.21287695432056, "pv_kw_dc": 44.746189082234501, "annual_kwh": 55395.782083806313, "avg_daily_kwh": 151.769265983031, "psh_daily_kwh": 164.66597582262295, "canopy_area_m2": 223.73094541117248, "lon": -73.978369933093433, "lat": 40.723673273573546 }, "geometry": { "type": "Point", "coordinates": [ -73.978369933093433, 40.723673273573546 ] } },
{ "type": "Feature", "properties": { "name": null, "bbl": "1003760005", "shape_area": "400.80078125", "construction_year": "1900", "ground_elevation": "9", "mappluto_bbl": "1003760005", "objectid": "306329", "feature_code": "2100", "shape_length": "109.31935066757045", "height_roof": "64.45", "last_status_type": "Constructed", "bin": "1004468", "last_edited_date": "2017-08-22T19:18:06Z", "geom_source": "Photogrammetric", "doitt_id": "515619", "address": "98 AVENUE C", "bldgclass": "C6", "numfloors": 6.0, "unitsres": 22, "yearbuilt": 1900, "latitude": 40.7237366, "longitude": -73.9787829, "roof_area_m2": 229.96837726355389, "pv_kw_dc": 39.094624134804164, "annual_kwh": 48399.144678887555, "avg_daily_kwh": 132.60039638051384, "psh_daily_kwh": 143.8682168160793, "canopy_area_m2": 195.47312067402081, "lon": -73.978793498177211, "lat": 40.723752415425366 }, "geometry": { "type": "Point", "coordinates": [ -73.978793498177211, 40.723752415425366 ] } },
{ "type": "Feature", "properties": { "name": null, "bbl": "1003890036", "shape_area": "999.66796875", "construction_year": "1935", "ground_elevation": "8", "mappluto_bbl": "1003890036", "objectid": "1056979", "feature_code": "2100", "shape_length": "180.23377029908107", "height_roof": "68", "last_status_type": "Constructed", "bin": "1004688", "last_edited_date": "2017-08-22T17:28:41Z", "geom_source": "Other (Manual)", "doitt_id": "1205729", "address": "645 EAST 6 STREET", "bldgclass": "C7", "numfloors": 6.0, "unitsres": 15, "yearbuilt": 1935, "latitude": 40.7237669, "longitude": -73.9793349, "roof_area_m2": 573.58283755480386, "pv_kw_dc": 97.509082384316656, "annual_kwh": 120716.24399178402, "avg_daily_kwh": 330.72943559392883, "psh_daily_kwh": 358.83342317428531, "canopy_area_m2": 487.54541192158325, "lon": -73.979403288488186, "lat": 40.72378479815918 }, "geometry": { "type": "Point", "coordinates": [ -73.979403288488186, 40.72378479815918 ] } },
{ "type": "Feature", "properties": { "name": null, "bbl": "1003770062", "shape_area": "382.296875", "construction_year": "2001", "ground_elevation": "10", "mappluto_bbl": "1003770062", "objectid": "1035971", "feature_code": "2100", "shape_length": "119.70055753711453", "height_roof": "69.85", "last_status_type": "Constructed", "bin": "1004521", "last_edited_date": "2020-01-17T20:46:58Z", "geom_source": "Photogrammetric", "doitt_id": "945961", "address": "249 EAST 7 STREET", "bldgclass": "C6", "numfloors": 6.0, "unitsres": 13, "yearbuilt": 2001, "latitude": 40.7239038, "longitude": -73.9778737, "roof_area_m2": 219.35045889431746, "pv_kw_dc": 37.289578012033971, "annual_kwh": 46164.497578898059, "avg_daily_kwh": 126.47807555862482, "psh_daily_kwh": 137.22564708428499, "canopy_area_m2": 186.44789006016984, "lon": -73.977894774044017, "lat": 40.723914284627746 }, "geometry": { "type": "Point", "coordinates": [ -73.977894774044017, 40.723914284627746 ] } },
{ "type": "Feature", "properties": { "name": null, "bbl": "1003780039", "shape_area": "338.87890625", "construction_year": "1900", "ground_elevation": "10", "mappluto_bbl": "1003780039", "objectid": "485664", "feature_code": "2100", "shape_length": "83.794531983226847", "height_roof": "65.47", "last_status_type": "Constructed", "bin": "1004537", "last_edited_date": "2017-08-22T18:51:59Z", "geom_source": "Photogrammetric", "doitt_id": "754788", "address": "115 AVENUE D", "bldgclass": "C7", "numfloors": 6.0, "unitsres": 20, "yearbuilt": 1900, "latitude": 40.7238952, "longitude": -73.976142, "roof_area_m2": 194.44027460788652, "pv_kw_dc": 33.054846683340706, "annual_kwh": 40921.900193975795, "avg_daily_kwh": 112.11479505198848, "psh_daily_kwh": 121.6418357946938, "canopy_area_m2": 165.27423341670354, "lon": -73.976127454282221, "lat": 40.7238925763995 }, "geometry": { "type": "Point", "coordinates": [ -73.976127454282221, 40.7238925763995 ] } },
{ "type": "Feature", "properties": { "name": null, "bbl": "1003770016", "shape_area": "520.2734375", "construction_year": "1923", "ground_elevation": "10", "mappluto_bbl": "1003770016", "objectid": "875751", "feature_code": "2100", "shape_length": "126.83626297922824", "height_roof": "63.6", "last_status_type": "Constructed", "bin": "1004506", "last_edited_date": "2017-08-22T17:40:22Z", "geom_source": "Photogrammetric", "doitt_id": "152038", "address": "368 EAST 8 STREET", "bldgclass": "C6", "numfloors": 6.0, "unitsres": 29, "yearbuilt": 1923, "latitude": 40.7241453, "longitude": -73.9776968, "roof_area_m2": 298.51309753469661, "pv_kw_dc": 50.747226580898428, "annual_kwh": 62825.066507152253, "avg_daily_kwh": 172.1234698826089, "psh_daily_kwh": 186.74979381770621, "canopy_area_m2": 253.73613290449211, "lon": -73.977685110779404, "lat": 40.724167812077347 }, "geometry": { "type": "Point", "coordinates": [ -73.977685110779404, 40.724167812077347 ] } },
{ "type": "Feature", "properties": { "name": null, "bbl": "1003890032", "shape_area": "537.1953125", "construction_year": "1907", "ground_elevation": "8", "mappluto_bbl": "1003890032", "objectid": "430913", "feature_code": "2100", "shape_length": "130.34673709816428", "height_roof": "67.11", "last_status_type": "Constructed", "bin": "1004687", "last_edited_date": "2017-08-22T19:35:07Z", "geom_source": "Photogrammetric", "doitt_id": "642590", "address": "99 AVENUE C", "bldgclass": "C7", "numfloors": 6.0, "unitsres": 22, "yearbuilt": 1907, "latitude": 40.7239892, "longitude": -73.979259, "roof_area_m2": 308.23072787139353, "pv_kw_dc": 52.399223738136904, "annual_kwh": 64870.238987813485, "avg_daily_kwh": 177.72668215839312, "psh_daily_kwh": 192.82914335634382, "canopy_area_m2": 261.99611869068451, "lon": -73.979239310681763, "lat": 40.72399289552817 }, "geometry": { "type": "Point", "coordinates": [ -73.979239310681763, 40.72399289552817 ] } },
{ "type": "Feature", "properties": { "name": null, "bbl": "1003770066", "shape_area": "242.55859375", "construction_year": "1899", "ground_elevation": "8", "mappluto_bbl": "1003770066", "objectid": "509485", "feature_code": "2100", "shape_length": "72.825389195644647", "height_roof": "38.02", "last_status_type": "Constructed", "bin": "1004523", "last_edited_date": "2017-08-22T18:15:08Z", "geom_source": "Photogrammetric", "doitt_id": "348323", "address": "243 EAST 7 STREET", "bldgclass": "C7", "numfloors": 6.0, "unitsres": 8, "yearbuilt": 1899, "latitude": 40.7240192, "longitude": -73.9781442, "roof_area_m2": 139.1727840636639, "pv_kw_dc": 23.659373290822863, "annual_kwh": 29290.304134038706, "avg_daily_kwh": 80.247408586407417, "psh_daily_kwh": 87.066493710228144, "canopy_area_m2": 118.29686645411431, "lon": -73.978175955116441, "lat": 40.723989375523949 }, "geometry": { "type": "Point", "coordinates": [ -73.978175955116441, 40.723989375523949 ] } },
{ "type": "Feature", "properties": { "name": null, "bbl": "1003770067", "shape_area": "275.81640625", "construction_year": "1900", "ground_elevation": "9", "mappluto_bbl": "1003770067", "objectid": "517357", "feature_code": "2100", "shape_length": "91.678490878771257", "height_roof": "68.76", "last_status_type": "Constructed", "bin": "1004524", "last_edited_date": "2017-08-22T19:33:44Z", "geom_source": "Photogrammetric", "doitt_id": "34205", "address": "241 EAST 7 STREET", "bldgclass": "C6", "numfloors": 6.0, "unitsres": 17, "yearbuilt": 1900, "latitude": 40.7240521, "longitude": -73.9782236, "roof_area_m2": 158.26026616576709, "pv_kw_dc": 26.904245248180406, "annual_kwh": 33307.455617247339, "avg_daily_kwh": 91.253303060951609, "psh_daily_kwh": 99.007622513303886, "canopy_area_m2": 134.52122624090202, "lon": -73.978232584364264, "lat": 40.72404481449329 }, "geometry": { "type": "Point", "coordinates": [ -73.978232584364264, 40.72404481449329 ] } },
{ "type": "Feature", "properties": { "name": null, "bbl": "1003890054", "shape_area": "289.34375", "construction_year": "1920", "ground_elevation": "11", "mappluto_bbl": "1003890054", "objectid": "820010", "feature_code": "2100", "shape_length": "87.60786874782724", "height_roof": "76.46", "last_status_type": "Constructed", "bin": "1004702", "last_edited_date": "2017-08-22T17:57:26Z", "geom_source": "Photogrammetric", "doitt_id": "124919", "address": "613 EAST 6 STREET", "bldgclass": "C6", "numfloors": 6.0, "unitsres": 14, "yearbuilt": 1920, "latitude": 40.7243243, "longitude": -73.9806876, "roof_area_m2": 166.01491561986765, "pv_kw_dc": 28.222535655377499, "annual_kwh": 34939.499141357344, "avg_daily_kwh": 95.724655181800941, "psh_daily_kwh": 103.8589312117892, "canopy_area_m2": 141.11267827688749, "lon": -73.980694313302521, "lat": 40.724320333290116 }, "geometry": { "type": "Point", "coordinates": [ -73.980694313302521, 40.724320333290116 ] } },
{ "type": "Feature", "properties": { "name": null, "bbl": "1003890022", "shape_area": "515.74609375", "construction_year": "1900", "ground_elevation": "10", "mappluto_bbl": "1003890022", "objectid": "965262", "feature_code": "2100", "shape_length": "124.03664541891729", "height_roof": "62.5", "last_status_type": "Constructed", "bin": "1004680", "last_edited_date": "2017-08-22T18:24:22Z", "geom_source": "Photogrammetric", "doitt_id": "800037", "address": "208 EAST 7 STREET", "bldgclass": "C7", "numfloors": 6.0, "unitsres": 28, "yearbuilt": 1900, "latitude": 40.7243324, "longitude": -73.9800094, "roof_area_m2": 295.92000433626424, "pv_kw_dc": 50.306400737164921, "annual_kwh": 62279.324112610171, "avg_daily_kwh": 170.62828524002788, "psh_daily_kwh": 185.12755471276691, "canopy_area_m2": 251.53200368582461, "lon": -73.979995602796848, "lat": 40.724352784623136 }, "geometry": { "type": "Point", "coordinates": [ -73.979995602796848, 40.724352784623136 ] } },
{ "type": "Feature", "properties": { "name": null, "bbl": "1003890021", "shape_area": "305.9921875", "construction_year": "1900", "ground_elevation": "10", "mappluto_bbl": "1003890021", "objectid": "325385", "feature_code": "2100", "shape_length": "87.69542527882966", "height_roof": "70.15", "last_status_type": "Constructed", "bin": "1004679", "last_edited_date": "2017-08-22T18:36:18Z", "geom_source": "Photogrammetric", "doitt_id": "654743", "address": "206 EAST 7 STREET", "bldgclass": "C6", "numfloors": 6.0, "unitsres": 19, "yearbuilt": 1900, "latitude": 40.7243818, "longitude": -73.9801284, "roof_area_m2": 175.56851944003569, "pv_kw_dc": 29.846648304806067, "annual_kwh": 36950.150601349909, "avg_daily_kwh": 101.23328931876688, "psh_daily_kwh": 109.83566576168633, "canopy_area_m2": 149.23324152403032, "lon": -73.980116076103059, "lat": 40.724398938578922 }, "geometry": { "type": "Point", "coordinates": [ -73.980116076103059, 40.724398938578922 ] } },
{ "type": "Feature", "properties": { "name": null, "bbl": "1003890020", "shape_area": "302.0234375", "construction_year": "1900", "ground_elevation": "10", "mappluto_bbl": "1003890020", "objectid": "658009", "feature_code": "2100", "shape_length": "88.960284227888451", "height_roof": "72.03", "last_status_type": "Constructed", "bin": "1004678", "last_edited_date": "2017-08-22T17:55:16Z", "geom_source": "Photogrammetric", "doitt_id": "607472", "address": "204 EAST 7 STREET", "bldgclass": "C6", "numfloors": 6.0, "unitsres": 21, "yearbuilt": 1900, "latitude": 40.7244148, "longitude": -73.9802078, "roof_area_m2": 173.28763436654287, "pv_kw_dc": 29.458897842312286, "annual_kwh": 36470.115528782611, "avg_daily_kwh": 99.918124736390709, "psh_daily_kwh": 108.40874405970922, "canopy_area_m2": 147.29448921156143, "lon": -73.98019440011106, "lat": 40.724432072698079 }, "geometry": { "type": "Point", "coordinates": [ -73.98019440011106, 40.724432072698079 ] } },
{ "type": "Feature", "properties": { "name": null, "bbl": "1003770002", "shape_area": "525.86328125", "construction_year": "1900", "ground_elevation": "8", "mappluto_bbl": "1003770002", "objectid": "260502", "feature_code": "2100", "shape_length": "126.7110887225225", "height_roof": "68.23", "last_status_type": "Constructed", "bin": "1004499", "last_edited_date": "2017-08-22T18:03:39Z", "geom_source": "Photogrammetric", "doitt_id": "741064", "address": "112 AVENUE C", "bldgclass": "C7", "numfloors": 6.0, "unitsres": 22, "yearbuilt": 1900, "latitude": 40.7242717, "longitude": -73.9783931, "roof_area_m2": 301.73015462274668, "pv_kw_dc": 51.294126285866938, "annual_kwh": 63502.12834190327, "avg_daily_kwh": 173.97843381343361, "psh_daily_kwh": 188.76238473199032, "canopy_area_m2": 256.47063142933467, "lon": -73.978412405470607, "lat": 40.724288414837062 }, "geometry": { "type": "Point", "coordinates": [ -73.978412405470607, 40.724288414837062 ] } },
{ "type": "Feature", "properties": { "name": null, "bbl": "1003900037", "shape_area": "382.8828125", "construction_year": "1900", "ground_elevation": "7", "mappluto_bbl": "1003900037", "objectid": "682915", "feature_code": "2100", "shape_length": "80.858486765666854", "height_roof": "70.27", "last_status_type": "Constructed", "bin": "1004720", "last_edited_date": "2017-08-22T19:06:11Z", "geom_source": "Photogrammetric", "doitt_id": "542676", "address": "107 AVENUE C", "bldgclass": "C6", "numfloors": 6.0, "unitsres": 10, "yearbuilt": 1900, "latitude": 40.7242856, "longitude": -73.9789956, "roof_area_m2": 219.67912258811646, "pv_kw_dc": 37.345450839979797, "annual_kwh": 46233.668139894988, "avg_daily_kwh": 126.66758394491778, "psh_daily_kwh": 137.43125909112564, "canopy_area_m2": 186.72725419989899, "lon": -73.978985960504914, "lat": 40.724290358432185 }, "geometry": { "type": "Point", "coordinates": [ -73.978985960504914, 40.724290358432185 ] } },
{ "type": "Feature", "properties": { "name": null, "bbl": "1003990047", "shape_area": "509.74609375", "construction_year": "1900", "ground_elevation": "22", "mappluto_bbl": "1003990047", "objectid": "212369", "feature_code": "2100", "shape_length": "124.2670106179775", "height_roof": "63", "last_status_type": "Constructed", "bin": "1005005", "last_edited_date": "2017-08-22T17:49:49Z", "geom_source": "Photogrammetric", "doitt_id": "560019", "address": "181 EAST 3 STREET", "bldgclass": "C7", "numfloors": 6.0, "unitsres": 32, "yearbuilt": 1900, "latitude": 40.7232927, "longitude": -73.9838663, "roof_area_m2": 292.48380611562766, "pv_kw_dc": 49.722247039656708, "annual_kwh": 61556.141835095004, "avg_daily_kwh": 168.64696393176715, "psh_daily_kwh": 182.97786910593669, "canopy_area_m2": 248.61123519828351, "lon": -73.983871123910575, "lat": 40.723286035785712 }, "geometry": { "type": "Point", "coordinates": [ -73.983871123910575, 40.723286035785712 ] } },
{ "type": "Feature", "properties": { "name": null, "bbl": "1003980066", "shape_area": "396.359375", "construction_year": "1900", "ground_elevation": "24", "mappluto_bbl": "1003980066", "objectid": "346656", "feature_code": "2100", "shape_length": "106.31637656587884", "height_roof": "65.67", "last_status_type": "Constructed", "bin": "1004986", "last_edited_date": "2017-08-22T17:47:45Z", "geom_source": "Photogrammetric", "doitt_id": "192035", "address": "24 AVENUE A", "bldgclass": "C6", "numfloors": 6.0, "unitsres": 20, "yearbuilt": 1900, "latitude": 40.7230404, "longitude": -73.9854429, "roof_area_m2": 227.42305666089285, "pv_kw_dc": 38.661919632351783, "annual_kwh": 47863.456504851507, "avg_daily_kwh": 131.13275754753838, "psh_daily_kwh": 142.27586424705456, "canopy_area_m2": 193.30959816175891, "lon": -73.985457995800502, "lat": 40.723055362415508 }, "geometry": { "type": "Point", "coordinates": [ -73.985457995800502, 40.723055362415508 ] } },
{ "type": "Feature", "properties": { "name": null, "bbl": "1004000061", "shape_area": "211.8828125", "construction_year": "1900", "ground_elevation": "20", "mappluto_bbl": "1004000061", "objectid": "225353", "feature_code": "2100", "shape_length": "62.476213185529019", "height_roof": "61.38", "last_status_type": "Constructed", "bin": "1005044", "last_edited_date": "2017-08-22T18:57:18Z", "geom_source": "Photogrammetric", "doitt_id": "36913", "address": "193 EAST 4 STREET", "bldgclass": "C7", "numfloors": 6.0, "unitsres": 11, "yearbuilt": 1900, "latitude": 40.7242397, "longitude": -73.9842232, "roof_area_m2": 121.57200139849525, "pv_kw_dc": 20.667240237744195, "annual_kwh": 25586.043414327312, "avg_daily_kwh": 70.098749080348796, "psh_daily_kwh": 76.055444074898631, "canopy_area_m2": 103.33620118872096, "lon": -73.98426107307354, "lat": 40.724195005270246 }, "geometry": { "type": "Point", "coordinates": [ -73.98426107307354, 40.724195005270246 ] } },
{ "type": "Feature", "properties": { "name": null, "bbl": "1004340049", "shape_area": "268.52734375", "construction_year": "1897", "ground_elevation": "22", "mappluto_bbl": "1004340049", "objectid": "1046035", "feature_code": "2100", "shape_length": "92.811953168899663", "height_roof": "67.54", "last_status_type": "Constructed", "bin": "1005807", "last_edited_date": "2020-01-28T17:16:34Z", "geom_source": "Photogrammetric", "doitt_id": "648460", "address": "417 EAST 6 STREET", "bldgclass": "C1", "numfloors": 6.0, "unitsres": 24, "yearbuilt": 1897, "latitude": 40.7262298, "longitude": -73.9852186, "roof_area_m2": 154.05709236873338, "pv_kw_dc": 26.189705702684673, "annual_kwh": 32422.855659923625, "avg_daily_kwh": 88.829741534037325, "psh_daily_kwh": 96.378116985879601, "canopy_area_m2": 130.94852851342335, "lon": -73.985224858972941, "lat": 40.726225143108273 }, "geometry": { "type": "Point", "coordinates": [ -73.985224858972941, 40.726225143108273 ] } },
{ "type": "Feature", "properties": { "name": null, "bbl": "1004340019", "shape_area": "258.48046875", "construction_year": "1898", "ground_elevation": "21", "mappluto_bbl": "1004340019", "objectid": "1047795", "feature_code": "2100", "shape_length": "92.72858132611033", "height_roof": "66.26", "last_status_type": "Constructed", "bin": "1005784", "last_edited_date": "2020-01-28T17:19:58Z", "geom_source": "Photogrammetric", "doitt_id": "771224", "address": "110 EAST 7 STREET", "bldgclass": "C7", "numfloors": 6.0, "unitsres": 23, "yearbuilt": 1898, "latitude": 40.7263423, "longitude": -73.984782, "roof_area_m2": 148.30025073294536, "pv_kw_dc": 25.211042624600712, "annual_kwh": 31211.27076925568, "avg_daily_kwh": 85.510330874673102, "psh_daily_kwh": 92.776636858530622, "canopy_area_m2": 126.05521312300355, "lon": -73.984768907447119, "lat": 40.7263579661169 }, "geometry": { "type": "Point", "coordinates": [ -73.984768907447119, 40.7263579661169 ] } },
{ "type": "Feature", "properties": { "name": null, "bbl": "1004350043", "shape_area": "434.38671875", "construction_year": "1907", "ground_elevation": "20", "mappluto_bbl": "1004350043", "objectid": "1030207", "feature_code": "2100", "shape_length": "104.76741924971196", "height_roof": "63.98", "last_status_type": "Constructed", "bin": "1005848", "last_edited_date": "2020-01-28T17:16:09Z", "geom_source": "Photogrammetric", "doitt_id": "148239", "address": "117 EAST 7 STREET", "bldgclass": "C7", "numfloors": 6.0, "unitsres": 27, "yearbuilt": 1907, "latitude": 40.7266085, "longitude": -73.9842948, "roof_area_m2": 249.22167224019114, "pv_kw_dc": 42.367684280832492, "annual_kwh": 52451.193139670628, "avg_daily_kwh": 143.70189901279625, "psh_daily_kwh": 155.91307815346357, "canopy_area_m2": 211.83842140416246, "lon": -73.9843091464043, "lat": 40.726597121128691 }, "geometry": { "type": "Point", "coordinates": [ -73.9843091464043, 40.726597121128691 ] } },
{ "type": "Feature", "properties": { "name": null, "bbl": "1004350027", "shape_area": "381.5703125", "construction_year": "1920", "ground_elevation": "20", "mappluto_bbl": "1004350027", "objectid": "653400", "feature_code": "2100", "shape_length": "100.73983276292705", "height_roof": "65.94", "last_status_type": "Constructed", "bin": "1005834", "last_edited_date": "2017-08-22T18:10:33Z", "geom_source": "Photogrammetric", "doitt_id": "160779", "address": "126 ST MARKS PLACE", "bldgclass": "C7", "numfloors": 6.0, "unitsres": 22, "yearbuilt": 1920, "latitude": 40.7267209, "longitude": -73.9838078, "roof_area_m2": 218.91816241057879, "pv_kw_dc": 37.216087609798393, "annual_kwh": 46073.516460930412, "avg_daily_kwh": 126.22881222172715, "psh_daily_kwh": 136.9552024040581, "canopy_area_m2": 186.08043804899197, "lon": -73.983791847137383, "lat": 40.726752415629562 }, "geometry": { "type": "Point", "coordinates": [ -73.983791847137383, 40.726752415629562 ] } },
{ "type": "Feature", "properties": { "name": null, "bbl": "1004150012", "shape_area": "386.3984375", "construction_year": "1920", "ground_elevation": "40", "mappluto_bbl": "1004150012", "objectid": "127885", "feature_code": "2100", "shape_length": "115.08962188295169", "height_roof": "74.74", "last_status_type": "Constructed", "bin": "1077624", "last_edited_date": "2017-08-22T17:37:52Z", "geom_source": "Photogrammetric", "doitt_id": "836094", "address": "176 ELDRIDGE STREET", "bldgclass": "C7", "numfloors": 6.0, "unitsres": 56, "yearbuilt": 1920, "latitude": 40.7203346, "longitude": -73.9905843, "roof_area_m2": 443.53050551978333, "pv_kw_dc": 75.400185938363165, "annual_kwh": 93345.430191693595, "avg_daily_kwh": 255.74090463477697, "psh_daily_kwh": 277.47268425317645, "canopy_area_m2": 377.00092969181583, "lon": -73.990622925555783, "lat": 40.720307371324154 }, "geometry": { "type": "Point", "coordinates": [ -73.990622925555783, 40.720307371324154 ] } },
{ "type": "Feature", "properties": { "name": null, "bbl": "1004150012", "shape_area": "386.3984375", "construction_year": "1920", "ground_elevation": "40", "mappluto_bbl": "1004150012", "objectid": "127885", "feature_code": "2100", "shape_length": "115.08962188295169", "height_roof": "74.74", "last_status_type": "Constructed", "bin": "1077624", "last_edited_date": "2017-08-22T17:37:52Z", "geom_source": "Photogrammetric", "doitt_id": "836094", "address": "176 ELDRIDGE STREET", "bldgclass": "C7", "numfloors": 6.0, "unitsres": 56, "yearbuilt": 1920, "latitude": 40.7203346, "longitude": -73.9905843, "roof_area_m2": 443.53050551978333, "pv_kw_dc": 75.400185938363165, "annual_kwh": 93345.430191693595, "avg_daily_kwh": 255.74090463477697, "psh_daily_kwh": 277.47268425317645, "canopy_area_m2": 377.00092969181583, "lon": -73.990622925555783, "lat": 40.720307371324154 }, "geometry": { "type": "Point", "coordinates": [ -73.990622925555783, 40.720307371324154 ] } },
{ "type": "Feature", "properties": { "name": null, "bbl": "1004150012", "shape_area": "386.53125", "construction_year": "1920", "ground_elevation": "39", "mappluto_bbl": "1004150012", "objectid": "831444", "feature_code": "2100", "shape_length": "114.82525092644629", "height_roof": "75.78", "last_status_type": "Constructed", "bin": "1077623", "last_edited_date": "2017-08-22T17:43:41Z", "geom_source": "Photogrammetric", "doitt_id": "590631", "address": "176 ELDRIDGE STREET", "bldgclass": "C7", "numfloors": 6.0, "unitsres": 56, "yearbuilt": 1920, "latitude": 40.7203346, "longitude": -73.9905843, "roof_area_m2": 443.53050551978333, "pv_kw_dc": 75.400185938363165, "annual_kwh": 93345.430191693595, "avg_daily_kwh": 255.74090463477697, "psh_daily_kwh": 277.47268425317645, "canopy_area_m2": 377.00092969181583, "lon": -73.990578201338636, "lat": 40.720395401358694 }, "geometry": { "type": "Point", "coordinates": [ -73.990578201338636, 40.720395401358694 ] } },
{ "type": "Feature", "properties": { "name": null, "bbl": "1004150012", "shape_area": "386.53125", "construction_year": "1920", "ground_elevation": "39", "mappluto_bbl": "1004150012", "objectid": "831444", "feature_code": "2100", "shape_length": "114.82525092644629", "height_roof": "75.78", "last_status_type": "Constructed", "bin": "1077623", "last_edited_date": "2017-08-22T17:43:41Z", "geom_source": "Photogrammetric", "doitt_id": "590631", "address": "176 ELDRIDGE STREET", "bldgclass": "C7", "numfloors": 6.0, "unitsres": 56, "yearbuilt": 1920, "latitude": 40.7203346, "longitude": -73.9905843, "roof_area_m2": 443.53050551978333, "pv_kw_dc": 75.400185938363165, "annual_kwh": 93345.430191693595, "avg_daily_kwh": 255.74090463477697, "psh_daily_kwh": 277.47268425317645, "canopy_area_m2": 377.00092969181583, "lon": -73.990578201338636, "lat": 40.720395401358694 }, "geometry": { "type": "Point", "coordinates": [ -73.990578201338636, 40.720395401358694 ] } },
{ "type": "Feature", "properties": { "name": null, "bbl": "1004150022", "shape_area": "200.41015625", "construction_year": "1900", "ground_elevation": "36", "mappluto_bbl": "1004150022", "objectid": "780265", "feature_code": "2100", "shape_length": "70.871434776090425", "height_roof": "67.48", "last_status_type": "Constructed", "bin": "1005485", "last_edited_date": "2017-08-22T19:11:02Z", "geom_source": "Photogrammetric", "doitt_id": "706682", "address": "145 ALLEN STREET", "bldgclass": "C7", "numfloors": 6.0, "unitsres": 10, "yearbuilt": 1900, "latitude": 40.7205075, "longitude": -73.9901117, "roof_area_m2": 115.00162204683426, "pv_kw_dc": 19.550275747961823, "annual_kwh": 24203.241375976737, "avg_daily_kwh": 66.310250345141739, "psh_daily_kwh": 71.945014752499503, "canopy_area_m2": 97.751378739809113, "lon": -73.99010710659779, "lat": 40.720513116450029 }, "geometry": { "type": "Point", "coordinates": [ -73.99010710659779, 40.720513116450029 ] } },
{ "type": "Feature", "properties": { "name": null, "bbl": "1004160032", "shape_area": "471.4296875", "construction_year": "1900", "ground_elevation": "38", "mappluto_bbl": "1004160032", "objectid": "949455", "feature_code": "2100", "shape_length": "105.22303512543881", "height_roof": "66.03", "last_status_type": "Constructed", "bin": "1005516", "last_edited_date": "2017-08-22T17:52:39Z", "geom_source": "Photogrammetric", "doitt_id": "245599", "address": "66 RIVINGTON STREET", "bldgclass": "C7", "numfloors": 6.0, "unitsres": 20, "yearbuilt": 1900, "latitude": 40.7207353, "longitude": -73.9899457, "roof_area_m2": 270.51892747390758, "pv_kw_dc": 45.988217670564289, "annual_kwh": 56933.413476158588, "avg_daily_kwh": 155.98195472920162, "psh_daily_kwh": 169.23664102767657, "canopy_area_m2": 229.94108835282142, "lon": -73.989938304703216, "lat": 40.720751002073193 }, "geometry": { "type": "Point", "coordinates": [ -73.989938304703216, 40.720751002073193 ] } },
{ "type": "Feature", "properties": { "name": null, "bbl": "1004210078", "shape_area": "532.734375", "construction_year": "1900", "ground_elevation": "40", "mappluto_bbl": "1004210078", "objectid": "213516", "feature_code": "2100", "shape_length": "121.98924333546904", "height_roof": "74.23", "last_status_type": "Constructed", "bin": "1005611", "last_edited_date": "2017-08-22T18:03:49Z", "geom_source": "Photogrammetric", "doitt_id": "247166", "address": "42 RIVINGTON STREET", "bldgclass": "C7", "numfloors": 6.0, "unitsres": 31, "yearbuilt": 1900, "latitude": 40.7210703, "longitude": -73.9909738, "roof_area_m2": 305.7056781449698, "pv_kw_dc": 51.969965284644871, "annual_kwh": 64338.817022390351, "avg_daily_kwh": 176.27073156819273, "psh_daily_kwh": 191.24947224749315, "canopy_area_m2": 259.84982642322433, "lon": -73.990976615911876, "lat": 40.721070319905543 }, "geometry": { "type": "Point", "coordinates": [ -73.990976615911876, 40.721070319905543 ] } },
{ "type": "Feature", "properties": { "name": null, "bbl": "1004210080", "shape_area": "287.8046875", "construction_year": "1900", "ground_elevation": "41", "mappluto_bbl": "1004210080", "objectid": "626687", "feature_code": "2100", "shape_length": "96.231606618786316", "height_roof": "66.33", "last_status_type": "Constructed", "bin": "1005612", "last_edited_date": "2017-08-22T18:46:13Z", "geom_source": "Photogrammetric", "doitt_id": "315893", "address": "40 RIVINGTON STREET", "bldgclass": "C7", "numfloors": 6.0, "unitsres": 22, "yearbuilt": 1900, "latitude": 40.7211142, "longitude": -73.9910784, "roof_area_m2": 165.14701254698247, "pv_kw_dc": 28.07499213298702, "annual_kwh": 34756.840260637931, "avg_daily_kwh": 95.224219892158715, "psh_daily_kwh": 103.31597104939225, "canopy_area_m2": 140.37496066493509, "lon": -73.991087855511694, "lat": 40.721109473719324 }, "geometry": { "type": "Point", "coordinates": [ -73.991087855511694, 40.721109473719324 ] } },
{ "type": "Feature", "properties": { "name": null, "bbl": "1004210043", "shape_area": "355.21484375", "construction_year": "1900", "ground_elevation": "42", "mappluto_bbl": "1004210043", "objectid": "502057", "feature_code": "2100", "shape_length": "106.84231264038971", "height_roof": "62.4", "last_status_type": "Constructed", "bin": "1005605", "last_edited_date": "2017-08-22T18:32:34Z", "geom_source": "Photogrammetric", "doitt_id": "38027", "address": "172 FORSYTH STREET", "bldgclass": "C6", "numfloors": 6.0, "unitsres": 17, "yearbuilt": 1900, "latitude": 40.7212981, "longitude": -73.9910387, "roof_area_m2": 203.82268321983651, "pv_kw_dc": 34.649856147372212, "annual_kwh": 42896.521910446798, "avg_daily_kwh": 117.52471756286793, "psh_daily_kwh": 127.51147062232974, "canopy_area_m2": 173.24928073686104, "lon": -73.99106603215337, "lat": 40.721321390644029 }, "geometry": { "type": "Point", "coordinates": [ -73.99106603215337, 40.721321390644029 ] } },
{ "type": "Feature", "properties": { "name": null, "bbl": "1004160064", "shape_area": "307.234375", "construction_year": "1900", "ground_elevation": "35", "mappluto_bbl": "1004160064", "objectid": "771302", "feature_code": "2100", "shape_length": "96.961954696620779", "height_roof": "63.14", "last_status_type": "Constructed", "bin": "1005531", "last_edited_date": "2017-08-22T18:13:55Z", "geom_source": "Photogrammetric", "doitt_id": "357314", "address": "153 ORCHARD STREET", "bldgclass": "C7", "numfloors": 6.0, "unitsres": 18, "yearbuilt": 1900, "latitude": 40.7208148, "longitude": -73.9891195, "roof_area_m2": 176.29818205747551, "pv_kw_dc": 29.970690949770837, "annual_kwh": 37103.715395816296, "avg_daily_kwh": 101.65401478305834, "psh_daily_kwh": 110.29214269515667, "canopy_area_m2": 149.85345474885418, "lon": -73.989120809059315, "lat": 40.720824692824543 }, "geometry": { "type": "Point", "coordinates": [ -73.989120809059315, 40.720824692824543 ] } },
{ "type": "Feature", "properties": { "name": null, "bbl": "1004160063", "shape_area": "310.828125", "construction_year": "1900", "ground_elevation": "36", "mappluto_bbl": "1004160063", "objectid": "9742", "feature_code": "2100", "shape_length": "97.559743752551853", "height_roof": "62.14", "last_status_type": "Constructed", "bin": "1005530", "last_edited_date": "2017-08-22T17:47:23Z", "geom_source": "Photogrammetric", "doitt_id": "276928", "address": "155 ORCHARD STREET", "bldgclass": "C7", "numfloors": 6.0, "unitsres": 18, "yearbuilt": 1900, "latitude": 40.7208807, "longitude": -73.9890871, "roof_area_m2": 178.35557444860811, "pv_kw_dc": 30.320447656263379, "annual_kwh": 37536.714198454065, "avg_daily_kwh": 102.84031287247689, "psh_daily_kwh": 111.57924737504923, "canopy_area_m2": 151.60223828131689, "lon": -73.989087886519457, "lat": 40.72088895264605 }, "geometry": { "type": "Point", "coordinates": [ -73.989087886519457, 40.72088895264605 ] } },
{ "type": "Feature", "properties": { "name": null, "bbl": "1004160062", "shape_area": "326.73046875", "construction_year": "1900", "ground_elevation": "35", "mappluto_bbl": "1004160062", "objectid": "507746", "feature_code": "2100", "shape_length": "100.47099942205827", "height_roof": "63.14", "last_status_type": "Constructed", "bin": "1005529", "last_edited_date": "2017-08-22T19:12:11Z", "geom_source": "Photogrammetric", "doitt_id": "116101", "address": "157 ORCHARD STREET", "bldgclass": "C7", "numfloors": 6.0, "unitsres": 18, "yearbuilt": 1900, "latitude": 40.7209466, "longitude": -73.9890546, "roof_area_m2": 187.48755344048794, "pv_kw_dc": 31.872884084882955, "annual_kwh": 39458.630497085098, "avg_daily_kwh": 108.10583697831534, "psh_daily_kwh": 117.29221343236928, "canopy_area_m2": 159.36442042441476, "lon": -73.989054483592327, "lat": 40.720955202482877 }, "geometry": { "type": "Point", "coordinates": [ -73.989054483592327, 40.720955202482877 ] } },
{ "type": "Feature", "properties": { "name": null, "bbl": "1004160055", "shape_area": "279.9140625", "construction_year": "1900", "ground_elevation": "34", "mappluto_bbl": "1004160055", "objectid": "955893", "feature_code": "2100", "shape_length": "82.466883033945436", "height_roof": "61.01", "last_status_type": "Constructed", "bin": "1005523", "last_edited_date": "2017-08-22T17:27:22Z", "geom_source": "Photogrammetric", "doitt_id": "219932", "address": "85 STANTON STREET", "bldgclass": "C6", "numfloors": 6.0, "unitsres": 10, "yearbuilt": 1900, "latitude": 40.7213665, "longitude": -73.9888236, "roof_area_m2": 160.62071364981614, "pv_kw_dc": 27.305521320468745, "annual_kwh": 33804.23539474031, "avg_daily_kwh": 92.61434354723373, "psh_daily_kwh": 100.48431845932498, "canopy_area_m2": 136.52760660234372, "lon": -73.988822561979788, "lat": 40.721373183673393 }, "geometry": { "type": "Point", "coordinates": [ -73.988822561979788, 40.721373183673393 ] } },
{ "type": "Feature", "properties": { "name": null, "bbl": "1004220064", "shape_area": "391.82421875", "construction_year": "1900", "ground_elevation": "38", "mappluto_bbl": "1004220064", "objectid": "628873", "feature_code": "2100", "shape_length": "109.09344254492086", "height_roof": "63.33", "last_status_type": "Constructed", "bin": "1005625", "last_edited_date": "2017-08-22T17:42:05Z", "geom_source": "Photogrammetric", "doitt_id": "93559", "address": "231 ELDRIDGE STREET", "bldgclass": "C7", "numfloors": 6.0, "unitsres": 22, "yearbuilt": 1900, "latitude": 40.7223547, "longitude": -73.9901042, "roof_area_m2": 224.82423745335049, "pv_kw_dc": 38.220120367069583, "annual_kwh": 47316.509014432144, "avg_daily_kwh": 129.63427127241684, "psh_daily_kwh": 140.65004295081607, "canopy_area_m2": 191.1006018353479, "lon": -73.990073125289967, "lat": 40.722361390286395 }, "geometry": { "type": "Point", "coordinates": [ -73.990073125289967, 40.722361390286395 ] } },
{ "type": "Feature", "properties": { "name": null, "bbl": "1004170019", "shape_area": "381.859375", "construction_year": "1900", "ground_elevation": "37", "mappluto_bbl": "1004170019", "objectid": "951061", "feature_code": "2100", "shape_length": "86.809633081125057", "height_roof": "63.46", "last_status_type": "Constructed", "bin": "1005543", "last_edited_date": "2017-08-22T19:25:41Z", "geom_source": "Photogrammetric", "doitt_id": "286947", "address": "201 ALLEN STREET", "bldgclass": "C7", "numfloors": 6.0, "unitsres": 27, "yearbuilt": 1900, "latitude": 40.7225385, "longitude": -73.9891698, "roof_area_m2": 219.10812660247032, "pv_kw_dc": 37.248381522419955, "annual_kwh": 46113.496324755906, "avg_daily_kwh": 126.33834609522167, "psh_daily_kwh": 137.07404400250542, "canopy_area_m2": 186.24190761209977, "lon": -73.989162807018005, "lat": 40.722547677141812 }, "geometry": { "type": "Point", "coordinates": [ -73.989162807018005, 40.722547677141812 ] } },
{ "type": "Feature", "properties": { "name": null, "bbl": "1004170018", "shape_area": "691.45703125", "construction_year": "1920", "ground_elevation": "36", "mappluto_bbl": "1004170018", "objectid": "609794", "feature_code": "2100", "shape_length": "119.27677471587576", "height_roof": "63.15", "last_status_type": "Constructed", "bin": "1005542", "last_edited_date": "2017-08-22T18:28:28Z", "geom_source": "Photogrammetric", "doitt_id": "332002", "address": "159 EAST HOUSTON STREET", "bldgclass": "C7", "numfloors": 6.0, "unitsres": 33, "yearbuilt": 1900, "latitude": 40.7227389, "longitude": -73.9890868, "roof_area_m2": 396.75591879489701, "pv_kw_dc": 67.448506195132495, "annual_kwh": 83501.25066957403, "avg_daily_kwh": 228.77054977965489, "psh_daily_kwh": 248.21050279808756, "canopy_area_m2": 337.24253097566248, "lon": -73.989077007646912, "lat": 40.722759359146998 }, "geometry": { "type": "Point", "coordinates": [ -73.989077007646912, 40.722759359146998 ] } },
{ "type": "Feature", "properties": { "name": null, "bbl": "1004220062", "shape_area": "390.32421875", "construction_year": "1900", "ground_elevation": "38", "mappluto_bbl": "1004220062", "objectid": "686725", "feature_code": "2100", "shape_length": "109.61843937547404", "height_roof": "63.37", "last_status_type": "Constructed", "bin": "1005624", "last_edited_date": "2017-08-22T18:44:32Z", "geom_source": "Photogrammetric", "doitt_id": "503045", "address": "233 ELDRIDGE STREET", "bldgclass": "C7", "numfloors": 6.0, "unitsres": 22, "yearbuilt": 1900, "latitude": 40.7224508, "longitude": -73.9900537, "roof_area_m2": 223.96458756759196, "pv_kw_dc": 38.073979886490633, "annual_kwh": 47135.587099475408, "avg_daily_kwh": 129.13859479308331, "psh_daily_kwh": 140.11224598228554, "canopy_area_m2": 190.36989943245317, "lon": -73.990024888832266, "lat": 40.722454550076051 }, "geometry": { "type": "Point", "coordinates": [ -73.990024888832266, 40.722454550076051 ] } },
{ "type": "Feature", "properties": { "name": null, "bbl": "1004220060", "shape_area": "538.6015625", "construction_year": "1900", "ground_elevation": "38", "mappluto_bbl": "1004220060", "objectid": "834212", "feature_code": "2100", "shape_length": "129.49280473577738", "height_roof": "67.88", "last_status_type": "Constructed", "bin": "1005623", "last_edited_date": "2017-08-22T19:31:39Z", "geom_source": "Photogrammetric", "doitt_id": "813890", "address": "237 ELDRIDGE STREET", "bldgclass": "C6", "numfloors": 6.0, "unitsres": 40, "yearbuilt": 1900, "latitude": 40.7225633, "longitude": -73.9899959, "roof_area_m2": 309.04378898725685, "pv_kw_dc": 52.537444127833659, "annual_kwh": 65041.355830258071, "avg_daily_kwh": 178.19549542536458, "psh_daily_kwh": 193.33779439042786, "canopy_area_m2": 262.68722063916829, "lon": -73.989975440357298, "lat": 40.722568744773191 }, "geometry": { "type": "Point", "coordinates": [ -73.989975440357298, 40.722568744773191 ] } },
{ "type": "Feature", "properties": { "name": null, "bbl": "1004220057", "shape_area": "379.15234375", "construction_year": "1900", "ground_elevation": "38", "mappluto_bbl": "1004220057", "objectid": "830582", "feature_code": "2100", "shape_length": "102.07461216956243", "height_roof": "69.38", "last_status_type": "Constructed", "bin": "1005621", "last_edited_date": "2017-08-22T18:12:42Z", "geom_source": "Photogrammetric", "doitt_id": "504338", "address": "245 ELDRIDGE STREET", "bldgclass": "C7", "numfloors": 6.0, "unitsres": 10, "yearbuilt": 1900, "latitude": 40.7227692, "longitude": -73.9898913, "roof_area_m2": 217.55454502118681, "pv_kw_dc": 36.984272653601757, "annual_kwh": 45786.529545158977, "avg_daily_kwh": 125.44254669906569, "psh_daily_kwh": 136.10212336525444, "canopy_area_m2": 184.92136326800878, "lon": -73.989857475106945, "lat": 40.722770211487827 }, "geometry": { "type": "Point", "coordinates": [ -73.989857475106945, 40.722770211487827 ] } },
{ "type": "Feature", "properties": { "name": null, "bbl": "1004420021", "shape_area": "409.83203125", "construction_year": "1920", "ground_elevation": "37", "mappluto_bbl": "1004420021", "objectid": "630069", "feature_code": "2100", "shape_length": "83.720466576923187", "height_roof": "75.98", "last_status_type": "Constructed", "bin": "1006078", "last_edited_date": "2017-08-22T19:29:45Z", "geom_source": "Photogrammetric", "doitt_id": "393208", "address": "49 EAST 1 STREET", "bldgclass": "C6", "numfloors": 6.0, "unitsres": 10, "yearbuilt": 1920, "latitude": 40.7236173, "longitude": -73.9897288, "roof_area_m2": 235.15742184759452, "pv_kw_dc": 39.976761714091069, "annual_kwh": 49491.23100204474, "avg_daily_kwh": 135.59241370423217, "psh_daily_kwh": 147.11448310785514, "canopy_area_m2": 199.88380857045533, "lon": -73.989725005138183, "lat": 40.723632606118933 }, "geometry": { "type": "Point", "coordinates": [ -73.989725005138183, 40.723632606118933 ] } },
{ "type": "Feature", "properties": { "name": null, "bbl": "1004120040", "shape_area": "317.08203125", "construction_year": "1900", "ground_elevation": "31", "mappluto_bbl": "1004120040", "objectid": "993536", "feature_code": "2100", "shape_length": "88.283773653373814", "height_roof": "69.45", "last_status_type": "Constructed", "bin": "1005411", "last_edited_date": "2017-08-22T19:24:25Z", "geom_source": "Photogrammetric", "doitt_id": "792060", "address": "162 LUDLOW STREET", "bldgclass": "C7", "numfloors": 6.0, "unitsres": 20, "yearbuilt": 1900, "latitude": 40.7212511, "longitude": -73.9874888, "roof_area_m2": 181.94730795585568, "pv_kw_dc": 30.931042352495467, "annual_kwh": 38292.630432389386, "avg_daily_kwh": 104.9113162531216, "psh_daily_kwh": 113.82623585718332, "canopy_area_m2": 154.65521176247734, "lon": -73.987493239899123, "lat": 40.72126474710965 }, "geometry": { "type": "Point", "coordinates": [ -73.987493239899123, 40.72126474710965 ] } },
{ "type": "Feature", "properties": { "name": null, "bbl": "1004120035", "shape_area": "319.44921875", "construction_year": "1900", "ground_elevation": "33", "mappluto_bbl": "1004120035", "objectid": "796015", "feature_code": "2100", "shape_length": "82.461576130497349", "height_roof": "73.54", "last_status_type": "Constructed", "bin": "1005409", "last_edited_date": "2017-08-22T18:31:11Z", "geom_source": "Photogrammetric", "doitt_id": "591389", "address": "161 LUDLOW STREET", "bldgclass": "C4", "numfloors": 6.0, "unitsres": 8, "yearbuilt": 1900, "latitude": 40.7214488, "longitude": -73.9878929, "roof_area_m2": 183.3052269641754, "pv_kw_dc": 31.161888583909821, "annual_kwh": 38578.41806688036, "avg_daily_kwh": 105.69429607364482, "psh_daily_kwh": 114.67574998878814, "canopy_area_m2": 155.8094429195491, "lon": -73.987897163196351, "lat": 40.721461425156733 }, "geometry": { "type": "Point", "coordinates": [ -73.987897163196351, 40.721461425156733 ] } },
{ "type": "Feature", "properties": { "name": null, "bbl": "1004110009", "shape_area": "254.79296875", "construction_year": "1930", "ground_elevation": "34", "mappluto_bbl": "1004110009", "objectid": "722638", "feature_code": "2100", "shape_length": "70.652775944168738", "height_roof": "65", "last_status_type": "Constructed", "bin": "1005345", "last_edited_date": "2017-08-22T19:28:03Z", "geom_source": "Photogrammetric", "doitt_id": "584762", "address": "162 ORCHARD STREET", "bldgclass": "C7", "numfloors": 6.0, "unitsres": 10, "yearbuilt": 1930, "latitude": 40.7210371, "longitude": -73.9884774, "roof_area_m2": 146.20616772393146, "pv_kw_dc": 24.855048513068351, "annual_kwh": 30770.550059178619, "avg_daily_kwh": 84.302876874461973, "psh_daily_kwh": 91.466578528091532, "canopy_area_m2": 124.27524256534174, "lon": -73.988519600571649, "lat": 40.721061184001663 }, "geometry": { "type": "Point", "coordinates": [ -73.988519600571649, 40.721061184001663 ] } },
{ "type": "Feature", "properties": { "name": null, "bbl": "1004110018", "shape_area": "308.54296875", "construction_year": "1920", "ground_elevation": "33", "mappluto_bbl": "1004110018", "objectid": "549194", "feature_code": "2100", "shape_length": "73.3702892221187", "height_roof": "61.16", "last_status_type": "Constructed", "bin": "1005351", "last_edited_date": "2017-08-22T18:47:48Z", "geom_source": "Photogrammetric", "doitt_id": "699919", "address": "101 STANTON STREET", "bldgclass": "C7", "numfloors": 6.0, "unitsres": 15, "yearbuilt": 1920, "latitude": 40.7211523, "longitude": -73.9879831, "roof_area_m2": 177.04354071319321, "pv_kw_dc": 30.097401921242849, "annual_kwh": 37260.583578498648, "avg_daily_kwh": 102.0837906260237, "psh_daily_kwh": 110.75843907017368, "canopy_area_m2": 150.48700960621423, "lon": -73.987982257399111, "lat": 40.721164660272855 }, "geometry": { "type": "Point", "coordinates": [ -73.987982257399111, 40.721164660272855 ] } },
{ "type": "Feature", "properties": { "name": null, "bbl": "1004110011", "shape_area": "271.125", "construction_year": "1920", "ground_elevation": "34", "mappluto_bbl": "1004110011", "objectid": "810103", "feature_code": "2100", "shape_length": "90.796578465176722", "height_roof": "68.03", "last_status_type": "Constructed", "bin": "1005347", "last_edited_date": "2017-08-22T18:13:10Z", "geom_source": "Photogrammetric", "doitt_id": "393462", "address": "166 ORCHARD STREET", "bldgclass": "C7", "numfloors": 6.0, "unitsres": 25, "yearbuilt": 1920, "latitude": 40.7211661, "longitude": -73.9884124, "roof_area_m2": 155.57571150686599, "pv_kw_dc": 26.447870956167222, "annual_kwh": 32742.464243735019, "avg_daily_kwh": 89.705381489684981, "psh_daily_kwh": 97.328165118695381, "canopy_area_m2": 132.23935478083609, "lon": -73.988432389049592, "lat": 40.721181936689121 }, "geometry": { "type": "Point", "coordinates": [ -73.988432389049592, 40.721181936689121 ] } },
{ "type": "Feature", "properties": { "name": null, "bbl": "1004120001", "shape_area": "386.17578125", "construction_year": "1920", "ground_elevation": "34", "mappluto_bbl": "1004120001", "objectid": "446070", "feature_code": "2100", "shape_length": "101.28300640577555", "height_roof": "67.54", "last_status_type": "Constructed", "bin": "1005386", "last_edited_date": "2017-08-22T19:13:43Z", "geom_source": "Photogrammetric", "doitt_id": "398529", "address": "172 ORCHARD STREET", "bldgclass": "C7", "numfloors": 6.0, "unitsres": 20, "yearbuilt": 1920, "latitude": 40.7214762, "longitude": -73.9882356, "roof_area_m2": 221.5939307935806, "pv_kw_dc": 37.670968234908706, "annual_kwh": 46636.658674816979, "avg_daily_kwh": 127.7716676022383, "psh_daily_kwh": 138.62916310446403, "canopy_area_m2": 188.35484117454351, "lon": -73.98823073824839, "lat": 40.721484251556234 }, "geometry": { "type": "Point", "coordinates": [ -73.98823073824839, 40.721484251556234 ] } },
{ "type": "Feature", "properties": { "name": null, "bbl": "1004170068", "shape_area": "303.29296875", "construction_year": "1920", "ground_elevation": "34", "mappluto_bbl": "1004170068", "objectid": "157193", "feature_code": "2100", "shape_length": "73.4737717048429", "height_roof": "68.94", "last_status_type": "Constructed", "bin": "1005558", "last_edited_date": "2017-08-22T18:59:07Z", "geom_source": "Photogrammetric", "doitt_id": "26569", "address": "86 STANTON STREET", "bldgclass": "C7", "numfloors": 6.0, "unitsres": 15, "yearbuilt": 1920, "latitude": 40.7216272, "longitude": -73.988618, "roof_area_m2": 174.02935931697465, "pv_kw_dc": 29.58499108388569, "annual_kwh": 36626.218961850485, "avg_daily_kwh": 100.34580537493284, "psh_daily_kwh": 108.87276718869933, "canopy_area_m2": 147.92495541942844, "lon": -73.988615188049181, "lat": 40.721631506933676 }, "geometry": { "type": "Point", "coordinates": [ -73.988615188049181, 40.721631506933676 ] } },
{ "type": "Feature", "properties": { "name": null, "bbl": "1004170056", "shape_area": "334.734375", "construction_year": "1900", "ground_elevation": "34", "mappluto_bbl": "1004170056", "objectid": "993968", "feature_code": "2100", "shape_length": "96.043324301391124", "height_roof": "68.38", "last_status_type": "Constructed", "bin": "1005548", "last_edited_date": "2017-08-22T17:52:04Z", "geom_source": "Photogrammetric", "doitt_id": "646097", "address": "185 EAST HOUSTON STREET", "bldgclass": "C7", "numfloors": 6.0, "unitsres": 31, "yearbuilt": 1900, "latitude": 40.7224698, "longitude": -73.9881993, "roof_area_m2": 391.33594131120458, "pv_kw_dc": 66.527110022904779, "annual_kwh": 82360.562208356117, "avg_daily_kwh": 225.64537591330443, "psh_daily_kwh": 244.81976488428961, "canopy_area_m2": 332.63555011452388, "lon": -73.988154257800943, "lat": 40.722470273591419 }, "geometry": { "type": "Point", "coordinates": [ -73.988154257800943, 40.722470273591419 ] } },
{ "type": "Feature", "properties": { "name": null, "bbl": "1004170056", "shape_area": "334.734375", "construction_year": "1900", "ground_elevation": "34", "mappluto_bbl": "1004170056", "objectid": "993968", "feature_code": "2100", "shape_length": "96.043324301391124", "height_roof": "68.38", "last_status_type": "Constructed", "bin": "1005548", "last_edited_date": "2017-08-22T17:52:04Z", "geom_source": "Photogrammetric", "doitt_id": "646097", "address": "185 EAST HOUSTON STREET", "bldgclass": "C7", "numfloors": 6.0, "unitsres": 31, "yearbuilt": 1900, "latitude": 40.7224698, "longitude": -73.9881993, "roof_area_m2": 391.33594131120458, "pv_kw_dc": 66.527110022904779, "annual_kwh": 82360.562208356117, "avg_daily_kwh": 225.64537591330443, "psh_daily_kwh": 244.81976488428961, "canopy_area_m2": 332.63555011452388, "lon": -73.988154257800943, "lat": 40.722470273591419 }, "geometry": { "type": "Point", "coordinates": [ -73.988154257800943, 40.722470273591419 ] } },
{ "type": "Feature", "properties": { "name": null, "bbl": "1004170056", "shape_area": "347.27734375", "construction_year": "1900", "ground_elevation": "35", "mappluto_bbl": "1004170056", "objectid": "876691", "feature_code": "2100", "shape_length": "106.1338954477003", "height_roof": "76.94", "last_status_type": "Constructed", "bin": "1005547", "last_edited_date": "2017-08-22T18:43:19Z", "geom_source": "Photogrammetric", "doitt_id": "945986", "address": "185 EAST HOUSTON STREET", "bldgclass": "C7", "numfloors": 6.0, "unitsres": 31, "yearbuilt": 1900, "latitude": 40.7224698, "longitude": -73.9881993, "roof_area_m2": 391.33594131120458, "pv_kw_dc": 66.527110022904779, "annual_kwh": 82360.562208356117, "avg_daily_kwh": 225.64537591330443, "psh_daily_kwh": 244.81976488428961, "canopy_area_m2": 332.63555011452388, "lon": -73.988237040362847, "lat": 40.722504105567282 }, "geometry": { "type": "Point", "coordinates": [ -73.988237040362847, 40.722504105567282 ] } },
{ "type": "Feature", "properties": { "name": null, "bbl": "1004170056", "shape_area": "347.27734375", "construction_year": "1900", "ground_elevation": "35", "mappluto_bbl": "1004170056", "objectid": "876691", "feature_code": "2100", "shape_length": "106.1338954477003", "height_roof": "76.94", "last_status_type": "Constructed", "bin": "1005547", "last_edited_date": "2017-08-22T18:43:19Z", "geom_source": "Photogrammetric", "doitt_id": "945986", "address": "185 EAST HOUSTON STREET", "bldgclass": "C7", "numfloors": 6.0, "unitsres": 31, "yearbuilt": 1900, "latitude": 40.7224698, "longitude": -73.9881993, "roof_area_m2": 391.33594131120458, "pv_kw_dc": 66.527110022904779, "annual_kwh": 82360.562208356117, "avg_daily_kwh": 225.64537591330443, "psh_daily_kwh": 244.81976488428961, "canopy_area_m2": 332.63555011452388, "lon": -73.988237040362847, "lat": 40.722504105567282 }, "geometry": { "type": "Point", "coordinates": [ -73.988237040362847, 40.722504105567282 ] } },
{ "type": "Feature", "properties": { "name": null, "bbl": "1004170054", "shape_area": "273.35546875", "construction_year": "1900", "ground_elevation": "35", "mappluto_bbl": "1004170054", "objectid": "354777", "feature_code": "2100", "shape_length": "93.130033783381919", "height_roof": "70.05", "last_status_type": "Constructed", "bin": "1005546", "last_edited_date": "2017-08-22T18:54:19Z", "geom_source": "Photogrammetric", "doitt_id": "812635", "address": "179 EAST HOUSTON STREET", "bldgclass": "C7", "numfloors": 6.0, "unitsres": 15, "yearbuilt": 1900, "latitude": 40.722511, "longitude": -73.9883256, "roof_area_m2": 156.843920578264, "pv_kw_dc": 26.663466498304885, "annual_kwh": 33009.371524901449, "avg_daily_kwh": 90.436634314798496, "psh_daily_kwh": 98.121556713761976, "canopy_area_m2": 133.31733249152441, "lon": -73.988320218062924, "lat": 40.722533130923168 }, "geometry": { "type": "Point", "coordinates": [ -73.988320218062924, 40.722533130923168 ] } },
{ "type": "Feature", "properties": { "name": null, "bbl": "1004290005", "shape_area": "475.03125", "construction_year": "1900", "ground_elevation": "32", "mappluto_bbl": "1004290005", "objectid": "434030", "feature_code": "2100", "shape_length": "118.34544215335778", "height_roof": "67.42", "last_status_type": "Constructed", "bin": "1005732", "last_edited_date": "2017-08-22T18:16:14Z", "geom_source": "Photogrammetric", "doitt_id": "788032", "address": "18 1 AVENUE", "bldgclass": "C7", "numfloors": 6.0, "unitsres": 27, "yearbuilt": 1900, "latitude": 40.7234607, "longitude": -73.9879177, "roof_area_m2": 272.56286500964461, "pv_kw_dc": 46.335687051639582, "annual_kwh": 57363.5805699298, "avg_daily_kwh": 157.16049471213643, "psh_daily_kwh": 170.51532835003366, "canopy_area_m2": 231.67843525819791, "lon": -73.987936359549067, "lat": 40.723476756606992 }, "geometry": { "type": "Point", "coordinates": [ -73.987936359549067, 40.723476756606992 ] } },
{ "type": "Feature", "properties": { "name": null, "bbl": "1004430050", "shape_area": "295.1015625", "construction_year": "1910", "ground_elevation": "36", "mappluto_bbl": "1004430050", "objectid": "37045", "feature_code": "2100", "shape_length": "97.853441429595478", "height_roof": "64.95", "last_status_type": "Constructed", "bin": "1006105", "last_edited_date": "2017-08-22T18:32:45Z", "geom_source": "Photogrammetric", "doitt_id": "201938", "address": "54 EAST 1 STREET", "bldgclass": "C6", "numfloors": 6.0, "unitsres": 24, "yearbuilt": 1910, "latitude": 40.7239164, "longitude": -73.9893716, "roof_area_m2": 169.32490441140271, "pv_kw_dc": 28.78523374993846, "annual_kwh": 35636.119382423814, "avg_daily_kwh": 97.633203787462506, "psh_daily_kwh": 105.92966019977354, "canopy_area_m2": 143.92616874969229, "lon": -73.989376242628325, "lat": 40.723914958272999 }, "geometry": { "type": "Point", "coordinates": [ -73.989376242628325, 40.723914958272999 ] } },
{ "type": "Feature", "properties": { "name": null, "bbl": "1005070004", "shape_area": "373.31640625", "construction_year": "1910", "ground_elevation": "44", "mappluto_bbl": "1005070004", "objectid": "750214", "feature_code": "2100", "shape_length": "101.55616395727093", "height_roof": "69.08630395", "last_status_type": "Constructed", "bin": "1007847", "last_edited_date": "2017-08-22T17:32:25Z", "geom_source": "Photogrammetric", "doitt_id": "36656", "address": "232 ELIZABETH STREET", "bldgclass": "C7", "numfloors": 6.0, "unitsres": 28, "yearbuilt": 1910, "latitude": 40.7230686, "longitude": -73.9937479, "roof_area_m2": 214.1984469502591, "pv_kw_dc": 36.413735981544043, "annual_kwh": 45080.205145151529, "avg_daily_kwh": 123.50741135657952, "psh_daily_kwh": 134.00254841208206, "canopy_area_m2": 182.06867990772022, "lon": -73.993777555275415, "lat": 40.723086417077148 }, "geometry": { "type": "Point", "coordinates": [ -73.993777555275415, 40.723086417077148 ] } },
{ "type": "Feature", "properties": { "name": null, "bbl": "1005080044", "shape_area": "425.49609375", "construction_year": "1910", "ground_elevation": "44", "mappluto_bbl": "1005080044", "objectid": "406324", "feature_code": "2100", "shape_length": "113.56768908170717", "height_roof": "70.89672915", "last_status_type": "Constructed", "bin": "1007908", "last_edited_date": "2017-08-22T18:53:40Z", "geom_source": "Photogrammetric", "doitt_id": "211316", "address": "233 ELIZABETH STREET", "bldgclass": "C7", "numfloors": 6.0, "unitsres": 27, "yearbuilt": 1910, "latitude": 40.7231263, "longitude": -73.9942601, "roof_area_m2": 244.14511941382017, "pv_kw_dc": 41.504670300349431, "annual_kwh": 51382.781831832595, "avg_daily_kwh": 140.77474474474684, "psh_daily_kwh": 152.73718670528589, "canopy_area_m2": 207.52335150174713, "lon": -73.994239895018111, "lat": 40.72313025419863 }, "geometry": { "type": "Point", "coordinates": [ -73.994239895018111, 40.72313025419863 ] } },
{ "type": "Feature", "properties": { "name": null, "bbl": "1005080053", "shape_area": "333.06640625", "construction_year": "1910", "ground_elevation": "43", "mappluto_bbl": "1005080053", "objectid": "374834", "feature_code": "2100", "shape_length": "83.4872333014361", "height_roof": "77.31881193", "last_status_type": "Constructed", "bin": "1007914", "last_edited_date": "2017-08-22T18:17:38Z", "geom_source": "Photogrammetric", "doitt_id": "4741", "address": "31 PRINCE STREET", "bldgclass": "C7", "numfloors": 6.0, "unitsres": 16, "yearbuilt": 1910, "latitude": 40.7231455, "longitude": -73.9947219, "roof_area_m2": 191.10849891134981, "pv_kw_dc": 32.488444814929466, "annual_kwh": 40220.694680882676, "avg_daily_kwh": 110.19368405721281, "psh_daily_kwh": 119.55747691894042, "canopy_area_m2": 162.44222407464733, "lon": -73.994713894381476, "lat": 40.723153219444576 }, "geometry": { "type": "Point", "coordinates": [ -73.994713894381476, 40.723153219444576 ] } },
{ "type": "Feature", "properties": { "name": null, "bbl": "1005080042", "shape_area": "203.1640625", "construction_year": "1914", "ground_elevation": "44", "mappluto_bbl": "1005080042", "objectid": "25040", "feature_code": "2100", "shape_length": "86.1444130772486", "height_roof": "67.52195597", "last_status_type": "Constructed", "bin": "1007906", "last_edited_date": "2017-08-22T17:46:26Z", "geom_source": "Photogrammetric", "doitt_id": "633371", "address": "239 ELIZABETH STREET", "bldgclass": "CB", "numfloors": 6.0, "unitsres": 10, "yearbuilt": 1914, "latitude": 40.7232553, "longitude": -73.994188, "roof_area_m2": 116.57022801201829, "pv_kw_dc": 19.816938762043108, "annual_kwh": 24533.370187409368, "avg_daily_kwh": 67.214712842217452, "psh_daily_kwh": 72.926334644318644, "canopy_area_m2": 99.084693810215541, "lon": -73.99417331095681, "lat": 40.723265540445681 }, "geometry": { "type": "Point", "coordinates": [ -73.99417331095681, 40.723265540445681 ] } },
{ "type": "Feature", "properties": { "name": null, "bbl": "1005080001", "shape_area": "273.921875", "construction_year": "1897", "ground_elevation": "42", "mappluto_bbl": "1005080001", "objectid": "182158", "feature_code": "2100", "shape_length": "85.328206276729475", "height_roof": "69.96137956", "last_status_type": "Constructed", "bin": "1077759", "last_edited_date": "2017-08-22T18:04:37Z", "geom_source": "Photogrammetric", "doitt_id": "310058", "address": "246 MOTT STREET", "bldgclass": "C7", "numfloors": 6.0, "unitsres": 80, "yearbuilt": 1897, "latitude": 40.7233514, "longitude": -73.9945054, "roof_area_m2": 615.16176848519592, "pv_kw_dc": 104.5775006424833, "annual_kwh": 129466.94579539432, "avg_daily_kwh": 354.70396108327213, "psh_daily_kwh": 384.84520236433855, "canopy_area_m2": 522.8875032124165, "lon": -73.994569629573775, "lat": 40.723271415698342 }, "geometry": { "type": "Point", "coordinates": [ -73.994569629573775, 40.723271415698342 ] } },
{ "type": "Feature", "properties": { "name": null, "bbl": "1005080001", "shape_area": "273.921875", "construction_year": "1897", "ground_elevation": "42", "mappluto_bbl": "1005080001", "objectid": "182158", "feature_code": "2100", "shape_length": "85.328206276729475", "height_roof": "69.96137956", "last_status_type": "Constructed", "bin": "1077759", "last_edited_date": "2017-08-22T18:04:37Z", "geom_source": "Photogrammetric", "doitt_id": "310058", "address": "246 MOTT STREET", "bldgclass": "C7", "numfloors": 6.0, "unitsres": 80, "yearbuilt": 1897, "latitude": 40.7233514, "longitude": -73.9945054, "roof_area_m2": 615.16176848519592, "pv_kw_dc": 104.5775006424833, "annual_kwh": 129466.94579539432, "avg_daily_kwh": 354.70396108327213, "psh_daily_kwh": 384.84520236433855, "canopy_area_m2": 522.8875032124165, "lon": -73.994569629573775, "lat": 40.723271415698342 }, "geometry": { "type": "Point", "coordinates": [ -73.994569629573775, 40.723271415698342 ] } },
{ "type": "Feature", "properties": { "name": null, "bbl": "1005080001", "shape_area": "273.921875", "construction_year": "1897", "ground_elevation": "42", "mappluto_bbl": "1005080001", "objectid": "182158", "feature_code": "2100", "shape_length": "85.328206276729475", "height_roof": "69.96137956", "last_status_type": "Constructed", "bin": "1077759", "last_edited_date": "2017-08-22T18:04:37Z", "geom_source": "Photogrammetric", "doitt_id": "310058", "address": "246 MOTT STREET", "bldgclass": "C7", "numfloors": 6.0, "unitsres": 80, "yearbuilt": 1897, "latitude": 40.7233514, "longitude": -73.9945054, "roof_area_m2": 615.16176848519592, "pv_kw_dc": 104.5775006424833, "annual_kwh": 129466.94579539432, "avg_daily_kwh": 354.70396108327213, "psh_daily_kwh": 384.84520236433855, "canopy_area_m2": 522.8875032124165, "lon": -73.994569629573775, "lat": 40.723271415698342 }, "geometry": { "type": "Point", "coordinates": [ -73.994569629573775, 40.723271415698342 ] } },
{ "type": "Feature", "properties": { "name": null, "bbl": "1005080001", "shape_area": "273.921875", "construction_year": "1897", "ground_elevation": "42", "mappluto_bbl": "1005080001", "objectid": "182158", "feature_code": "2100", "shape_length": "85.328206276729475", "height_roof": "69.96137956", "last_status_type": "Constructed", "bin": "1077759", "last_edited_date": "2017-08-22T18:04:37Z", "geom_source": "Photogrammetric", "doitt_id": "310058", "address": "246 MOTT STREET", "bldgclass": "C7", "numfloors": 6.0, "unitsres": 80, "yearbuilt": 1897, "latitude": 40.7233514, "longitude": -73.9945054, "roof_area_m2": 615.16176848519592, "pv_kw_dc": 104.5775006424833, "annual_kwh": 129466.94579539432, "avg_daily_kwh": 354.70396108327213, "psh_daily_kwh": 384.84520236433855, "canopy_area_m2": 522.8875032124165, "lon": -73.994569629573775, "lat": 40.723271415698342 }, "geometry": { "type": "Point", "coordinates": [ -73.994569629573775, 40.723271415698342 ] } },
{ "type": "Feature", "properties": { "name": null, "bbl": "1005080001", "shape_area": "265.91015625", "construction_year": "1897", "ground_elevation": "42", "mappluto_bbl": "1005080001", "objectid": "236380", "feature_code": "2100", "shape_length": "87.338720993148826", "height_roof": "70.24261066", "last_status_type": "Constructed", "bin": "1077769", "last_edited_date": "2017-08-22T17:36:22Z", "geom_source": "Photogrammetric", "doitt_id": "809952", "address": "246 MOTT STREET", "bldgclass": "C7", "numfloors": 6.0, "unitsres": 80, "yearbuilt": 1897, "latitude": 40.7233514, "longitude": -73.9945054, "roof_area_m2": 615.16176848519592, "pv_kw_dc": 104.5775006424833, "annual_kwh": 129466.94579539432, "avg_daily_kwh": 354.70396108327213, "psh_daily_kwh": 384.84520236433855, "canopy_area_m2": 522.8875032124165, "lon": -73.994540204981277, "lat": 40.723337224403217 }, "geometry": { "type": "Point", "coordinates": [ -73.994540204981277, 40.723337224403217 ] } },
{ "type": "Feature", "properties": { "name": null, "bbl": "1005080001", "shape_area": "265.91015625", "construction_year": "1897", "ground_elevation": "42", "mappluto_bbl": "1005080001", "objectid": "236380", "feature_code": "2100", "shape_length": "87.338720993148826", "height_roof": "70.24261066", "last_status_type": "Constructed", "bin": "1077769", "last_edited_date": "2017-08-22T17:36:22Z", "geom_source": "Photogrammetric", "doitt_id": "809952", "address": "246 MOTT STREET", "bldgclass": "C7", "numfloors": 6.0, "unitsres": 80, "yearbuilt": 1897, "latitude": 40.7233514, "longitude": -73.9945054, "roof_area_m2": 615.16176848519592, "pv_kw_dc": 104.5775006424833, "annual_kwh": 129466.94579539432, "avg_daily_kwh": 354.70396108327213, "psh_daily_kwh": 384.84520236433855, "canopy_area_m2": 522.8875032124165, "lon": -73.994540204981277, "lat": 40.723337224403217 }, "geometry": { "type": "Point", "coordinates": [ -73.994540204981277, 40.723337224403217 ] } },
{ "type": "Feature", "properties": { "name": null, "bbl": "1005080001", "shape_area": "265.91015625", "construction_year": "1897", "ground_elevation": "42", "mappluto_bbl": "1005080001", "objectid": "236380", "feature_code": "2100", "shape_length": "87.338720993148826", "height_roof": "70.24261066", "last_status_type": "Constructed", "bin": "1077769", "last_edited_date": "2017-08-22T17:36:22Z", "geom_source": "Photogrammetric", "doitt_id": "809952", "address": "246 MOTT STREET", "bldgclass": "C7", "numfloors": 6.0, "unitsres": 80, "yearbuilt": 1897, "latitude": 40.7233514, "longitude": -73.9945054, "roof_area_m2": 615.16176848519592, "pv_kw_dc": 104.5775006424833, "annual_kwh": 129466.94579539432, "avg_daily_kwh": 354.70396108327213, "psh_daily_kwh": 384.84520236433855, "canopy_area_m2": 522.8875032124165, "lon": -73.994540204981277, "lat": 40.723337224403217 }, "geometry": { "type": "Point", "coordinates": [ -73.994540204981277, 40.723337224403217 ] } },
{ "type": "Feature", "properties": { "name": null, "bbl": "1005080001", "shape_area": "265.91015625", "construction_year": "1897", "ground_elevation": "42", "mappluto_bbl": "1005080001", "objectid": "236380", "feature_code": "2100", "shape_length": "87.338720993148826", "height_roof": "70.24261066", "last_status_type": "Constructed", "bin": "1077769", "last_edited_date": "2017-08-22T17:36:22Z", "geom_source": "Photogrammetric", "doitt_id": "809952", "address": "246 MOTT STREET", "bldgclass": "C7", "numfloors": 6.0, "unitsres": 80, "yearbuilt": 1897, "latitude": 40.7233514, "longitude": -73.9945054, "roof_area_m2": 615.16176848519592, "pv_kw_dc": 104.5775006424833, "annual_kwh": 129466.94579539432, "avg_daily_kwh": 354.70396108327213, "psh_daily_kwh": 384.84520236433855, "canopy_area_m2": 522.8875032124165, "lon": -73.994540204981277, "lat": 40.723337224403217 }, "geometry": { "type": "Point", "coordinates": [ -73.994540204981277, 40.723337224403217 ] } },
{ "type": "Feature", "properties": { "name": null, "bbl": "1005080001", "shape_area": "264.9140625", "construction_year": "1897", "ground_elevation": "42", "mappluto_bbl": "1005080001", "objectid": "968694", "feature_code": "2100", "shape_length": "86.887996333425576", "height_roof": "70.29534149", "last_status_type": "Constructed", "bin": "1077770", "last_edited_date": "2017-08-22T19:02:52Z", "geom_source": "Photogrammetric", "doitt_id": "355534", "address": "246 MOTT STREET", "bldgclass": "C7", "numfloors": 6.0, "unitsres": 80, "yearbuilt": 1897, "latitude": 40.7233514, "longitude": -73.9945054, "roof_area_m2": 615.16176848519592, "pv_kw_dc": 104.5775006424833, "annual_kwh": 129466.94579539432, "avg_daily_kwh": 354.70396108327213, "psh_daily_kwh": 384.84520236433855, "canopy_area_m2": 522.8875032124165, "lon": -73.994511355114838, "lat": 40.723402446395454 }, "geometry": { "type": "Point", "coordinates": [ -73.994511355114838, 40.723402446395454 ] } },
{ "type": "Feature", "properties": { "name": null, "bbl": "1005080001", "shape_area": "264.9140625", "construction_year": "1897", "ground_elevation": "42", "mappluto_bbl": "1005080001", "objectid": "968694", "feature_code": "2100", "shape_length": "86.887996333425576", "height_roof": "70.29534149", "last_status_type": "Constructed", "bin": "1077770", "last_edited_date": "2017-08-22T19:02:52Z", "geom_source": "Photogrammetric", "doitt_id": "355534", "address": "246 MOTT STREET", "bldgclass": "C7", "numfloors": 6.0, "unitsres": 80, "yearbuilt": 1897, "latitude": 40.7233514, "longitude": -73.9945054, "roof_area_m2": 615.16176848519592, "pv_kw_dc": 104.5775006424833, "annual_kwh": 129466.94579539432, "avg_daily_kwh": 354.70396108327213, "psh_daily_kwh": 384.84520236433855, "canopy_area_m2": 522.8875032124165, "lon": -73.994511355114838, "lat": 40.723402446395454 }, "geometry": { "type": "Point", "coordinates": [ -73.994511355114838, 40.723402446395454 ] } },
{ "type": "Feature", "properties": { "name": null, "bbl": "1005080001", "shape_area": "264.9140625", "construction_year": "1897", "ground_elevation": "42", "mappluto_bbl": "1005080001", "objectid": "968694", "feature_code": "2100", "shape_length": "86.887996333425576", "height_roof": "70.29534149", "last_status_type": "Constructed", "bin": "1077770", "last_edited_date": "2017-08-22T19:02:52Z", "geom_source": "Photogrammetric", "doitt_id": "355534", "address": "246 MOTT STREET", "bldgclass": "C7", "numfloors": 6.0, "unitsres": 80, "yearbuilt": 1897, "latitude": 40.7233514, "longitude": -73.9945054, "roof_area_m2": 615.16176848519592, "pv_kw_dc": 104.5775006424833, "annual_kwh": 129466.94579539432, "avg_daily_kwh": 354.70396108327213, "psh_daily_kwh": 384.84520236433855, "canopy_area_m2": 522.8875032124165, "lon": -73.994511355114838, "lat": 40.723402446395454 }, "geometry": { "type": "Point", "coordinates": [ -73.994511355114838, 40.723402446395454 ] } },
{ "type": "Feature", "properties": { "name": null, "bbl": "1005080001", "shape_area": "264.9140625", "construction_year": "1897", "ground_elevation": "42", "mappluto_bbl": "1005080001", "objectid": "968694", "feature_code": "2100", "shape_length": "86.887996333425576", "height_roof": "70.29534149", "last_status_type": "Constructed", "bin": "1077770", "last_edited_date": "2017-08-22T19:02:52Z", "geom_source": "Photogrammetric", "doitt_id": "355534", "address": "246 MOTT STREET", "bldgclass": "C7", "numfloors": 6.0, "unitsres": 80, "yearbuilt": 1897, "latitude": 40.7233514, "longitude": -73.9945054, "roof_area_m2": 615.16176848519592, "pv_kw_dc": 104.5775006424833, "annual_kwh": 129466.94579539432, "avg_daily_kwh": 354.70396108327213, "psh_daily_kwh": 384.84520236433855, "canopy_area_m2": 522.8875032124165, "lon": -73.994511355114838, "lat": 40.723402446395454 }, "geometry": { "type": "Point", "coordinates": [ -73.994511355114838, 40.723402446395454 ] } },
{ "type": "Feature", "properties": { "name": null, "bbl": "1005080001", "shape_area": "267.375", "construction_year": "1897", "ground_elevation": "43", "mappluto_bbl": "1005080001", "objectid": "35193", "feature_code": "2100", "shape_length": "87.569829767007022", "height_roof": "69.11957205", "last_status_type": "Constructed", "bin": "1077771", "last_edited_date": "2017-08-22T17:33:15Z", "geom_source": "Photogrammetric", "doitt_id": "180106", "address": "246 MOTT STREET", "bldgclass": "C7", "numfloors": 6.0, "unitsres": 80, "yearbuilt": 1897, "latitude": 40.7233514, "longitude": -73.9945054, "roof_area_m2": 615.16176848519592, "pv_kw_dc": 104.5775006424833, "annual_kwh": 129466.94579539432, "avg_daily_kwh": 354.70396108327213, "psh_daily_kwh": 384.84520236433855, "canopy_area_m2": 522.8875032124165, "lon": -73.99448438850807, "lat": 40.72346804189236 }, "geometry": { "type": "Point", "coordinates": [ -73.99448438850807, 40.72346804189236 ] } },
{ "type": "Feature", "properties": { "name": null, "bbl": "1005080001", "shape_area": "267.375", "construction_year": "1897", "ground_elevation": "43", "mappluto_bbl": "1005080001", "objectid": "35193", "feature_code": "2100", "shape_length": "87.569829767007022", "height_roof": "69.11957205", "last_status_type": "Constructed", "bin": "1077771", "last_edited_date": "2017-08-22T17:33:15Z", "geom_source": "Photogrammetric", "doitt_id": "180106", "address": "246 MOTT STREET", "bldgclass": "C7", "numfloors": 6.0, "unitsres": 80, "yearbuilt": 1897, "latitude": 40.7233514, "longitude": -73.9945054, "roof_area_m2": 615.16176848519592, "pv_kw_dc": 104.5775006424833, "annual_kwh": 129466.94579539432, "avg_daily_kwh": 354.70396108327213, "psh_daily_kwh": 384.84520236433855, "canopy_area_m2": 522.8875032124165, "lon": -73.99448438850807, "lat": 40.72346804189236 }, "geometry": { "type": "Point", "coordinates": [ -73.99448438850807, 40.72346804189236 ] } },
{ "type": "Feature", "properties": { "name": null, "bbl": "1005080001", "shape_area": "267.375", "construction_year": "1897", "ground_elevation": "43", "mappluto_bbl": "1005080001", "objectid": "35193", "feature_code": "2100", "shape_length": "87.569829767007022", "height_roof": "69.11957205", "last_status_type": "Constructed", "bin": "1077771", "last_edited_date": "2017-08-22T17:33:15Z", "geom_source": "Photogrammetric", "doitt_id": "180106", "address": "246 MOTT STREET", "bldgclass": "C7", "numfloors": 6.0, "unitsres": 80, "yearbuilt": 1897, "latitude": 40.7233514, "longitude": -73.9945054, "roof_area_m2": 615.16176848519592, "pv_kw_dc": 104.5775006424833, "annual_kwh": 129466.94579539432, "avg_daily_kwh": 354.70396108327213, "psh_daily_kwh": 384.84520236433855, "canopy_area_m2": 522.8875032124165, "lon": -73.99448438850807, "lat": 40.72346804189236 }, "geometry": { "type": "Point", "coordinates": [ -73.99448438850807, 40.72346804189236 ] } },
{ "type": "Feature", "properties": { "name": null, "bbl": "1005080001", "shape_area": "267.375", "construction_year": "1897", "ground_elevation": "43", "mappluto_bbl": "1005080001", "objectid": "35193", "feature_code": "2100", "shape_length": "87.569829767007022", "height_roof": "69.11957205", "last_status_type": "Constructed", "bin": "1077771", "last_edited_date": "2017-08-22T17:33:15Z", "geom_source": "Photogrammetric", "doitt_id": "180106", "address": "246 MOTT STREET", "bldgclass": "C7", "numfloors": 6.0, "unitsres": 80, "yearbuilt": 1897, "latitude": 40.7233514, "longitude": -73.9945054, "roof_area_m2": 615.16176848519592, "pv_kw_dc": 104.5775006424833, "annual_kwh": 129466.94579539432, "avg_daily_kwh": 354.70396108327213, "psh_daily_kwh": 384.84520236433855, "canopy_area_m2": 522.8875032124165, "lon": -73.99448438850807, "lat": 40.72346804189236 }, "geometry": { "type": "Point", "coordinates": [ -73.99448438850807, 40.72346804189236 ] } },
{ "type": "Feature", "properties": { "name": null, "bbl": "1005080035", "shape_area": "214.4453125", "construction_year": "1910", "ground_elevation": "45", "mappluto_bbl": "1005080035", "objectid": "44671", "feature_code": "2100", "shape_length": "83.305489661006419", "height_roof": "58.10259995", "last_status_type": "Constructed", "bin": "1007900", "last_edited_date": "2017-08-22T17:58:44Z", "geom_source": "Photogrammetric", "doitt_id": "82270", "address": "253 ELIZABETH STREET", "bldgclass": "C7", "numfloors": 6.0, "unitsres": 8, "yearbuilt": 1910, "latitude": 40.7236423, "longitude": -73.9940328, "roof_area_m2": 123.04905821921928, "pv_kw_dc": 20.918339897267277, "annual_kwh": 25896.904792816887, "avg_daily_kwh": 70.950424089909276, "psh_daily_kwh": 76.979490821943571, "canopy_area_m2": 104.59169948633638, "lon": -73.994022781494252, "lat": 40.723648044060056 }, "geometry": { "type": "Point", "coordinates": [ -73.994022781494252, 40.723648044060056 ] } },
{ "type": "Feature", "properties": { "name": null, "bbl": "1005080014", "shape_area": "387.16796875", "construction_year": "1925", "ground_elevation": "43", "mappluto_bbl": "1005080014", "objectid": "510923", "feature_code": "2100", "shape_length": "142.85439649373535", "height_roof": "70.29722728", "last_status_type": "Constructed", "bin": "1007889", "last_edited_date": "2017-08-22T18:14:52Z", "geom_source": "Photogrammetric", "doitt_id": "543325", "address": "274 MOTT STREET", "bldgclass": "C4", "numfloors": 6.0, "unitsres": 30, "yearbuilt": 1925, "latitude": 40.7240128, "longitude": -73.9942312, "roof_area_m2": 222.14253356814814, "pv_kw_dc": 37.764230706585181, "annual_kwh": 46752.117614752453, "avg_daily_kwh": 128.08799346507521, "psh_daily_kwh": 138.97236900023344, "canopy_area_m2": 188.8211535329259, "lon": -73.994242196836879, "lat": 40.724023906115285 }, "geometry": { "type": "Point", "coordinates": [ -73.994242196836879, 40.724023906115285 ] } },
{ "type": "Feature", "properties": { "name": null, "bbl": "1005090027", "shape_area": "737.52734375", "construction_year": "1900", "ground_elevation": "42", "mappluto_bbl": "1005090027", "objectid": "299575", "feature_code": "2100", "shape_length": "175.40313106911898", "height_roof": "69.36", "last_status_type": "Constructed", "bin": "1007923", "last_edited_date": "2017-08-22T17:35:34Z", "geom_source": "Photogrammetric", "doitt_id": "682929", "address": "285 MOTT STREET", "bldgclass": "C7", "numfloors": 6.0, "unitsres": 54, "yearbuilt": 1900, "latitude": 40.7242928, "longitude": -73.9946172, "roof_area_m2": 423.16573079649805, "pv_kw_dc": 71.938174235404674, "annual_kwh": 89059.459703430985, "avg_daily_kwh": 243.99851973542735, "psh_daily_kwh": 264.73248118628919, "canopy_area_m2": 359.69087117702333, "lon": -73.994598018148025, "lat": 40.724300966884059 }, "geometry": { "type": "Point", "coordinates": [ -73.994598018148025, 40.724300966884059 ] } },
{ "type": "Feature", "properties": { "name": null, "bbl": "1005210026", "shape_area": "561.4609375", "construction_year": "1905", "ground_elevation": "45", "mappluto_bbl": "1005210026", "objectid": "732914", "feature_code": "2100", "shape_length": "130.33817901677392", "height_roof": "63", "last_status_type": "Constructed", "bin": "1008183", "last_edited_date": "2017-08-22T19:11:39Z", "geom_source": "Photogrammetric", "doitt_id": "407249", "address": "302 MOTT STREET", "bldgclass": "C7", "numfloors": 6.0, "unitsres": 43, "yearbuilt": 1905, "latitude": 40.7248802, "longitude": -73.9938487, "roof_area_m2": 322.14008770256066, "pv_kw_dc": 54.763814909435318, "annual_kwh": 67797.60285788092, "avg_daily_kwh": 185.74685714487924, "psh_daily_kwh": 201.53083886672198, "canopy_area_m2": 273.81907454717657, "lon": -73.993864659390013, "lat": 40.724894732847538 }, "geometry": { "type": "Point", "coordinates": [ -73.993864659390013, 40.724894732847538 ] } },
{ "type": "Feature", "properties": { "name": null, "bbl": "1004430020", "shape_area": "731.3984375", "construction_year": "1899", "ground_elevation": "35", "mappluto_bbl": "1004430020", "objectid": "1054389", "feature_code": "2100", "shape_length": "155.77202227661544", "height_roof": "72.91", "last_status_type": "Constructed", "bin": "1006084", "last_edited_date": "2020-01-28T17:15:45Z", "geom_source": "Photogrammetric", "doitt_id": "754942", "address": "67 EAST 2 STREET", "bldgclass": "C4", "numfloors": 6.0, "unitsres": 49, "yearbuilt": 1899, "latitude": 40.7241607, "longitude": -73.9892489, "roof_area_m2": 419.65621713190558, "pv_kw_dc": 71.341556912423954, "annual_kwh": 88320.84745758085, "avg_daily_kwh": 241.97492454131739, "psh_daily_kwh": 262.53692943772012, "canopy_area_m2": 356.70778456211974, "lon": -73.989239136622118, "lat": 40.724179216900367 }, "geometry": { "type": "Point", "coordinates": [ -73.989239136622118, 40.724179216900367 ] } },
{ "type": "Feature", "properties": { "name": null, "bbl": "1004570020", "shape_area": "673.953125", "construction_year": "1900", "ground_elevation": "42", "mappluto_bbl": "1004570020", "objectid": "216482", "feature_code": "2100", "shape_length": "138.31172750611515", "height_roof": "62.47", "last_status_type": "Constructed", "bin": "1006540", "last_edited_date": "2017-08-22T18:57:20Z", "geom_source": "Photogrammetric", "doitt_id": "604839", "address": "21 EAST 2 STREET", "bldgclass": "C1", "numfloors": 6.0, "unitsres": 42, "yearbuilt": 1900, "latitude": 40.72502, "longitude": -73.9910887, "roof_area_m2": 386.68092007040633, "pv_kw_dc": 65.735756411969078, "annual_kwh": 81380.866438017722, "avg_daily_kwh": 222.96127791237731, "psh_daily_kwh": 241.90758359604621, "canopy_area_m2": 328.67878205984539, "lon": -73.991077121494968, "lat": 40.725050326915508 }, "geometry": { "type": "Point", "coordinates": [ -73.991077121494968, 40.725050326915508 ] } },
{ "type": "Feature", "properties": { "name": null, "bbl": "1004580032", "shape_area": "378.09765625", "construction_year": "1901", "ground_elevation": "38", "mappluto_bbl": "1004580032", "objectid": "1047751", "feature_code": "2100", "shape_length": "104.98450117692343", "height_roof": "74.44", "last_status_type": "Constructed", "bin": "1006553", "last_edited_date": "2020-01-28T17:25:19Z", "geom_source": "Photogrammetric", "doitt_id": "400765", "address": "32 EAST 2 STREET", "bldgclass": "C6", "numfloors": 6.0, "unitsres": 28, "yearbuilt": 1901, "latitude": 40.7252121, "longitude": -73.9905114, "roof_area_m2": 216.93447023685727, "pv_kw_dc": 36.878859940265734, "annual_kwh": 45656.028606048982, "avg_daily_kwh": 125.08500987958625, "psh_daily_kwh": 135.71420458017789, "canopy_area_m2": 184.39429970132866, "lon": -73.990518511123184, "lat": 40.725211231442778 }, "geometry": { "type": "Point", "coordinates": [ -73.990518511123184, 40.725211231442778 ] } },
{ "type": "Feature", "properties": { "name": null, "bbl": "1004430004", "shape_area": "203.55859375", "construction_year": "1900", "ground_elevation": "37", "mappluto_bbl": "1004430004", "objectid": "872158", "feature_code": "2100", "shape_length": "58.730636400327256", "height_roof": "49.7", "last_status_type": "Constructed", "bin": "1076851", "last_edited_date": "2018-08-27T17:46:39Z", "geom_source": "Photogrammetric", "doitt_id": "801497", "address": "26 2 AVENUE", "bldgclass": "C7", "numfloors": 6.0, "unitsres": 25, "yearbuilt": 1900, "latitude": 40.7244216, "longitude": -73.9902879, "roof_area_m2": 252.53841825074642, "pv_kw_dc": 42.931531102626892, "annual_kwh": 53149.235505052093, "avg_daily_kwh": 145.61434384945778, "psh_daily_kwh": 157.98803445766697, "canopy_area_m2": 214.65765551313444, "lon": -73.990188508805815, "lat": 40.724380473671914 }, "geometry": { "type": "Point", "coordinates": [ -73.990188508805815, 40.724380473671914 ] } },
{ "type": "Feature", "properties": { "name": null, "bbl": "1004430004", "shape_area": "203.55859375", "construction_year": "1900", "ground_elevation": "37", "mappluto_bbl": "1004430004", "objectid": "872158", "feature_code": "2100", "shape_length": "58.730636400327256", "height_roof": "49.7", "last_status_type": "Constructed", "bin": "1076851", "last_edited_date": "2018-08-27T17:46:39Z", "geom_source": "Photogrammetric", "doitt_id": "801497", "address": "26 2 AVENUE", "bldgclass": "C7", "numfloors": 6.0, "unitsres": 25, "yearbuilt": 1900, "latitude": 40.7244216, "longitude": -73.9902879, "roof_area_m2": 252.53841825074642, "pv_kw_dc": 42.931531102626892, "annual_kwh": 53149.235505052093, "avg_daily_kwh": 145.61434384945778, "psh_daily_kwh": 157.98803445766697, "canopy_area_m2": 214.65765551313444, "lon": -73.990188508805815, "lat": 40.724380473671914 }, "geometry": { "type": "Point", "coordinates": [ -73.990188508805815, 40.724380473671914 ] } },
{ "type": "Feature", "properties": { "name": null, "bbl": "1004430004", "shape_area": "236.5859375", "construction_year": "1900", "ground_elevation": "38", "mappluto_bbl": "1004430004", "objectid": "468949", "feature_code": "2100", "shape_length": "63.128597145657878", "height_roof": "59.51", "last_status_type": "Constructed", "bin": "1076850", "last_edited_date": "2017-08-22T18:52:01Z", "geom_source": "Photogrammetric", "doitt_id": "304027", "address": "26 2 AVENUE", "bldgclass": "C7", "numfloors": 6.0, "unitsres": 25, "yearbuilt": 1900, "latitude": 40.7244216, "longitude": -73.9902879, "roof_area_m2": 252.53841825074642, "pv_kw_dc": 42.931531102626892, "annual_kwh": 53149.235505052093, "avg_daily_kwh": 145.61434384945778, "psh_daily_kwh": 157.98803445766697, "canopy_area_m2": 214.65765551313444, "lon": -73.990370896328784, "lat": 40.72447565882679 }, "geometry": { "type": "Point", "coordinates": [ -73.990370896328784, 40.72447565882679 ] } },
{ "type": "Feature", "properties": { "name": null, "bbl": "1004430004", "shape_area": "236.5859375", "construction_year": "1900", "ground_elevation": "38", "mappluto_bbl": "1004430004", "objectid": "468949", "feature_code": "2100", "shape_length": "63.128597145657878", "height_roof": "59.51", "last_status_type": "Constructed", "bin": "1076850", "last_edited_date": "2017-08-22T18:52:01Z", "geom_source": "Photogrammetric", "doitt_id": "304027", "address": "26 2 AVENUE", "bldgclass": "C7", "numfloors": 6.0, "unitsres": 25, "yearbuilt": 1900, "latitude": 40.7244216, "longitude": -73.9902879, "roof_area_m2": 252.53841825074642, "pv_kw_dc": 42.931531102626892, "annual_kwh": 53149.235505052093, "avg_daily_kwh": 145.61434384945778, "psh_daily_kwh": 157.98803445766697, "canopy_area_m2": 214.65765551313444, "lon": -73.990370896328784, "lat": 40.72447565882679 }, "geometry": { "type": "Point", "coordinates": [ -73.990370896328784, 40.72447565882679 ] } },
{ "type": "Feature", "properties": { "name": null, "bbl": "1004440008", "shape_area": "287.8125", "construction_year": "1899", "ground_elevation": "37", "mappluto_bbl": "1004440008", "objectid": "1053325", "feature_code": "2100", "shape_length": "68.522783376047443", "height_roof": "70.13", "last_status_type": "Constructed", "bin": "1006115", "last_edited_date": "2020-01-28T17:20:17Z", "geom_source": "Photogrammetric", "doitt_id": "821303", "address": "50 2 AVENUE", "bldgclass": "CB", "numfloors": 6.0, "unitsres": 10, "yearbuilt": 1899, "latitude": 40.7253657, "longitude": -73.9897502, "roof_area_m2": 165.1330319130596, "pv_kw_dc": 28.072615425220132, "annual_kwh": 34753.897896422524, "avg_daily_kwh": 95.216158620335676, "psh_daily_kwh": 103.30722476481009, "canopy_area_m2": 140.36307712610065, "lon": -73.989746972214562, "lat": 40.725374891558587 }, "geometry": { "type": "Point", "coordinates": [ -73.989746972214562, 40.725374891558587 ] } },
{ "type": "Feature", "properties": { "name": null, "bbl": "1004440024", "shape_area": "313.6328125", "construction_year": "1920", "ground_elevation": "34", "mappluto_bbl": "1004440024", "objectid": "728090", "feature_code": "2100", "shape_length": "97.805898925302145", "height_roof": "66.78", "last_status_type": "Constructed", "bin": "1006126", "last_edited_date": "2017-08-22T17:44:46Z", "geom_source": "Photogrammetric", "doitt_id": "271412", "address": "70 EAST 3 STREET", "bldgclass": "C1", "numfloors": 6.0, "unitsres": 24, "yearbuilt": 1920, "latitude": 40.72491, "longitude": -73.9888663, "roof_area_m2": 179.94194171686573, "pv_kw_dc": 30.590130091867174, "annual_kwh": 37870.581053731563, "avg_daily_kwh": 103.75501658556593, "psh_daily_kwh": 112.57167873807118, "canopy_area_m2": 152.95065045933586, "lon": -73.988854803133421, "lat": 40.72493075917955 }, "geometry": { "type": "Point", "coordinates": [ -73.988854803133421, 40.72493075917955 ] } },
{ "type": "Feature", "properties": { "name": null, "bbl": "1004440022", "shape_area": "391.45703125", "construction_year": "1910", "ground_elevation": "34", "mappluto_bbl": "1004440022", "objectid": "125457", "feature_code": "2100", "shape_length": "103.28853510596753", "height_roof": "67.14", "last_status_type": "Constructed", "bin": "1006125", "last_edited_date": "2017-08-22T19:41:18Z", "geom_source": "Photogrammetric", "doitt_id": "183484", "address": "66 EAST 3 STREET", "bldgclass": "C7", "numfloors": 6.0, "unitsres": 24, "yearbuilt": 1910, "latitude": 40.7249512, "longitude": -73.9889637, "roof_area_m2": 224.60399260070335, "pv_kw_dc": 38.18267874211957, "annual_kwh": 47270.156282744028, "avg_daily_kwh": 129.50727748696994, "psh_daily_kwh": 140.51225777100001, "canopy_area_m2": 190.91339371059783, "lon": -73.988946512882322, "lat": 40.724979782590893 }, "geometry": { "type": "Point", "coordinates": [ -73.988946512882322, 40.724979782590893 ] } },
{ "type": "Feature", "properties": { "name": null, "bbl": "1004440019", "shape_area": "273.8671875", "construction_year": "1898", "ground_elevation": "34", "mappluto_bbl": "1004440019", "objectid": "1053754", "feature_code": "2100", "shape_length": "102.89189177967448", "height_roof": "69.27", "last_status_type": "Constructed", "bin": "1006122", "last_edited_date": "2020-01-28T17:15:49Z", "geom_source": "Photogrammetric", "doitt_id": "728271", "address": "60 EAST 3 STREET", "bldgclass": "C7", "numfloors": 6.0, "unitsres": 16, "yearbuilt": 1898, "latitude": 40.7250418, "longitude": -73.9891766, "roof_area_m2": 157.12991459272561, "pv_kw_dc": 26.712085480763353, "annual_kwh": 33069.561825185032, "avg_daily_kwh": 90.601539247082286, "psh_daily_kwh": 98.300474569209143, "canopy_area_m2": 133.56042740381676, "lon": -73.989162042791349, "lat": 40.725068392219178 }, "geometry": { "type": "Point", "coordinates": [ -73.989162042791349, 40.725068392219178 ] } },
{ "type": "Feature", "properties": { "name": null, "bbl": "1004440018", "shape_area": "347.34375", "construction_year": "1900", "ground_elevation": "35", "mappluto_bbl": "1004440018", "objectid": "1045165", "feature_code": "2100", "shape_length": "104.45587558536923", "height_roof": "73.5", "last_status_type": "Constructed", "bin": "1006121", "last_edited_date": "2020-01-28T17:22:14Z", "geom_source": "Photogrammetric", "doitt_id": "745865", "address": "58 EAST 3 STREET", "bldgclass": "C1", "numfloors": 6.0, "unitsres": 24, "yearbuilt": 1900, "latitude": 40.7250775, "longitude": -73.9892523, "roof_area_m2": 199.28706116835954, "pv_kw_dc": 33.878800398621124, "annual_kwh": 41941.954893492948, "avg_daily_kwh": 114.90946546162452, "psh_daily_kwh": 124.67398546692573, "canopy_area_m2": 169.3940019931056, "lon": -73.989248099974418, "lat": 40.725098262520106 }, "geometry": { "type": "Point", "coordinates": [ -73.989248099974418, 40.725098262520106 ] } },
{ "type": "Feature", "properties": { "name": null, "bbl": "1004440014", "shape_area": "455.640625", "construction_year": "1900", "ground_elevation": "35", "mappluto_bbl": "1004440014", "objectid": "1032203", "feature_code": "2100", "shape_length": "117.21658961307018", "height_roof": "70.46", "last_status_type": "Constructed", "bin": "1006119", "last_edited_date": "2020-01-28T17:25:21Z", "geom_source": "Photogrammetric", "doitt_id": "455840", "address": "50 EAST 3 STREET", "bldgclass": "C1", "numfloors": 6.0, "unitsres": 24, "yearbuilt": 1900, "latitude": 40.7251681, "longitude": -73.989476, "roof_area_m2": 261.42693788968779, "pv_kw_dc": 44.442579441246927, "annual_kwh": 55019.913348263697, "avg_daily_kwh": 150.73948862538001, "psh_daily_kwh": 163.5486923437887, "canopy_area_m2": 222.21289720623463, "lon": -73.989466979516848, "lat": 40.725187141865469 }, "geometry": { "type": "Point", "coordinates": [ -73.989466979516848, 40.725187141865469 ] } },
{ "type": "Feature", "properties": { "name": null, "bbl": "1004590039", "shape_area": "254.1640625", "construction_year": "1906", "ground_elevation": "38", "mappluto_bbl": "1004590039", "objectid": "1054200", "feature_code": "2100", "shape_length": "89.1926326775978", "height_roof": "63.74", "last_status_type": "Constructed", "bin": "1077972", "last_edited_date": "2020-01-28T17:16:38Z", "geom_source": "Photogrammetric", "doitt_id": "614469", "address": "21 EAST 3 STREET", "bldgclass": "C6", "numfloors": 6.0, "unitsres": 16, "yearbuilt": 1906, "latitude": 40.7260794, "longitude": -73.9904861, "roof_area_m2": 145.82477713793534, "pv_kw_dc": 24.790212113449009, "annual_kwh": 30690.282596449873, "avg_daily_kwh": 84.082966017670884, "psh_daily_kwh": 91.22798057749236, "canopy_area_m2": 123.95106056724504, "lon": -73.990504375963653, "lat": 40.726072873054747 }, "geometry": { "type": "Point", "coordinates": [ -73.990504375963653, 40.726072873054747 ] } },
{ "type": "Feature", "properties": { "name": null, "bbl": "1004590035", "shape_area": "341.7109375", "construction_year": "1897", "ground_elevation": "37", "mappluto_bbl": "1004590035", "objectid": "1053645", "feature_code": "2100", "shape_length": "96.6870044109805", "height_roof": "82.76", "last_status_type": "Constructed", "bin": "1006578", "last_edited_date": "2020-01-28T17:23:58Z", "geom_source": "Photogrammetric", "doitt_id": "839894", "address": "53 2 AVENUE", "bldgclass": "C7", "numfloors": 6.0, "unitsres": 20, "yearbuilt": 1897, "latitude": 40.7258076, "longitude": -73.9901109, "roof_area_m2": 196.05429364006039, "pv_kw_dc": 33.32922991881027, "annual_kwh": 41261.586639487112, "avg_daily_kwh": 113.0454428479099, "psh_daily_kwh": 122.65156610122179, "canopy_area_m2": 166.64614959405134, "lon": -73.990102630978058, "lat": 40.725818520756107 }, "geometry": { "type": "Point", "coordinates": [ -73.990102630978058, 40.725818520756107 ] } },
{ "type": "Feature", "properties": { "name": null, "bbl": "1004590036", "shape_area": "229.5546875", "construction_year": "1898", "ground_elevation": "38", "mappluto_bbl": "1004590036", "objectid": "1031855", "feature_code": "2100", "shape_length": "76.996321943504086", "height_roof": "69.5", "last_status_type": "Constructed", "bin": "1077975", "last_edited_date": "2020-01-28T17:21:12Z", "geom_source": "Photogrammetric", "doitt_id": "414953", "address": "27 EAST 3 STREET", "bldgclass": "C6", "numfloors": 6.0, "unitsres": 13, "yearbuilt": 1898, "latitude": 40.7259614, "longitude": -73.9902588, "roof_area_m2": 131.707431863083, "pv_kw_dc": 22.39026341672411, "annual_kwh": 27719.14610990445, "avg_daily_kwh": 75.942866054532743, "psh_daily_kwh": 82.396169373544723, "canopy_area_m2": 111.95131708362055, "lon": -73.990270043908822, "lat": 40.725955889786256 }, "geometry": { "type": "Point", "coordinates": [ -73.990270043908822, 40.725955889786256 ] } },
{ "type": "Feature", "properties": { "name": null, "bbl": "1004590016", "shape_area": "332.12890625", "construction_year": "1891", "ground_elevation": "38", "mappluto_bbl": "1004590016", "objectid": "1032459", "feature_code": "2100", "shape_length": "102.19351929907761", "height_roof": "67.04", "last_status_type": "Constructed", "bin": "1077963", "last_edited_date": "2020-01-28T17:18:09Z", "geom_source": "Photogrammetric", "doitt_id": "539177", "address": "60 EAST 4 STREET", "bldgclass": "C6", "numfloors": 6.0, "unitsres": 22, "yearbuilt": 1891, "latitude": 40.7265021, "longitude": -73.9907927, "roof_area_m2": 190.55288021779432, "pv_kw_dc": 32.393989637025037, "annual_kwh": 40103.759170636993, "avg_daily_kwh": 109.87331279626574, "psh_daily_kwh": 119.20988186425214, "canopy_area_m2": 161.96994818512516, "lon": -73.990786470982286, "lat": 40.726523916562549 }, "geometry": { "type": "Point", "coordinates": [ -73.990786470982286, 40.726523916562549 ] } },
{ "type": "Feature", "properties": { "name": null, "bbl": "1004290009", "shape_area": "413.7578125", "construction_year": "1920", "ground_elevation": "31", "mappluto_bbl": "1004290009", "objectid": "905188", "feature_code": "2100", "shape_length": "100.93313098035584", "height_roof": "66.12", "last_status_type": "Constructed", "bin": "1005735", "last_edited_date": "2017-08-22T17:28:02Z", "geom_source": "Photogrammetric", "doitt_id": "86729", "address": "26 1 AVENUE", "bldgclass": "C7", "numfloors": 6.0, "unitsres": 20, "yearbuilt": 1920, "latitude": 40.723694, "longitude": -73.9877986, "roof_area_m2": 237.40958718370732, "pv_kw_dc": 40.359629821230243, "annual_kwh": 49965.221718683038, "avg_daily_kwh": 136.8910184073508, "psh_daily_kwh": 148.52343774212727, "canopy_area_m2": 201.79814910615121, "lon": -73.987804568401984, "lat": 40.723707045435106 }, "geometry": { "type": "Point", "coordinates": [ -73.987804568401984, 40.723707045435106 ] } },
{ "type": "Feature", "properties": { "name": null, "bbl": "1004450042", "shape_area": "287.3125", "construction_year": "1900", "ground_elevation": "32", "mappluto_bbl": "1004450042", "objectid": "998240", "feature_code": "2100", "shape_length": "76.375587775924842", "height_roof": "56.79", "last_status_type": "Constructed", "bin": "1006185", "last_edited_date": "2017-08-22T18:40:59Z", "geom_source": "Photogrammetric", "doitt_id": "806692", "address": "89 EAST 3 STREET", "bldgclass": "C6", "numfloors": 6.0, "unitsres": 15, "yearbuilt": 1900, "latitude": 40.724984, "longitude": -73.9878814, "roof_area_m2": 164.84930292604432, "pv_kw_dc": 28.024381497427534, "annual_kwh": 34694.184293815284, "avg_daily_kwh": 95.052559709082971, "psh_daily_kwh": 103.12972391053331, "canopy_area_m2": 140.12190748713766, "lon": -73.987899856590332, "lat": 40.724961761841186 }, "geometry": { "type": "Point", "coordinates": [ -73.987899856590332, 40.724961761841186 ] } },
{ "type": "Feature", "properties": { "name": null, "bbl": "1004450033", "shape_area": "259.1875", "construction_year": "1900", "ground_elevation": "31", "mappluto_bbl": "1004450033", "objectid": "923349", "feature_code": "2100", "shape_length": "71.532013586268", "height_roof": "53.8", "last_status_type": "Constructed", "bin": "1006179", "last_edited_date": "2017-08-22T19:03:42Z", "geom_source": "Photogrammetric", "doitt_id": "41031", "address": "57 1 AVENUE", "bldgclass": "C7", "numfloors": 6.0, "unitsres": 14, "yearbuilt": 1900, "latitude": 40.7251047, "longitude": -73.9875314, "roof_area_m2": 148.70697957383481, "pv_kw_dc": 25.280186527551919, "annual_kwh": 31296.870921109276, "avg_daily_kwh": 85.744851838655549, "psh_daily_kwh": 93.031086421391066, "canopy_area_m2": 126.4009326377596, "lon": -73.987479025591909, "lat": 40.72509000252137 }, "geometry": { "type": "Point", "coordinates": [ -73.987479025591909, 40.72509000252137 ] } },
{ "type": "Feature", "properties": { "name": null, "bbl": "1004450028", "shape_area": "271.6484375", "construction_year": "1910", "ground_elevation": "32", "mappluto_bbl": "1004450028", "objectid": "715800", "feature_code": "2100", "shape_length": "90.335619001268512", "height_roof": "69.28", "last_status_type": "Constructed", "bin": "1006174", "last_edited_date": "2017-08-22T18:26:36Z", "geom_source": "Photogrammetric", "doitt_id": "224560", "address": "124 EAST 4 STREET", "bldgclass": "C7", "numfloors": 6.0, "unitsres": 24, "yearbuilt": 1910, "latitude": 40.7252557, "longitude": -73.9877875, "roof_area_m2": 155.85735836446688, "pv_kw_dc": 26.49575092195937, "annual_kwh": 32801.739641385699, "avg_daily_kwh": 89.867779839412876, "psh_daily_kwh": 97.50436339281049, "canopy_area_m2": 132.47875460979685, "lon": -73.987776369067774, "lat": 40.725274582186969 }, "geometry": { "type": "Point", "coordinates": [ -73.987776369067774, 40.725274582186969 ] } },
{ "type": "Feature", "properties": { "name": null, "bbl": "1004450047", "shape_area": "303.29296875", "construction_year": "1900", "ground_elevation": "32", "mappluto_bbl": "1004450047", "objectid": "852134", "feature_code": "2100", "shape_length": "86.514593109867633", "height_roof": "69.3", "last_status_type": "Constructed", "bin": "1006189", "last_edited_date": "2017-08-22T19:27:35Z", "geom_source": "Photogrammetric", "doitt_id": "213463", "address": "77 EAST 3 STREET", "bldgclass": "C7", "numfloors": 6.0, "unitsres": 11, "yearbuilt": 1900, "latitude": 40.7251487, "longitude": -73.9882782, "roof_area_m2": 174.01268670570042, "pv_kw_dc": 29.582156739969072, "annual_kwh": 36622.710044081708, "avg_daily_kwh": 100.33619190159372, "psh_daily_kwh": 108.86233680308618, "canopy_area_m2": 147.91078369984535, "lon": -73.988283241028199, "lat": 40.725141484880233 }, "geometry": { "type": "Point", "coordinates": [ -73.988283241028199, 40.725141484880233 ] } },
{ "type": "Feature", "properties": { "name": null, "bbl": "1004450049", "shape_area": "279.6171875", "construction_year": "1900", "ground_elevation": "32", "mappluto_bbl": "1004450049", "objectid": "712789", "feature_code": "2100", "shape_length": "90.288735980653072", "height_roof": "69.42", "last_status_type": "Constructed", "bin": "1006190", "last_edited_date": "2017-08-22T18:26:36Z", "geom_source": "Photogrammetric", "doitt_id": "149054", "address": "75 EAST 3 STREET", "bldgclass": "C4", "numfloors": 6.0, "unitsres": 24, "yearbuilt": 1900, "latitude": 40.7251817, "longitude": -73.9883576, "roof_area_m2": 160.42720601689325, "pv_kw_dc": 27.272625022871853, "annual_kwh": 33763.509778315354, "avg_daily_kwh": 92.502766515932478, "psh_daily_kwh": 100.36326008416842, "canopy_area_m2": 136.36312511435926, "lon": -73.988364329626506, "lat": 40.725175576031923 }, "geometry": { "type": "Point", "coordinates": [ -73.988364329626506, 40.725175576031923 ] } },
{ "type": "Feature", "properties": { "name": null, "bbl": "1004450050", "shape_area": "265.921875", "construction_year": "1900", "ground_elevation": "32", "mappluto_bbl": "1004450050", "objectid": "785555", "feature_code": "2100", "shape_length": "90.788217919571409", "height_roof": "70.23", "last_status_type": "Constructed", "bin": "1006191", "last_edited_date": "2017-08-22T18:13:27Z", "geom_source": "Photogrammetric", "doitt_id": "6985", "address": "73 EAST 3 STREET", "bldgclass": "C4", "numfloors": 6.0, "unitsres": 24, "yearbuilt": 1900, "latitude": 40.7252174, "longitude": -73.9884369, "roof_area_m2": 152.57382390591292, "pv_kw_dc": 25.937550064005194, "annual_kwh": 32110.686979238431, "avg_daily_kwh": 87.974484874625844, "psh_daily_kwh": 95.450184235539112, "canopy_area_m2": 129.68775032002597, "lon": -73.988442271600135, "lat": 40.725208925757663 }, "geometry": { "type": "Point", "coordinates": [ -73.988442271600135, 40.725208925757663 ] } },
{ "type": "Feature", "properties": { "name": null, "bbl": "1004450051", "shape_area": "273.5546875", "construction_year": "1900", "ground_elevation": "32", "mappluto_bbl": "1004450051", "objectid": "120084", "feature_code": "2100", "shape_length": "93.867107883296768", "height_roof": "70.98", "last_status_type": "Constructed", "bin": "1006192", "last_edited_date": "2017-08-22T18:39:40Z", "geom_source": "Photogrammetric", "doitt_id": "421988", "address": "71 EAST 3 STREET", "bldgclass": "C6", "numfloors": 6.0, "unitsres": 24, "yearbuilt": 1900, "latitude": 40.7252503, "longitude": -73.9885163, "roof_area_m2": 156.95642429233158, "pv_kw_dc": 26.682592129696367, "annual_kwh": 33033.049056564101, "avg_daily_kwh": 90.501504264559188, "psh_daily_kwh": 98.191939037282623, "canopy_area_m2": 133.41296064848183, "lon": -73.988521307563687, "lat": 40.725242323012665 }, "geometry": { "type": "Point", "coordinates": [ -73.988521307563687, 40.725242323012665 ] } },
{ "type": "Feature", "properties": { "name": null, "bbl": "1004460026", "shape_area": "277.3671875", "construction_year": "1900", "ground_elevation": "31", "mappluto_bbl": "1004460026", "objectid": "371581", "feature_code": "2100", "shape_length": "89.144726528460637", "height_roof": "66.33", "last_status_type": "Constructed", "bin": "1006210", "last_edited_date": "2017-08-22T18:01:29Z", "geom_source": "Photogrammetric", "doitt_id": "563468", "address": "336 EAST 5 STREET", "bldgclass": "C7", "numfloors": 6.0, "unitsres": 22, "yearbuilt": 1900, "latitude": 40.7258925, "longitude": -73.9874266, "roof_area_m2": 159.13185239026839, "pv_kw_dc": 27.052414906345629, "annual_kwh": 33490.889654055885, "avg_daily_kwh": 91.755862065906541, "psh_daily_kwh": 99.552886855351915, "canopy_area_m2": 135.26207453172813, "lon": -73.987415004922639, "lat": 40.725914210097145 }, "geometry": { "type": "Point", "coordinates": [ -73.987415004922639, 40.725914210097145 ] } },
{ "type": "Feature", "properties": { "name": null, "bbl": "1004450020", "shape_area": "513.44921875", "construction_year": "1900", "ground_elevation": "32", "mappluto_bbl": "1004450020", "objectid": "364266", "feature_code": "2100", "shape_length": "123.97082300872236", "height_roof": "67.28", "last_status_type": "Constructed", "bin": "1006172", "last_edited_date": "2017-08-22T18:18:12Z", "geom_source": "Photogrammetric", "doitt_id": "301136", "address": "108 EAST 4 STREET", "bldgclass": "C7", "numfloors": 6.0, "unitsres": 29, "yearbuilt": 1900, "latitude": 40.7255056, "longitude": -73.9883792, "roof_area_m2": 294.59615545435224, "pv_kw_dc": 50.081346427239879, "annual_kwh": 62000.706876922974, "avg_daily_kwh": 169.86495034773418, "psh_daily_kwh": 184.29935485224274, "canopy_area_m2": 250.40673213619939, "lon": -73.988371000196693, "lat": 40.725521019414302 }, "geometry": { "type": "Point", "coordinates": [ -73.988371000196693, 40.725521019414302 ] } },
{ "type": "Feature", "properties": { "name": null, "bbl": "1004460011", "shape_area": "504.3515625", "construction_year": "1920", "ground_elevation": "33", "mappluto_bbl": "1004460011", "objectid": "409506", "feature_code": "2100", "shape_length": "100.91349317005296", "height_roof": "73.09", "last_status_type": "Constructed", "bin": "1006207", "last_edited_date": "2017-08-22T17:46:49Z", "geom_source": "Photogrammetric", "doitt_id": "787554", "address": "306 EAST 5 STREET", "bldgclass": "C1", "numfloors": 6.0, "unitsres": 34, "yearbuilt": 1920, "latitude": 40.7263235, "longitude": -73.9884476, "roof_area_m2": 289.36400270675472, "pv_kw_dc": 49.191880460148305, "annual_kwh": 60899.548009663602, "avg_daily_kwh": 166.84807673880439, "psh_daily_kwh": 181.02612009334575, "canopy_area_m2": 245.95940230074152, "lon": -73.988433916531847, "lat": 40.726345409099991 }, "geometry": { "type": "Point", "coordinates": [ -73.988433916531847, 40.726345409099991 ] } },
{ "type": "Feature", "properties": { "name": null, "bbl": "1004470036", "shape_area": "214.82421875", "construction_year": "1900", "ground_elevation": "29", "mappluto_bbl": "1004470036", "objectid": "346374", "feature_code": "2100", "shape_length": "59.460191926800846", "height_roof": "61.37", "last_status_type": "Constructed", "bin": "1082479", "last_edited_date": "2017-08-22T17:47:46Z", "geom_source": "Photogrammetric", "doitt_id": "298505", "address": "343 EAST 5 STREET", "bldgclass": "C4", "numfloors": 6.0, "unitsres": 28, "yearbuilt": 1900, "latitude": 40.7261587, "longitude": -73.9869828, "roof_area_m2": 240.10441157121605, "pv_kw_dc": 40.817749967106728, "annual_kwh": 50532.37445927813, "avg_daily_kwh": 138.44486153226885, "psh_daily_kwh": 150.20931987895275, "canopy_area_m2": 204.08874983553363, "lon": -73.986955708031346, "lat": 40.726104803591319 }, "geometry": { "type": "Point", "coordinates": [ -73.986955708031346, 40.726104803591319 ] } },
{ "type": "Feature", "properties": { "name": null, "bbl": "1004470036", "shape_area": "214.82421875", "construction_year": "1900", "ground_elevation": "29", "mappluto_bbl": "1004470036", "objectid": "346374", "feature_code": "2100", "shape_length": "59.460191926800846", "height_roof": "61.37", "last_status_type": "Constructed", "bin": "1082479", "last_edited_date": "2017-08-22T17:47:46Z", "geom_source": "Photogrammetric", "doitt_id": "298505", "address": "343 EAST 5 STREET", "bldgclass": "C4", "numfloors": 6.0, "unitsres": 28, "yearbuilt": 1900, "latitude": 40.7261587, "longitude": -73.9869828, "roof_area_m2": 240.10441157121605, "pv_kw_dc": 40.817749967106728, "annual_kwh": 50532.37445927813, "avg_daily_kwh": 138.44486153226885, "psh_daily_kwh": 150.20931987895275, "canopy_area_m2": 204.08874983553363, "lon": -73.986955708031346, "lat": 40.726104803591319 }, "geometry": { "type": "Point", "coordinates": [ -73.986955708031346, 40.726104803591319 ] } },
{ "type": "Feature", "properties": { "name": null, "bbl": "1004470036", "shape_area": "203.671875", "construction_year": "1900", "ground_elevation": "29", "mappluto_bbl": "1004470036", "objectid": "616159", "feature_code": "2100", "shape_length": "61.412161926944037", "height_roof": "62.77", "last_status_type": "Constructed", "bin": "1082478", "last_edited_date": "2017-08-22T17:42:06Z", "geom_source": "Photogrammetric", "doitt_id": "531189", "address": "343 EAST 5 STREET", "bldgclass": "C4", "numfloors": 6.0, "unitsres": 28, "yearbuilt": 1900, "latitude": 40.7261587, "longitude": -73.9869828, "roof_area_m2": 240.10441157121605, "pv_kw_dc": 40.817749967106728, "annual_kwh": 50532.37445927813, "avg_daily_kwh": 138.44486153226885, "psh_daily_kwh": 150.20931987895275, "canopy_area_m2": 204.08874983553363, "lon": -73.987034391717415, "lat": 40.726152282633024 }, "geometry": { "type": "Point", "coordinates": [ -73.987034391717415, 40.726152282633024 ] } },
{ "type": "Feature", "properties": { "name": null, "bbl": "1004470036", "shape_area": "203.671875", "construction_year": "1900", "ground_elevation": "29", "mappluto_bbl": "1004470036", "objectid": "616159", "feature_code": "2100", "shape_length": "61.412161926944037", "height_roof": "62.77", "last_status_type": "Constructed", "bin": "1082478", "last_edited_date": "2017-08-22T17:42:06Z", "geom_source": "Photogrammetric", "doitt_id": "531189", "address": "343 EAST 5 STREET", "bldgclass": "C4", "numfloors": 6.0, "unitsres": 28, "yearbuilt": 1900, "latitude": 40.7261587, "longitude": -73.9869828, "roof_area_m2": 240.10441157121605, "pv_kw_dc": 40.817749967106728, "annual_kwh": 50532.37445927813, "avg_daily_kwh": 138.44486153226885, "psh_daily_kwh": 150.20931987895275, "canopy_area_m2": 204.08874983553363, "lon": -73.987034391717415, "lat": 40.726152282633024 }, "geometry": { "type": "Point", "coordinates": [ -73.987034391717415, 40.726152282633024 ] } },
{ "type": "Feature", "properties": { "name": null, "bbl": "1004450009", "shape_area": "426.43359375", "construction_year": "1907", "ground_elevation": "34", "mappluto_bbl": "1004450009", "objectid": "1048727", "feature_code": "2100", "shape_length": "102.84642380146586", "height_roof": "66.78", "last_status_type": "Constructed", "bin": "1006168", "last_edited_date": "2020-01-28T17:20:52Z", "geom_source": "Photogrammetric", "doitt_id": "757594", "address": "68 2 AVENUE", "bldgclass": "C7", "numfloors": 6.0, "unitsres": 25, "yearbuilt": 1907, "latitude": 40.7259503, "longitude": -73.9892305, "roof_area_m2": 244.66069556651024, "pv_kw_dc": 41.592318246306746, "annual_kwh": 51491.289988927754, "avg_daily_kwh": 141.07202736692534, "psh_daily_kwh": 153.05973114640881, "canopy_area_m2": 207.9615912315337, "lon": -73.989236289775818, "lat": 40.725958199406676 }, "geometry": { "type": "Point", "coordinates": [ -73.989236289775818, 40.725958199406676 ] } },
{ "type": "Feature", "properties": { "name": null, "bbl": "1004470026", "shape_area": "263.80859375", "construction_year": "1908", "ground_elevation": "28", "mappluto_bbl": "1004470026", "objectid": "1055365", "feature_code": "2100", "shape_length": "86.452246855794414", "height_roof": "61.22", "last_status_type": "Constructed", "bin": "1006242", "last_edited_date": "2020-01-28T17:17:17Z", "geom_source": "Photogrammetric", "doitt_id": "187906", "address": "340 EAST 6 STREET", "bldgclass": "C7", "numfloors": 6.0, "unitsres": 22, "yearbuilt": 1908, "latitude": 40.7264359, "longitude": -73.9868276, "roof_area_m2": 151.35558178599555, "pv_kw_dc": 25.730448903619244, "annual_kwh": 31854.295742680624, "avg_daily_kwh": 87.272043130631843, "psh_daily_kwh": 94.68805196531882, "canopy_area_m2": 128.65224451809621, "lon": -73.986813210618081, "lat": 40.726464446402851 }, "geometry": { "type": "Point", "coordinates": [ -73.986813210618081, 40.726464446402851 ] } },
{ "type": "Feature", "properties": { "name": null, "bbl": "1004460009", "shape_area": "452.65234375", "construction_year": "1920", "ground_elevation": "33", "mappluto_bbl": "1004460009", "objectid": "992182", "feature_code": "2100", "shape_length": "107.93984716109077", "height_roof": "66.7", "last_status_type": "Constructed", "bin": "1006206", "last_edited_date": "2017-08-22T17:26:53Z", "geom_source": "Photogrammetric", "doitt_id": "61120", "address": "302 EAST 5 STREET", "bldgclass": "C7", "numfloors": 6.0, "unitsres": 22, "yearbuilt": 1920, "latitude": 40.7263784, "longitude": -73.9885847, "roof_area_m2": 259.70396659099191, "pv_kw_dc": 44.149674320468627, "annual_kwh": 54657.29680874016, "avg_daily_kwh": 149.74601865408263, "psh_daily_kwh": 162.47080149932455, "canopy_area_m2": 220.74837160234313, "lon": -73.988564208219202, "lat": 40.726407982001852 }, "geometry": { "type": "Point", "coordinates": [ -73.988564208219202, 40.726407982001852 ] } },
{ "type": "Feature", "properties": { "name": null, "bbl": "1004470053", "shape_area": "519.03515625", "construction_year": "1900", "ground_elevation": "32", "mappluto_bbl": "1004470053", "objectid": "858656", "feature_code": "2100", "shape_length": "128.33337458003933", "height_roof": "68.83", "last_status_type": "Constructed", "bin": "1006258", "last_edited_date": "2017-08-22T19:05:02Z", "geom_source": "Photogrammetric", "doitt_id": "729199", "address": "309 EAST 5 STREET", "bldgclass": "C7", "numfloors": 6.0, "unitsres": 34, "yearbuilt": 1900, "latitude": 40.7267462, "longitude": -73.9883032, "roof_area_m2": 297.77884769274124, "pv_kw_dc": 50.622404107766016, "annual_kwh": 62670.536285414331, "avg_daily_kwh": 171.70009941209406, "psh_daily_kwh": 186.29044711657895, "canopy_area_m2": 253.11202053883005, "lon": -73.988309708924845, "lat": 40.726739223907416 }, "geometry": { "type": "Point", "coordinates": [ -73.988309708924845, 40.726739223907416 ] } },
{ "type": "Feature", "properties": { "name": null, "bbl": "1004470001", "shape_area": "537.85546875", "construction_year": "1904", "ground_elevation": "34", "mappluto_bbl": "1004470001", "objectid": "1028550", "feature_code": "2100", "shape_length": "93.814987397980133", "height_roof": "66.01", "last_status_type": "Constructed", "bin": "1006222", "last_edited_date": "2020-01-28T17:18:13Z", "geom_source": "Photogrammetric", "doitt_id": "256598", "address": "88 2 AVENUE", "bldgclass": "C7", "numfloors": 6.0, "unitsres": 20, "yearbuilt": 1904, "latitude": 40.7268066, "longitude": -73.9886315, "roof_area_m2": 308.57790605001378, "pv_kw_dc": 52.458244028502342, "annual_kwh": 64943.306107285898, "avg_daily_kwh": 177.92686604735863, "psh_daily_kwh": 193.04633802488863, "canopy_area_m2": 262.29122014251169, "lon": -73.988628951629551, "lat": 40.726820667455108 }, "geometry": { "type": "Point", "coordinates": [ -73.988628951629551, 40.726820667455108 ] } },
{ "type": "Feature", "properties": { "name": null, "bbl": "1004470003", "shape_area": "546.0234375", "construction_year": "1904", "ground_elevation": "33", "mappluto_bbl": "1004470003", "objectid": "1050687", "feature_code": "2100", "shape_length": "119.00220631837695", "height_roof": "69.69", "last_status_type": "Constructed", "bin": "1006223", "last_edited_date": "2020-01-28T17:15:16Z", "geom_source": "Photogrammetric", "doitt_id": "744776", "address": "92 2 AVENUE", "bldgclass": "C7", "numfloors": 6.0, "unitsres": 20, "yearbuilt": 1904, "latitude": 40.7269109, "longitude": -73.9885016, "roof_area_m2": 313.26497818694349, "pv_kw_dc": 53.255046291780388, "annual_kwh": 65929.747309224127, "avg_daily_kwh": 180.62944468280583, "psh_daily_kwh": 195.97857035375182, "canopy_area_m2": 266.27523145890194, "lon": -73.988515702152881, "lat": 40.726920593584531 }, "geometry": { "type": "Point", "coordinates": [ -73.988515702152881, 40.726920593584531 ] } },
{ "type": "Feature", "properties": { "name": null, "bbl": "1004480024", "shape_area": "343.85546875", "construction_year": "1852", "ground_elevation": "27", "mappluto_bbl": "1004480024", "objectid": "1050955", "feature_code": "2100", "shape_length": "92.326144134448654", "height_roof": "62.88", "last_status_type": "Constructed", "bin": "1006280", "last_edited_date": "2020-01-28T17:20:23Z", "geom_source": "Photogrammetric", "doitt_id": "461450", "address": "80 EAST 7 STREET", "bldgclass": "C7", "numfloors": 6.0, "unitsres": 22, "yearbuilt": 1852, "latitude": 40.7270671, "longitude": -73.9864956, "roof_area_m2": 197.27945211169222, "pv_kw_dc": 33.537506858987676, "annual_kwh": 41519.433491426746, "avg_daily_kwh": 113.75187257925135, "psh_daily_kwh": 123.41802524107464, "canopy_area_m2": 167.68753429493839, "lon": -73.986475895471784, "lat": 40.727095570910187 }, "geometry": { "type": "Point", "coordinates": [ -73.986475895471784, 40.727095570910187 ] } },
{ "type": "Feature", "properties": { "name": null, "bbl": "1004480022", "shape_area": "336.4921875", "construction_year": "1852", "ground_elevation": "28", "mappluto_bbl": "1004480022", "objectid": "1027123", "feature_code": "2100", "shape_length": "92.224334250077632", "height_roof": "61.36", "last_status_type": "Constructed", "bin": "1006279", "last_edited_date": "2020-01-28T17:16:14Z", "geom_source": "Photogrammetric", "doitt_id": "596129", "address": "76 EAST 7 STREET", "bldgclass": "C7", "numfloors": 6.0, "unitsres": 22, "yearbuilt": 1852, "latitude": 40.7271165, "longitude": -73.9866146, "roof_area_m2": 193.05337556810679, "pv_kw_dc": 32.819073846578156, "annual_kwh": 40630.013422063756, "avg_daily_kwh": 111.3151052659281, "psh_daily_kwh": 120.77419175540761, "canopy_area_m2": 164.09536923289076, "lon": -73.986594336432077, "lat": 40.727146260808482 }, "geometry": { "type": "Point", "coordinates": [ -73.986594336432077, 40.727146260808482 ] } },
{ "type": "Feature", "properties": { "name": null, "bbl": "1004480021", "shape_area": "254.90234375", "construction_year": "1897", "ground_elevation": "28", "mappluto_bbl": "1004480021", "objectid": "1028472", "feature_code": "2100", "shape_length": "91.430429224980685", "height_roof": "66.26", "last_status_type": "Constructed", "bin": "1006278", "last_edited_date": "2020-01-28T17:16:12Z", "geom_source": "Photogrammetric", "doitt_id": "24999", "address": "74 EAST 7 STREET", "bldgclass": "C7", "numfloors": 6.0, "unitsres": 21, "yearbuilt": 1897, "latitude": 40.7271577, "longitude": -73.9867156, "roof_area_m2": 146.2377944797293, "pv_kw_dc": 24.860425061553983, "annual_kwh": 30777.206226203831, "avg_daily_kwh": 84.321112948503639, "psh_daily_kwh": 91.48636422651866, "canopy_area_m2": 124.3021253077699, "lon": -73.986700025222603, "lat": 40.727178324415021 }, "geometry": { "type": "Point", "coordinates": [ -73.986700025222603, 40.727178324415021 ] } },
{ "type": "Feature", "properties": { "name": null, "bbl": "1004480020", "shape_area": "261.71484375", "construction_year": "1897", "ground_elevation": "29", "mappluto_bbl": "1004480020", "objectid": "1053072", "feature_code": "2100", "shape_length": "91.4059576363535", "height_roof": "64.73", "last_status_type": "Constructed", "bin": "1006277", "last_edited_date": "2020-01-28T17:21:40Z", "geom_source": "Photogrammetric", "doitt_id": "437913", "address": "72 EAST 7 STREET", "bldgclass": "C7", "numfloors": 6.0, "unitsres": 22, "yearbuilt": 1897, "latitude": 40.7271934, "longitude": -73.9867914, "roof_area_m2": 150.15288686504766, "pv_kw_dc": 25.525990767058104, "annual_kwh": 31601.176569617932, "avg_daily_kwh": 86.578565944158711, "psh_daily_kwh": 93.935646022773824, "canopy_area_m2": 127.62995383529051, "lon": -73.986779575092172, "lat": 40.727211849185544 }, "geometry": { "type": "Point", "coordinates": [ -73.986779575092172, 40.727211849185544 ] } },
{ "type": "Feature", "properties": { "name": null, "bbl": "1004480019", "shape_area": "248.89453125", "construction_year": "1897", "ground_elevation": "29", "mappluto_bbl": "1004480019", "objectid": "1053531", "feature_code": "2100", "shape_length": "90.097574452707121", "height_roof": "65.76", "last_status_type": "Constructed", "bin": "1006276", "last_edited_date": "2020-01-28T17:21:41Z", "geom_source": "Photogrammetric", "doitt_id": "345043", "address": "70 EAST 7 STREET", "bldgclass": "C1", "numfloors": 6.0, "unitsres": 24, "yearbuilt": 1897, "latitude": 40.7272264, "longitude": -73.9868708, "roof_area_m2": 142.79244087519405, "pv_kw_dc": 24.274714948782986, "annual_kwh": 30052.097106593337, "avg_daily_kwh": 82.334512620803665, "psh_daily_kwh": 89.330951011521393, "canopy_area_m2": 121.37357474391493, "lon": -73.986858837445467, "lat": 40.727245257037545 }, "geometry": { "type": "Point", "coordinates": [ -73.986858837445467, 40.727245257037545 ] } },
{ "type": "Feature", "properties": { "name": null, "bbl": "1004480017", "shape_area": "252.375", "construction_year": "1897", "ground_elevation": "30", "mappluto_bbl": "1004480017", "objectid": "1052739", "feature_code": "2100", "shape_length": "89.771521673758969", "height_roof": "65.65", "last_status_type": "Constructed", "bin": "1006274", "last_edited_date": "2020-01-28T17:17:20Z", "geom_source": "Photogrammetric", "doitt_id": "50764", "address": "66 EAST 7 STREET", "bldgclass": "C7", "numfloors": 6.0, "unitsres": 22, "yearbuilt": 1897, "latitude": 40.7272922, "longitude": -73.9870295, "roof_area_m2": 144.7898742610019, "pv_kw_dc": 24.614278624370325, "annual_kwh": 30472.476936970463, "avg_daily_kwh": 83.486238183480722, "psh_daily_kwh": 90.580545337682793, "canopy_area_m2": 123.07139312185161, "lon": -73.987016451388925, "lat": 40.727310337077647 }, "geometry": { "type": "Point", "coordinates": [ -73.987016451388925, 40.727310337077647 ] } },
{ "type": "Feature", "properties": { "name": null, "bbl": "1004490043", "shape_area": "257.91796875", "construction_year": "1899", "ground_elevation": "27", "mappluto_bbl": "1004490043", "objectid": "1055319", "feature_code": "2100", "shape_length": "87.310603032768014", "height_roof": "69.16", "last_status_type": "Constructed", "bin": "1006346", "last_edited_date": "2020-01-28T17:18:38Z", "geom_source": "Photogrammetric", "doitt_id": "712366", "address": "77 EAST 7 STREET", "bldgclass": "C7", "numfloors": 6.0, "unitsres": 16, "yearbuilt": 1899, "latitude": 40.7274431, "longitude": -73.9862971, "roof_area_m2": 147.97288365503681, "pv_kw_dc": 25.155390221356257, "annual_kwh": 31142.373094039045, "avg_daily_kwh": 85.321570120654911, "psh_daily_kwh": 92.571836014591028, "canopy_area_m2": 125.77695110678128, "lon": -73.986304409699201, "lat": 40.727441622887248 }, "geometry": { "type": "Point", "coordinates": [ -73.986304409699201, 40.727441622887248 ] } },
{ "type": "Feature", "properties": { "name": null, "bbl": "1004490044", "shape_area": "556.5078125", "construction_year": "1897", "ground_elevation": "28", "mappluto_bbl": "1004490044", "objectid": "1053536", "feature_code": "2100", "shape_length": "157.57981073969449", "height_roof": "66.25", "last_status_type": "Constructed", "bin": "1006347", "last_edited_date": "2020-01-28T17:17:17Z", "geom_source": "Photogrammetric", "doitt_id": "177966", "address": "73 EAST 7 STREET", "bldgclass": "C7", "numfloors": 6.0, "unitsres": 33, "yearbuilt": 1897, "latitude": 40.7275035, "longitude": -73.9864089, "roof_area_m2": 319.27383648986682, "pv_kw_dc": 54.276552203277362, "annual_kwh": 67194.371627657369, "avg_daily_kwh": 184.09416884289689, "psh_daily_kwh": 199.73771210806069, "canopy_area_m2": 271.38276101638678, "lon": -73.986416053920905, "lat": 40.727498248704634 }, "geometry": { "type": "Point", "coordinates": [ -73.986416053920905, 40.727498248704634 ] } },
{ "type": "Feature", "properties": { "name": null, "bbl": "1004600042", "shape_area": "264.55078125", "construction_year": "1887", "ground_elevation": "37", "mappluto_bbl": "1004600042", "objectid": "1049112", "feature_code": "2100", "shape_length": "76.4902686501591", "height_roof": "60.95", "last_status_type": "Constructed", "bin": "1006597", "last_edited_date": "2020-01-28T17:25:19Z", "geom_source": "Photogrammetric", "doitt_id": "78046", "address": "69 2 AVENUE", "bldgclass": "C7", "numfloors": 6.0, "unitsres": 10, "yearbuilt": 1887, "latitude": 40.726395, "longitude": -73.9896273, "roof_area_m2": 151.78090496578093, "pv_kw_dc": 25.80275384418276, "annual_kwh": 31943.809259098256, "avg_daily_kwh": 87.517285641365092, "psh_daily_kwh": 94.954134146592551, "canopy_area_m2": 129.01376922091379, "lon": -73.989628216504045, "lat": 40.726410939891508 }, "geometry": { "type": "Point", "coordinates": [ -73.989628216504045, 40.726410939891508 ] } },
{ "type": "Feature", "properties": { "name": null, "bbl": "1004600037", "shape_area": "453.9375", "construction_year": "1903", "ground_elevation": "35", "mappluto_bbl": "1004600037", "objectid": "1053426", "feature_code": "2100", "shape_length": "118.43413057317444", "height_roof": "68.38", "last_status_type": "Constructed", "bin": "1006593", "last_edited_date": "2020-01-28T17:23:25Z", "geom_source": "Photogrammetric", "doitt_id": "641551", "address": "77 2 AVENUE", "bldgclass": "C7", "numfloors": 6.0, "unitsres": 20, "yearbuilt": 1903, "latitude": 40.7266557, "longitude": -73.9894938, "roof_area_m2": 260.43512072938046, "pv_kw_dc": 44.273970523994677, "annual_kwh": 54811.175508705412, "avg_daily_kwh": 150.16760413343948, "psh_daily_kwh": 162.92821152830041, "canopy_area_m2": 221.36985261997339, "lon": -73.989462420816821, "lat": 40.726656511387283 }, "geometry": { "type": "Point", "coordinates": [ -73.989462420816821, 40.726656511387283 ] } },
{ "type": "Feature", "properties": { "name": null, "bbl": "1004600052", "shape_area": "288.546875", "construction_year": "1899", "ground_elevation": "38", "mappluto_bbl": "1004600052", "objectid": "1049670", "feature_code": "2100", "shape_length": "96.330467558958375", "height_roof": "69.53", "last_status_type": "Constructed", "bin": "1077982", "last_edited_date": "2020-01-28T17:20:18Z", "geom_source": "Photogrammetric", "doitt_id": "530718", "address": "69 EAST 4 STREET", "bldgclass": "C6", "numfloors": 6.0, "unitsres": 21, "yearbuilt": 1899, "latitude": 40.7268589, "longitude": -73.9904354, "roof_area_m2": 165.55091487186323, "pv_kw_dc": 28.143655528216751, "annual_kwh": 34841.845543932337, "avg_daily_kwh": 95.457111079266681, "psh_daily_kwh": 103.56865234383764, "canopy_area_m2": 140.71827764108374, "lon": -73.99044180344778, "lat": 40.726856131119277 }, "geometry": { "type": "Point", "coordinates": [ -73.99044180344778, 40.726856131119277 ] } },
{ "type": "Feature", "properties": { "name": null, "bbl": "1004600053", "shape_area": "284.875", "construction_year": "1897", "ground_elevation": "38", "mappluto_bbl": "1004600053", "objectid": "1052607", "feature_code": "2100", "shape_length": "95.402813499509108", "height_roof": "66.91", "last_status_type": "Constructed", "bin": "1077981", "last_edited_date": "2020-01-28T17:16:52Z", "geom_source": "Photogrammetric", "doitt_id": "91214", "address": "67 EAST 4 STREET", "bldgclass": "C6", "numfloors": 6.0, "unitsres": 18, "yearbuilt": 1897, "latitude": 40.7268919, "longitude": -73.9905148, "roof_area_m2": 163.43946243478371, "pv_kw_dc": 27.784708613913228, "annual_kwh": 34397.469264024578, "avg_daily_kwh": 94.239641819245421, "psh_daily_kwh": 102.24772769920068, "canopy_area_m2": 138.92354306956614, "lon": -73.990520826835208, "lat": 40.726889374472506 }, "geometry": { "type": "Point", "coordinates": [ -73.990520826835208, 40.726889374472506 ] } },
{ "type": "Feature", "properties": { "name": null, "bbl": "1004600054", "shape_area": "279.32421875", "construction_year": "1897", "ground_elevation": "38", "mappluto_bbl": "1004600054", "objectid": "1049704", "feature_code": "2100", "shape_length": "94.475962627144753", "height_roof": "66.85", "last_status_type": "Constructed", "bin": "1077980", "last_edited_date": "2020-01-28T17:24:43Z", "geom_source": "Photogrammetric", "doitt_id": "484074", "address": "65 EAST 4 STREET", "bldgclass": "C6", "numfloors": 6.0, "unitsres": 14, "yearbuilt": 1897, "latitude": 40.7269248, "longitude": -73.9905942, "roof_area_m2": 160.25267519399404, "pv_kw_dc": 27.242954782978984, "annual_kwh": 33726.778021327984, "avg_daily_kwh": 92.402131565282147, "psh_daily_kwh": 100.25407360136266, "canopy_area_m2": 136.21477391489492, "lon": -73.990600659110029, "lat": 40.726922537567425 }, "geometry": { "type": "Point", "coordinates": [ -73.990600659110029, 40.726922537567425 ] } },
{ "type": "Feature", "properties": { "name": null, "bbl": "1004600048", "shape_area": "291.1953125", "construction_year": "1892", "ground_elevation": "37", "mappluto_bbl": "1004600048", "objectid": "1053012", "feature_code": "2100", "shape_length": "92.949595392817571", "height_roof": "66.61", "last_status_type": "Constructed", "bin": "1077986", "last_edited_date": "2020-01-28T17:24:47Z", "geom_source": "Photogrammetric", "doitt_id": "412735", "address": "77 EAST 4 STREET", "bldgclass": "C6", "numfloors": 6.0, "unitsres": 15, "yearbuilt": 1892, "latitude": 40.7267216, "longitude": -73.9901252, "roof_area_m2": 167.06582630855314, "pv_kw_dc": 28.401190472454033, "annual_kwh": 35160.673804898091, "avg_daily_kwh": 96.330613164104363, "psh_daily_kwh": 104.51638093863083, "canopy_area_m2": 142.00595236227016, "lon": -73.990127267007807, "lat": 40.726723648665875 }, "geometry": { "type": "Point", "coordinates": [ -73.990127267007807, 40.726723648665875 ] } },
{ "type": "Feature", "properties": { "name": null, "bbl": "1004600049", "shape_area": "265.515625", "construction_year": "1897", "ground_elevation": "38", "mappluto_bbl": "1004600049", "objectid": "1029135", "feature_code": "2100", "shape_length": "94.015887209352869", "height_roof": "65.77", "last_status_type": "Constructed", "bin": "1077985", "last_edited_date": "2020-01-28T17:25:51Z", "geom_source": "Photogrammetric", "doitt_id": "549557", "address": "75 EAST 4 STREET", "bldgclass": "C6", "numfloors": 6.0, "unitsres": 20, "yearbuilt": 1897, "latitude": 40.7267601, "longitude": -73.9901973, "roof_area_m2": 152.33771929418072, "pv_kw_dc": 25.89741228001072, "annual_kwh": 32060.996402653273, "avg_daily_kwh": 87.838346308639103, "psh_daily_kwh": 95.302477190439447, "canopy_area_m2": 129.48706140005359, "lon": -73.990205775586176, "lat": 40.726755531672005 }, "geometry": { "type": "Point", "coordinates": [ -73.990205775586176, 40.726755531672005 ] } },
{ "type": "Feature", "properties": { "name": null, "bbl": "1004600050", "shape_area": "279.17578125", "construction_year": "1901", "ground_elevation": "38", "mappluto_bbl": "1004600050", "objectid": "1027857", "feature_code": "2100", "shape_length": "95.039685599324926", "height_roof": "65.8", "last_status_type": "Constructed", "bin": "1077984", "last_edited_date": "2020-01-28T17:19:47Z", "geom_source": "Photogrammetric", "doitt_id": "287413", "address": "73 EAST 4 STREET", "bldgclass": "C6", "numfloors": 6.0, "unitsres": 18, "yearbuilt": 1901, "latitude": 40.726793, "longitude": -73.9902767, "roof_area_m2": 160.17436650264099, "pv_kw_dc": 27.229642305448973, "annual_kwh": 33710.297174145831, "avg_daily_kwh": 92.356978559303641, "psh_daily_kwh": 100.20508368405223, "canopy_area_m2": 136.14821152724485, "lon": -73.990282267083941, "lat": 40.72679057991202 }, "geometry": { "type": "Point", "coordinates": [ -73.990282267083941, 40.72679057991202 ] } },
{ "type": "Feature", "properties": { "name": null, "bbl": "1004600051", "shape_area": "284.7890625", "construction_year": "1899", "ground_elevation": "38", "mappluto_bbl": "1004600051", "objectid": "1053863", "feature_code": "2100", "shape_length": "95.86534103610083", "height_roof": "69.14", "last_status_type": "Constructed", "bin": "1077983", "last_edited_date": "2020-01-28T17:26:11Z", "geom_source": "Photogrammetric", "doitt_id": "589815", "address": "71 EAST 4 STREET", "bldgclass": "C6", "numfloors": 6.0, "unitsres": 13, "yearbuilt": 1899, "latitude": 40.726826, "longitude": -73.9903561, "roof_area_m2": 163.39061408558251, "pv_kw_dc": 27.776404394549026, "annual_kwh": 34387.188640451692, "avg_daily_kwh": 94.211475727264911, "psh_daily_kwh": 102.21716817194041, "canopy_area_m2": 138.88202197274512, "lon": -73.990361585277228, "lat": 40.726823440247692 }, "geometry": { "type": "Point", "coordinates": [ -73.990361585277228, 40.726823440247692 ] } },
{ "type": "Feature", "properties": { "name": null, "bbl": "1004600029", "shape_area": "675.1484375", "construction_year": "1912", "ground_elevation": "37", "mappluto_bbl": "1004600029", "objectid": "1047541", "feature_code": "2100", "shape_length": "141.94486942754017", "height_roof": "68.75", "last_status_type": "Constructed", "bin": "1006588", "last_edited_date": "2020-01-28T17:17:10Z", "geom_source": "Photogrammetric", "doitt_id": "478312", "address": "236 EAST 5 STREET", "bldgclass": "C1", "numfloors": 6.0, "unitsres": 30, "yearbuilt": 1912, "latitude": 40.7268781, "longitude": -73.9897572, "roof_area_m2": 387.35423646549509, "pv_kw_dc": 65.850220199134171, "annual_kwh": 81522.572606528105, "avg_daily_kwh": 223.34951399048796, "psh_daily_kwh": 242.32881033281376, "canopy_area_m2": 329.25110099567081, "lon": -73.989744116222766, "lat": 40.726900267306554 }, "geometry": { "type": "Point", "coordinates": [ -73.989744116222766, 40.726900267306554 ] } },
{ "type": "Feature", "properties": { "name": null, "bbl": "1004610035", "shape_area": "698.82421875", "construction_year": "1910", "ground_elevation": "36", "mappluto_bbl": "1004610035", "objectid": "202460", "feature_code": "2100", "shape_length": "132.9132367256957", "height_roof": "67.75", "last_status_type": "Constructed", "bin": "1006629", "last_edited_date": "2017-08-22T18:04:01Z", "geom_source": "Photogrammetric", "doitt_id": "3826", "address": "87 2 AVENUE", "bldgclass": "C7", "numfloors": 6.0, "unitsres": 25, "yearbuilt": 1910, "latitude": 40.7270482, "longitude": -73.9892015, "roof_area_m2": 400.92486731445791, "pv_kw_dc": 68.157227443457842, "annual_kwh": 84378.64757500081, "avg_daily_kwh": 231.17437691781043, "psh_daily_kwh": 250.81859699192484, "canopy_area_m2": 340.78613721728919, "lon": -73.989191936185037, "lat": 40.727042648185297 }, "geometry": { "type": "Point", "coordinates": [ -73.989191936185037, 40.727042648185297 ] } },
{ "type": "Feature", "properties": { "name": null, "bbl": "1004610037", "shape_area": "316.31640625", "construction_year": "1909", "ground_elevation": "36", "mappluto_bbl": "1004610037", "objectid": "1026597", "feature_code": "2100", "shape_length": "102.98822853400192", "height_roof": "69.18", "last_status_type": "Constructed", "bin": "1006630", "last_edited_date": "2020-01-28T17:22:08Z", "geom_source": "Photogrammetric", "doitt_id": "38207", "address": "237 EAST 5 STREET", "bldgclass": "C7", "numfloors": 6.0, "unitsres": 17, "yearbuilt": 1909, "latitude": 40.7271937, "longitude": -73.9893711, "roof_area_m2": 181.47123937197478, "pv_kw_dc": 30.850110693235713, "annual_kwh": 38192.437038225813, "avg_daily_kwh": 104.63681380335839, "psh_daily_kwh": 113.52840735110743, "canopy_area_m2": 154.25055346617856, "lon": -73.989382563830276, "lat": 40.727195223509945 }, "geometry": { "type": "Point", "coordinates": [ -73.989382563830276, 40.727195223509945 ] } },
{ "type": "Feature", "properties": { "name": null, "bbl": "1004610046", "shape_area": "289.15625", "construction_year": "1896", "ground_elevation": "38", "mappluto_bbl": "1004610046", "objectid": "1031547", "feature_code": "2100", "shape_length": "90.745662933670644", "height_roof": "66.33", "last_status_type": "Constructed", "bin": "1006637", "last_edited_date": "2020-01-28T17:23:56Z", "geom_source": "Photogrammetric", "doitt_id": "440078", "address": "221 EAST 5 STREET", "bldgclass": "C1", "numfloors": 6.0, "unitsres": 24, "yearbuilt": 1896, "latitude": 40.7274655, "longitude": -73.9900132, "roof_area_m2": 165.88925192219082, "pv_kw_dc": 28.201172826772439, "annual_kwh": 34913.051959544282, "avg_daily_kwh": 95.65219714943639, "psh_daily_kwh": 103.78031600252257, "canopy_area_m2": 141.00586413386219, "lon": -73.99002251981625, "lat": 40.72746115634105 }, "geometry": { "type": "Point", "coordinates": [ -73.99002251981625, 40.72746115634105 ] } },
{ "type": "Feature", "properties": { "name": null, "bbl": "1004600059", "shape_area": "300.46875", "construction_year": "1900", "ground_elevation": "38", "mappluto_bbl": "1004600059", "objectid": "1048785", "feature_code": "2100", "shape_length": "88.150747063299576", "height_roof": "68.48", "last_status_type": "Constructed", "bin": "1082515", "last_edited_date": "2020-01-28T17:22:59Z", "geom_source": "Photogrammetric", "doitt_id": "552432", "address": "57 EAST 4 STREET", "bldgclass": "C6", "numfloors": 6.0, "unitsres": 17, "yearbuilt": 1900, "latitude": 40.7270538, "longitude": -73.9909153, "roof_area_m2": 172.38933953658986, "pv_kw_dc": 29.306187721220279, "annual_kwh": 36281.060398870708, "avg_daily_kwh": 99.400165476358097, "psh_daily_kwh": 107.84677081409062, "canopy_area_m2": 146.53093860610139, "lon": -73.990921117985266, "lat": 40.72704614739601 }, "geometry": { "type": "Point", "coordinates": [ -73.990921117985266, 40.72704614739601 ] } },
{ "type": "Feature", "properties": { "name": null, "bbl": "1004610053", "shape_area": "308.2421875", "construction_year": "1905", "ground_elevation": "40", "mappluto_bbl": "1004610053", "objectid": "1032272", "feature_code": "2100", "shape_length": "100.37316044634632", "height_roof": "64.14", "last_status_type": "Constructed", "bin": "1006641", "last_edited_date": "2020-01-28T17:20:53Z", "geom_source": "Photogrammetric", "doitt_id": "484747", "address": "207 EAST 5 STREET", "bldgclass": "C1", "numfloors": 6.0, "unitsres": 22, "yearbuilt": 1905, "latitude": 40.7277016, "longitude": -73.990576, "roof_area_m2": 176.83924141070062, "pv_kw_dc": 30.062671039819108, "annual_kwh": 37217.586747296053, "avg_daily_kwh": 101.96599108848234, "psh_daily_kwh": 110.63062942653431, "canopy_area_m2": 150.31335519909553, "lon": -73.990576583537674, "lat": 40.727695042465449 }, "geometry": { "type": "Point", "coordinates": [ -73.990576583537674, 40.727695042465449 ] } },
{ "type": "Feature", "properties": { "name": null, "bbl": "1004610030", "shape_area": "374.78515625", "construction_year": "1903", "ground_elevation": "36", "mappluto_bbl": "1004610030", "objectid": "1055987", "feature_code": "2100", "shape_length": "95.856800073770728", "height_roof": "69.05", "last_status_type": "Constructed", "bin": "1006625", "last_edited_date": "2020-01-28T17:20:17Z", "geom_source": "Photogrammetric", "doitt_id": "495901", "address": "97 2 AVENUE", "bldgclass": "C7", "numfloors": 6.0, "unitsres": 10, "yearbuilt": 1903, "latitude": 40.7273172, "longitude": -73.9890175, "roof_area_m2": 215.02327878599212, "pv_kw_dc": 36.55395739361866, "annual_kwh": 45253.799253299898, "avg_daily_kwh": 123.98301165287643, "psh_daily_kwh": 134.51856320851667, "canopy_area_m2": 182.76978696809329, "lon": -73.98900163949736, "lat": 40.727317576235883 }, "geometry": { "type": "Point", "coordinates": [ -73.98900163949736, 40.727317576235883 ] } },
{ "type": "Feature", "properties": { "name": null, "bbl": "1004610012", "shape_area": "534.33203125", "construction_year": "1900", "ground_elevation": "38", "mappluto_bbl": "1004610012", "objectid": "329529", "feature_code": "2100", "shape_length": "118.38811321454683", "height_roof": "66.76", "last_status_type": "Constructed", "bin": "1006613", "last_edited_date": "2017-08-22T17:35:31Z", "geom_source": "Photogrammetric", "doitt_id": "668499", "address": "208 EAST 6 STREET", "bldgclass": "C7", "numfloors": 6.0, "unitsres": 36, "yearbuilt": 1900, "latitude": 40.7278909, "longitude": -73.9902729, "roof_area_m2": 306.54731871966527, "pv_kw_dc": 52.113044182343096, "annual_kwh": 64515.948697740751, "avg_daily_kwh": 176.75602382942671, "psh_daily_kwh": 191.77600259102257, "canopy_area_m2": 260.56522091171547, "lon": -73.990259968695369, "lat": 40.727916289502588 }, "geometry": { "type": "Point", "coordinates": [ -73.990259968695369, 40.727916289502588 ] } },
{ "type": "Feature", "properties": { "name": null, "bbl": "1004490050", "shape_area": "290.6484375", "construction_year": "1898", "ground_elevation": "30", "mappluto_bbl": "1004490050", "objectid": "1054301", "feature_code": "2100", "shape_length": "94.576202041460661", "height_roof": "70.62", "last_status_type": "Constructed", "bin": "1006352", "last_edited_date": "2020-01-28T17:20:16Z", "geom_source": "Photogrammetric", "doitt_id": "400591", "address": "63 EAST 7 STREET", "bldgclass": "C7", "numfloors": 6.0, "unitsres": 24, "yearbuilt": 1898, "latitude": 40.7276847, "longitude": -73.9868418, "roof_area_m2": 166.74239131404633, "pv_kw_dc": 28.346206523387877, "annual_kwh": 35092.603675954189, "avg_daily_kwh": 96.144119660148462, "psh_daily_kwh": 104.31404000606739, "canopy_area_m2": 141.73103261693939, "lon": -73.986851310111348, "lat": 40.727680413353049 }, "geometry": { "type": "Point", "coordinates": [ -73.986851310111348, 40.727680413353049 ] } },
{ "type": "Feature", "properties": { "name": null, "bbl": "1004490052", "shape_area": "282.12109375", "construction_year": "1897", "ground_elevation": "30", "mappluto_bbl": "1004490052", "objectid": "1053041", "feature_code": "2100", "shape_length": "91.889029804633054", "height_roof": "68.61", "last_status_type": "Constructed", "bin": "1006354", "last_edited_date": "2020-01-28T17:26:18Z", "geom_source": "Photogrammetric", "doitt_id": "825714", "address": "59 EAST 7 STREET", "bldgclass": "C7", "numfloors": 6.0, "unitsres": 24, "yearbuilt": 1897, "latitude": 40.7277534, "longitude": -73.9870041, "roof_area_m2": 161.85547141303087, "pv_kw_dc": 27.515430140215251, "annual_kwh": 34064.102513586484, "avg_daily_kwh": 93.326308256401319, "psh_daily_kwh": 101.25678291599212, "canopy_area_m2": 137.57715070107625, "lon": -73.987010150187743, "lat": 40.727745900880187 }, "geometry": { "type": "Point", "coordinates": [ -73.987010150187743, 40.727745900880187 ] } },
{ "type": "Feature", "properties": { "name": null, "bbl": "1004490021", "shape_area": "289.3046875", "construction_year": "1900", "ground_elevation": "27", "mappluto_bbl": "1004490021", "objectid": "317423", "feature_code": "2100", "shape_length": "94.494535303229213", "height_roof": "72.4", "last_status_type": "Constructed", "bin": "1006327", "last_edited_date": "2017-08-22T17:35:23Z", "geom_source": "Photogrammetric", "doitt_id": "45961", "address": "64 ST MARKS PLACE", "bldgclass": "C4", "numfloors": 6.0, "unitsres": 26, "yearbuilt": 1900, "latitude": 40.7278192, "longitude": -73.9864341, "roof_area_m2": 165.97541313989186, "pv_kw_dc": 28.215820233781614, "annual_kwh": 34931.185449421639, "avg_daily_kwh": 95.701877943620929, "psh_daily_kwh": 103.83421846031634, "canopy_area_m2": 141.07910116890807, "lon": -73.986431768117043, "lat": 40.727831047594911 }, "geometry": { "type": "Point", "coordinates": [ -73.986431768117043, 40.727831047594911 ] } },
{ "type": "Feature", "properties": { "name": null, "bbl": "1004630036", "shape_area": "373.296875", "construction_year": "1903", "ground_elevation": "36", "mappluto_bbl": "1004630036", "objectid": "1052131", "feature_code": "2100", "shape_length": "109.10825897728991", "height_roof": "67.18", "last_status_type": "Constructed", "bin": "1006684", "last_edited_date": "2020-01-28T17:20:20Z", "geom_source": "Photogrammetric", "doitt_id": "178284", "address": "41 EAST 7 STREET", "bldgclass": "C7", "numfloors": 6.0, "unitsres": 22, "yearbuilt": 1903, "latitude": 40.7283738, "longitude": -73.9885519, "roof_area_m2": 214.15701363108508, "pv_kw_dc": 36.40669231728446, "annual_kwh": 45071.485088798159, "avg_daily_kwh": 123.48352079122783, "psh_daily_kwh": 133.9766277276068, "canopy_area_m2": 182.03346158642231, "lon": -73.988565163890428, "lat": 40.728370114301249 }, "geometry": { "type": "Point", "coordinates": [ -73.988565163890428, 40.728370114301249 ] } },
{ "type": "Feature", "properties": { "name": null, "bbl": "1004620017", "shape_area": "281.890625", "construction_year": "1900", "ground_elevation": "34", "mappluto_bbl": "1004620017", "objectid": "449194", "feature_code": "2100", "shape_length": "90.3978347432622", "height_roof": "74.34", "last_status_type": "Constructed", "bin": "1006648", "last_edited_date": "2017-08-22T18:33:52Z", "geom_source": "Photogrammetric", "doitt_id": "665577", "address": "36 EAST 7 STREET", "bldgclass": "C1", "numfloors": 6.0, "unitsres": 16, "yearbuilt": 1900, "latitude": 40.7281433, "longitude": -73.989057, "roof_area_m2": 161.72719322419329, "pv_kw_dc": 27.49362284811286, "annual_kwh": 34037.105085963718, "avg_daily_kwh": 93.252342701270464, "psh_daily_kwh": 101.17653208105531, "canopy_area_m2": 137.46811424056429, "lon": -73.989047251537372, "lat": 40.728165711766351 }, "geometry": { "type": "Point", "coordinates": [ -73.989047251537372, 40.728165711766351 ] } },
{ "type": "Feature", "properties": { "name": null, "bbl": "1004620016", "shape_area": "263.5", "construction_year": "1900", "ground_elevation": "36", "mappluto_bbl": "1004620016", "objectid": "436552", "feature_code": "2100", "shape_length": "90.019376528530145", "height_roof": "67.19", "last_status_type": "Constructed", "bin": "1006647", "last_edited_date": "2017-08-22T19:14:01Z", "geom_source": "Photogrammetric", "doitt_id": "136280", "address": "34 EAST 7 STREET", "bldgclass": "C7", "numfloors": 6.0, "unitsres": 22, "yearbuilt": 1900, "latitude": 40.7281763, "longitude": -73.9891328, "roof_area_m2": 151.17039157312126, "pv_kw_dc": 25.698966567430617, "annual_kwh": 31815.320610479102, "avg_daily_kwh": 87.165261946518086, "psh_daily_kwh": 94.572196968144667, "canopy_area_m2": 128.49483283715307, "lon": -73.989123802046691, "lat": 40.728197887713598 }, "geometry": { "type": "Point", "coordinates": [ -73.989123802046691, 40.728197887713598 ] } },
{ "type": "Feature", "properties": { "name": null, "bbl": "1004620015", "shape_area": "263.08203125", "construction_year": "1900", "ground_elevation": "36", "mappluto_bbl": "1004620015", "objectid": "916715", "feature_code": "2100", "shape_length": "91.152178156475088", "height_roof": "67.06", "last_status_type": "Constructed", "bin": "1006646", "last_edited_date": "2017-08-22T19:26:23Z", "geom_source": "Photogrammetric", "doitt_id": "660015", "address": "32 EAST 7 STREET", "bldgclass": "C7", "numfloors": 6.0, "unitsres": 22, "yearbuilt": 1900, "latitude": 40.7282092, "longitude": -73.9892121, "roof_area_m2": 150.92424012175957, "pv_kw_dc": 25.657120820699124, "annual_kwh": 31763.515576025515, "avg_daily_kwh": 87.023330345275383, "psh_daily_kwh": 94.418204620172773, "canopy_area_m2": 128.28560410349561, "lon": -73.989201925332438, "lat": 40.728230453172934 }, "geometry": { "type": "Point", "coordinates": [ -73.989201925332438, 40.728230453172934 ] } },
{ "type": "Feature", "properties": { "name": null, "bbl": "1004490018", "shape_area": "262.31640625", "construction_year": "1900", "ground_elevation": "29", "mappluto_bbl": "1004490018", "objectid": "882921", "feature_code": "2100", "shape_length": "88.13071739792224", "height_roof": "76.76", "last_status_type": "Constructed", "bin": "1006324", "last_edited_date": "2017-08-22T18:25:43Z", "geom_source": "Photogrammetric", "doitt_id": "491396", "address": "58 ST MARKS PLACE", "bldgclass": "C7", "numfloors": 6.0, "unitsres": 19, "yearbuilt": 1900, "latitude": 40.7279235, "longitude": -73.9866686, "roof_area_m2": 150.48966583320637, "pv_kw_dc": 25.583243191645082, "annual_kwh": 31672.055071256611, "avg_daily_kwh": 86.772753619881129, "psh_daily_kwh": 94.146334945253898, "canopy_area_m2": 127.91621595822541, "lon": -73.986664687362222, "lat": 40.72793726733974 }, "geometry": { "type": "Point", "coordinates": [ -73.986664687362222, 40.72793726733974 ] } },
{ "type": "Feature", "properties": { "name": null, "bbl": "1004490004", "shape_area": "415.8203125", "construction_year": "1920", "ground_elevation": "34", "mappluto_bbl": "1004490004", "objectid": "134153", "feature_code": "2100", "shape_length": "125.95214679783172", "height_roof": "68.08", "last_status_type": "Constructed", "bin": "1006310", "last_edited_date": "2017-08-22T17:50:46Z", "geom_source": "Photogrammetric", "doitt_id": "286207", "address": "124 2 AVENUE", "bldgclass": "C7", "numfloors": 6.0, "unitsres": 22, "yearbuilt": 1920, "latitude": 40.7281322, "longitude": -73.9875561, "roof_area_m2": 238.55762584421109, "pv_kw_dc": 40.554796393515886, "annual_kwh": 50206.837935172669, "avg_daily_kwh": 137.55298064430869, "psh_daily_kwh": 149.24165072813844, "canopy_area_m2": 202.77398196757943, "lon": -73.987569457197097, "lat": 40.728147255344062 }, "geometry": { "type": "Point", "coordinates": [ -73.987569457197097, 40.728147255344062 ] } },
{ "type": "Feature", "properties": { "name": null, "bbl": "1004490006", "shape_area": "363.12890625", "construction_year": "1920", "ground_elevation": "33", "mappluto_bbl": "1004490006", "objectid": "792865", "feature_code": "2100", "shape_length": "124.73298436493086", "height_roof": "71.07", "last_status_type": "Constructed", "bin": "1006312", "last_edited_date": "2017-08-22T18:31:12Z", "geom_source": "Photogrammetric", "doitt_id": "343242", "address": "128 2 AVENUE", "bldgclass": "C7", "numfloors": 6.0, "unitsres": 22, "yearbuilt": 1920, "latitude": 40.7282584, "longitude": -73.9874659, "roof_area_m2": 208.32696611976814, "pv_kw_dc": 35.415584240360587, "annual_kwh": 43844.49328956641, "avg_daily_kwh": 120.12189942346961, "psh_daily_kwh": 130.32935000452696, "canopy_area_m2": 177.07792120180292, "lon": -73.987487988303002, "lat": 40.728278779427121 }, "geometry": { "type": "Point", "coordinates": [ -73.987487988303002, 40.728278779427121 ] } },
{ "type": "Feature", "properties": { "name": null, "bbl": "1004500047", "shape_area": "296.30859375", "construction_year": "1900", "ground_elevation": "28", "mappluto_bbl": "1004500047", "objectid": "184604", "feature_code": "2100", "shape_length": "86.167114850498763", "height_roof": "71.05", "last_status_type": "Constructed", "bin": "1006395", "last_edited_date": "2017-08-22T17:50:02Z", "geom_source": "Photogrammetric", "doitt_id": "289194", "address": "55 ST MARKS PLACE", "bldgclass": "C1", "numfloors": 6.0, "unitsres": 12, "yearbuilt": 1900, "latitude": 40.7283379, "longitude": -73.9864737, "roof_area_m2": 169.99167085523047, "pv_kw_dc": 28.898584045389182, "annual_kwh": 35776.447048191811, "avg_daily_kwh": 98.017663145730992, "psh_daily_kwh": 106.34678928703218, "canopy_area_m2": 144.4929202269459, "lon": -73.986480692018475, "lat": 40.728331681214307 }, "geometry": { "type": "Point", "coordinates": [ -73.986480692018475, 40.728331681214307 ] } },
{ "type": "Feature", "properties": { "name": null, "bbl": "1004630031", "shape_area": "330.90625", "construction_year": "1920", "ground_elevation": "36", "mappluto_bbl": "1004630031", "objectid": "434036", "feature_code": "2100", "shape_length": "101.31454890684189", "height_roof": "67.82", "last_status_type": "Constructed", "bin": "1006679", "last_edited_date": "2017-08-22T18:34:05Z", "geom_source": "Photogrammetric", "doitt_id": "379755", "address": "127 2 AVENUE", "bldgclass": "C7", "numfloors": 6.0, "unitsres": 21, "yearbuilt": 1900, "latitude": 40.7284616, "longitude": -73.9881694, "roof_area_m2": 189.83850353370065, "pv_kw_dc": 32.27254560072911, "annual_kwh": 39953.41145370264, "avg_daily_kwh": 109.46140124302093, "psh_daily_kwh": 118.76296781068311, "canopy_area_m2": 161.36272800364554, "lon": -73.988158118291807, "lat": 40.728465780224255 }, "geometry": { "type": "Point", "coordinates": [ -73.988158118291807, 40.728465780224255 ] } },
{ "type": "Feature", "properties": { "name": null, "bbl": "1004630030", "shape_area": "329.3359375", "construction_year": "1900", "ground_elevation": "36", "mappluto_bbl": "1004630030", "objectid": "570730", "feature_code": "2100", "shape_length": "101.02483960289888", "height_roof": "66.7", "last_status_type": "Constructed", "bin": "1006678", "last_edited_date": "2017-08-22T17:42:58Z", "geom_source": "Photogrammetric", "doitt_id": "370487", "address": "129 2 AVENUE", "bldgclass": "C7", "numfloors": 6.0, "unitsres": 21, "yearbuilt": 1900, "latitude": 40.7285248, "longitude": -73.9881261, "roof_area_m2": 188.93532425819521, "pv_kw_dc": 32.119005123893189, "annual_kwh": 39763.32834337977, "avg_daily_kwh": 108.94062559830074, "psh_daily_kwh": 118.19793885592692, "canopy_area_m2": 160.59502561946593, "lon": -73.988113660090647, "lat": 40.728528290681666 }, "geometry": { "type": "Point", "coordinates": [ -73.988113660090647, 40.728528290681666 ] } },
{ "type": "Feature", "properties": { "name": null, "bbl": "1004630028", "shape_area": "478.19140625", "construction_year": "1900", "ground_elevation": "36", "mappluto_bbl": "1004630028", "objectid": "537976", "feature_code": "2100", "shape_length": "108.47126210915309", "height_roof": "65.56", "last_status_type": "Constructed", "bin": "1006677", "last_edited_date": "2017-08-22T17:43:10Z", "geom_source": "Photogrammetric", "doitt_id": "4560", "address": "131 2 AVENUE", "bldgclass": "C7", "numfloors": 6.0, "unitsres": 19, "yearbuilt": 1900, "latitude": 40.7286071, "longitude": -73.9880647, "roof_area_m2": 274.33573589750438, "pv_kw_dc": 46.63707510257575, "annual_kwh": 57736.69897698878, "avg_daily_kwh": 158.18273692325693, "psh_daily_kwh": 171.62443637747876, "canopy_area_m2": 233.18537551287872, "lon": -73.988068926150575, "lat": 40.728604946702283 }, "geometry": { "type": "Point", "coordinates": [ -73.988068926150575, 40.728604946702283 ] } },
{ "type": "Feature", "properties": { "name": null, "bbl": "1004630027", "shape_area": "222.5859375", "construction_year": "1900", "ground_elevation": "36", "mappluto_bbl": "1004630027", "objectid": "843464", "feature_code": "2100", "shape_length": "78.873029837746429", "height_roof": "66.85", "last_status_type": "Constructed", "bin": "1006676", "last_edited_date": "2017-08-22T18:43:59Z", "geom_source": "Photogrammetric", "doitt_id": "340925", "address": "34 1/2 ST MARKS PLACE", "bldgclass": "C7", "numfloors": 6.0, "unitsres": 11, "yearbuilt": 1900, "latitude": 40.7286263, "longitude": -73.9883065, "roof_area_m2": 127.69724921850022, "pv_kw_dc": 21.70853236714504, "annual_kwh": 26875.163070525559, "avg_daily_kwh": 73.630583754864546, "psh_daily_kwh": 79.887399111093742, "canopy_area_m2": 108.54266183572518, "lon": -73.988307578521997, "lat": 40.72863649445295 }, "geometry": { "type": "Point", "coordinates": [ -73.988307578521997, 40.72863649445295 ] } },
{ "type": "Feature", "properties": { "name": null, "bbl": "1004630024", "shape_area": "329.57421875", "construction_year": "1900", "ground_elevation": "36", "mappluto_bbl": "1004630024", "objectid": "803149", "feature_code": "2100", "shape_length": "103.04084880745364", "height_roof": "74.14", "last_status_type": "Constructed", "bin": "1006673", "last_edited_date": "2017-08-22T17:57:47Z", "geom_source": "Photogrammetric", "doitt_id": "227636", "address": "30 ST MARKS PLACE", "bldgclass": "C7", "numfloors": 6.0, "unitsres": 24, "yearbuilt": 1900, "latitude": 40.728695, "longitude": -73.9885734, "roof_area_m2": 189.06928368585324, "pv_kw_dc": 32.141778226595051, "annual_kwh": 39791.521444524675, "avg_daily_kwh": 109.01786697130048, "psh_daily_kwh": 118.28174387386979, "canopy_area_m2": 160.70889113297525, "lon": -73.988571544863433, "lat": 40.728702530306421 }, "geometry": { "type": "Point", "coordinates": [ -73.988571544863433, 40.728702530306421 ] } },
{ "type": "Feature", "properties": { "name": null, "bbl": "1004500018", "shape_area": "338.81640625", "construction_year": "1900", "ground_elevation": "28", "mappluto_bbl": "1004500018", "objectid": "123268", "feature_code": "2100", "shape_length": "94.831012098545159", "height_roof": "62.05", "last_status_type": "Constructed", "bin": "1006370", "last_edited_date": "2017-08-22T18:59:47Z", "geom_source": "Photogrammetric", "doitt_id": "544982", "address": "328 EAST 9 STREET", "bldgclass": "C7", "numfloors": 6.0, "unitsres": 22, "yearbuilt": 1900, "latitude": 40.728541, "longitude": -73.9862499, "roof_area_m2": 194.37408557845129, "pv_kw_dc": 33.043594548336721, "annual_kwh": 40907.970050840857, "avg_daily_kwh": 112.07663027627632, "psh_daily_kwh": 121.60042793787912, "canopy_area_m2": 165.21797274168358, "lon": -73.986227269817533, "lat": 40.728570622291215 }, "geometry": { "type": "Point", "coordinates": [ -73.986227269817533, 40.728570622291215 ] } },
{ "type": "Feature", "properties": { "name": null, "bbl": "1004500016", "shape_area": "355.2890625", "construction_year": "1910", "ground_elevation": "28", "mappluto_bbl": "1004500016", "objectid": "925144", "feature_code": "2100", "shape_length": "98.930487417707823", "height_roof": "63.16", "last_status_type": "Constructed", "bin": "1006369", "last_edited_date": "2017-08-22T17:27:43Z", "geom_source": "Photogrammetric", "doitt_id": "356884", "address": "324 EAST 9 STREET", "bldgclass": "C7", "numfloors": 6.0, "unitsres": 22, "yearbuilt": 1910, "latitude": 40.7285877, "longitude": -73.986369, "roof_area_m2": 203.82657315791656, "pv_kw_dc": 34.650517436845817, "annual_kwh": 42897.340586815124, "avg_daily_kwh": 117.52696051182225, "psh_daily_kwh": 127.5139041675926, "canopy_area_m2": 173.25258718422907, "lon": -73.986350349950087, "lat": 40.728614417671629 }, "geometry": { "type": "Point", "coordinates": [ -73.986350349950087, 40.728614417671629 ] } },
{ "type": "Feature", "properties": { "name": null, "bbl": "1004500014", "shape_area": "273.81640625", "construction_year": "1910", "ground_elevation": "29", "mappluto_bbl": "1004500014", "objectid": "246186", "feature_code": "2100", "shape_length": "86.841840973857231", "height_roof": "67.58", "last_status_type": "Constructed", "bin": "1006367", "last_edited_date": "2017-08-22T18:20:26Z", "geom_source": "Photogrammetric", "doitt_id": "677284", "address": "318 EAST 9 STREET", "bldgclass": "C7", "numfloors": 6.0, "unitsres": 16, "yearbuilt": 1910, "latitude": 40.7286618, "longitude": -73.9865494, "roof_area_m2": 157.08496878610927, "pv_kw_dc": 26.704444693638578, "annual_kwh": 33060.102530724558, "avg_daily_kwh": 90.57562337184811, "psh_daily_kwh": 98.272356472589962, "canopy_area_m2": 133.52222346819289, "lon": -73.986530189528452, "lat": 40.728687152950442 }, "geometry": { "type": "Point", "coordinates": [ -73.986530189528452, 40.728687152950442 ] } },
{ "type": "Feature", "properties": { "name": null, "bbl": "1004500012", "shape_area": "279.55078125", "construction_year": "1910", "ground_elevation": "30", "mappluto_bbl": "1004500012", "objectid": "956833", "feature_code": "2100", "shape_length": "86.840385948512861", "height_roof": "66.58", "last_status_type": "Constructed", "bin": "1006366", "last_edited_date": "2017-08-22T18:41:36Z", "geom_source": "Photogrammetric", "doitt_id": "746757", "address": "314 EAST 9 STREET", "bldgclass": "C7", "numfloors": 6.0, "unitsres": 16, "yearbuilt": 1910, "latitude": 40.7286948, "longitude": -73.9866287, "roof_area_m2": 160.37426849740993, "pv_kw_dc": 27.263625644559689, "annual_kwh": 33752.368547964892, "avg_daily_kwh": 92.472242597164083, "psh_daily_kwh": 100.33014237197966, "canopy_area_m2": 136.31812822279844, "lon": -73.986612032144578, "lat": 40.728717786206346 }, "geometry": { "type": "Point", "coordinates": [ -73.986612032144578, 40.728717786206346 ] } },
{ "type": "Feature", "properties": { "name": null, "bbl": "1004500011", "shape_area": "257.171875", "construction_year": "1910", "ground_elevation": "30", "mappluto_bbl": "1004500011", "objectid": "521700", "feature_code": "2100", "shape_length": "82.0199224672377", "height_roof": "66.42", "last_status_type": "Constructed", "bin": "1006365", "last_edited_date": "2017-08-22T19:31:25Z", "geom_source": "Photogrammetric", "doitt_id": "370285", "address": "312 EAST 9 STREET", "bldgclass": "C7", "numfloors": 6.0, "unitsres": 16, "yearbuilt": 1910, "latitude": 40.728736, "longitude": -73.9866973, "roof_area_m2": 147.53848160689068, "pv_kw_dc": 25.081541873171417, "annual_kwh": 31050.948838986216, "avg_daily_kwh": 85.07109270955128, "psh_daily_kwh": 92.300074093270823, "canopy_area_m2": 125.40770936585707, "lon": -73.986682832823476, "lat": 40.728756111330092 }, "geometry": { "type": "Point", "coordinates": [ -73.986682832823476, 40.728756111330092 ] } },
{ "type": "Feature", "properties": { "name": null, "bbl": "1004630021", "shape_area": "307.1171875", "construction_year": "1900", "ground_elevation": "36", "mappluto_bbl": "1004630021", "objectid": "418392", "feature_code": "2100", "shape_length": "112.78912442008516", "height_roof": "66.82", "last_status_type": "Constructed", "bin": "1006671", "last_edited_date": "2017-08-22T17:34:13Z", "geom_source": "Photogrammetric", "doitt_id": "532032", "address": "24 ST MARKS PLACE", "bldgclass": "C7", "numfloors": 6.0, "unitsres": 16, "yearbuilt": 1900, "latitude": 40.7287993, "longitude": -73.9888188, "roof_area_m2": 176.1891399854151, "pv_kw_dc": 29.952153797520566, "annual_kwh": 37080.76640133046, "avg_daily_kwh": 101.5911408255629, "psh_daily_kwh": 110.22392597487567, "canopy_area_m2": 149.76076898760283, "lon": -73.988820792558997, "lat": 40.728814480424248 }, "geometry": { "type": "Point", "coordinates": [ -73.988820792558997, 40.728814480424248 ] } },
{ "type": "Feature", "properties": { "name": null, "bbl": "1004500001", "shape_area": "276.08203125", "construction_year": "1900", "ground_elevation": "33", "mappluto_bbl": "1004500001", "objectid": "134126", "feature_code": "2100", "shape_length": "84.442257056461585", "height_roof": "63.72", "last_status_type": "Constructed", "bin": "1006360", "last_edited_date": "2017-08-22T18:22:18Z", "geom_source": "Photogrammetric", "doitt_id": "203774", "address": "132 2 AVENUE", "bldgclass": "C7", "numfloors": 6.0, "unitsres": 15, "yearbuilt": 1900, "latitude": 40.7286153, "longitude": -73.9873287, "roof_area_m2": 158.38177163890444, "pv_kw_dc": 26.924901178613755, "annual_kwh": 33333.027659123829, "avg_daily_kwh": 91.323363449654323, "psh_daily_kwh": 99.083636337298614, "canopy_area_m2": 134.62450589306877, "lon": -73.987324250019725, "lat": 40.728622154843855 }, "geometry": { "type": "Point", "coordinates": [ -73.987324250019725, 40.728622154843855 ] } },
{ "type": "Feature", "properties": { "name": null, "bbl": "1004640036", "shape_area": "343.7734375", "construction_year": "1900", "ground_elevation": "34", "mappluto_bbl": "1004640036", "objectid": "749456", "feature_code": "2100", "shape_length": "116.82591940693472", "height_roof": "66.39", "last_status_type": "Constructed", "bin": "1006747", "last_edited_date": "2017-08-22T17:58:10Z", "geom_source": "Photogrammetric", "doitt_id": "160270", "address": "139 2 AVENUE", "bldgclass": "C7", "numfloors": 6.0, "unitsres": 20, "yearbuilt": 1900, "latitude": 40.7291203, "longitude": -73.9877363, "roof_area_m2": 197.2136246162035, "pv_kw_dc": 33.526316184754599, "annual_kwh": 41505.579436726191, "avg_daily_kwh": 113.71391626500326, "psh_daily_kwh": 123.37684355989691, "canopy_area_m2": 167.63158092377299, "lon": -73.987713208522663, "lat": 40.729121144725127 }, "geometry": { "type": "Point", "coordinates": [ -73.987713208522663, 40.729121144725127 ] } },
{ "type": "Feature", "properties": { "name": null, "bbl": "1004640034", "shape_area": "458.2109375", "construction_year": "1900", "ground_elevation": "34", "mappluto_bbl": "1004640034", "objectid": "433899", "feature_code": "2100", "shape_length": "103.06847736048596", "height_roof": "66.04", "last_status_type": "Constructed", "bin": "1006746", "last_edited_date": "2017-08-22T17:46:06Z", "geom_source": "Photogrammetric", "doitt_id": "570121", "address": "141 2 AVENUE", "bldgclass": "C7", "numfloors": 6.0, "unitsres": 19, "yearbuilt": 1900, "latitude": 40.7291807, "longitude": -73.9875992, "roof_area_m2": 262.86920223429672, "pv_kw_dc": 44.68776437983044, "annual_kwh": 55323.452302230085, "avg_daily_kwh": 151.57110219789064, "psh_daily_kwh": 164.45097291777603, "canopy_area_m2": 223.4388218991522, "lon": -73.987588746487361, "lat": 40.729183487236256 }, "geometry": { "type": "Point", "coordinates": [ -73.987588746487361, 40.729183487236256 ] } },
{ "type": "Feature", "properties": { "name": null, "bbl": "1004640033", "shape_area": "226.10546875", "construction_year": "1900", "ground_elevation": "34", "mappluto_bbl": "1004640033", "objectid": "283492", "feature_code": "2100", "shape_length": "69.572542701580019", "height_roof": "66.78", "last_status_type": "Constructed", "bin": "1006745", "last_edited_date": "2017-08-22T19:37:52Z", "geom_source": "Photogrammetric", "doitt_id": "555920", "address": "240 EAST 9 STREET", "bldgclass": "C7", "numfloors": 6.0, "unitsres": 12, "yearbuilt": 1900, "latitude": 40.7292631, "longitude": -73.987794, "roof_area_m2": 129.70918597968932, "pv_kw_dc": 22.050561616547185, "annual_kwh": 27298.595281285416, "avg_daily_kwh": 74.790672003521692, "psh_daily_kwh": 81.146066748893645, "canopy_area_m2": 110.25280808273592, "lon": -73.987785453313862, "lat": 40.729282692755056 }, "geometry": { "type": "Point", "coordinates": [ -73.987785453313862, 40.729282692755056 ] } },
{ "type": "Feature", "properties": { "name": null, "bbl": "1004790009", "shape_area": "545.1640625", "construction_year": "1900", "ground_elevation": "40", "mappluto_bbl": "1004790009", "objectid": "409023", "feature_code": "2100", "shape_length": "128.48741481356504", "height_roof": "65.24", "last_status_type": "Constructed", "bin": "1007159", "last_edited_date": "2017-08-22T18:00:35Z", "geom_source": "Photogrammetric", "doitt_id": "54781", "address": "196 MOTT STREET", "bldgclass": "C7", "numfloors": 6.0, "unitsres": 37, "yearbuilt": 1900, "latitude": 40.7210897, "longitude": -73.9954147, "roof_area_m2": 312.82098624120027, "pv_kw_dc": 53.17956766100405, "annual_kwh": 65836.304764323009, "avg_daily_kwh": 180.37343771047401, "psh_daily_kwh": 195.7008089924949, "canopy_area_m2": 265.89783830502023, "lon": -73.995433292303105, "lat": 40.721101194813556 }, "geometry": { "type": "Point", "coordinates": [ -73.995433292303105, 40.721101194813556 ] } },
{ "type": "Feature", "properties": { "name": null, "bbl": "1004790018", "shape_area": "309.375", "construction_year": "1900", "ground_elevation": "40", "mappluto_bbl": "1004790018", "objectid": "847320", "feature_code": "2100", "shape_length": "117.16096022382254", "height_roof": "68.27", "last_status_type": "Constructed", "bin": "1007164", "last_edited_date": "2017-08-22T17:28:42Z", "geom_source": "Photogrammetric", "doitt_id": "389770", "address": "20 SPRING STREET", "bldgclass": "C7", "numfloors": 6.0, "unitsres": 15, "yearbuilt": 1900, "latitude": 40.721216, "longitude": -73.995137, "roof_area_m2": 177.52642586499036, "pv_kw_dc": 30.17949239704836, "annual_kwh": 37362.211587545869, "avg_daily_kwh": 102.36222352752293, "psh_daily_kwh": 111.06053202113797, "canopy_area_m2": 150.89746198524179, "lon": -73.995134136351226, "lat": 40.721245524553559 }, "geometry": { "type": "Point", "coordinates": [ -73.995134136351226, 40.721245524553559 ] } },
{ "type": "Feature", "properties": { "name": null, "bbl": "1004790014", "shape_area": "579.85546875", "construction_year": "1900", "ground_elevation": "41", "mappluto_bbl": "1004790014", "objectid": "274571", "feature_code": "2100", "shape_length": "123.72051172976646", "height_roof": "67.3", "last_status_type": "Constructed", "bin": "1007161", "last_edited_date": "2017-08-22T19:18:36Z", "geom_source": "Photogrammetric", "doitt_id": "94456", "address": "26 SPRING STREET", "bldgclass": "C7", "numfloors": 6.0, "unitsres": 35, "yearbuilt": 1900, "latitude": 40.721367, "longitude": -73.9953931, "roof_area_m2": 332.72758631818374, "pv_kw_dc": 56.563689674091236, "annual_kwh": 70025.847816524954, "avg_daily_kwh": 191.85163785349303, "psh_daily_kwh": 208.15437800065575, "canopy_area_m2": 282.81844837045617, "lon": -73.995392625232014, "lat": 40.721384823877749 }, "geometry": { "type": "Point", "coordinates": [ -73.995392625232014, 40.721384823877749 ] } },
{ "type": "Feature", "properties": { "name": null, "bbl": "1004800004", "shape_area": "611.1484375", "construction_year": "1900", "ground_elevation": "36", "mappluto_bbl": "1004800004", "objectid": "801032", "feature_code": "2100", "shape_length": "126.8894964991222", "height_roof": "64.04", "last_status_type": "Constructed", "bin": "1007178", "last_edited_date": "2017-08-22T19:31:54Z", "geom_source": "Photogrammetric", "doitt_id": "158126", "address": "184 MULBERRY STREET", "bldgclass": "C7", "numfloors": 6.0, "unitsres": 35, "yearbuilt": 1900, "latitude": 40.7209388, "longitude": -73.9964068, "roof_area_m2": 350.68881728104492, "pv_kw_dc": 59.617098937777634, "annual_kwh": 73805.968484968704, "avg_daily_kwh": 202.20813283553071, "psh_daily_kwh": 219.3909240910217, "canopy_area_m2": 298.08549468888816, "lon": -73.996398896654497, "lat": 40.720940823570068 }, "geometry": { "type": "Point", "coordinates": [ -73.996398896654497, 40.720940823570068 ] } },
{ "type": "Feature", "properties": { "name": null, "bbl": "1004800029", "shape_area": "538.88671875", "construction_year": "1900", "ground_elevation": "39", "mappluto_bbl": "1004800029", "objectid": "148388", "feature_code": "2100", "shape_length": "118.57172832861535", "height_roof": "66.15", "last_status_type": "Constructed", "bin": "1007185", "last_edited_date": "2017-08-22T19:21:44Z", "geom_source": "Photogrammetric", "doitt_id": "744784", "address": "193 MOTT STREET", "bldgclass": "C7", "numfloors": 6.0, "unitsres": 25, "yearbuilt": 1900, "latitude": 40.7211282, "longitude": -73.9959234, "roof_area_m2": 309.22651796612126, "pv_kw_dc": 52.568508054240617, "annual_kwh": 65079.812971149884, "avg_daily_kwh": 178.30085745520518, "psh_daily_kwh": 193.45210963960548, "canopy_area_m2": 262.84254027120306, "lon": -73.995914400072024, "lat": 40.721131092720711 }, "geometry": { "type": "Point", "coordinates": [ -73.995914400072024, 40.721131092720711 ] } },
{ "type": "Feature", "properties": { "name": null, "bbl": "1004920044", "shape_area": "343.9296875", "construction_year": "1900", "ground_elevation": "41", "mappluto_bbl": "1004920044", "objectid": "479391", "feature_code": "2100", "shape_length": "92.126958313247172", "height_roof": "60.48", "last_status_type": "Constructed", "bin": "1007412", "last_edited_date": "2017-08-22T18:33:00Z", "geom_source": "Photogrammetric", "doitt_id": "461507", "address": "11 SPRING STREET", "bldgclass": "C0", "numfloors": 6.0, "unitsres": 3, "yearbuilt": 1895, "latitude": 40.721441, "longitude": -73.99452, "roof_area_m2": 197.34999693757234, "pv_kw_dc": 33.5494994793873, "annual_kwh": 41534.280355481475, "avg_daily_kwh": 113.79254891912733, "psh_daily_kwh": 123.46215808414527, "canopy_area_m2": 167.7474973969365, "lon": -73.994513062952365, "lat": 40.721451835612072 }, "geometry": { "type": "Point", "coordinates": [ -73.994513062952365, 40.721451835612072 ] } },
{ "type": "Feature", "properties": { "name": null, "bbl": "1004920004", "shape_area": "295.80859375", "construction_year": "1900", "ground_elevation": "43", "mappluto_bbl": "1004920004", "objectid": "924248", "feature_code": "2100", "shape_length": "87.876317562938752", "height_roof": "64.23", "last_status_type": "Constructed", "bin": "1007390", "last_edited_date": "2017-08-22T17:27:44Z", "geom_source": "Photogrammetric", "doitt_id": "735259", "address": "196 ELIZABETH STREET", "bldgclass": "C7", "numfloors": 6.0, "unitsres": 20, "yearbuilt": 1900, "latitude": 40.7217704, "longitude": -73.994253, "roof_area_m2": 169.73786772617598, "pv_kw_dc": 28.855437513449914, "annual_kwh": 35723.031641650996, "avg_daily_kwh": 97.871319566167116, "psh_daily_kwh": 106.18801004949567, "canopy_area_m2": 144.27718756724957, "lon": -73.994282745990674, "lat": 40.72177985278897 }, "geometry": { "type": "Point", "coordinates": [ -73.994282745990674, 40.72177985278897 ] } },
{ "type": "Feature", "properties": { "name": null, "bbl": "1004920005", "shape_area": "417.6484375", "construction_year": "1900", "ground_elevation": "43", "mappluto_bbl": "1004920005", "objectid": "348335", "feature_code": "2100", "shape_length": "106.76956091635356", "height_roof": "62.83", "last_status_type": "Constructed", "bin": "1007391", "last_edited_date": "2017-08-22T19:16:52Z", "geom_source": "Photogrammetric", "doitt_id": "763838", "address": "198 ELIZABETH STREET", "bldgclass": "C7", "numfloors": 6.0, "unitsres": 27, "yearbuilt": 1900, "latitude": 40.7218527, "longitude": -73.9942206, "roof_area_m2": 239.64356967443086, "pv_kw_dc": 40.739406844653246, "annual_kwh": 50435.385673680721, "avg_daily_kwh": 138.17913883200197, "psh_daily_kwh": 149.92101718832393, "canopy_area_m2": 203.69703422326623, "lon": -73.99424484415637, "lat": 40.721865803542862 }, "geometry": { "type": "Point", "coordinates": [ -73.99424484415637, 40.721865803542862 ] } },
{ "type": "Feature", "properties": { "name": null, "bbl": "1004940033", "shape_area": "257.46875", "construction_year": "1900", "ground_elevation": "41", "mappluto_bbl": "1004940033", "objectid": "509250", "feature_code": "2100", "shape_length": "69.394626837061139", "height_roof": "65.17", "last_status_type": "Constructed", "bin": "1007502", "last_edited_date": "2017-08-22T18:14:52Z", "geom_source": "Photogrammetric", "doitt_id": "735642", "address": "213 MOTT STREET", "bldgclass": "C6", "numfloors": 6.0, "unitsres": 12, "yearbuilt": 1900, "latitude": 40.7220422, "longitude": -73.9955734, "roof_area_m2": 147.73819414860037, "pv_kw_dc": 25.115493005262064, "annual_kwh": 31092.980340514434, "avg_daily_kwh": 85.186247508258717, "psh_daily_kwh": 92.425014259364389, "canopy_area_m2": 125.57746502631031, "lon": -73.995511436288737, "lat": 40.722037712781074 }, "geometry": { "type": "Point", "coordinates": [ -73.995511436288737, 40.722037712781074 ] } },
{ "type": "Feature", "properties": { "name": null, "bbl": "1004940032", "shape_area": "237.18359375", "construction_year": "1900", "ground_elevation": "41", "mappluto_bbl": "1004940032", "objectid": "992905", "feature_code": "2100", "shape_length": "67.700039567059733", "height_roof": "65.35", "last_status_type": "Constructed", "bin": "1007501", "last_edited_date": "2017-08-22T17:26:53Z", "geom_source": "Photogrammetric", "doitt_id": "3876", "address": "215 MOTT STREET", "bldgclass": "C6", "numfloors": 6.0, "unitsres": 12, "yearbuilt": 1900, "latitude": 40.7221108, "longitude": -73.9955482, "roof_area_m2": 136.0959971203323, "pv_kw_dc": 23.136319510456492, "annual_kwh": 28642.763553945137, "avg_daily_kwh": 78.473324805329142, "psh_daily_kwh": 85.141655798479889, "canopy_area_m2": 115.68159755228245, "lon": -73.995484866202645, "lat": 40.722105091358983 }, "geometry": { "type": "Point", "coordinates": [ -73.995484866202645, 40.722105091358983 ] } },
{ "type": "Feature", "properties": { "name": null, "bbl": "1004950042", "shape_area": "226.1484375", "construction_year": "1910", "ground_elevation": "38", "mappluto_bbl": "1004950042", "objectid": "813349", "feature_code": "2100", "shape_length": "74.420914752361057", "height_roof": "65.45", "last_status_type": "Constructed", "bin": "1007535", "last_edited_date": "2017-08-22T17:57:15Z", "geom_source": "Photogrammetric", "doitt_id": "696953", "address": "213 MULBERRY STREET", "bldgclass": "C7", "numfloors": 6.0, "unitsres": 15, "yearbuilt": 1910, "latitude": 40.7221081, "longitude": -73.9964104, "roof_area_m2": 129.76563609759339, "pv_kw_dc": 22.060158136590875, "annual_kwh": 27310.475773099504, "avg_daily_kwh": 74.823221296163027, "psh_daily_kwh": 81.181381942654411, "canopy_area_m2": 110.30079068295437, "lon": -73.996412264754227, "lat": 40.722128251905829 }, "geometry": { "type": "Point", "coordinates": [ -73.996412264754227, 40.722128251905829 ] } },
{ "type": "Feature", "properties": { "name": null, "bbl": "1004950040", "shape_area": "191.41015625", "construction_year": "1900", "ground_elevation": "38", "mappluto_bbl": "1004950040", "objectid": "321042", "feature_code": "2100", "shape_length": "70.953070320608617", "height_roof": "64.61", "last_status_type": "Constructed", "bin": "1007533", "last_edited_date": "2017-08-22T18:02:20Z", "geom_source": "Photogrammetric", "doitt_id": "143554", "address": "217 MULBERRY STREET", "bldgclass": "C7", "numfloors": 6.0, "unitsres": 10, "yearbuilt": 1900, "latitude": 40.7222343, "longitude": -73.9963815, "roof_area_m2": 109.82991210430635, "pv_kw_dc": 18.671085057732078, "annual_kwh": 23114.803301472311, "avg_daily_kwh": 63.328228223211809, "psh_daily_kwh": 68.70959301245405, "canopy_area_m2": 93.355425288660385, "lon": -73.996359330757841, "lat": 40.722241833730159 }, "geometry": { "type": "Point", "coordinates": [ -73.996359330757841, 40.722241833730159 ] } },
{ "type": "Feature", "properties": { "name": null, "bbl": "1004950038", "shape_area": "330.5546875", "construction_year": "1920", "ground_elevation": "38", "mappluto_bbl": "1004950038", "objectid": "348243", "feature_code": "2100", "shape_length": "94.972737532514031", "height_roof": "64.13", "last_status_type": "Constructed", "bin": "1007532", "last_edited_date": "2017-08-22T18:18:13Z", "geom_source": "Photogrammetric", "doitt_id": "628860", "address": "219 MULBERRY STREET", "bldgclass": "C7", "numfloors": 6.0, "unitsres": 25, "yearbuilt": 1890, "latitude": 40.7223249, "longitude": -73.9963454, "roof_area_m2": 189.67423797921833, "pv_kw_dc": 32.244620456467118, "annual_kwh": 39918.84012510629, "avg_daily_kwh": 109.3666852742638, "psh_daily_kwh": 118.66020327979898, "canopy_area_m2": 161.22310228233559, "lon": -73.996324434658916, "lat": 40.722327199565633 }, "geometry": { "type": "Point", "coordinates": [ -73.996324434658916, 40.722327199565633 ] } },
{ "type": "Feature", "properties": { "name": null, "bbl": "1004950031", "shape_area": "199.78515625", "construction_year": "1910", "ground_elevation": "39", "mappluto_bbl": "1004950031", "objectid": "711260", "feature_code": "2100", "shape_length": "58.826109037800222", "height_roof": "62.13", "last_status_type": "Constructed", "bin": "1077747", "last_edited_date": "2017-08-22T18:44:30Z", "geom_source": "Photogrammetric", "doitt_id": "712615", "address": "239 MULBERRY STREET", "bldgclass": "C7", "numfloors": 6.0, "unitsres": 16, "yearbuilt": 1910, "latitude": 40.7228217, "longitude": -73.9961975, "roof_area_m2": 183.73457341106436, "pv_kw_dc": 31.234877479880943, "annual_kwh": 38668.778320092606, "avg_daily_kwh": 105.94185841121262, "psh_daily_kwh": 114.94434912596188, "canopy_area_m2": 156.17438739940471, "lon": -73.996113608625663, "lat": 40.72281328782649 }, "geometry": { "type": "Point", "coordinates": [ -73.996113608625663, 40.72281328782649 ] } },
{ "type": "Feature", "properties": { "name": null, "bbl": "1004950031", "shape_area": "199.78515625", "construction_year": "1910", "ground_elevation": "39", "mappluto_bbl": "1004950031", "objectid": "711260", "feature_code": "2100", "shape_length": "58.826109037800222", "height_roof": "62.13", "last_status_type": "Constructed", "bin": "1077747", "last_edited_date": "2017-08-22T18:44:30Z", "geom_source": "Photogrammetric", "doitt_id": "712615", "address": "239 MULBERRY STREET", "bldgclass": "C7", "numfloors": 6.0, "unitsres": 16, "yearbuilt": 1910, "latitude": 40.7228217, "longitude": -73.9961975, "roof_area_m2": 183.73457341106436, "pv_kw_dc": 31.234877479880943, "annual_kwh": 38668.778320092606, "avg_daily_kwh": 105.94185841121262, "psh_daily_kwh": 114.94434912596188, "canopy_area_m2": 156.17438739940471, "lon": -73.996113608625663, "lat": 40.72281328782649 }, "geometry": { "type": "Point", "coordinates": [ -73.996113608625663, 40.72281328782649 ] } },
{ "type": "Feature", "properties": { "name": null, "bbl": "1004950031", "shape_area": "120.43359375", "construction_year": "1910", "ground_elevation": "39", "mappluto_bbl": "1004950031", "objectid": "159531", "feature_code": "2100", "shape_length": "43.915774405769696", "height_roof": "50.43", "last_status_type": "Constructed", "bin": "1077760", "last_edited_date": "2009-02-14T00:00:00Z", "geom_source": "Photogrammetric", "doitt_id": "772544", "address": "239 MULBERRY STREET", "bldgclass": "C7", "numfloors": 6.0, "unitsres": 16, "yearbuilt": 1910, "latitude": 40.7228217, "longitude": -73.9961975, "roof_area_m2": 183.73457341106436, "pv_kw_dc": 31.234877479880943, "annual_kwh": 38668.778320092606, "avg_daily_kwh": 105.94185841121262, "psh_daily_kwh": 114.94434912596188, "canopy_area_m2": 156.17438739940471, "lon": -73.996321547506781, "lat": 40.722857823008511 }, "geometry": { "type": "Point", "coordinates": [ -73.996321547506781, 40.722857823008511 ] } },
{ "type": "Feature", "properties": { "name": null, "bbl": "1004950031", "shape_area": "120.43359375", "construction_year": "1910", "ground_elevation": "39", "mappluto_bbl": "1004950031", "objectid": "159531", "feature_code": "2100", "shape_length": "43.915774405769696", "height_roof": "50.43", "last_status_type": "Constructed", "bin": "1077760", "last_edited_date": "2009-02-14T00:00:00Z", "geom_source": "Photogrammetric", "doitt_id": "772544", "address": "239 MULBERRY STREET", "bldgclass": "C7", "numfloors": 6.0, "unitsres": 16, "yearbuilt": 1910, "latitude": 40.7228217, "longitude": -73.9961975, "roof_area_m2": 183.73457341106436, "pv_kw_dc": 31.234877479880943, "annual_kwh": 38668.778320092606, "avg_daily_kwh": 105.94185841121262, "psh_daily_kwh": 114.94434912596188, "canopy_area_m2": 156.17438739940471, "lon": -73.996321547506781, "lat": 40.722857823008511 }, "geometry": { "type": "Point", "coordinates": [ -73.996321547506781, 40.722857823008511 ] } },
{ "type": "Feature", "properties": { "name": null, "bbl": "1004950030", "shape_area": "315.1484375", "construction_year": "1900", "ground_elevation": "40", "mappluto_bbl": "1004950030", "objectid": "760701", "feature_code": "2100", "shape_length": "83.440734252151387", "height_roof": "60.85", "last_status_type": "Constructed", "bin": "1007528", "last_edited_date": "2017-08-22T18:14:09Z", "geom_source": "Photogrammetric", "doitt_id": "302654", "address": "241 MULBERRY STREET", "bldgclass": "C7", "numfloors": 6.0, "unitsres": 24, "yearbuilt": 1900, "latitude": 40.7228903, "longitude": -73.9961722, "roof_area_m2": 180.82866903033329, "pv_kw_dc": 30.740873735156658, "annual_kwh": 38057.201684123946, "avg_daily_kwh": 104.26630598390122, "psh_daily_kwh": 113.1264153453765, "canopy_area_m2": 153.70436867578329, "lon": -73.996144110376946, "lat": 40.722892509605479 }, "geometry": { "type": "Point", "coordinates": [ -73.996144110376946, 40.722892509605479 ] } },
{ "type": "Feature", "properties": { "name": null, "bbl": "1004940009", "shape_area": "286.765625", "construction_year": "1901", "ground_elevation": "39", "mappluto_bbl": "1004940009", "objectid": "269339", "feature_code": "2100", "shape_length": "76.415403629930353", "height_roof": "69.53", "last_status_type": "Constructed", "bin": "1007491", "last_edited_date": "2017-08-22T19:38:08Z", "geom_source": "Photogrammetric", "doitt_id": "844772", "address": "240 MULBERRY STREET", "bldgclass": "C7", "numfloors": 6.0, "unitsres": 21, "yearbuilt": 1901, "latitude": 40.7227778, "longitude": -73.9956708, "roof_area_m2": 164.54124096540809, "pv_kw_dc": 27.972010964119377, "annual_kwh": 34629.349573579791, "avg_daily_kwh": 94.874930338574771, "psh_daily_kwh": 102.9370003479593, "canopy_area_m2": 139.86005482059687, "lon": -73.995713635511308, "lat": 40.722798141225603 }, "geometry": { "type": "Point", "coordinates": [ -73.995713635511308, 40.722798141225603 ] } },
{ "type": "Feature", "properties": { "name": null, "bbl": "1004940010", "shape_area": "319.66015625", "construction_year": "1905", "ground_elevation": "39", "mappluto_bbl": "1004940010", "objectid": "43646", "feature_code": "2100", "shape_length": "91.044931467922822", "height_roof": "67.12", "last_status_type": "Constructed", "bin": "1007492", "last_edited_date": "2017-08-22T17:32:44Z", "geom_source": "Photogrammetric", "doitt_id": "85562", "address": "242 MULBERRY STREET", "bldgclass": "C4", "numfloors": 6.0, "unitsres": 21, "yearbuilt": 1905, "latitude": 40.7228491, "longitude": -73.9956455, "roof_area_m2": 183.42168780091833, "pv_kw_dc": 31.181686926156118, "annual_kwh": 38602.928414581271, "avg_daily_kwh": 105.76144771118156, "psh_daily_kwh": 114.74860788825453, "canopy_area_m2": 155.90843463078059, "lon": -73.995661292130563, "lat": 40.722860726225008 }, "geometry": { "type": "Point", "coordinates": [ -73.995661292130563, 40.722860726225008 ] } },
{ "type": "Feature", "properties": { "name": null, "bbl": "1004730130", "shape_area": "217.5546875", "construction_year": "1900", "ground_elevation": "24", "mappluto_bbl": "1004730130", "objectid": "59391", "feature_code": "2100", "shape_length": "62.295669440114949", "height_roof": "66", "last_status_type": "Constructed", "bin": "1076936", "last_edited_date": "2017-08-22T19:36:43Z", "geom_source": "Other (Manual)", "doitt_id": "200810", "address": "37B CROSBY STREET", "bldgclass": "C6", "numfloors": 6.0, "unitsres": 6, "yearbuilt": 1900, "latitude": 40.7208291, "longitude": -73.9990801, "roof_area_m2": 124.83894182301481, "pv_kw_dc": 21.222620109912519, "annual_kwh": 26273.603696071699, "avg_daily_kwh": 71.98247587964849, "psh_daily_kwh": 78.099242004478072, "canopy_area_m2": 106.11310054956259, "lon": -73.999061474882723, "lat": 40.720827992674693 }, "geometry": { "type": "Point", "coordinates": [ -73.999061474882723, 40.720827992674693 ] } },
{ "type": "Feature", "properties": { "name": null, "bbl": "1004820025", "shape_area": "414.09375", "construction_year": "1900", "ground_elevation": "34", "mappluto_bbl": "1004820025", "objectid": "671278", "feature_code": "2100", "shape_length": "93.890715725759833", "height_roof": "62.16", "last_status_type": "Constructed", "bin": "1007218", "last_edited_date": "2017-08-22T19:28:33Z", "geom_source": "Photogrammetric", "doitt_id": "650429", "address": "222 LAFAYETTE STREET", "bldgclass": "C7", "numfloors": 6.0, "unitsres": 10, "yearbuilt": 1900, "latitude": 40.7221109, "longitude": -73.9976875, "roof_area_m2": 237.6073548365375, "pv_kw_dc": 40.393250322211372, "annual_kwh": 50006.843898897678, "avg_daily_kwh": 137.00505177780187, "psh_daily_kwh": 148.64716118573784, "canopy_area_m2": 201.96625161105686, "lon": -73.997669176893183, "lat": 40.722109627412841 }, "geometry": { "type": "Point", "coordinates": [ -73.997669176893183, 40.722109627412841 ] } },
{ "type": "Feature", "properties": { "name": null, "bbl": "1004820024", "shape_area": "190.88671875", "construction_year": "1900", "ground_elevation": "34", "mappluto_bbl": "1004820024", "objectid": "458131", "feature_code": "2100", "shape_length": "58.117795673629722", "height_roof": "61.08", "last_status_type": "Constructed", "bin": "1007217", "last_edited_date": "2017-08-22T17:59:47Z", "geom_source": "Photogrammetric", "doitt_id": "671783", "address": "224 LAFAYETTE STREET", "bldgclass": "C7", "numfloors": 6.0, "unitsres": 9, "yearbuilt": 1900, "latitude": 40.7221328, "longitude": -73.9975612, "roof_area_m2": 109.52693786565295, "pv_kw_dc": 18.619579437161004, "annual_kwh": 23051.039343205324, "avg_daily_kwh": 63.153532447137877, "psh_daily_kwh": 68.520052328752499, "canopy_area_m2": 93.09789718580501, "lon": -73.997555232888487, "lat": 40.722141945719066 }, "geometry": { "type": "Point", "coordinates": [ -73.997555232888487, 40.722141945719066 ] } },
{ "type": "Feature", "properties": { "name": null, "bbl": "1004940014", "shape_area": "273.51171875", "construction_year": "1900", "ground_elevation": "41", "mappluto_bbl": "1004940014", "objectid": "470539", "feature_code": "2100", "shape_length": "73.872876902235831", "height_roof": "68.39", "last_status_type": "Constructed", "bin": "1007494", "last_edited_date": "2017-08-22T18:52:00Z", "geom_source": "Photogrammetric", "doitt_id": "759344", "address": "46 PRINCE STREET", "bldgclass": "C7", "numfloors": 6.0, "unitsres": 15, "yearbuilt": 1900, "latitude": 40.7231593, "longitude": -73.9956671, "roof_area_m2": 156.93629042173927, "pv_kw_dc": 26.679169371695675, "annual_kwh": 33028.811682159248, "avg_daily_kwh": 90.48989501961438, "psh_daily_kwh": 98.179343287840084, "canopy_area_m2": 133.39584685847836, "lon": -73.99565388231197, "lat": 40.723167558403915 }, "geometry": { "type": "Point", "coordinates": [ -73.99565388231197, 40.723167558403915 ] } },
{ "type": "Feature", "properties": { "name": null, "bbl": "1004950011", "shape_area": "1986.52734375", "construction_year": "1926", "ground_elevation": "38", "mappluto_bbl": "1004950011", "objectid": "284294", "feature_code": "2100", "shape_length": "186.35048016015938", "height_roof": "66.47", "last_status_type": "Constructed", "bin": "1007524", "last_edited_date": "2017-08-22T17:48:41Z", "geom_source": "Photogrammetric", "doitt_id": "91083", "address": "255 LAFAYETTE STREET", "bldgclass": "C7", "numfloors": 6.0, "unitsres": 93, "yearbuilt": 1926, "latitude": 40.7233267, "longitude": -73.9963851, "roof_area_m2": 1139.8324303662644, "pv_kw_dc": 193.77151316226494, "annual_kwh": 239889.133294884, "avg_daily_kwh": 657.23050217776438, "psh_daily_kwh": 713.07916843713497, "canopy_area_m2": 968.85756581132466, "lon": -73.996397245480011, "lat": 40.723340005401781 }, "geometry": { "type": "Point", "coordinates": [ -73.996397245480011, 40.723340005401781 ] } },
{ "type": "Feature", "properties": { "name": null, "bbl": "1005100026", "shape_area": "404.83984375", "construction_year": "1915", "ground_elevation": "39", "mappluto_bbl": "1005100026", "objectid": "239771", "feature_code": "2100", "shape_length": "111.09258710121216", "height_roof": "68.15", "last_status_type": "Constructed", "bin": "1007934", "last_edited_date": "2017-08-22T18:03:51Z", "geom_source": "Photogrammetric", "doitt_id": "546143", "address": "49 PRINCE STREET", "bldgclass": "C7", "numfloors": 6.0, "unitsres": 27, "yearbuilt": 1915, "latitude": 40.7236177, "longitude": -73.9958619, "roof_area_m2": 232.29129113712474, "pv_kw_dc": 39.489519493311207, "annual_kwh": 48888.025132719275, "avg_daily_kwh": 133.93979488416241, "psh_daily_kwh": 145.32143173538523, "canopy_area_m2": 197.44759746655603, "lon": -73.995872373821143, "lat": 40.723616124855646 }, "geometry": { "type": "Point", "coordinates": [ -73.995872373821143, 40.723616124855646 ] } },
{ "type": "Feature", "properties": { "name": null, "bbl": "1005090014", "shape_area": "368.20703125", "construction_year": "1920", "ground_elevation": "41", "mappluto_bbl": "1005090014", "objectid": "339766", "feature_code": "2100", "shape_length": "93.330159821561281", "height_roof": "66.03", "last_status_type": "Constructed", "bin": "1007916", "last_edited_date": "2017-08-22T18:18:41Z", "geom_source": "Photogrammetric", "doitt_id": "213977", "address": "280 MULBERRY STREET", "bldgclass": "C7", "numfloors": 6.0, "unitsres": 33, "yearbuilt": 1920, "latitude": 40.7243258, "longitude": -73.9949563, "roof_area_m2": 211.26428591512834, "pv_kw_dc": 35.914928605571816, "annual_kwh": 44462.681613697911, "avg_daily_kwh": 121.81556606492578, "psh_daily_kwh": 132.16693726850428, "canopy_area_m2": 179.57464302785908, "lon": -73.99498637429997, "lat": 40.724344981825311 }, "geometry": { "type": "Point", "coordinates": [ -73.99498637429997, 40.724344981825311 ] } },
{ "type": "Feature", "properties": { "name": null, "bbl": "1003790037", "shape_area": "368.29296875", "construction_year": "1930", "ground_elevation": "9", "mappluto_bbl": "1003790037", "objectid": "795551", "feature_code": "2100", "shape_length": "111.95446909746578", "height_roof": "66.62", "last_status_type": "Constructed", "bin": "1004556", "last_edited_date": "2017-08-22T18:31:11Z", "geom_source": "Photogrammetric", "doitt_id": "367077", "address": "133 AVENUE D", "bldgclass": "C7", "numfloors": 6.0, "unitsres": 20, "yearbuilt": 1930, "latitude": 40.7245786, "longitude": -73.975716, "roof_area_m2": 211.31008646263732, "pv_kw_dc": 35.922714698648342, "annual_kwh": 44472.320796926644, "avg_daily_kwh": 121.84197478610039, "psh_daily_kwh": 132.19559009102588, "canopy_area_m2": 179.61357349324172, "lon": -73.975688669209688, "lat": 40.72457574153529 }, "geometry": { "type": "Point", "coordinates": [ -73.975688669209688, 40.72457574153529 ] } },
{ "type": "Feature", "properties": { "name": null, "bbl": "1003900042", "shape_area": "446.21875", "construction_year": "1910", "ground_elevation": "6", "mappluto_bbl": "1003900042", "objectid": "515201", "feature_code": "2100", "shape_length": "116.73654666007221", "height_roof": "66.86", "last_status_type": "Constructed", "bin": "1004722", "last_edited_date": "2017-08-22T17:32:53Z", "geom_source": "Photogrammetric", "doitt_id": "378035", "address": "219 EAST 7 STREET", "bldgclass": "C6", "numfloors": 6.0, "unitsres": 24, "yearbuilt": 1910, "latitude": 40.7245244, "longitude": -73.9793419, "roof_area_m2": 256.02662790935818, "pv_kw_dc": 43.524526744590894, "annual_kwh": 53883.36410980353, "avg_daily_kwh": 147.62565509535213, "psh_daily_kwh": 160.17025842009448, "canopy_area_m2": 217.62263372295445, "lon": -73.979350607153236, "lat": 40.724513333814485 }, "geometry": { "type": "Point", "coordinates": [ -73.979350607153236, 40.724513333814485 ] } },
{ "type": "Feature", "properties": { "name": null, "bbl": "1003780004", "shape_area": "320.25", "construction_year": "1900", "ground_elevation": "8", "mappluto_bbl": "1003780004", "objectid": "992911", "feature_code": "2100", "shape_length": "105.30829412269556", "height_roof": "66.82", "last_status_type": "Constructed", "bin": "1004527", "last_edited_date": "2017-08-22T17:52:04Z", "geom_source": "Photogrammetric", "doitt_id": "753216", "address": "134 AVENUE C", "bldgclass": "C7", "numfloors": 6.0, "unitsres": 22, "yearbuilt": 1900, "latitude": 40.7249194, "longitude": -73.9779275, "roof_area_m2": 375.49009944184877, "pv_kw_dc": 63.833316905114295, "annual_kwh": 79025.646328531497, "avg_daily_kwh": 216.50862007816849, "psh_daily_kwh": 234.90660621082057, "canopy_area_m2": 319.16658452557147, "lon": -73.977967605281918, "lat": 40.724886442500441 }, "geometry": { "type": "Point", "coordinates": [ -73.977967605281918, 40.724886442500441 ] } },
{ "type": "Feature", "properties": { "name": null, "bbl": "1003780004", "shape_area": "320.25", "construction_year": "1900", "ground_elevation": "8", "mappluto_bbl": "1003780004", "objectid": "992911", "feature_code": "2100", "shape_length": "105.30829412269556", "height_roof": "66.82", "last_status_type": "Constructed", "bin": "1004527", "last_edited_date": "2017-08-22T17:52:04Z", "geom_source": "Photogrammetric", "doitt_id": "753216", "address": "134 AVENUE C", "bldgclass": "C7", "numfloors": 6.0, "unitsres": 22, "yearbuilt": 1900, "latitude": 40.7249194, "longitude": -73.9779275, "roof_area_m2": 375.49009944184877, "pv_kw_dc": 63.833316905114295, "annual_kwh": 79025.646328531497, "avg_daily_kwh": 216.50862007816849, "psh_daily_kwh": 234.90660621082057, "canopy_area_m2": 319.16658452557147, "lon": -73.977967605281918, "lat": 40.724886442500441 }, "geometry": { "type": "Point", "coordinates": [ -73.977967605281918, 40.724886442500441 ] } },
{ "type": "Feature", "properties": { "name": null, "bbl": "1003890019", "shape_area": "253.17578125", "construction_year": "1910", "ground_elevation": "10", "mappluto_bbl": "1003890019", "objectid": "932252", "feature_code": "2100", "shape_length": "85.327227372400969", "height_roof": "61.73", "last_status_type": "Constructed", "bin": "1004677", "last_edited_date": "2017-08-22T19:03:29Z", "geom_source": "Photogrammetric", "doitt_id": "749243", "address": "202 EAST 7 STREET", "bldgclass": "C7", "numfloors": 6.0, "unitsres": 18, "yearbuilt": 1910, "latitude": 40.7244477, "longitude": -73.9802871, "roof_area_m2": 145.26262217233329, "pv_kw_dc": 24.69464576929666, "annual_kwh": 30571.971462389265, "avg_daily_kwh": 83.758825924354156, "psh_daily_kwh": 90.87629643101171, "canopy_area_m2": 123.47322884648329, "lon": -73.980261335246226, "lat": 40.724469418583112 }, "geometry": { "type": "Point", "coordinates": [ -73.980261335246226, 40.724469418583112 ] } },
{ "type": "Feature", "properties": { "name": null, "bbl": "1003890018", "shape_area": "262.8671875", "construction_year": "1910", "ground_elevation": "10", "mappluto_bbl": "1003890018", "objectid": "317741", "feature_code": "2100", "shape_length": "91.600357925352938", "height_roof": "62.91", "last_status_type": "Constructed", "bin": "1004676", "last_edited_date": "2017-08-22T19:17:31Z", "geom_source": "Photogrammetric", "doitt_id": "227657", "address": "200 EAST 7 STREET", "bldgclass": "C1", "numfloors": 6.0, "unitsres": 18, "yearbuilt": 1910, "latitude": 40.7244807, "longitude": -73.9803665, "roof_area_m2": 150.82148584996699, "pv_kw_dc": 25.639652594494393, "annual_kwh": 31741.889911984057, "avg_daily_kwh": 86.964081950641258, "psh_daily_kwh": 94.353921547739361, "canopy_area_m2": 128.19826297247195, "lon": -73.980352043719648, "lat": 40.724507071336475 }, "geometry": { "type": "Point", "coordinates": [ -73.980352043719648, 40.724507071336475 ] } },
{ "type": "Feature", "properties": { "name": null, "bbl": "1003890017", "shape_area": "269.8984375", "construction_year": "1930", "ground_elevation": "9", "mappluto_bbl": "1003890017", "objectid": "240027", "feature_code": "2100", "shape_length": "89.401598231055289", "height_roof": "72.43", "last_status_type": "Constructed", "bin": "1004675", "last_edited_date": "2017-08-22T18:57:39Z", "geom_source": "Photogrammetric", "doitt_id": "359935", "address": "198 EAST 7 STREET", "bldgclass": "C6", "numfloors": 6.0, "unitsres": 14, "yearbuilt": 1930, "latitude": 40.7245136, "longitude": -73.9804458, "roof_area_m2": 154.85199313631674, "pv_kw_dc": 26.324838833173846, "annual_kwh": 32590.150475469221, "avg_daily_kwh": 89.288083494436222, "psh_daily_kwh": 96.875406906079746, "canopy_area_m2": 131.62419416586923, "lon": -73.980431857589181, "lat": 40.724536616751926 }, "geometry": { "type": "Point", "coordinates": [ -73.980431857589181, 40.724536616751926 ] } },
{ "type": "Feature", "properties": { "name": null, "bbl": "1003900050", "shape_area": "481.6640625", "construction_year": "1900", "ground_elevation": "8", "mappluto_bbl": "1003900050", "objectid": "748401", "feature_code": "2100", "shape_length": "102.99985188869411", "height_roof": "71.02", "last_status_type": "Constructed", "bin": "1004723", "last_edited_date": "2017-08-22T19:32:51Z", "geom_source": "Photogrammetric", "doitt_id": "743480", "address": "209 EAST 7 STREET", "bldgclass": "C6", "numfloors": 6.0, "unitsres": 29, "yearbuilt": 1900, "latitude": 40.7247194, "longitude": -73.9798108, "roof_area_m2": 276.3544315211588, "pv_kw_dc": 46.980253358596997, "annual_kwh": 58161.553657943085, "avg_daily_kwh": 159.34672235052901, "psh_daily_kwh": 172.88733235963696, "canopy_area_m2": 234.90126679298498, "lon": -73.979815276315989, "lat": 40.724712319726059 }, "geometry": { "type": "Point", "coordinates": [ -73.979815276315989, 40.724712319726059 ] } },
{ "type": "Feature", "properties": { "name": null, "bbl": "1003780009", "shape_area": "432.3125", "construction_year": "1920", "ground_elevation": "8", "mappluto_bbl": "1003780009", "objectid": "919796", "feature_code": "2100", "shape_length": "102.35355284416737", "height_roof": "66.82", "last_status_type": "Constructed", "bin": "1004529", "last_edited_date": "2017-08-22T17:39:51Z", "geom_source": "Photogrammetric", "doitt_id": "778110", "address": "140 AVENUE C", "bldgclass": "C7", "numfloors": 6.0, "unitsres": 25, "yearbuilt": 1920, "latitude": 40.7250676, "longitude": -73.9778156, "roof_area_m2": 248.03877975468572, "pv_kw_dc": 42.166592558296571, "annual_kwh": 52202.241587171156, "avg_daily_kwh": 143.01983996485248, "psh_daily_kwh": 155.17306061453138, "canopy_area_m2": 210.83296279148286, "lon": -73.977819542481399, "lat": 40.725075199600596 }, "geometry": { "type": "Point", "coordinates": [ -73.977819542481399, 40.725075199600596 ] } },
{ "type": "Feature", "properties": { "name": null, "bbl": "1003790057", "shape_area": "420.19921875", "construction_year": "1900", "ground_elevation": "8", "mappluto_bbl": "1003790057", "objectid": "162360", "feature_code": "2100", "shape_length": "97.311089725336473", "height_roof": "74.48", "last_status_type": "Constructed", "bin": "1004562", "last_edited_date": "2017-08-22T18:21:50Z", "geom_source": "Photogrammetric", "doitt_id": "721917", "address": "713 EAST 9 STREET", "bldgclass": "C4", "numfloors": 6.0, "unitsres": 24, "yearbuilt": 1900, "latitude": 40.7251635, "longitude": -73.9771373, "roof_area_m2": 241.08858585025854, "pv_kw_dc": 40.985059594543955, "annual_kwh": 50739.503778045415, "avg_daily_kwh": 139.01233911793264, "psh_daily_kwh": 150.82501930792176, "canopy_area_m2": 204.92529797271976, "lon": -73.977147655782844, "lat": 40.725152765643422 }, "geometry": { "type": "Point", "coordinates": [ -73.977147655782844, 40.725152765643422 ] } },
{ "type": "Feature", "properties": { "name": null, "bbl": "1003780004", "shape_area": "334.21484375", "construction_year": "1900", "ground_elevation": "8", "mappluto_bbl": "1003780004", "objectid": "322842", "feature_code": "2100", "shape_length": "106.79475856625673", "height_roof": "66.82", "last_status_type": "Constructed", "bin": "1084875", "last_edited_date": "2017-08-22T19:36:58Z", "geom_source": "Photogrammetric", "doitt_id": "587202", "address": "134 AVENUE C", "bldgclass": "C7", "numfloors": 6.0, "unitsres": 22, "yearbuilt": 1900, "latitude": 40.7249194, "longitude": -73.9779275, "roof_area_m2": 375.49009944184877, "pv_kw_dc": 63.833316905114295, "annual_kwh": 79025.646328531497, "avg_daily_kwh": 216.50862007816849, "psh_daily_kwh": 234.90660621082057, "canopy_area_m2": 319.16658452557147, "lon": -73.977899017166607, "lat": 40.72497847687108 }, "geometry": { "type": "Point", "coordinates": [ -73.977899017166607, 40.72497847687108 ] } },
{ "type": "Feature", "properties": { "name": null, "bbl": "1003780004", "shape_area": "334.21484375", "construction_year": "1900", "ground_elevation": "8", "mappluto_bbl": "1003780004", "objectid": "322842", "feature_code": "2100", "shape_length": "106.79475856625673", "height_roof": "66.82", "last_status_type": "Constructed", "bin": "1084875", "last_edited_date": "2017-08-22T19:36:58Z", "geom_source": "Photogrammetric", "doitt_id": "587202", "address": "134 AVENUE C", "bldgclass": "C7", "numfloors": 6.0, "unitsres": 22, "yearbuilt": 1900, "latitude": 40.7249194, "longitude": -73.9779275, "roof_area_m2": 375.49009944184877, "pv_kw_dc": 63.833316905114295, "annual_kwh": 79025.646328531497, "avg_daily_kwh": 216.50862007816849, "psh_daily_kwh": 234.90660621082057, "canopy_area_m2": 319.16658452557147, "lon": -73.977899017166607, "lat": 40.72497847687108 }, "geometry": { "type": "Point", "coordinates": [ -73.977899017166607, 40.72497847687108 ] } },
{ "type": "Feature", "properties": { "name": null, "bbl": "1003900009", "shape_area": "268.40625", "construction_year": "1900", "ground_elevation": "10", "mappluto_bbl": "1003900009", "objectid": "737112", "feature_code": "2100", "shape_length": "91.292340558020328", "height_roof": "64.44", "last_status_type": "Constructed", "bin": "1004705", "last_edited_date": "2017-08-22T18:50:53Z", "geom_source": "Photogrammetric", "doitt_id": "805483", "address": "304 EAST 8 STREET", "bldgclass": "C6", "numfloors": 6.0, "unitsres": 16, "yearbuilt": 1900, "latitude": 40.7252355, "longitude": -73.9802905, "roof_area_m2": 300.10164148654775, "pv_kw_dc": 51.017279052713121, "annual_kwh": 63159.391467258843, "avg_daily_kwh": 173.03942867742148, "psh_daily_kwh": 187.74358691398427, "canopy_area_m2": 255.08639526356558, "lon": -73.980243654289239, "lat": 40.725251697649149 }, "geometry": { "type": "Point", "coordinates": [ -73.980243654289239, 40.725251697649149 ] } },
{ "type": "Feature", "properties": { "name": null, "bbl": "1003900009", "shape_area": "268.40625", "construction_year": "1900", "ground_elevation": "10", "mappluto_bbl": "1003900009", "objectid": "737112", "feature_code": "2100", "shape_length": "91.292340558020328", "height_roof": "64.44", "last_status_type": "Constructed", "bin": "1004705", "last_edited_date": "2017-08-22T18:50:53Z", "geom_source": "Photogrammetric", "doitt_id": "805483", "address": "304 EAST 8 STREET", "bldgclass": "C6", "numfloors": 6.0, "unitsres": 16, "yearbuilt": 1900, "latitude": 40.7252355, "longitude": -73.9802905, "roof_area_m2": 300.10164148654775, "pv_kw_dc": 51.017279052713121, "annual_kwh": 63159.391467258843, "avg_daily_kwh": 173.03942867742148, "psh_daily_kwh": 187.74358691398427, "canopy_area_m2": 255.08639526356558, "lon": -73.980243654289239, "lat": 40.725251697649149 }, "geometry": { "type": "Point", "coordinates": [ -73.980243654289239, 40.725251697649149 ] } },
{ "type": "Feature", "properties": { "name": null, "bbl": "1003900009", "shape_area": "254.63671875", "construction_year": "1900", "ground_elevation": "11", "mappluto_bbl": "1003900009", "objectid": "884213", "feature_code": "2100", "shape_length": "89.504872650053528", "height_roof": "63.42", "last_status_type": "Constructed", "bin": "1004704", "last_edited_date": "2017-08-22T19:27:05Z", "geom_source": "Photogrammetric", "doitt_id": "587474", "address": "304 EAST 8 STREET", "bldgclass": "C6", "numfloors": 6.0, "unitsres": 16, "yearbuilt": 1900, "latitude": 40.7252355, "longitude": -73.9802905, "roof_area_m2": 300.10164148654775, "pv_kw_dc": 51.017279052713121, "annual_kwh": 63159.391467258843, "avg_daily_kwh": 173.03942867742148, "psh_daily_kwh": 187.74358691398427, "canopy_area_m2": 255.08639526356558, "lon": -73.980305392702235, "lat": 40.725278360206936 }, "geometry": { "type": "Point", "coordinates": [ -73.980305392702235, 40.725278360206936 ] } },
{ "type": "Feature", "properties": { "name": null, "bbl": "1003900009", "shape_area": "254.63671875", "construction_year": "1900", "ground_elevation": "11", "mappluto_bbl": "1003900009", "objectid": "884213", "feature_code": "2100", "shape_length": "89.504872650053528", "height_roof": "63.42", "last_status_type": "Constructed", "bin": "1004704", "last_edited_date": "2017-08-22T19:27:05Z", "geom_source": "Photogrammetric", "doitt_id": "587474", "address": "304 EAST 8 STREET", "bldgclass": "C6", "numfloors": 6.0, "unitsres": 16, "yearbuilt": 1900, "latitude": 40.7252355, "longitude": -73.9802905, "roof_area_m2": 300.10164148654775, "pv_kw_dc": 51.017279052713121, "annual_kwh": 63159.391467258843, "avg_daily_kwh": 173.03942867742148, "psh_daily_kwh": 187.74358691398427, "canopy_area_m2": 255.08639526356558, "lon": -73.980305392702235, "lat": 40.725278360206936 }, "geometry": { "type": "Point", "coordinates": [ -73.980305392702235, 40.725278360206936 ] } },
{ "type": "Feature", "properties": { "name": null, "bbl": "1003790017", "shape_area": "450.41015625", "construction_year": "1900", "ground_elevation": "8", "mappluto_bbl": "1003790017", "objectid": "997238", "feature_code": "2100", "shape_length": "117.03495066217224", "height_roof": "64.01", "last_status_type": "Constructed", "bin": "1004546", "last_edited_date": "2017-08-22T18:40:59Z", "geom_source": "Photogrammetric", "doitt_id": "192549", "address": "416 EAST 10 STREET", "bldgclass": "C6", "numfloors": 6.0, "unitsres": 30, "yearbuilt": 1900, "latitude": 40.7252952, "longitude": -73.9767548, "roof_area_m2": 258.42495045787945, "pv_kw_dc": 43.932241577839505, "annual_kwh": 54388.115073365305, "avg_daily_kwh": 149.00853444757618, "psh_daily_kwh": 161.67064900644937, "canopy_area_m2": 219.66120788919753, "lon": -73.976738912744409, "lat": 40.725320147551919 }, "geometry": { "type": "Point", "coordinates": [ -73.976738912744409, 40.725320147551919 ] } },
{ "type": "Feature", "properties": { "name": null, "bbl": "1003790015", "shape_area": "388.18359375", "construction_year": "1930", "ground_elevation": "8", "mappluto_bbl": "1003790015", "objectid": "949456", "feature_code": "2100", "shape_length": "99.53753946533152", "height_roof": "62.08", "last_status_type": "Constructed", "bin": "1004545", "last_edited_date": "2017-08-22T19:25:42Z", "geom_source": "Photogrammetric", "doitt_id": "300133", "address": "412 EAST 10 STREET", "bldgclass": "C6", "numfloors": 6.0, "unitsres": 26, "yearbuilt": 1930, "latitude": 40.7253529, "longitude": -73.9768883, "roof_area_m2": 222.71288228427892, "pv_kw_dc": 37.861189988327418, "annual_kwh": 46872.153205549344, "avg_daily_kwh": 128.41685809739548, "psh_daily_kwh": 139.32917915704488, "canopy_area_m2": 189.30594994163707, "lon": -73.976865221574883, "lat": 40.72538755579837 }, "geometry": { "type": "Point", "coordinates": [ -73.976865221574883, 40.72538755579837 ] } },
{ "type": "Feature", "properties": { "name": null, "bbl": "1003790012", "shape_area": "376.16796875", "construction_year": "1930", "ground_elevation": "8", "mappluto_bbl": "1003790012", "objectid": "222202", "feature_code": "2100", "shape_length": "108.39182806293977", "height_roof": "64.75", "last_status_type": "Constructed", "bin": "1004543", "last_edited_date": "2017-08-22T17:49:48Z", "geom_source": "Photogrammetric", "doitt_id": "244174", "address": "406 EAST 10 STREET", "bldgclass": "C6", "numfloors": 6.0, "unitsres": 22, "yearbuilt": 1930, "latitude": 40.7254325, "longitude": -73.9770759, "roof_area_m2": 215.82341950228096, "pv_kw_dc": 36.689981315387762, "annual_kwh": 45422.196868450046, "avg_daily_kwh": 124.44437498205492, "psh_daily_kwh": 135.01913124062696, "canopy_area_m2": 183.44990657693882, "lon": -73.97705890129896, "lat": 40.725459848119918 }, "geometry": { "type": "Point", "coordinates": [ -73.97705890129896, 40.725459848119918 ] } },
{ "type": "Feature", "properties": { "name": null, "bbl": "1003910048", "shape_area": "310.03515625", "construction_year": "1910", "ground_elevation": "10", "mappluto_bbl": "1003910048", "objectid": "654954", "feature_code": "2100", "shape_length": "95.14637459535183", "height_roof": "69.36", "last_status_type": "Constructed", "bin": "1004753", "last_edited_date": "2017-08-22T19:29:01Z", "geom_source": "Photogrammetric", "doitt_id": "64569", "address": "323 EAST 8 STREET", "bldgclass": "C6", "numfloors": 6.0, "unitsres": 25, "yearbuilt": 1910, "latitude": 40.7253314, "longitude": -73.9793741, "roof_area_m2": 177.89002668236034, "pv_kw_dc": 30.241304536001259, "annual_kwh": 37438.73501556956, "avg_daily_kwh": 102.5718767549851, "psh_daily_kwh": 111.28800069248462, "canopy_area_m2": 151.20652268000629, "lon": -73.979378556685944, "lat": 40.72532881884964 }, "geometry": { "type": "Point", "coordinates": [ -73.979378556685944, 40.72532881884964 ] } },
{ "type": "Feature", "properties": { "name": null, "bbl": "1003920037", "shape_area": "519.48046875", "construction_year": "1900", "ground_elevation": "8", "mappluto_bbl": "1003920037", "objectid": "422059", "feature_code": "2100", "shape_length": "110.19563933106713", "height_roof": "65.62", "last_status_type": "Constructed", "bin": "1004778", "last_edited_date": "2017-08-22T18:00:36Z", "geom_source": "Photogrammetric", "doitt_id": "765722", "address": "145 AVENUE C", "bldgclass": "C7", "numfloors": 6.0, "unitsres": 25, "yearbuilt": 1900, "latitude": 40.7255123, "longitude": -73.9781437, "roof_area_m2": 298.04829131685074, "pv_kw_dc": 50.668209523864626, "annual_kwh": 62727.243390544405, "avg_daily_kwh": 171.85546134395727, "psh_daily_kwh": 186.45901104782183, "canopy_area_m2": 253.34104761932312, "lon": -73.978128482329922, "lat": 40.725514867374585 }, "geometry": { "type": "Point", "coordinates": [ -73.978128482329922, 40.725514867374585 ] } },
{ "type": "Feature", "properties": { "name": null, "bbl": "1003920036", "shape_area": "204.74609375", "construction_year": "1900", "ground_elevation": "8", "mappluto_bbl": "1003920036", "objectid": "767229", "feature_code": "2100", "shape_length": "85.172226979726133", "height_roof": "62.3", "last_status_type": "Constructed", "bin": "1004777", "last_edited_date": "2017-08-22T18:13:43Z", "geom_source": "Photogrammetric", "doitt_id": "484201", "address": "149 AVENUE C", "bldgclass": "C6", "numfloors": 6.0, "unitsres": 9, "yearbuilt": 1900, "latitude": 40.7256001, "longitude": -73.9780788, "roof_area_m2": 117.47134762675566, "pv_kw_dc": 19.970129096548462, "annual_kwh": 24723.019821526996, "avg_daily_kwh": 67.734300880895873, "psh_daily_kwh": 73.490075075298336, "canopy_area_m2": 99.850645482742308, "lon": -73.978057747607579, "lat": 40.725607006620891 }, "geometry": { "type": "Point", "coordinates": [ -73.978057747607579, 40.725607006620891 ] } },
{ "type": "Feature", "properties": { "name": null, "bbl": "1004010047", "shape_area": "270.98046875", "construction_year": "1900", "ground_elevation": "15", "mappluto_bbl": "1004010047", "objectid": "996978", "feature_code": "2100", "shape_length": "92.535393170600486", "height_roof": "71.11", "last_status_type": "Constructed", "bin": "1005067", "last_edited_date": "2017-08-22T19:24:26Z", "geom_source": "Photogrammetric", "doitt_id": "125275", "address": "533 EAST 5 STREET", "bldgclass": "C4", "numfloors": 6.0, "unitsres": 24, "yearbuilt": 1900, "latitude": 40.7244097, "longitude": -73.9827621, "roof_area_m2": 155.48111791094459, "pv_kw_dc": 26.431790044860577, "annual_kwh": 32722.556075537395, "avg_daily_kwh": 89.650838563116153, "psh_daily_kwh": 97.268987365086915, "canopy_area_m2": 132.15895022430288, "lon": -73.982771265523468, "lat": 40.72440317420169 }, "geometry": { "type": "Point", "coordinates": [ -73.982771265523468, 40.72440317420169 ] } },
{ "type": "Feature", "properties": { "name": null, "bbl": "1004010030", "shape_area": "290.53125", "construction_year": "1920", "ground_elevation": "14", "mappluto_bbl": "1004010030", "objectid": "269000", "feature_code": "2100", "shape_length": "92.0567456560289", "height_roof": "70.24", "last_status_type": "Constructed", "bin": "1005061", "last_edited_date": "2017-08-22T18:56:24Z", "geom_source": "Photogrammetric", "doitt_id": "33651", "address": "540 EAST 6 STREET", "bldgclass": "C4", "numfloors": 6.0, "unitsres": 13, "yearbuilt": 1920, "latitude": 40.7244892, "longitude": -73.9822245, "roof_area_m2": 166.69852687580584, "pv_kw_dc": 28.338749568886996, "annual_kwh": 35083.371966282102, "avg_daily_kwh": 96.118827304882473, "psh_daily_kwh": 104.28659841350414, "canopy_area_m2": 141.69374784443497, "lon": -73.982210537732641, "lat": 40.72451150301891 }, "geometry": { "type": "Point", "coordinates": [ -73.982210537732641, 40.72451150301891 ] } },
{ "type": "Feature", "properties": { "name": null, "bbl": "1004010056", "shape_area": "206.29296875", "construction_year": "1920", "ground_elevation": "19", "mappluto_bbl": "1004010056", "objectid": "606050", "feature_code": "2100", "shape_length": "61.943500222701957", "height_roof": "72.45", "last_status_type": "Constructed", "bin": "1005076", "last_edited_date": "2017-08-22T17:30:14Z", "geom_source": "Photogrammetric", "doitt_id": "13102", "address": "515 EAST 5 STREET", "bldgclass": "C4", "numfloors": 6.0, "unitsres": 24, "yearbuilt": 1920, "latitude": 40.724709, "longitude": -73.9834727, "roof_area_m2": 118.36191166644645, "pv_kw_dc": 20.121524983295899, "annual_kwh": 24910.447929320322, "avg_daily_kwh": 68.247802546083079, "psh_daily_kwh": 74.047211938528903, "canopy_area_m2": 100.60762491647948, "lon": -73.983504881351948, "lat": 40.724669675762691 }, "geometry": { "type": "Point", "coordinates": [ -73.983504881351948, 40.724669675762691 ] } },
{ "type": "Feature", "properties": { "name": null, "bbl": "1003890007", "shape_area": "308.015625", "construction_year": "1900", "ground_elevation": "12", "mappluto_bbl": "1003890007", "objectid": "847194", "feature_code": "2100", "shape_length": "95.8257102972234", "height_roof": "84.38", "last_status_type": "Constructed", "bin": "1004673", "last_edited_date": "2017-08-22T19:05:04Z", "geom_source": "Photogrammetric", "doitt_id": "189514", "address": "105 AVENUE B", "bldgclass": "C7", "numfloors": 6.0, "unitsres": 12, "yearbuilt": 1900, "latitude": 40.7247855, "longitude": -73.9811096, "roof_area_m2": 176.73014976388734, "pv_kw_dc": 30.044125459860847, "annual_kwh": 37194.627319307729, "avg_daily_kwh": 101.90308854604856, "psh_daily_kwh": 110.56238169228791, "canopy_area_m2": 150.22062729930423, "lon": -73.981129025943929, "lat": 40.724803710132612 }, "geometry": { "type": "Point", "coordinates": [ -73.981129025943929, 40.724803710132612 ] } },
{ "type": "Feature", "properties": { "name": null, "bbl": "1004020039", "shape_area": "194.3359375", "construction_year": "1900", "ground_elevation": "13", "mappluto_bbl": "1004020039", "objectid": "213311", "feature_code": "2100", "shape_length": "66.314843057606041", "height_roof": "65.64", "last_status_type": "Constructed", "bin": "1005097", "last_edited_date": "2017-08-22T18:38:03Z", "geom_source": "Photogrammetric", "doitt_id": "257003", "address": "102 AVENUE B", "bldgclass": "C6", "numfloors": 6.0, "unitsres": 5, "yearbuilt": 1900, "latitude": 40.7248651, "longitude": -73.9816219, "roof_area_m2": 111.50338247624821, "pv_kw_dc": 18.955575020962197, "annual_kwh": 23467.001875951199, "avg_daily_kwh": 64.293155824523836, "psh_daily_kwh": 69.756516077140887, "canopy_area_m2": 94.777875104810974, "lon": -73.981597253968744, "lat": 40.724864481680143 }, "geometry": { "type": "Point", "coordinates": [ -73.981597253968744, 40.724864481680143 ] } },
{ "type": "Feature", "properties": { "name": null, "bbl": "1003890009", "shape_area": "442.80859375", "construction_year": "1900", "ground_elevation": "12", "mappluto_bbl": "1003890009", "objectid": "785621", "feature_code": "2100", "shape_length": "104.24123586304745", "height_roof": "71.37", "last_status_type": "Constructed", "bin": "1004674", "last_edited_date": "2017-08-22T17:44:03Z", "geom_source": "Photogrammetric", "doitt_id": "341902", "address": "184 EAST 7 STREET", "bldgclass": "C6", "numfloors": 6.0, "unitsres": 20, "yearbuilt": 1900, "latitude": 40.7248596, "longitude": -73.9810555, "roof_area_m2": 254.067993293618, "pv_kw_dc": 43.191558859915062, "annual_kwh": 53471.149868574845, "avg_daily_kwh": 146.49630100979408, "psh_daily_kwh": 158.94493660448742, "canopy_area_m2": 215.95779429957528, "lon": -73.981061997197415, "lat": 40.724872877066758 }, "geometry": { "type": "Point", "coordinates": [ -73.981061997197415, 40.724872877066758 ] } },
{ "type": "Feature", "properties": { "name": null, "bbl": "1004350030", "shape_area": "268.21875", "construction_year": "1920", "ground_elevation": "20", "mappluto_bbl": "1004350030", "objectid": "210982", "feature_code": "2100", "shape_length": "71.507681172264967", "height_roof": "63.71", "last_status_type": "Constructed", "bin": "1005837", "last_edited_date": "2017-08-22T17:49:49Z", "geom_source": "Photogrammetric", "doitt_id": "15956", "address": "125 AVENUE A", "bldgclass": "C7", "numfloors": 6.0, "unitsres": 10, "yearbuilt": 1920, "latitude": 40.7266605, "longitude": -73.9833893, "roof_area_m2": 153.88663548947858, "pv_kw_dc": 26.16072803321136, "annual_kwh": 32386.981305115663, "avg_daily_kwh": 88.731455630453866, "psh_daily_kwh": 96.271479162217801, "canopy_area_m2": 130.80364016605679, "lon": -73.983385568040148, "lat": 40.726665177332059 }, "geometry": { "type": "Point", "coordinates": [ -73.983385568040148, 40.726665177332059 ] } },
{ "type": "Feature", "properties": { "name": null, "bbl": "1004020032", "shape_area": "278.22265625", "construction_year": "1900", "ground_elevation": "13", "mappluto_bbl": "1004020032", "objectid": "896159", "feature_code": "2100", "shape_length": "97.07683375109734", "height_roof": "65.48", "last_status_type": "Constructed", "bin": "1005093", "last_edited_date": "2017-08-22T18:42:45Z", "geom_source": "Photogrammetric", "doitt_id": "446609", "address": "178 EAST 7 STREET", "bldgclass": "C7", "numfloors": 6.0, "unitsres": 16, "yearbuilt": 1900, "latitude": 40.7250381, "longitude": -73.9816868, "roof_area_m2": 159.62839984814673, "pv_kw_dc": 27.136827974184946, "annual_kwh": 33595.393032040964, "avg_daily_kwh": 92.042172690523188, "psh_daily_kwh": 99.863526945000601, "canopy_area_m2": 135.68413987092472, "lon": -73.981680067483879, "lat": 40.725062967958159 }, "geometry": { "type": "Point", "coordinates": [ -73.981680067483879, 40.725062967958159 ] } },
{ "type": "Feature", "properties": { "name": null, "bbl": "1004360034", "shape_area": "635.2734375", "construction_year": "1920", "ground_elevation": "18", "mappluto_bbl": "1004360034", "objectid": "530422", "feature_code": "2100", "shape_length": "102.0847649767921", "height_roof": "65.59", "last_status_type": "Constructed", "bin": "1005881", "last_edited_date": "2017-08-22T17:57:01Z", "geom_source": "Photogrammetric", "doitt_id": "555077", "address": "131 AVENUE A", "bldgclass": "C7", "numfloors": 6.0, "unitsres": 30, "yearbuilt": 1920, "latitude": 40.7269075, "longitude": -73.9831835, "roof_area_m2": 364.46935392819768, "pv_kw_dc": 61.959790167793614, "annual_kwh": 76706.220227728496, "avg_daily_kwh": 210.15402802117396, "psh_daily_kwh": 228.01202781748049, "canopy_area_m2": 309.79895083896804, "lon": -73.983184757176716, "lat": 40.72691913915375 }, "geometry": { "type": "Point", "coordinates": [ -73.983184757176716, 40.72691913915375 ] } },
{ "type": "Feature", "properties": { "name": null, "bbl": "1004360036", "shape_area": "567.25390625", "construction_year": "1907", "ground_elevation": "17", "mappluto_bbl": "1004360036", "objectid": "569529", "feature_code": "2100", "shape_length": "111.58837886897946", "height_roof": "66.51", "last_status_type": "Constructed", "bin": "1005882", "last_edited_date": "2017-08-22T19:30:43Z", "geom_source": "Photogrammetric", "doitt_id": "712480", "address": "121 ST MARKS PLACE", "bldgclass": "C7", "numfloors": 6.0, "unitsres": 30, "yearbuilt": 1907, "latitude": 40.7269844, "longitude": -73.9833675, "roof_area_m2": 325.44434733770407, "pv_kw_dc": 55.325539047409691, "annual_kwh": 68493.017340693201, "avg_daily_kwh": 187.65210230326903, "psh_daily_kwh": 203.59798369446764, "canopy_area_m2": 276.62769523704844, "lon": -73.983360815535477, "lat": 40.726985878140127 }, "geometry": { "type": "Point", "coordinates": [ -73.983360815535477, 40.726985878140127 ] } },
{ "type": "Feature", "properties": { "name": null, "bbl": "1004360037", "shape_area": "354.625", "construction_year": "1910", "ground_elevation": "19", "mappluto_bbl": "1004360037", "objectid": "718058", "feature_code": "2100", "shape_length": "102.99606444406878", "height_roof": "66.54", "last_status_type": "Constructed", "bin": "1005883", "last_edited_date": "2017-08-22T19:28:04Z", "geom_source": "Photogrammetric", "doitt_id": "515406", "address": "119 ST MARKS PLACE", "bldgclass": "C7", "numfloors": 6.0, "unitsres": 22, "yearbuilt": 1910, "latitude": 40.727064, "longitude": -73.9835082, "roof_area_m2": 203.4493832549588, "pv_kw_dc": 34.586395153342998, "annual_kwh": 42817.957199838631, "avg_daily_kwh": 117.30947178037981, "psh_daily_kwh": 127.27793416430222, "canopy_area_m2": 172.93197576671497, "lon": -73.983513563099919, "lat": 40.727059129010236 }, "geometry": { "type": "Point", "coordinates": [ -73.983513563099919, 40.727059129010236 ] } },
{ "type": "Feature", "properties": { "name": null, "bbl": "1004360039", "shape_area": "351.18359375", "construction_year": "1900", "ground_elevation": "20", "mappluto_bbl": "1004360039", "objectid": "157805", "feature_code": "2100", "shape_length": "102.55248803465113", "height_roof": "65.56", "last_status_type": "Constructed", "bin": "1005884", "last_edited_date": "2017-08-22T19:40:51Z", "geom_source": "Photogrammetric", "doitt_id": "727282", "address": "115 ST MARKS PLACE", "bldgclass": "C7", "numfloors": 6.0, "unitsres": 22, "yearbuilt": 1900, "latitude": 40.7271134, "longitude": -73.9836237, "roof_area_m2": 201.48238436314497, "pv_kw_dc": 34.252005341734645, "annual_kwh": 42403.982613067492, "avg_daily_kwh": 116.17529483032189, "psh_daily_kwh": 126.04737965758348, "canopy_area_m2": 171.26002670867322, "lon": -73.983631125842379, "lat": 40.72710904823694 }, "geometry": { "type": "Point", "coordinates": [ -73.983631125842379, 40.72710904823694 ] } },
{ "type": "Feature", "properties": { "name": null, "bbl": "1003910055", "shape_area": "254.26953125", "construction_year": "1900", "ground_elevation": "10", "mappluto_bbl": "1003910055", "objectid": "568441", "feature_code": "2100", "shape_length": "90.5811214232396", "height_roof": "68.9", "last_status_type": "Constructed", "bin": "1004757", "last_edited_date": "2017-08-22T19:08:20Z", "geom_source": "Photogrammetric", "doitt_id": "750938", "address": "309 EAST 8 STREET", "bldgclass": "C4", "numfloors": 6.0, "unitsres": 17, "yearbuilt": 1900, "latitude": 40.7255181, "longitude": -73.9798322, "roof_area_m2": 145.88447850677451, "pv_kw_dc": 24.800361346151668, "annual_kwh": 30702.847346535764, "avg_daily_kwh": 84.11738999050894, "psh_daily_kwh": 91.265329753838131, "canopy_area_m2": 124.00180673075833, "lon": -73.979838767372826, "lat": 40.725515154602036 }, "geometry": { "type": "Point", "coordinates": [ -73.979838767372826, 40.725515154602036 ] } },
{ "type": "Feature", "properties": { "name": null, "bbl": "1003910056", "shape_area": "274.5625", "construction_year": "1900", "ground_elevation": "11", "mappluto_bbl": "1003910056", "objectid": "199566", "feature_code": "2100", "shape_length": "92.573082260183909", "height_roof": "66.96", "last_status_type": "Constructed", "bin": "1004758", "last_edited_date": "2017-08-22T17:50:00Z", "geom_source": "Photogrammetric", "doitt_id": "400639", "address": "307 EAST 8 STREET", "bldgclass": "C6", "numfloors": 6.0, "unitsres": 12, "yearbuilt": 1900, "latitude": 40.7255565, "longitude": -73.9799044, "roof_area_m2": 157.52936751245474, "pv_kw_dc": 26.779992477117304, "annual_kwh": 33153.630686671226, "avg_daily_kwh": 90.831864894989664, "psh_daily_kwh": 98.550372315791677, "canopy_area_m2": 133.89996238558652, "lon": -73.979910044024365, "lat": 40.725552408258068 }, "geometry": { "type": "Point", "coordinates": [ -73.979910044024365, 40.725552408258068 ] } },
{ "type": "Feature", "properties": { "name": null, "bbl": "1003910057", "shape_area": "485.27734375", "construction_year": "1900", "ground_elevation": "11", "mappluto_bbl": "1003910057", "objectid": "272582", "feature_code": "2100", "shape_length": "125.40186031169631", "height_roof": "65.88", "last_status_type": "Constructed", "bin": "1004759", "last_edited_date": "2017-08-22T17:36:13Z", "geom_source": "Photogrammetric", "doitt_id": "674101", "address": "303 EAST 8 STREET", "bldgclass": "C6", "numfloors": 6.0, "unitsres": 12, "yearbuilt": 1900, "latitude": 40.7256005, "longitude": -73.980027, "roof_area_m2": 278.42379500475653, "pv_kw_dc": 47.332045150808611, "annual_kwh": 58597.071896701062, "avg_daily_kwh": 160.53992300466044, "psh_daily_kwh": 174.18192615497568, "canopy_area_m2": 236.66022575404304, "lon": -73.980028333016548, "lat": 40.725599086998329 }, "geometry": { "type": "Point", "coordinates": [ -73.980028333016548, 40.725599086998329 ] } },
{ "type": "Feature", "properties": { "name": null, "bbl": "1003910059", "shape_area": "508.66796875", "construction_year": "1900", "ground_elevation": "11", "mappluto_bbl": "1003910059", "objectid": "44887", "feature_code": "2100", "shape_length": "126.33464270987885", "height_roof": "65.34", "last_status_type": "Constructed", "bin": "1004760", "last_edited_date": "2017-08-22T17:58:35Z", "geom_source": "Photogrammetric", "doitt_id": "362068", "address": "299 EAST 8 STREET", "bldgclass": "C1", "numfloors": 6.0, "unitsres": 30, "yearbuilt": 1900, "latitude": 40.7256691, "longitude": -73.9801749, "roof_area_m2": 291.849055482278, "pv_kw_dc": 49.614339431987261, "annual_kwh": 61422.552216800228, "avg_daily_kwh": 168.28096497753486, "psh_daily_kwh": 182.58076910971312, "canopy_area_m2": 248.07169715993629, "lon": -73.980180110762376, "lat": 40.725663727798199 }, "geometry": { "type": "Point", "coordinates": [ -73.980180110762376, 40.725663727798199 ] } },
{ "type": "Feature", "properties": { "name": null, "bbl": "1003920041", "shape_area": "229.2421875", "construction_year": "1900", "ground_elevation": "9", "mappluto_bbl": "1003920041", "objectid": "1064985", "feature_code": "2100", "shape_length": "65.8673088697497", "height_roof": "61", "last_status_type": "Constructed", "bin": "1004780", "last_edited_date": "2024-07-30T19:23:11Z", "geom_source": "Other (Manual)", "doitt_id": "667471", "address": "643 EAST 9 STREET", "bldgclass": "C4", "numfloors": 6.0, "unitsres": 10, "yearbuilt": 1900, "latitude": 40.7257072, "longitude": -73.9784359, "roof_area_m2": 131.52649497317012, "pv_kw_dc": 22.359504145438919, "annual_kwh": 27681.06613205338, "avg_daily_kwh": 75.83853734809145, "psh_daily_kwh": 82.28297525521522, "canopy_area_m2": 111.79752072719459, "lon": -73.978460888007604, "lat": 40.72568258596219 }, "geometry": { "type": "Point", "coordinates": [ -73.978460888007604, 40.72568258596219 ] } },
{ "type": "Feature", "properties": { "name": null, "bbl": "1003920045", "shape_area": "320.7578125", "construction_year": "1900", "ground_elevation": "9", "mappluto_bbl": "1003920045", "objectid": "722621", "feature_code": "2100", "shape_length": "96.600498138662672", "height_roof": "72.78", "last_status_type": "Constructed", "bin": "1004781", "last_edited_date": "2017-08-22T18:26:36Z", "geom_source": "Photogrammetric", "doitt_id": "836943", "address": "635 EAST 9 STREET", "bldgclass": "C4", "numfloors": 6.0, "unitsres": 24, "yearbuilt": 1900, "latitude": 40.7258171, "longitude": -73.9786957, "roof_area_m2": 184.032503302495, "pv_kw_dc": 31.285525561424151, "annual_kwh": 38731.480645043099, "avg_daily_kwh": 106.1136456028578, "psh_daily_kwh": 115.13073406604087, "canopy_area_m2": 156.42762780712076, "lon": -73.9787016561868, "lat": 40.725822080734162 }, "geometry": { "type": "Point", "coordinates": [ -73.9787016561868, 40.725822080734162 ] } },
{ "type": "Feature", "properties": { "name": null, "bbl": "1003920027", "shape_area": "1146.30078125", "construction_year": "1900", "ground_elevation": "8", "mappluto_bbl": "1003920027", "objectid": "882015", "feature_code": "2100", "shape_length": "215.06325709643122", "height_roof": "74.34", "last_status_type": "Constructed", "bin": "1004772", "last_edited_date": "2017-08-22T17:40:21Z", "geom_source": "Photogrammetric", "doitt_id": "564850", "address": "384 EAST 10 STREET", "bldgclass": "C4", "numfloors": 6.0, "unitsres": 45, "yearbuilt": 1900, "latitude": 40.7259213, "longitude": -73.9782302, "roof_area_m2": 657.6801402742999, "pv_kw_dc": 111.80562384663099, "annual_kwh": 138415.36232212916, "avg_daily_kwh": 379.22017074555936, "psh_daily_kwh": 411.44469575560208, "canopy_area_m2": 559.02811923315494, "lon": -73.978216947139316, "lat": 40.72593880098389 }, "geometry": { "type": "Point", "coordinates": [ -73.978216947139316, 40.72593880098389 ] } },
{ "type": "Feature", "properties": { "name": null, "bbl": "1003920048", "shape_area": "1081.83203125", "construction_year": "1900", "ground_elevation": "9", "mappluto_bbl": "1003920048", "objectid": "451137", "feature_code": "2100", "shape_length": "219.10225344409287", "height_roof": "72.36", "last_status_type": "Constructed", "bin": "1004783", "last_edited_date": "2017-08-22T17:59:46Z", "geom_source": "Photogrammetric", "doitt_id": "277015", "address": "627 EAST 9 STREET", "bldgclass": "C1", "numfloors": 6.0, "unitsres": 35, "yearbuilt": 1900, "latitude": 40.7259571, "longitude": -73.9790275, "roof_area_m2": 620.68425614068451, "pv_kw_dc": 105.51632354391637, "annual_kwh": 130629.20854736847, "avg_daily_kwh": 357.88824259553007, "psh_daily_kwh": 388.30007064161225, "canopy_area_m2": 527.5816177195818, "lon": -73.979031780580883, "lat": 40.725956166688988 }, "geometry": { "type": "Point", "coordinates": [ -73.979031780580883, 40.725956166688988 ] } },
{ "type": "Feature", "properties": { "name": null, "bbl": "1003920022", "shape_area": "505.46484375", "construction_year": "1900", "ground_elevation": "7", "mappluto_bbl": "1003920022", "objectid": "689060", "feature_code": "2100", "shape_length": "120.96633541332224", "height_roof": "68.27", "last_status_type": "Constructed", "bin": "1004769", "last_edited_date": "2017-08-22T18:45:04Z", "geom_source": "Photogrammetric", "doitt_id": "104017", "address": "374 EAST 10 STREET", "bldgclass": "C4", "numfloors": 6.0, "unitsres": 17, "yearbuilt": 1900, "latitude": 40.7260888, "longitude": -73.9786234, "roof_area_m2": 290.00432813833299, "pv_kw_dc": 49.300735783516615, "annual_kwh": 61034.310899993572, "avg_daily_kwh": 167.2172901369687, "psh_daily_kwh": 181.42670768334114, "canopy_area_m2": 246.50367891758304, "lon": -73.978612606585315, "lat": 40.726111737899551 }, "geometry": { "type": "Point", "coordinates": [ -73.978612606585315, 40.726111737899551 ] } },
{ "type": "Feature", "properties": { "name": null, "bbl": "1003910012", "shape_area": "320.63671875", "construction_year": "1910", "ground_elevation": "11", "mappluto_bbl": "1003910012", "objectid": "748281", "feature_code": "2100", "shape_length": "99.572999787203", "height_roof": "63.11", "last_status_type": "Constructed", "bin": "1004740", "last_edited_date": "2017-08-22T18:31:55Z", "geom_source": "Photogrammetric", "doitt_id": "417045", "address": "610 EAST 9 STREET", "bldgclass": "C1", "numfloors": 6.0, "unitsres": 24, "yearbuilt": 1910, "latitude": 40.725809, "longitude": -73.9798105, "roof_area_m2": 183.96440608757447, "pv_kw_dc": 31.273949034887661, "annual_kwh": 38717.148905190923, "avg_daily_kwh": 106.07438056216691, "psh_daily_kwh": 115.0881324483866, "canopy_area_m2": 156.36974517443829, "lon": -73.979799186844431, "lat": 40.725828566159038 }, "geometry": { "type": "Point", "coordinates": [ -73.979799186844431, 40.725828566159038 ] } },
{ "type": "Feature", "properties": { "name": null, "bbl": "1003910003", "shape_area": "581.91015625", "construction_year": "1940", "ground_elevation": "12", "mappluto_bbl": "1003910003", "objectid": "519232", "feature_code": "2100", "shape_length": "122.47968961925065", "height_roof": "64.56", "last_status_type": "Constructed", "bin": "1004734", "last_edited_date": "2017-08-22T17:45:09Z", "geom_source": "Photogrammetric", "doitt_id": "66544", "address": "131 AVENUE B", "bldgclass": "C6", "numfloors": 6.0, "unitsres": 18, "yearbuilt": 1940, "latitude": 40.725853, "longitude": -73.9803336, "roof_area_m2": 333.8650078084334, "pv_kw_dc": 56.757051327433686, "annual_kwh": 70265.229543362904, "avg_daily_kwh": 192.50747820099426, "psh_daily_kwh": 208.86594888495597, "canopy_area_m2": 283.7852566371684, "lon": -73.980339270860782, "lat": 40.725859730772612 }, "geometry": { "type": "Point", "coordinates": [ -73.980339270860782, 40.725859730772612 ] } },
{ "type": "Feature", "properties": { "name": null, "bbl": "1003910011", "shape_area": "301.3359375", "construction_year": "1910", "ground_elevation": "11", "mappluto_bbl": "1003910011", "objectid": "564984", "feature_code": "2100", "shape_length": "95.917282287303067", "height_roof": "67.17", "last_status_type": "Constructed", "bin": "1004739", "last_edited_date": "2017-08-22T17:30:42Z", "geom_source": "Photogrammetric", "doitt_id": "463066", "address": "608 EAST 9 STREET", "bldgclass": "C4", "numfloors": 6.0, "unitsres": 24, "yearbuilt": 1910, "latitude": 40.725853, "longitude": -73.9798862, "roof_area_m2": 172.87940354201086, "pv_kw_dc": 29.389498602141845, "annual_kwh": 36384.199269451601, "avg_daily_kwh": 99.682737724524941, "psh_daily_kwh": 108.15335485588199, "canopy_area_m2": 146.94749301070922, "lon": -73.979874357457774, "lat": 40.725873618414305 }, "geometry": { "type": "Point", "coordinates": [ -73.979874357457774, 40.725873618414305 ] } },
{ "type": "Feature", "properties": { "name": null, "bbl": "1003930047", "shape_area": "267.3125", "construction_year": "1900", "ground_elevation": "7", "mappluto_bbl": "1003930047", "objectid": "992184", "feature_code": "2100", "shape_length": "90.709077068833409", "height_roof": "71.61", "last_status_type": "Constructed", "bin": "1004898", "last_edited_date": "2017-08-22T18:40:59Z", "geom_source": "Photogrammetric", "doitt_id": "413870", "address": "377 EAST 10 STREET", "bldgclass": "C4", "numfloors": 6.0, "unitsres": 12, "yearbuilt": 1900, "latitude": 40.7264703, "longitude": -73.978396, "roof_area_m2": 153.36665842648165, "pv_kw_dc": 26.072331932501882, "annual_kwh": 32277.54693243733, "avg_daily_kwh": 88.431635431335152, "psh_daily_kwh": 95.946181511606923, "canopy_area_m2": 130.3616596625094, "lon": -73.978406915028643, "lat": 40.726461609291739 }, "geometry": { "type": "Point", "coordinates": [ -73.978406915028643, 40.726461609291739 ] } },
{ "type": "Feature", "properties": { "name": null, "bbl": "1003930051", "shape_area": "439.8984375", "construction_year": "1900", "ground_elevation": "9", "mappluto_bbl": "1003930051", "objectid": "156715", "feature_code": "2100", "shape_length": "152.82493388210992", "height_roof": "71.42", "last_status_type": "Constructed", "bin": "1004900", "last_edited_date": "2017-08-22T19:21:24Z", "geom_source": "Photogrammetric", "doitt_id": "319482", "address": "367 EAST 10 STREET", "bldgclass": "C6", "numfloors": 6.0, "unitsres": 14, "yearbuilt": 1900, "latitude": 40.7265938, "longitude": -73.9786882, "roof_area_m2": 252.37424251324251, "pv_kw_dc": 42.903621227251229, "annual_kwh": 53114.683079337025, "avg_daily_kwh": 145.51967966941652, "psh_daily_kwh": 157.88532611628452, "canopy_area_m2": 214.51810613625614, "lon": -73.978705068240529, "lat": 40.726582778163547 }, "geometry": { "type": "Point", "coordinates": [ -73.978705068240529, 40.726582778163547 ] } },
{ "type": "Feature", "properties": { "name": null, "bbl": "1003930023", "shape_area": "510.30859375", "construction_year": "1900", "ground_elevation": "8", "mappluto_bbl": "1003930023", "objectid": "351067", "feature_code": "2100", "shape_length": "126.93035611754861", "height_roof": "63.72", "last_status_type": "Constructed", "bin": "1004886", "last_edited_date": "2017-08-22T18:36:15Z", "geom_source": "Photogrammetric", "doitt_id": "592096", "address": "632 EAST 11 STREET", "bldgclass": "C7", "numfloors": 6.0, "unitsres": 33, "yearbuilt": 1900, "latitude": 40.7266871, "longitude": -73.9781867, "roof_area_m2": 292.78248599718148, "pv_kw_dc": 49.773022619520852, "annual_kwh": 61619.002002966816, "avg_daily_kwh": 168.81918356977209, "psh_daily_kwh": 183.16472323983672, "canopy_area_m2": 248.86511309760425, "lon": -73.978179293618524, "lat": 40.72670800916238 }, "geometry": { "type": "Point", "coordinates": [ -73.978179293618524, 40.72670800916238 ] } },
{ "type": "Feature", "properties": { "name": null, "bbl": "1003930018", "shape_area": "273.57421875", "construction_year": "1900", "ground_elevation": "9", "mappluto_bbl": "1003930018", "objectid": "993826", "feature_code": "2100", "shape_length": "91.817258491680079", "height_roof": "68.91", "last_status_type": "Constructed", "bin": "1004882", "last_edited_date": "2017-08-22T18:06:36Z", "geom_source": "Photogrammetric", "doitt_id": "16148", "address": "622 EAST 11 STREET", "bldgclass": "C1", "numfloors": 6.0, "unitsres": 26, "yearbuilt": 1900, "latitude": 40.726871, "longitude": -73.9786195, "roof_area_m2": 156.94768658413201, "pv_kw_dc": 26.681106719302445, "annual_kwh": 33031.210118496427, "avg_daily_kwh": 90.496466078072402, "psh_daily_kwh": 98.186472727032992, "canopy_area_m2": 133.40553359651221, "lon": -73.97861004477349, "lat": 40.726894462892837 }, "geometry": { "type": "Point", "coordinates": [ -73.97861004477349, 40.726894462892837 ] } },
{ "type": "Feature", "properties": { "name": null, "bbl": "1003930016", "shape_area": "284.890625", "construction_year": "1900", "ground_elevation": "9", "mappluto_bbl": "1003930016", "objectid": "214543", "feature_code": "2100", "shape_length": "93.825234729282414", "height_roof": "70.21", "last_status_type": "Constructed", "bin": "1004881", "last_edited_date": "2017-08-22T18:04:01Z", "geom_source": "Photogrammetric", "doitt_id": "416630", "address": "620 EAST 11 STREET", "bldgclass": "C4", "numfloors": 6.0, "unitsres": 26, "yearbuilt": 1900, "latitude": 40.726904, "longitude": -73.9786989, "roof_area_m2": 163.45109306157079, "pv_kw_dc": 27.786685820467035, "annual_kwh": 34399.917045738192, "avg_daily_kwh": 94.246348070515594, "psh_daily_kwh": 102.25500381931869, "canopy_area_m2": 138.93342910233517, "lon": -73.978687679216563, "lat": 40.726927046229271 }, "geometry": { "type": "Point", "coordinates": [ -73.978687679216563, 40.726927046229271 ] } },
{ "type": "Feature", "properties": { "name": null, "bbl": "1004350025", "shape_area": "382.86328125", "construction_year": "1920", "ground_elevation": "20", "mappluto_bbl": "1004350025", "objectid": "554064", "feature_code": "2100", "shape_length": "100.30502296396755", "height_roof": "65.57", "last_status_type": "Constructed", "bin": "1005833", "last_edited_date": "2017-08-22T17:56:38Z", "geom_source": "Photogrammetric", "doitt_id": "357834", "address": "122 ST MARKS PLACE", "bldgclass": "C7", "numfloors": 6.0, "unitsres": 22, "yearbuilt": 1920, "latitude": 40.7267731, "longitude": -73.9839304, "roof_area_m2": 219.65749605991707, "pv_kw_dc": 37.341774330185899, "annual_kwh": 46229.116620770146, "avg_daily_kwh": 126.65511402950725, "psh_daily_kwh": 137.41772953508411, "canopy_area_m2": 186.7088716509295, "lon": -73.983914098639545, "lat": 40.726803508253532 }, "geometry": { "type": "Point", "coordinates": [ -73.983914098639545, 40.726803508253532 ] } },
{ "type": "Feature", "properties": { "name": null, "bbl": "1004350019", "shape_area": "416.734375", "construction_year": "1920", "ground_elevation": "21", "mappluto_bbl": "1004350019", "objectid": "315564", "feature_code": "2100", "shape_length": "110.60653754899032", "height_roof": "67.38", "last_status_type": "Constructed", "bin": "1005828", "last_edited_date": "2017-08-22T17:48:07Z", "geom_source": "Photogrammetric", "doitt_id": "191021", "address": "110 ST MARKS PLACE", "bldgclass": "C7", "numfloors": 6.0, "unitsres": 22, "yearbuilt": 1920, "latitude": 40.7269351, "longitude": -73.9843453, "roof_area_m2": 239.08577301188703, "pv_kw_dc": 40.644581412020798, "annual_kwh": 50317.991788081752, "avg_daily_kwh": 137.85751174816917, "psh_daily_kwh": 149.57205959623653, "canopy_area_m2": 203.22290706010398, "lon": -73.984326711990491, "lat": 40.726963788449339 }, "geometry": { "type": "Point", "coordinates": [ -73.984326711990491, 40.726963788449339 ] } },
{ "type": "Feature", "properties": { "name": null, "bbl": "1004360042", "shape_area": "286.7578125", "construction_year": "1920", "ground_elevation": "21", "mappluto_bbl": "1004360042", "objectid": "376561", "feature_code": "2100", "shape_length": "91.185924089747829", "height_roof": "74.17", "last_status_type": "Constructed", "bin": "1005887", "last_edited_date": "2017-08-22T19:16:09Z", "geom_source": "Photogrammetric", "doitt_id": "531415", "address": "109 ST MARKS PLACE", "bldgclass": "C7", "numfloors": 6.0, "unitsres": 25, "yearbuilt": 1920, "latitude": 40.7272205, "longitude": -73.9838798, "roof_area_m2": 164.52176778559553, "pv_kw_dc": 27.968700523551242, "annual_kwh": 34625.251248156434, "avg_daily_kwh": 94.863702049743651, "psh_daily_kwh": 102.92481792666857, "canopy_area_m2": 139.8435026177562, "lon": -73.98387721263974, "lat": 40.727228651855739 }, "geometry": { "type": "Point", "coordinates": [ -73.98387721263974, 40.727228651855739 ] } },
{ "type": "Feature", "properties": { "name": null, "bbl": "1004360009", "shape_area": "313.17578125", "construction_year": "1929", "ground_elevation": "22", "mappluto_bbl": "1004360009", "objectid": "411940", "feature_code": "2100", "shape_length": "88.635117216417086", "height_roof": "62.59", "last_status_type": "Constructed", "bin": "1005865", "last_edited_date": "2017-08-22T17:46:38Z", "geom_source": "Photogrammetric", "doitt_id": "537240", "address": "406 EAST 9 STREET", "bldgclass": "C7", "numfloors": 6.0, "unitsres": 22, "yearbuilt": 1929, "latitude": 40.7278025, "longitude": -73.9844533, "roof_area_m2": 179.66880613666999, "pv_kw_dc": 30.543697043233898, "annual_kwh": 37813.096939523566, "avg_daily_kwh": 103.59752586170841, "psh_daily_kwh": 112.40080511910074, "canopy_area_m2": 152.71848521616948, "lon": -73.984433234667407, "lat": 40.727834726208542 }, "geometry": { "type": "Point", "coordinates": [ -73.984433234667407, 40.727834726208542 ] } },
{ "type": "Feature", "properties": { "name": null, "bbl": "1003940053", "shape_area": "394.98828125", "construction_year": "1910", "ground_elevation": "8", "mappluto_bbl": "1003940053", "objectid": "43915", "feature_code": "2100", "shape_length": "104.46319970247112", "height_roof": "65.35", "last_status_type": "Constructed", "bin": "1004918", "last_edited_date": "2017-08-22T18:50:54Z", "geom_source": "Photogrammetric", "doitt_id": "94494", "address": "631 EAST 11 STREET", "bldgclass": "C4", "numfloors": 6.0, "unitsres": 30, "yearbuilt": 1910, "latitude": 40.7270548, "longitude": -73.9778979, "roof_area_m2": 226.61162934621873, "pv_kw_dc": 38.523976988857186, "annual_kwh": 47692.683512205193, "avg_daily_kwh": 130.66488633480876, "psh_daily_kwh": 141.76823531899444, "canopy_area_m2": 192.61988494428593, "lon": -73.97791371925139, "lat": 40.727036233413294 }, "geometry": { "type": "Point", "coordinates": [ -73.97791371925139, 40.727036233413294 ] } },
{ "type": "Feature", "properties": { "name": null, "bbl": "1003940050", "shape_area": "302.015625", "construction_year": "1900", "ground_elevation": "8", "mappluto_bbl": "1003940050", "objectid": "337936", "feature_code": "2100", "shape_length": "95.495168546263557", "height_roof": "70.01", "last_status_type": "Constructed", "bin": "1004916", "last_edited_date": "2017-08-22T17:47:43Z", "geom_source": "Photogrammetric", "doitt_id": "685262", "address": "635 EAST 11 STREET", "bldgclass": "C4", "numfloors": 6.0, "unitsres": 11, "yearbuilt": 1900, "latitude": 40.7269807, "longitude": -73.9777175, "roof_area_m2": 173.26791109687645, "pv_kw_dc": 29.455544886468996, "annual_kwh": 36465.964569448617, "avg_daily_kwh": 99.906752245064709, "psh_daily_kwh": 108.39640518220591, "canopy_area_m2": 147.27772443234497, "lon": -73.977728782370491, "lat": 40.7269723773992 }, "geometry": { "type": "Point", "coordinates": [ -73.977728782370491, 40.7269723773992 ] } },
{ "type": "Feature", "properties": { "name": null, "bbl": "1003940052", "shape_area": "312.23046875", "construction_year": "1937", "ground_elevation": "8", "mappluto_bbl": "1003940052", "objectid": "950817", "feature_code": "2100", "shape_length": "99.824995904407018", "height_roof": "70.01", "last_status_type": "Constructed", "bin": "1004917", "last_edited_date": "2017-08-22T17:27:23Z", "geom_source": "Photogrammetric", "doitt_id": "795037", "address": "633 EAST 11 STREET", "bldgclass": "C6", "numfloors": 6.0, "unitsres": 24, "yearbuilt": 1937, "latitude": 40.7270136, "longitude": -73.9777969, "roof_area_m2": 179.14011763538841, "pv_kw_dc": 30.45381999801603, "annual_kwh": 37701.829157543842, "avg_daily_kwh": 103.29268262340779, "psh_daily_kwh": 112.07005759269899, "canopy_area_m2": 152.26909999008015, "lon": -73.977809625744285, "lat": 40.727002276742525 }, "geometry": { "type": "Point", "coordinates": [ -73.977809625744285, 40.727002276742525 ] } },
{ "type": "Feature", "properties": { "name": null, "bbl": "1004040021", "shape_area": "441.08203125", "construction_year": "1920", "ground_elevation": "14", "mappluto_bbl": "1004040021", "objectid": "720095", "feature_code": "2100", "shape_length": "150.76014265817867", "height_roof": "69.64", "last_status_type": "Constructed", "bin": "1005132", "last_edited_date": "2017-08-22T17:54:22Z", "geom_source": "Photogrammetric", "doitt_id": "461625", "address": "534 EAST 11 STREET", "bldgclass": "C6", "numfloors": 6.0, "unitsres": 29, "yearbuilt": 1920, "latitude": 40.727607, "longitude": -73.9803764, "roof_area_m2": 253.05820344614284, "pv_kw_dc": 43.019894585844284, "annual_kwh": 53258.629497275222, "avg_daily_kwh": 145.91405341719238, "psh_daily_kwh": 158.31321207590696, "canopy_area_m2": 215.09947292922141, "lon": -73.980361785488086, "lat": 40.727633892879226 }, "geometry": { "type": "Point", "coordinates": [ -73.980361785488086, 40.727633892879226 ] } },
{ "type": "Feature", "properties": { "name": null, "bbl": "1004040018", "shape_area": "636.3828125", "construction_year": "1900", "ground_elevation": "14", "mappluto_bbl": "1004040018", "objectid": "994001", "feature_code": "2100", "shape_length": "138.93601458754091", "height_roof": "66.17", "last_status_type": "Constructed", "bin": "1005131", "last_edited_date": "2017-08-22T17:26:53Z", "geom_source": "Photogrammetric", "doitt_id": "166260", "address": "528 EAST 11 STREET", "bldgclass": "C7", "numfloors": 6.0, "unitsres": 33, "yearbuilt": 1900, "latitude": 40.7276729, "longitude": -73.9805315, "roof_area_m2": 365.09437280807299, "pv_kw_dc": 62.066043377372409, "annual_kwh": 76837.761701187046, "avg_daily_kwh": 210.51441561969054, "psh_daily_kwh": 228.40303962873045, "canopy_area_m2": 310.33021688686205, "lon": -73.98052206382188, "lat": 40.727697385764948 }, "geometry": { "type": "Point", "coordinates": [ -73.98052206382188, 40.727697385764948 ] } },
{ "type": "Feature", "properties": { "name": null, "bbl": "1003950001", "shape_area": "593.25", "construction_year": "1910", "ground_elevation": "12", "mappluto_bbl": "1003950001", "objectid": "87102", "feature_code": "2100", "shape_length": "122.9181973198389", "height_roof": "63.67", "last_status_type": "Constructed", "bin": "1004926", "last_edited_date": "2017-08-22T18:40:07Z", "geom_source": "Photogrammetric", "doitt_id": "321922", "address": "195 AVENUE B", "bldgclass": "C7", "numfloors": 6.0, "unitsres": 16, "yearbuilt": 1910, "latitude": 40.7281364, "longitude": -73.9786697, "roof_area_m2": 340.3518169508626, "pv_kw_dc": 57.859808881646643, "annual_kwh": 71630.443395478549, "avg_daily_kwh": 196.24779012459877, "psh_daily_kwh": 212.92409668445964, "canopy_area_m2": 289.29904440823321, "lon": -73.978683155723289, "lat": 40.728143513716077 }, "geometry": { "type": "Point", "coordinates": [ -73.978683155723289, 40.728143513716077 ] } },
{ "type": "Feature", "properties": { "name": null, "bbl": "1003950003", "shape_area": "379.5234375", "construction_year": "1910", "ground_elevation": "12", "mappluto_bbl": "1003950003", "objectid": "88089", "feature_code": "2100", "shape_length": "96.092615666342127", "height_roof": "63.67", "last_status_type": "Constructed", "bin": "1077464", "last_edited_date": "2017-08-22T17:51:20Z", "geom_source": "Photogrammetric", "doitt_id": "218922", "address": "199 AVENUE B", "bldgclass": "C7", "numfloors": 6.0, "unitsres": 23, "yearbuilt": 1910, "latitude": 40.7282928, "longitude": -73.9785541, "roof_area_m2": 433.43205980807011, "pv_kw_dc": 73.683450167371916, "annual_kwh": 91220.111307206433, "avg_daily_kwh": 249.91811317042857, "psh_daily_kwh": 271.15509661592864, "canopy_area_m2": 368.41725083685958, "lon": -73.97861893693829, "lat": 40.728263642400201 }, "geometry": { "type": "Point", "coordinates": [ -73.97861893693829, 40.728263642400201 ] } },
{ "type": "Feature", "properties": { "name": null, "bbl": "1003950003", "shape_area": "379.5234375", "construction_year": "1910", "ground_elevation": "12", "mappluto_bbl": "1003950003", "objectid": "88089", "feature_code": "2100", "shape_length": "96.092615666342127", "height_roof": "63.67", "last_status_type": "Constructed", "bin": "1077464", "last_edited_date": "2017-08-22T17:51:20Z", "geom_source": "Photogrammetric", "doitt_id": "218922", "address": "199 AVENUE B", "bldgclass": "C7", "numfloors": 6.0, "unitsres": 23, "yearbuilt": 1910, "latitude": 40.7282928, "longitude": -73.9785541, "roof_area_m2": 433.43205980807011, "pv_kw_dc": 73.683450167371916, "annual_kwh": 91220.111307206433, "avg_daily_kwh": 249.91811317042857, "psh_daily_kwh": 271.15509661592864, "canopy_area_m2": 368.41725083685958, "lon": -73.97861893693829, "lat": 40.728263642400201 }, "geometry": { "type": "Point", "coordinates": [ -73.97861893693829, 40.728263642400201 ] } },
{ "type": "Feature", "properties": { "name": null, "bbl": "1004050046", "shape_area": "302.78125", "construction_year": "1920", "ground_elevation": "16", "mappluto_bbl": "1004050046", "objectid": "241110", "feature_code": "2100", "shape_length": "99.444131675377236", "height_roof": "68.08", "last_status_type": "Constructed", "bin": "1005188", "last_edited_date": "2017-08-22T18:57:00Z", "geom_source": "Photogrammetric", "doitt_id": "455254", "address": "533 EAST 11 STREET", "bldgclass": "C4", "numfloors": 6.0, "unitsres": 14, "yearbuilt": 1920, "latitude": 40.7280406, "longitude": -73.9802392, "roof_area_m2": 173.70491638311142, "pv_kw_dc": 29.529835785128945, "annual_kwh": 36557.936701989631, "avg_daily_kwh": 100.15873069038255, "psh_daily_kwh": 108.66979568927452, "canopy_area_m2": 147.64917892564472, "lon": -73.980245511987434, "lat": 40.728036189329266 }, "geometry": { "type": "Point", "coordinates": [ -73.980245511987434, 40.728036189329266 ] } },
{ "type": "Feature", "properties": { "name": null, "bbl": "1004370133", "shape_area": "117.0546875", "construction_year": "1900", "ground_elevation": "19", "mappluto_bbl": "1004370133", "objectid": "65472", "feature_code": "2100", "shape_length": "43.239325421677336", "height_roof": "57", "last_status_type": "Constructed", "bin": "1089856", "last_edited_date": "2018-10-03T17:33:40Z", "geom_source": "Other (Manual)", "doitt_id": "1286989", "address": "445 EAST 9 STREET", "bldgclass": "C7", "numfloors": 6.0, "unitsres": 10, "yearbuilt": 1900, "latitude": 40.7274619, "longitude": -73.9828406, "roof_area_m2": 67.154205810786394, "pv_kw_dc": 11.416214987833687, "annual_kwh": 14133.274154938104, "avg_daily_kwh": 38.721299054624943, "psh_daily_kwh": 42.011671155227965, "canopy_area_m2": 57.081074939168431, "lon": -73.982838918133012, "lat": 40.727473896857731 }, "geometry": { "type": "Point", "coordinates": [ -73.982838918133012, 40.727473896857731 ] } },
{ "type": "Feature", "properties": { "name": null, "bbl": "1004040016", "shape_area": "379.98828125", "construction_year": "1900", "ground_elevation": "15", "mappluto_bbl": "1004040016", "objectid": "183471", "feature_code": "2100", "shape_length": "106.04734421623834", "height_roof": "62.1", "last_status_type": "Constructed", "bin": "1005129", "last_edited_date": "2017-08-22T18:58:26Z", "geom_source": "Photogrammetric", "doitt_id": "805283", "address": "522 EAST 11 STREET", "bldgclass": "C4", "numfloors": 6.0, "unitsres": 23, "yearbuilt": 1900, "latitude": 40.7277744, "longitude": -73.9807696, "roof_area_m2": 217.9944740411099, "pv_kw_dc": 37.059060586988686, "annual_kwh": 45879.117006691995, "avg_daily_kwh": 125.69621097723834, "psh_daily_kwh": 136.37734296011837, "canopy_area_m2": 185.29530293494341, "lon": -73.98075642596794, "lat": 40.727799801042813 }, "geometry": { "type": "Point", "coordinates": [ -73.98075642596794, 40.727799801042813 ] } },
{ "type": "Feature", "properties": { "name": null, "bbl": "1004040014", "shape_area": "375.15625", "construction_year": "1900", "ground_elevation": "16", "mappluto_bbl": "1004040014", "objectid": "397993", "feature_code": "2100", "shape_length": "105.3592577848236", "height_roof": "59.72", "last_status_type": "Constructed", "bin": "1005128", "last_edited_date": "2017-08-22T18:17:21Z", "geom_source": "Photogrammetric", "doitt_id": "207030", "address": "520 EAST 11 STREET", "bldgclass": "C7", "numfloors": 6.0, "unitsres": 27, "yearbuilt": 1900, "latitude": 40.7278239, "longitude": -73.980885, "roof_area_m2": 215.22842102608178, "pv_kw_dc": 36.588831574433904, "annual_kwh": 45296.973489149175, "avg_daily_kwh": 124.10129723054568, "psh_daily_kwh": 134.64690019391676, "canopy_area_m2": 182.94415787216951, "lon": -73.980869388836325, "lat": 40.727847332923318 }, "geometry": { "type": "Point", "coordinates": [ -73.980869388836325, 40.727847332923318 ] } },
{ "type": "Feature", "properties": { "name": null, "bbl": "1004040013", "shape_area": "272.796875", "construction_year": "1900", "ground_elevation": "16", "mappluto_bbl": "1004040013", "objectid": "996437", "feature_code": "2100", "shape_length": "92.097276560773267", "height_roof": "70.3", "last_status_type": "Constructed", "bin": "1005127", "last_edited_date": "2017-08-22T19:02:11Z", "geom_source": "Photogrammetric", "doitt_id": "703133", "address": "518 EAST 11 STREET", "bldgclass": "C6", "numfloors": 6.0, "unitsres": 13, "yearbuilt": 1900, "latitude": 40.7278651, "longitude": -73.9809824, "roof_area_m2": 156.50084517394475, "pv_kw_dc": 26.60514367957061, "annual_kwh": 32937.167875308412, "avg_daily_kwh": 90.238816096735377, "psh_daily_kwh": 97.906928740819836, "canopy_area_m2": 133.02571839785304, "lon": -73.980973901350467, "lat": 40.727885221361163 }, "geometry": { "type": "Point", "coordinates": [ -73.980973901350467, 40.727885221361163 ] } },
{ "type": "Feature", "properties": { "name": null, "bbl": "1004040012", "shape_area": "275.71875", "construction_year": "1900", "ground_elevation": "16", "mappluto_bbl": "1004040012", "objectid": "727408", "feature_code": "2100", "shape_length": "92.560085662261059", "height_roof": "72.1", "last_status_type": "Constructed", "bin": "1005126", "last_edited_date": "2017-08-22T17:44:47Z", "geom_source": "Photogrammetric", "doitt_id": "362663", "address": "516 EAST 11 STREET", "bldgclass": "C7", "numfloors": 6.0, "unitsres": 18, "yearbuilt": 1900, "latitude": 40.727898, "longitude": -73.9810654, "roof_area_m2": 158.1770074547041, "pv_kw_dc": 26.890091267299699, "annual_kwh": 33289.932988917026, "avg_daily_kwh": 91.205295860046647, "psh_daily_kwh": 98.955535863662888, "canopy_area_m2": 134.45045633649849, "lon": -73.981053022607654, "lat": 40.727918201759401 }, "geometry": { "type": "Point", "coordinates": [ -73.981053022607654, 40.727918201759401 ] } },
{ "type": "Feature", "properties": { "name": null, "bbl": "1004370021", "shape_area": "523.2265625", "construction_year": "1900", "ground_elevation": "18", "mappluto_bbl": "1004370021", "objectid": "668276", "feature_code": "2100", "shape_length": "125.45547615774386", "height_roof": "64.7", "last_status_type": "Constructed", "bin": "1005909", "last_edited_date": "2017-08-22T19:29:00Z", "geom_source": "Photogrammetric", "doitt_id": "310076", "address": "280 EAST 10 STREET", "bldgclass": "C7", "numfloors": 6.0, "unitsres": 33, "yearbuilt": 1900, "latitude": 40.7279669, "longitude": -73.9830822, "roof_area_m2": 300.18480169439613, "pv_kw_dc": 51.031416288047346, "annual_kwh": 63176.893364602613, "avg_daily_kwh": 173.08737908110305, "psh_daily_kwh": 187.79561194001423, "canopy_area_m2": 255.15708144023671, "lon": -73.983065667685196, "lat": 40.72799319292556 }, "geometry": { "type": "Point", "coordinates": [ -73.983065667685196, 40.72799319292556 ] } },
{ "type": "Feature", "properties": { "name": null, "bbl": "1004380028", "shape_area": "287.5859375", "construction_year": "1900", "ground_elevation": "18", "mappluto_bbl": "1004380028", "objectid": "650528", "feature_code": "2100", "shape_length": "79.541426856813928", "height_roof": "67.21", "last_status_type": "Constructed", "bin": "1005945", "last_edited_date": "2017-08-22T19:06:45Z", "geom_source": "Photogrammetric", "doitt_id": "829938", "address": "171 AVENUE A", "bldgclass": "C7", "numfloors": 6.0, "unitsres": 18, "yearbuilt": 1900, "latitude": 40.7284032, "longitude": -73.9821765, "roof_area_m2": 164.98593014259356, "pv_kw_dc": 28.047608124240909, "annual_kwh": 34722.938857810244, "avg_daily_kwh": 95.131339336466425, "psh_daily_kwh": 103.21519789720654, "canopy_area_m2": 140.23804062120453, "lon": -73.982150496393174, "lat": 40.728398985859208 }, "geometry": { "type": "Point", "coordinates": [ -73.982150496393174, 40.728398985859208 ] } },
{ "type": "Feature", "properties": { "name": null, "bbl": "1004380027", "shape_area": "386.20703125", "construction_year": "1920", "ground_elevation": "18", "mappluto_bbl": "1004380027", "objectid": "851779", "feature_code": "2100", "shape_length": "94.245382374195387", "height_roof": "66.59", "last_status_type": "Constructed", "bin": "1005944", "last_edited_date": "2017-08-22T19:05:03Z", "geom_source": "Photogrammetric", "doitt_id": "15115", "address": "173 AVENUE A", "bldgclass": "C7", "numfloors": 6.0, "unitsres": 20, "yearbuilt": 1920, "latitude": 40.7284636, "longitude": -73.9821296, "roof_area_m2": 221.55863113119619, "pv_kw_dc": 37.664967292303352, "annual_kwh": 46629.229507871547, "avg_daily_kwh": 127.75131372019602, "psh_daily_kwh": 138.60707963567631, "canopy_area_m2": 188.32483646151675, "lon": -73.982122078071669, "lat": 40.728465139274562 }, "geometry": { "type": "Point", "coordinates": [ -73.982122078071669, 40.728465139274562 ] } },
{ "type": "Feature", "properties": { "name": null, "bbl": "1004380050", "shape_area": "282.9375", "construction_year": "1900", "ground_elevation": "21", "mappluto_bbl": "1004380050", "objectid": "992522", "feature_code": "2100", "shape_length": "88.876409465290578", "height_roof": "68.15", "last_status_type": "Constructed", "bin": "1005962", "last_edited_date": "2017-08-22T18:06:46Z", "geom_source": "Photogrammetric", "doitt_id": "111797", "address": "255 EAST 10 STREET", "bldgclass": "C4", "numfloors": 6.0, "unitsres": 23, "yearbuilt": 1900, "latitude": 40.728656, "longitude": -73.9835836, "roof_area_m2": 162.31167197730986, "pv_kw_dc": 27.592984236142673, "annual_kwh": 34160.114484344631, "avg_daily_kwh": 93.589354751629131, "psh_daily_kwh": 101.54218198900503, "canopy_area_m2": 137.96492118071336, "lon": -73.983594707771431, "lat": 40.728647589020127 }, "geometry": { "type": "Point", "coordinates": [ -73.983594707771431, 40.728647589020127 ] } },
{ "type": "Feature", "properties": { "name": null, "bbl": "1004500028", "shape_area": "274.1796875", "construction_year": "1900", "ground_elevation": "26", "mappluto_bbl": "1004500028", "objectid": "881080", "feature_code": "2100", "shape_length": "93.657256159754454", "height_roof": "67.54", "last_status_type": "Constructed", "bin": "1006379", "last_edited_date": "2017-08-22T18:43:03Z", "geom_source": "Photogrammetric", "doitt_id": "432756", "address": "348 EAST 9 STREET", "bldgclass": "C7", "numfloors": 6.0, "unitsres": 15, "yearbuilt": 1900, "latitude": 40.7282253, "longitude": -73.9855176, "roof_area_m2": 157.2957003257039, "pv_kw_dc": 26.740269055369666, "annual_kwh": 33104.453090547649, "avg_daily_kwh": 90.697131754925067, "psh_daily_kwh": 98.404190123760372, "canopy_area_m2": 133.70134527684831, "lon": -73.985504783127425, "lat": 40.728250276763276 }, "geometry": { "type": "Point", "coordinates": [ -73.985504783127425, 40.728250276763276 ] } },
{ "type": "Feature", "properties": { "name": null, "bbl": "1004370005", "shape_area": "285.65234375", "construction_year": "1900", "ground_elevation": "24", "mappluto_bbl": "1004370005", "objectid": "950207", "feature_code": "2100", "shape_length": "91.0548254857791", "height_roof": "69.23", "last_status_type": "Constructed", "bin": "1005895", "last_edited_date": "2017-08-22T19:25:42Z", "geom_source": "Photogrammetric", "doitt_id": "195404", "address": "156 1 AVENUE", "bldgclass": "C7", "numfloors": 6.0, "unitsres": 22, "yearbuilt": 1900, "latitude": 40.7283816, "longitude": -73.9843305, "roof_area_m2": 163.87577273555769, "pv_kw_dc": 27.858881365044809, "annual_kwh": 34489.295129925471, "avg_daily_kwh": 94.491219534042386, "psh_daily_kwh": 102.52068342336489, "canopy_area_m2": 139.29440682522403, "lon": -73.984345251628, "lat": 40.728400588137355 }, "geometry": { "type": "Point", "coordinates": [ -73.984345251628, 40.728400588137355 ] } },
{ "type": "Feature", "properties": { "name": null, "bbl": "1004370006", "shape_area": "195.5859375", "construction_year": "1920", "ground_elevation": "23", "mappluto_bbl": "1004370006", "objectid": "514073", "feature_code": "2100", "shape_length": "77.522235509889256", "height_roof": "70.23", "last_status_type": "Constructed", "bin": "1005896", "last_edited_date": "2017-08-22T17:58:56Z", "geom_source": "Photogrammetric", "doitt_id": "390170", "address": "158 1 AVENUE", "bldgclass": "C7", "numfloors": 6.0, "unitsres": 10, "yearbuilt": 1920, "latitude": 40.7284447, "longitude": -73.9843052, "roof_area_m2": 112.19791984234126, "pv_kw_dc": 19.073646373198013, "annual_kwh": 23613.17421001914, "avg_daily_kwh": 64.693627972655179, "psh_daily_kwh": 70.191018653368687, "canopy_area_m2": 95.368231865990069, "lon": -73.984321746213965, "lat": 40.728459685002974 }, "geometry": { "type": "Point", "coordinates": [ -73.984321746213965, 40.728459685002974 ] } },
{ "type": "Feature", "properties": { "name": null, "bbl": "1004510032", "shape_area": "407.86328125", "construction_year": "1900", "ground_elevation": "25", "mappluto_bbl": "1004510032", "objectid": "205521", "feature_code": "2100", "shape_length": "96.407000518999453", "height_roof": "61.7", "last_status_type": "Constructed", "bin": "1006417", "last_edited_date": "2017-08-22T18:21:03Z", "geom_source": "Photogrammetric", "doitt_id": "54531", "address": "159 1 AVENUE", "bldgclass": "C7", "numfloors": 6.0, "unitsres": 30, "yearbuilt": 1900, "latitude": 40.7287659, "longitude": -73.9848067, "roof_area_m2": 233.98781434645312, "pv_kw_dc": 39.777928438897028, "annual_kwh": 49245.075407354518, "avg_daily_kwh": 134.9180148146699, "psh_daily_kwh": 146.38277665514107, "canopy_area_m2": 198.88964219448513, "lon": -73.984793872626952, "lat": 40.72877465846134 }, "geometry": { "type": "Point", "coordinates": [ -73.984793872626952, 40.72877465846134 ] } },
{ "type": "Feature", "properties": { "name": null, "bbl": "1004510044", "shape_area": "233.30859375", "construction_year": "1900", "ground_elevation": "26", "mappluto_bbl": "1004510044", "objectid": "514682", "feature_code": "2100", "shape_length": "65.703673335114942", "height_roof": "54.54", "last_status_type": "Constructed", "bin": "1006421", "last_edited_date": "2017-08-22T18:14:51Z", "geom_source": "Photogrammetric", "doitt_id": "624784", "address": "335 EAST 9 STREET", "bldgclass": "C7", "numfloors": 6.0, "unitsres": 8, "yearbuilt": 1900, "latitude": 40.7287193, "longitude": -73.9855788, "roof_area_m2": 133.84542194265103, "pv_kw_dc": 22.753721730250675, "annual_kwh": 28169.107502050334, "avg_daily_kwh": 77.175636991918722, "psh_daily_kwh": 83.73369596732249, "canopy_area_m2": 113.76860865125337, "lon": -73.985600560563711, "lat": 40.728688691497958 }, "geometry": { "type": "Point", "coordinates": [ -73.985600560563711, 40.728688691497958 ] } },
{ "type": "Feature", "properties": { "name": null, "bbl": "1004510046", "shape_area": "250.36328125", "construction_year": "1900", "ground_elevation": "27", "mappluto_bbl": "1004510046", "objectid": "253302", "feature_code": "2100", "shape_length": "69.550667460690633", "height_roof": "55.56", "last_status_type": "Constructed", "bin": "1006422", "last_edited_date": "2017-08-22T18:20:01Z", "geom_source": "Photogrammetric", "doitt_id": "453853", "address": "331 EAST 9 STREET", "bldgclass": "C7", "numfloors": 6.0, "unitsres": 9, "yearbuilt": 1900, "latitude": 40.7287852, "longitude": -73.9857339, "roof_area_m2": 143.62734907477574, "pv_kw_dc": 24.416649342711878, "annual_kwh": 30227.811886277304, "avg_daily_kwh": 82.8159229761022, "psh_daily_kwh": 89.853269581179703, "canopy_area_m2": 122.08324671355938, "lon": -73.9857529705465, "lat": 40.728760987393102 }, "geometry": { "type": "Point", "coordinates": [ -73.9857529705465, 40.728760987393102 ] } },
{ "type": "Feature", "properties": { "name": null, "bbl": "1004510045", "shape_area": "358.2421875", "construction_year": "1900", "ground_elevation": "27", "mappluto_bbl": "1004510045", "objectid": "859170", "feature_code": "2100", "shape_length": "93.250036651264566", "height_roof": "54.69", "last_status_type": "Constructed", "bin": "1083487", "last_edited_date": "2017-08-22T17:28:32Z", "geom_source": "Photogrammetric", "doitt_id": "559801", "address": "333 EAST 9 STREET", "bldgclass": "CB", "numfloors": 6.0, "unitsres": 9, "yearbuilt": 1900, "latitude": 40.7287523, "longitude": -73.9856582, "roof_area_m2": 205.52183653981598, "pv_kw_dc": 34.938712211768717, "annual_kwh": 43254.125718169671, "avg_daily_kwh": 118.50445402238266, "psh_daily_kwh": 128.57446093930886, "canopy_area_m2": 174.69356105884358, "lon": -73.985648188472581, "lat": 40.728764943947297 }, "geometry": { "type": "Point", "coordinates": [ -73.985648188472581, 40.728764943947297 ] } },
{ "type": "Feature", "properties": { "name": null, "bbl": "1004510054", "shape_area": "266.44921875", "construction_year": "1900", "ground_elevation": "29", "mappluto_bbl": "1004510054", "objectid": "38284", "feature_code": "2100", "shape_length": "88.829514389688853", "height_roof": "68.33", "last_status_type": "Constructed", "bin": "1006428", "last_edited_date": "2017-08-22T19:33:46Z", "geom_source": "Photogrammetric", "doitt_id": "834126", "address": "315 EAST 9 STREET", "bldgclass": "C7", "numfloors": 6.0, "unitsres": 24, "yearbuilt": 1900, "latitude": 40.7290186, "longitude": -73.9862859, "roof_area_m2": 152.8496097207549, "pv_kw_dc": 25.984433652528335, "annual_kwh": 32168.728861830077, "avg_daily_kwh": 88.133503731041301, "psh_daily_kwh": 95.62271584130427, "canopy_area_m2": 129.92216826264166, "lon": -73.986291270240571, "lat": 40.729013241103715 }, "geometry": { "type": "Point", "coordinates": [ -73.986291270240571, 40.729013241103715 ] } },
{ "type": "Feature", "properties": { "name": null, "bbl": "1004510056", "shape_area": "181.859375", "construction_year": "1900", "ground_elevation": "30", "mappluto_bbl": "1004510056", "objectid": "747949", "feature_code": "2100", "shape_length": "55.917387324775959", "height_roof": "43.39", "last_status_type": "Constructed", "bin": "1006430", "last_edited_date": "2017-08-22T19:11:18Z", "geom_source": "Photogrammetric", "doitt_id": "313962", "address": "311 EAST 9 STREET", "bldgclass": "C1", "numfloors": 6.0, "unitsres": 7, "yearbuilt": 1900, "latitude": 40.7290845, "longitude": -73.9864446, "roof_area_m2": 104.33086427121944, "pv_kw_dc": 17.736246926107306, "annual_kwh": 21957.473694520846, "avg_daily_kwh": 60.157462176769442, "psh_daily_kwh": 65.269388688074883, "canopy_area_m2": 88.681234630536522, "lon": -73.986479058804278, "lat": 40.729038939984903 }, "geometry": { "type": "Point", "coordinates": [ -73.986479058804278, 40.729038939984903 ] } },
{ "type": "Feature", "properties": { "name": null, "bbl": "1004510023", "shape_area": "256.55078125", "construction_year": "1900", "ground_elevation": "27", "mappluto_bbl": "1004510023", "objectid": "589197", "feature_code": "2100", "shape_length": "86.587031103822838", "height_roof": "67.38", "last_status_type": "Constructed", "bin": "1006413", "last_edited_date": "2017-08-22T18:28:54Z", "geom_source": "Photogrammetric", "doitt_id": "570717", "address": "224 EAST 10 STREET", "bldgclass": "C7", "numfloors": 6.0, "unitsres": 22, "yearbuilt": 1900, "latitude": 40.7290487, "longitude": -73.9856437, "roof_area_m2": 147.17407153656472, "pv_kw_dc": 25.019592161216003, "annual_kwh": 30974.255095585413, "avg_daily_kwh": 84.860972864617565, "psh_daily_kwh": 92.072099153274891, "canopy_area_m2": 125.09796080608001, "lon": -73.985629525416115, "lat": 40.72907093544616 }, "geometry": { "type": "Point", "coordinates": [ -73.985629525416115, 40.72907093544616 ] } },
{ "type": "Feature", "properties": { "name": null, "bbl": "1004510021", "shape_area": "262.30859375", "construction_year": "1900", "ground_elevation": "28", "mappluto_bbl": "1004510021", "objectid": "924343", "feature_code": "2100", "shape_length": "89.717804423176631", "height_roof": "65.27", "last_status_type": "Constructed", "bin": "1006411", "last_edited_date": "2017-08-22T18:07:48Z", "geom_source": "Photogrammetric", "doitt_id": "106145", "address": "220 EAST 10 STREET", "bldgclass": "C6", "numfloors": 6.0, "unitsres": 9, "yearbuilt": 1900, "latitude": 40.7291146, "longitude": -73.9858024, "roof_area_m2": 150.47348810026554, "pv_kw_dc": 25.580492977045143, "annual_kwh": 31668.650305581887, "avg_daily_kwh": 86.763425494744894, "psh_daily_kwh": 94.136214155526133, "canopy_area_m2": 127.90246488522571, "lon": -73.985790605423475, "lat": 40.729134663029264 }, "geometry": { "type": "Point", "coordinates": [ -73.985790605423475, 40.729134663029264 ] } },
{ "type": "Feature", "properties": { "name": null, "bbl": "1004510019", "shape_area": "502.15234375", "construction_year": "1900", "ground_elevation": "28", "mappluto_bbl": "1004510019", "objectid": "707389", "feature_code": "2100", "shape_length": "124.97752000583047", "height_roof": "63.4", "last_status_type": "Constructed", "bin": "1006410", "last_edited_date": "2017-08-22T18:44:16Z", "geom_source": "Photogrammetric", "doitt_id": "721057", "address": "216 EAST 10 STREET", "bldgclass": "C7", "numfloors": 6.0, "unitsres": 28, "yearbuilt": 1900, "latitude": 40.729164, "longitude": -73.9859215, "roof_area_m2": 288.07656083348382, "pv_kw_dc": 48.973015341692246, "annual_kwh": 60628.592993015001, "avg_daily_kwh": 166.10573422743835, "psh_daily_kwh": 180.22069645742747, "canopy_area_m2": 244.86507670846123, "lon": -73.985908923876124, "lat": 40.729185896432462 }, "geometry": { "type": "Point", "coordinates": [ -73.985908923876124, 40.729185896432462 ] } },
{ "type": "Feature", "properties": { "name": null, "bbl": "1004510018", "shape_area": "269.69140625", "construction_year": "1900", "ground_elevation": "28", "mappluto_bbl": "1004510018", "objectid": "777577", "feature_code": "2100", "shape_length": "89.248385774878486", "height_roof": "65.65", "last_status_type": "Constructed", "bin": "1006409", "last_edited_date": "2017-08-22T18:31:42Z", "geom_source": "Photogrammetric", "doitt_id": "358009", "address": "214 EAST 10 STREET", "bldgclass": "C7", "numfloors": 6.0, "unitsres": 22, "yearbuilt": 1900, "latitude": 40.7292135, "longitude": -73.9860405, "roof_area_m2": 154.71718468614387, "pv_kw_dc": 26.30192139664446, "annual_kwh": 32561.778689045841, "avg_daily_kwh": 89.210352572728326, "psh_daily_kwh": 96.791070739651616, "canopy_area_m2": 131.50960698322228, "lon": -73.986028568006645, "lat": 40.729234611896722 }, "geometry": { "type": "Point", "coordinates": [ -73.986028568006645, 40.729234611896722 ] } },
{ "type": "Feature", "properties": { "name": null, "bbl": "1004520046", "shape_area": "269.1796875", "construction_year": "1900", "ground_elevation": "27", "mappluto_bbl": "1004520046", "objectid": "367720", "feature_code": "2100", "shape_length": "93.05209380144575", "height_roof": "64.94", "last_status_type": "Constructed", "bin": "1006461", "last_edited_date": "2017-08-22T18:35:44Z", "geom_source": "Photogrammetric", "doitt_id": "647817", "address": "223 EAST 10 STREET", "bldgclass": "C7", "numfloors": 6.0, "unitsres": 21, "yearbuilt": 1900, "latitude": 40.7294467, "longitude": -73.985456, "roof_area_m2": 154.43515866284164, "pv_kw_dc": 26.253976972683081, "annual_kwh": 32502.423492181653, "avg_daily_kwh": 89.047735595018224, "psh_daily_kwh": 96.614635259473744, "canopy_area_m2": 131.2698848634154, "lon": -73.985466796623939, "lat": 40.72943733675416 }, "geometry": { "type": "Point", "coordinates": [ -73.985466796623939, 40.72943733675416 ] } },
{ "type": "Feature", "properties": { "name": null, "bbl": "1003950003", "shape_area": "375.98828125", "construction_year": "1910", "ground_elevation": "12", "mappluto_bbl": "1003950003", "objectid": "514896", "feature_code": "2100", "shape_length": "95.552395652877166", "height_roof": "63.67", "last_status_type": "Constructed", "bin": "1077492", "last_edited_date": "2017-08-22T19:11:58Z", "geom_source": "Photogrammetric", "doitt_id": "626513", "address": "199 AVENUE B", "bldgclass": "C7", "numfloors": 6.0, "unitsres": 23, "yearbuilt": 1910, "latitude": 40.7282928, "longitude": -73.9785541, "roof_area_m2": 433.43205980807011, "pv_kw_dc": 73.683450167371916, "annual_kwh": 91220.111307206433, "avg_daily_kwh": 249.91811317042857, "psh_daily_kwh": 271.15509661592864, "canopy_area_m2": 368.41725083685958, "lon": -73.97855128166988, "lat": 40.728359387155727 }, "geometry": { "type": "Point", "coordinates": [ -73.97855128166988, 40.728359387155727 ] } },
{ "type": "Feature", "properties": { "name": null, "bbl": "1003950003", "shape_area": "375.98828125", "construction_year": "1910", "ground_elevation": "12", "mappluto_bbl": "1003950003", "objectid": "514896", "feature_code": "2100", "shape_length": "95.552395652877166", "height_roof": "63.67", "last_status_type": "Constructed", "bin": "1077492", "last_edited_date": "2017-08-22T19:11:58Z", "geom_source": "Photogrammetric", "doitt_id": "626513", "address": "199 AVENUE B", "bldgclass": "C7", "numfloors": 6.0, "unitsres": 23, "yearbuilt": 1910, "latitude": 40.7282928, "longitude": -73.9785541, "roof_area_m2": 433.43205980807011, "pv_kw_dc": 73.683450167371916, "annual_kwh": 91220.111307206433, "avg_daily_kwh": 249.91811317042857, "psh_daily_kwh": 271.15509661592864, "canopy_area_m2": 368.41725083685958, "lon": -73.97855128166988, "lat": 40.728359387155727 }, "geometry": { "type": "Point", "coordinates": [ -73.97855128166988, 40.728359387155727 ] } },
{ "type": "Feature", "properties": { "name": null, "bbl": "1004040004", "shape_area": "364.36328125", "construction_year": "1920", "ground_elevation": "18", "mappluto_bbl": "1004040004", "objectid": "426297", "feature_code": "2100", "shape_length": "94.709620495510947", "height_roof": "61.5", "last_status_type": "Constructed", "bin": "1005121", "last_edited_date": "2017-08-22T18:16:49Z", "geom_source": "Photogrammetric", "doitt_id": "848121", "address": "170 AVENUE A", "bldgclass": "C7", "numfloors": 6.0, "unitsres": 25, "yearbuilt": 1920, "latitude": 40.7282247, "longitude": -73.9816354, "roof_area_m2": 209.0257500566558, "pv_kw_dc": 35.53437750963149, "annual_kwh": 43991.559356923783, "avg_daily_kwh": 120.52482015595557, "psh_daily_kwh": 130.76650923544386, "canopy_area_m2": 177.67188754815743, "lon": -73.981643658408032, "lat": 40.728238716798124 }, "geometry": { "type": "Point", "coordinates": [ -73.981643658408032, 40.728238716798124 ] } },
{ "type": "Feature", "properties": { "name": null, "bbl": "1004060050", "shape_area": "293.8125", "construction_year": "1901", "ground_elevation": "12", "mappluto_bbl": "1004060050", "objectid": "422078", "feature_code": "2100", "shape_length": "98.332692788715661", "height_roof": "72.29", "last_status_type": "Constructed", "bin": "1083458", "last_edited_date": "2017-08-22T18:34:45Z", "geom_source": "Photogrammetric", "doitt_id": "26312", "address": "527 EAST 12 STREET", "bldgclass": "C6", "numfloors": 6.0, "unitsres": 48, "yearbuilt": 1901, "latitude": 40.7287322, "longitude": -73.979889, "roof_area_m2": 339.98584888257602, "pv_kw_dc": 57.79759431003793, "annual_kwh": 71553.421755826959, "avg_daily_kwh": 196.03677193377248, "psh_daily_kwh": 212.69514706093958, "canopy_area_m2": 288.98797155018963, "lon": -73.979855672283691, "lat": 40.72870830969493 }, "geometry": { "type": "Point", "coordinates": [ -73.979855672283691, 40.72870830969493 ] } },
{ "type": "Feature", "properties": { "name": null, "bbl": "1004060050", "shape_area": "293.8125", "construction_year": "1901", "ground_elevation": "12", "mappluto_bbl": "1004060050", "objectid": "422078", "feature_code": "2100", "shape_length": "98.332692788715661", "height_roof": "72.29", "last_status_type": "Constructed", "bin": "1083458", "last_edited_date": "2017-08-22T18:34:45Z", "geom_source": "Photogrammetric", "doitt_id": "26312", "address": "527 EAST 12 STREET", "bldgclass": "C6", "numfloors": 6.0, "unitsres": 48, "yearbuilt": 1901, "latitude": 40.7287322, "longitude": -73.979889, "roof_area_m2": 339.98584888257602, "pv_kw_dc": 57.79759431003793, "annual_kwh": 71553.421755826959, "avg_daily_kwh": 196.03677193377248, "psh_daily_kwh": 212.69514706093958, "canopy_area_m2": 288.98797155018963, "lon": -73.979855672283691, "lat": 40.72870830969493 }, "geometry": { "type": "Point", "coordinates": [ -73.979855672283691, 40.72870830969493 ] } },
{ "type": "Feature", "properties": { "name": null, "bbl": "1004060050", "shape_area": "298.81640625", "construction_year": "1901", "ground_elevation": "14", "mappluto_bbl": "1004060050", "objectid": "437524", "feature_code": "2100", "shape_length": "98.0596451439041", "height_roof": "72.4", "last_status_type": "Constructed", "bin": "1083455", "last_edited_date": "2017-08-22T17:46:06Z", "geom_source": "Photogrammetric", "doitt_id": "246976", "address": "527 EAST 12 STREET", "bldgclass": "C6", "numfloors": 6.0, "unitsres": 48, "yearbuilt": 1901, "latitude": 40.7287322, "longitude": -73.979889, "roof_area_m2": 339.98584888257602, "pv_kw_dc": 57.79759431003793, "annual_kwh": 71553.421755826959, "avg_daily_kwh": 196.03677193377248, "psh_daily_kwh": 212.69514706093958, "canopy_area_m2": 288.98797155018963, "lon": -73.979934545398322, "lat": 40.728741167297713 }, "geometry": { "type": "Point", "coordinates": [ -73.979934545398322, 40.728741167297713 ] } },
{ "type": "Feature", "properties": { "name": null, "bbl": "1004060050", "shape_area": "298.81640625", "construction_year": "1901", "ground_elevation": "14", "mappluto_bbl": "1004060050", "objectid": "437524", "feature_code": "2100", "shape_length": "98.0596451439041", "height_roof": "72.4", "last_status_type": "Constructed", "bin": "1083455", "last_edited_date": "2017-08-22T17:46:06Z", "geom_source": "Photogrammetric", "doitt_id": "246976", "address": "527 EAST 12 STREET", "bldgclass": "C6", "numfloors": 6.0, "unitsres": 48, "yearbuilt": 1901, "latitude": 40.7287322, "longitude": -73.979889, "roof_area_m2": 339.98584888257602, "pv_kw_dc": 57.79759431003793, "annual_kwh": 71553.421755826959, "avg_daily_kwh": 196.03677193377248, "psh_daily_kwh": 212.69514706093958, "canopy_area_m2": 288.98797155018963, "lon": -73.979934545398322, "lat": 40.728741167297713 }, "geometry": { "type": "Point", "coordinates": [ -73.979934545398322, 40.728741167297713 ] } },
{ "type": "Feature", "properties": { "name": null, "bbl": "1004060027", "shape_area": "290.140625", "construction_year": "1900", "ground_elevation": "13", "mappluto_bbl": "1004060027", "objectid": "522407", "feature_code": "2100", "shape_length": "86.525159283571313", "height_roof": "69.07", "last_status_type": "Constructed", "bin": "1005214", "last_edited_date": "2017-08-22T19:31:12Z", "geom_source": "Photogrammetric", "doitt_id": "734060", "address": "544 EAST 13 STREET", "bldgclass": "C6", "numfloors": 6.0, "unitsres": 14, "yearbuilt": 1900, "latitude": 40.7287842, "longitude": -73.9790988, "roof_area_m2": 166.45231748003519, "pv_kw_dc": 28.296893971605982, "annual_kwh": 35031.554736848208, "avg_daily_kwh": 95.976862292734822, "psh_daily_kwh": 104.13256981551001, "canopy_area_m2": 141.48446985802991, "lon": -73.979090615578031, "lat": 40.728796175830389 }, "geometry": { "type": "Point", "coordinates": [ -73.979090615578031, 40.728796175830389 ] } },
{ "type": "Feature", "properties": { "name": null, "bbl": "1004060021", "shape_area": "560.67578125", "construction_year": "1900", "ground_elevation": "14", "mappluto_bbl": "1004060021", "objectid": "926399", "feature_code": "2100", "shape_length": "134.08405603993671", "height_roof": "61.75", "last_status_type": "Constructed", "bin": "1005212", "last_edited_date": "2017-08-22T18:25:00Z", "geom_source": "Photogrammetric", "doitt_id": "697855", "address": "530 EAST 13 STREET", "bldgclass": "C7", "numfloors": 6.0, "unitsres": 38, "yearbuilt": 1900, "latitude": 40.7289215, "longitude": -73.9795462, "roof_area_m2": 321.65092475686998, "pv_kw_dc": 54.680657208667903, "annual_kwh": 67694.653624330866, "avg_daily_kwh": 185.46480445022155, "psh_daily_kwh": 201.22481852789787, "canopy_area_m2": 273.40328604333951, "lon": -73.979535682601437, "lat": 40.728942072788023 }, "geometry": { "type": "Point", "coordinates": [ -73.979535682601437, 40.728942072788023 ] } },
{ "type": "Feature", "properties": { "name": null, "bbl": "1004070040", "shape_area": "293.55078125", "construction_year": "1900", "ground_elevation": "12", "mappluto_bbl": "1004070040", "objectid": "527777", "feature_code": "2100", "shape_length": "95.593045802780864", "height_roof": "67.66", "last_status_type": "Constructed", "bin": "1005254", "last_edited_date": "2017-08-22T18:48:35Z", "geom_source": "Photogrammetric", "doitt_id": "696561", "address": "541 EAST 13 STREET", "bldgclass": "C4", "numfloors": 6.0, "unitsres": 15, "yearbuilt": 1900, "latitude": 40.7291547, "longitude": -73.9789111, "roof_area_m2": 168.40878654993878, "pv_kw_dc": 28.629493713489595, "annual_kwh": 35443.313217300121, "avg_daily_kwh": 97.104967718630476, "psh_daily_kwh": 105.3565368656417, "canopy_area_m2": 143.14746856744796, "lon": -73.978918746256895, "lat": 40.729146326587717 }, "geometry": { "type": "Point", "coordinates": [ -73.978918746256895, 40.729146326587717 ] } },
{ "type": "Feature", "properties": { "name": null, "bbl": "1004070032", "shape_area": "432.40625", "construction_year": "1905", "ground_elevation": "12", "mappluto_bbl": "1004070032", "objectid": "771937", "feature_code": "2100", "shape_length": "109.8780379957668", "height_roof": "62.5", "last_status_type": "Constructed", "bin": "1005248", "last_edited_date": "2017-08-22T17:31:55Z", "geom_source": "Photogrammetric", "doitt_id": "571163", "address": "224 AVENUE B", "bldgclass": "C7", "numfloors": 6.0, "unitsres": 26, "yearbuilt": 1905, "latitude": 40.7291986, "longitude": -73.9785214, "roof_area_m2": 248.06553866916664, "pv_kw_dc": 42.171141573758334, "annual_kwh": 52207.873268312818, "avg_daily_kwh": 143.03526922825429, "psh_daily_kwh": 155.18980099143067, "canopy_area_m2": 210.85570786879165, "lon": -73.978497607270342, "lat": 40.729193210790875 }, "geometry": { "type": "Point", "coordinates": [ -73.978497607270342, 40.729193210790875 ] } },
{ "type": "Feature", "properties": { "name": null, "bbl": "1004060011", "shape_area": "428.31640625", "construction_year": "1900", "ground_elevation": "15", "mappluto_bbl": "1004060011", "objectid": "575009", "feature_code": "2100", "shape_length": "111.66758353044956", "height_roof": "61.98", "last_status_type": "Constructed", "bin": "1005205", "last_edited_date": "2017-08-22T19:30:29Z", "geom_source": "Photogrammetric", "doitt_id": "173883", "address": "510 EAST 13 STREET", "bldgclass": "C7", "numfloors": 6.0, "unitsres": 27, "yearbuilt": 1900, "latitude": 40.7292785, "longitude": -73.9803903, "roof_area_m2": 245.71250280032953, "pv_kw_dc": 41.771125476056021, "annual_kwh": 51712.653339357355, "avg_daily_kwh": 141.67850229960919, "psh_daily_kwh": 153.71774175188614, "canopy_area_m2": 208.85562738028008, "lon": -73.980382518426723, "lat": 40.72930213481186 }, "geometry": { "type": "Point", "coordinates": [ -73.980382518426723, 40.72930213481186 ] } },
{ "type": "Feature", "properties": { "name": null, "bbl": "1004060009", "shape_area": "420.57421875", "construction_year": "1900", "ground_elevation": "16", "mappluto_bbl": "1004060009", "objectid": "696909", "feature_code": "2100", "shape_length": "109.83828426254055", "height_roof": "60.96", "last_status_type": "Constructed", "bin": "1005204", "last_edited_date": "2017-08-22T18:27:00Z", "geom_source": "Photogrammetric", "doitt_id": "672108", "address": "506 EAST 13 STREET", "bldgclass": "C7", "numfloors": 6.0, "unitsres": 27, "yearbuilt": 1900, "latitude": 40.7293279, "longitude": -73.9805094, "roof_area_m2": 241.27743602015741, "pv_kw_dc": 41.017164123426767, "annual_kwh": 50779.249184802335, "avg_daily_kwh": 139.12123064329407, "psh_daily_kwh": 150.94316397421048, "canopy_area_m2": 205.08582061713381, "lon": -73.980494754686617, "lat": 40.72934823251834 }, "geometry": { "type": "Point", "coordinates": [ -73.980494754686617, 40.72934823251834 ] } },
{ "type": "Feature", "properties": { "name": null, "bbl": "1004370007", "shape_area": "289.63671875", "construction_year": "1900", "ground_elevation": "22", "mappluto_bbl": "1004370007", "objectid": "269257", "feature_code": "2100", "shape_length": "94.346477207914134", "height_roof": "71.25", "last_status_type": "Constructed", "bin": "1005897", "last_edited_date": "2017-08-22T17:49:03Z", "geom_source": "Photogrammetric", "doitt_id": "698414", "address": "160 1 AVENUE", "bldgclass": "C7", "numfloors": 6.0, "unitsres": 22, "yearbuilt": 1900, "latitude": 40.7284914, "longitude": -73.9842511, "roof_area_m2": 166.16216496212306, "pv_kw_dc": 28.247568043560921, "annual_kwh": 34970.489237928421, "avg_daily_kwh": 95.809559555968278, "psh_daily_kwh": 103.9510504003042, "canopy_area_m2": 141.2378402178046, "lon": -73.984266489898573, "lat": 40.728507420506645 }, "geometry": { "type": "Point", "coordinates": [ -73.984266489898573, 40.728507420506645 ] } },
{ "type": "Feature", "properties": { "name": null, "bbl": "1004050012", "shape_area": "416.89453125", "construction_year": "1930", "ground_elevation": "16", "mappluto_bbl": "1004050012", "objectid": "565668", "feature_code": "2100", "shape_length": "112.68553393517641", "height_roof": "63.32", "last_status_type": "Constructed", "bin": "1005169", "last_edited_date": "2017-08-22T18:29:14Z", "geom_source": "Photogrammetric", "doitt_id": "287913", "address": "508 EAST 12 STREET", "bldgclass": "C7", "numfloors": 6.0, "unitsres": 28, "yearbuilt": 1930, "latitude": 40.7286391, "longitude": -73.9808595, "roof_area_m2": 239.16871761628587, "pv_kw_dc": 40.6586819947686, "annual_kwh": 50335.448309523526, "avg_daily_kwh": 137.90533783431104, "psh_daily_kwh": 149.62394974074843, "canopy_area_m2": 203.29340997384298, "lon": -73.980844823840343, "lat": 40.728667048207306 }, "geometry": { "type": "Point", "coordinates": [ -73.980844823840343, 40.728667048207306 ] } },
{ "type": "Feature", "properties": { "name": null, "bbl": "1004050010", "shape_area": "417.578125", "construction_year": "1930", "ground_elevation": "16", "mappluto_bbl": "1004050010", "objectid": "603752", "feature_code": "2100", "shape_length": "114.41864258884343", "height_roof": "63.07", "last_status_type": "Constructed", "bin": "1005168", "last_edited_date": "2017-08-22T17:42:25Z", "geom_source": "Photogrammetric", "doitt_id": "482144", "address": "504 EAST 12 STREET", "bldgclass": "C7", "numfloors": 6.0, "unitsres": 28, "yearbuilt": 1930, "latitude": 40.7286885, "longitude": -73.9809786, "roof_area_m2": 239.55705930050769, "pv_kw_dc": 40.724700081086311, "annual_kwh": 50417.178700384851, "avg_daily_kwh": 138.12925671338314, "psh_daily_kwh": 149.86689629839762, "canopy_area_m2": 203.62350040543154, "lon": -73.980959335682684, "lat": 40.728716419130556 }, "geometry": { "type": "Point", "coordinates": [ -73.980959335682684, 40.728716419130556 ] } },
{ "type": "Feature", "properties": { "name": null, "bbl": "1004380023", "shape_area": "250.3515625", "construction_year": "1910", "ground_elevation": "19", "mappluto_bbl": "1004380023", "objectid": "800484", "feature_code": "2100", "shape_length": "90.604471792503276", "height_roof": "64.68", "last_status_type": "Constructed", "bin": "1005942", "last_edited_date": "2017-08-22T18:13:10Z", "geom_source": "Photogrammetric", "doitt_id": "63844", "address": "430 EAST 11 STREET", "bldgclass": "C7", "numfloors": 6.0, "unitsres": 22, "yearbuilt": 1910, "latitude": 40.7285597, "longitude": -73.9826239, "roof_area_m2": 143.62176572716973, "pv_kw_dc": 24.415700173618855, "annual_kwh": 30226.636814940142, "avg_daily_kwh": 82.812703602575738, "psh_daily_kwh": 89.849776638917376, "canopy_area_m2": 122.07850086809427, "lon": -73.982616467255625, "lat": 40.728585519019084 }, "geometry": { "type": "Point", "coordinates": [ -73.982616467255625, 40.728585519019084 ] } },
{ "type": "Feature", "properties": { "name": null, "bbl": "1004060004", "shape_area": "348.40625", "construction_year": "1910", "ground_elevation": "17", "mappluto_bbl": "1004060004", "objectid": "168753", "feature_code": "2100", "shape_length": "90.9160165842972", "height_roof": "69.63", "last_status_type": "Constructed", "bin": "1005199", "last_edited_date": "2017-08-22T17:37:32Z", "geom_source": "Photogrammetric", "doitt_id": "77388", "address": "200 AVENUE A", "bldgclass": "C4", "numfloors": 6.0, "unitsres": 15, "yearbuilt": 1910, "latitude": 40.7292566, "longitude": -73.9808413, "roof_area_m2": 199.87526945176265, "pv_kw_dc": 33.978795806799653, "annual_kwh": 42065.749208817972, "avg_daily_kwh": 115.24862796936431, "psh_daily_kwh": 125.04196856902273, "canopy_area_m2": 169.89397903399825, "lon": -73.980847729870803, "lat": 40.729269402490949 }, "geometry": { "type": "Point", "coordinates": [ -73.980847729870803, 40.729269402490949 ] } },
{ "type": "Feature", "properties": { "name": null, "bbl": "1004400038", "shape_area": "669.09375", "construction_year": "1910", "ground_elevation": "18", "mappluto_bbl": "1004400038", "objectid": "264847", "feature_code": "2100", "shape_length": "163.77350789333272", "height_roof": "64.43", "last_status_type": "Constructed", "bin": "1005999", "last_edited_date": "2017-08-22T17:36:12Z", "geom_source": "Photogrammetric", "doitt_id": "193141", "address": "195 AVENUE A", "bldgclass": "C7", "numfloors": 6.0, "unitsres": 40, "yearbuilt": 1910, "latitude": 40.7293336, "longitude": -73.9815088, "roof_area_m2": 383.84274427023797, "pv_kw_dc": 65.253266525940461, "annual_kwh": 80783.543959114293, "avg_daily_kwh": 221.32477797017614, "psh_daily_kwh": 240.13202081546089, "canopy_area_m2": 326.26633262970228, "lon": -73.981506794537538, "lat": 40.729338649119583 }, "geometry": { "type": "Point", "coordinates": [ -73.981506794537538, 40.729338649119583 ] } },
{ "type": "Feature", "properties": { "name": null, "bbl": "1004400040", "shape_area": "530.7109375", "construction_year": "1910", "ground_elevation": "18", "mappluto_bbl": "1004400040", "objectid": "993363", "feature_code": "2100", "shape_length": "129.16636097736134", "height_roof": "63.94", "last_status_type": "Constructed", "bin": "1006000", "last_edited_date": "2017-08-22T17:38:53Z", "geom_source": "Photogrammetric", "doitt_id": "467781", "address": "437 EAST 12 STREET", "bldgclass": "C7", "numfloors": 6.0, "unitsres": 38, "yearbuilt": 1910, "latitude": 40.7294956, "longitude": -73.9817036, "roof_area_m2": 304.45520714920741, "pv_kw_dc": 51.757385215365268, "annual_kwh": 64075.642896622201, "avg_daily_kwh": 175.54970656608822, "psh_daily_kwh": 190.4671775925442, "canopy_area_m2": 258.78692607682632, "lon": -73.981710662343815, "lat": 40.729488389523311 }, "geometry": { "type": "Point", "coordinates": [ -73.981710662343815, 40.729488389523311 ] } },
{ "type": "Feature", "properties": { "name": null, "bbl": "1004400033", "shape_area": "298.34765625", "construction_year": "1900", "ground_elevation": "17", "mappluto_bbl": "1004400033", "objectid": "86947", "feature_code": "2100", "shape_length": "79.112897482968677", "height_roof": "60.19874813", "last_status_type": "Constructed", "bin": "1005996", "last_edited_date": "2017-08-22T19:22:55Z", "geom_source": "Photogrammetric", "doitt_id": "400154", "address": "205 AVENUE A", "bldgclass": "C7", "numfloors": 6.0, "unitsres": 9, "yearbuilt": 1900, "latitude": 40.7296163, "longitude": -73.9813031, "roof_area_m2": 171.15841209630366, "pv_kw_dc": 29.096930056371622, "annual_kwh": 36021.99940978807, "avg_daily_kwh": 98.690409341885129, "psh_daily_kwh": 107.07670260744756, "canopy_area_m2": 145.48465028185811, "lon": -73.981262672859572, "lat": 40.729604414180308 }, "geometry": { "type": "Point", "coordinates": [ -73.981262672859572, 40.729604414180308 ] } },
{ "type": "Feature", "properties": { "name": null, "bbl": "1004400030", "shape_area": "277.84765625", "construction_year": "1900", "ground_elevation": "17", "mappluto_bbl": "1004400030", "objectid": "621151", "feature_code": "2100", "shape_length": "94.738813084721045", "height_roof": "61.67", "last_status_type": "Constructed", "bin": "1005994", "last_edited_date": "2017-08-22T18:10:48Z", "geom_source": "Photogrammetric", "doitt_id": "849290", "address": "444 EAST 13 STREET", "bldgclass": "C7", "numfloors": 6.0, "unitsres": 15, "yearbuilt": 1900, "latitude": 40.7297343, "longitude": -73.9814798, "roof_area_m2": 159.39515527783962, "pv_kw_dc": 27.097176397232733, "annual_kwh": 33546.304379774127, "avg_daily_kwh": 91.907683232257881, "psh_daily_kwh": 99.717609141816453, "canopy_area_m2": 135.48588198616366, "lon": -73.981455873309429, "lat": 40.729754305247951 }, "geometry": { "type": "Point", "coordinates": [ -73.981455873309429, 40.729754305247951 ] } },
{ "type": "Feature", "properties": { "name": null, "bbl": "1004400050", "shape_area": "289.75390625", "construction_year": "1900", "ground_elevation": "19", "mappluto_bbl": "1004400050", "objectid": "638789", "feature_code": "2100", "shape_length": "96.239975686473088", "height_roof": "61.16", "last_status_type": "Constructed", "bin": "1006004", "last_edited_date": "2017-08-22T18:27:55Z", "geom_source": "Photogrammetric", "doitt_id": "33924", "address": "419 EAST 12 STREET", "bldgclass": "C4", "numfloors": 6.0, "unitsres": 11, "yearbuilt": 1900, "latitude": 40.7298003, "longitude": -73.9824323, "roof_area_m2": 166.22550219931196, "pv_kw_dc": 28.258335373883035, "annual_kwh": 34983.819192867195, "avg_daily_kwh": 95.846079980458072, "psh_daily_kwh": 103.99067417588957, "canopy_area_m2": 141.29167686941517, "lon": -73.982440143035433, "lat": 40.729796208510045 }, "geometry": { "type": "Point", "coordinates": [ -73.982440143035433, 40.729796208510045 ] } },
{ "type": "Feature", "properties": { "name": null, "bbl": "1004400051", "shape_area": "285.7890625", "construction_year": "1920", "ground_elevation": "20", "mappluto_bbl": "1004400051", "objectid": "438941", "feature_code": "2100", "shape_length": "95.489936508223153", "height_roof": "69.44", "last_status_type": "Constructed", "bin": "1006005", "last_edited_date": "2017-08-22T17:33:55Z", "geom_source": "Photogrammetric", "doitt_id": "780156", "address": "417 EAST 12 STREET", "bldgclass": "C1", "numfloors": 6.0, "unitsres": 15, "yearbuilt": 1920, "latitude": 40.7298333, "longitude": -73.9825081, "roof_area_m2": 163.95475898450465, "pv_kw_dc": 27.872309027365787, "annual_kwh": 34505.918575878844, "avg_daily_kwh": 94.536763221585872, "psh_daily_kwh": 102.57009722070609, "canopy_area_m2": 139.36154513682894, "lon": -73.98251544695016, "lat": 40.729827983670042 }, "geometry": { "type": "Point", "coordinates": [ -73.98251544695016, 40.729827983670042 ] } },
{ "type": "Feature", "properties": { "name": null, "bbl": "1004400052", "shape_area": "263.5", "construction_year": "1900", "ground_elevation": "20", "mappluto_bbl": "1004400052", "objectid": "630077", "feature_code": "2100", "shape_length": "89.718656393233573", "height_roof": "61.79", "last_status_type": "Constructed", "bin": "1006006", "last_edited_date": "2017-08-22T18:46:31Z", "geom_source": "Photogrammetric", "doitt_id": "802482", "address": "415 EAST 12 STREET", "bldgclass": "C6", "numfloors": 6.0, "unitsres": 15, "yearbuilt": 1900, "latitude": 40.729858, "longitude": -73.9825911, "roof_area_m2": 151.16747400831673, "pv_kw_dc": 25.698470581413844, "annual_kwh": 31814.706579790338, "avg_daily_kwh": 87.163579670658464, "psh_daily_kwh": 94.570371739602933, "canopy_area_m2": 128.4923529070692, "lon": -73.982610732064387, "lat": 40.729853148889504 }, "geometry": { "type": "Point", "coordinates": [ -73.982610732064387, 40.729853148889504 ] } },
{ "type": "Feature", "properties": { "name": null, "bbl": "1004400053", "shape_area": "265.046875", "construction_year": "1920", "ground_elevation": "20", "mappluto_bbl": "1004400053", "objectid": "445308", "feature_code": "2100", "shape_length": "90.065009290950087", "height_roof": "62.67", "last_status_type": "Constructed", "bin": "1006007", "last_edited_date": "2017-08-22T19:14:00Z", "geom_source": "Photogrammetric", "doitt_id": "117208", "address": "413 EAST 12 STREET", "bldgclass": "C7", "numfloors": 6.0, "unitsres": 16, "yearbuilt": 1920, "latitude": 40.7298992, "longitude": -73.9826632, "roof_area_m2": 152.05003616123736, "pv_kw_dc": 25.848506147410347, "annual_kwh": 32000.450610494012, "avg_daily_kwh": 87.672467426010996, "psh_daily_kwh": 95.12250262247008, "canopy_area_m2": 129.24253073705174, "lon": -73.982669238268414, "lat": 40.729882410637693 }, "geometry": { "type": "Point", "coordinates": [ -73.982669238268414, 40.729882410637693 ] } },
{ "type": "Feature", "properties": { "name": null, "bbl": "1004400021", "shape_area": "428.21875", "construction_year": "1900", "ground_elevation": "19", "mappluto_bbl": "1004400021", "objectid": "351878", "feature_code": "2100", "shape_length": "104.91108582214014", "height_roof": "63.59", "last_status_type": "Constructed", "bin": "1005988", "last_edited_date": "2017-08-22T18:18:26Z", "geom_source": "Photogrammetric", "doitt_id": "659364", "address": "424 EAST 13 STREET", "bldgclass": "C4", "numfloors": 6.0, "unitsres": 35, "yearbuilt": 1900, "latitude": 40.7300336, "longitude": -73.9821977, "roof_area_m2": 245.65162047295735, "pv_kw_dc": 41.760775480402749, "annual_kwh": 51699.840044738601, "avg_daily_kwh": 141.64339738284548, "psh_daily_kwh": 153.67965376788212, "canopy_area_m2": 208.80387740201374, "lon": -73.982177514746468, "lat": 40.730064796698336 }, "geometry": { "type": "Point", "coordinates": [ -73.982177514746468, 40.730064796698336 ] } },
{ "type": "Feature", "properties": { "name": null, "bbl": "1004400019", "shape_area": "421.52734375", "construction_year": "1900", "ground_elevation": "19", "mappluto_bbl": "1004400019", "objectid": "601998", "feature_code": "2100", "shape_length": "103.45622527587223", "height_roof": "64", "last_status_type": "Constructed", "bin": "1005987", "last_edited_date": "2017-08-22T17:30:14Z", "geom_source": "Photogrammetric", "doitt_id": "127008", "address": "420 EAST 13 STREET", "bldgclass": "C4", "numfloors": 6.0, "unitsres": 33, "yearbuilt": 1900, "latitude": 40.7300858, "longitude": -73.982324, "roof_area_m2": 241.81310828601957, "pv_kw_dc": 41.108228408623326, "annual_kwh": 50891.986769875679, "avg_daily_kwh": 139.43010073938541, "psh_daily_kwh": 151.27828054373384, "canopy_area_m2": 205.54114204311662, "lon": -73.982303936978795, "lat": 40.730116691012164 }, "geometry": { "type": "Point", "coordinates": [ -73.982303936978795, 40.730116691012164 ] } },
{ "type": "Feature", "properties": { "name": null, "bbl": "1004400018", "shape_area": "413.80078125", "construction_year": "1900", "ground_elevation": "19", "mappluto_bbl": "1004400018", "objectid": "36829", "feature_code": "2100", "shape_length": "104.69239471714077", "height_roof": "72.51", "last_status_type": "Constructed", "bin": "1005986", "last_edited_date": "2017-08-22T17:58:57Z", "geom_source": "Photogrammetric", "doitt_id": "690118", "address": "416 EAST 13 STREET", "bldgclass": "C4", "numfloors": 6.0, "unitsres": 35, "yearbuilt": 1900, "latitude": 40.7301352, "longitude": -73.9824503, "roof_area_m2": 237.38334181996922, "pv_kw_dc": 40.355168109394768, "annual_kwh": 49959.698119430723, "avg_daily_kwh": 136.87588525871431, "psh_daily_kwh": 148.50701864257275, "canopy_area_m2": 201.77584054697382, "lon": -73.982428335722489, "lat": 40.730171941364617 }, "geometry": { "type": "Point", "coordinates": [ -73.982428335722489, 40.730171941364617 ] } },
{ "type": "Feature", "properties": { "name": null, "bbl": "1004400014", "shape_area": "450.89453125", "construction_year": "1900", "ground_elevation": "20", "mappluto_bbl": "1004400014", "objectid": "528934", "feature_code": "2100", "shape_length": "119.56761977843205", "height_roof": "71.78", "last_status_type": "Constructed", "bin": "1005985", "last_edited_date": "2017-08-22T17:31:14Z", "geom_source": "Photogrammetric", "doitt_id": "739803", "address": "410 EAST 13 STREET", "bldgclass": "C4", "numfloors": 6.0, "unitsres": 35, "yearbuilt": 1900, "latitude": 40.7301929, "longitude": -73.9825802, "roof_area_m2": 258.65961143267106, "pv_kw_dc": 43.972133943554077, "annual_kwh": 54437.50182211995, "avg_daily_kwh": 149.14384060854781, "psh_daily_kwh": 161.81745291227901, "canopy_area_m2": 219.86066971777038, "lon": -73.982563828215035, "lat": 40.730221400433976 }, "geometry": { "type": "Point", "coordinates": [ -73.982563828215035, 40.730221400433976 ] } },
{ "type": "Feature", "properties": { "name": null, "bbl": "1004520047", "shape_area": "273.88671875", "construction_year": "1900", "ground_elevation": "27", "mappluto_bbl": "1004520047", "objectid": "801033", "feature_code": "2100", "shape_length": "90.9127525260452", "height_roof": "69.08", "last_status_type": "Constructed", "bin": "1006462", "last_edited_date": "2017-08-22T19:10:09Z", "geom_source": "Photogrammetric", "doitt_id": "349683", "address": "221 EAST 10 STREET", "bldgclass": "C7", "numfloors": 6.0, "unitsres": 24, "yearbuilt": 1900, "latitude": 40.7294796, "longitude": -73.9855353, "roof_area_m2": 157.12196430849465, "pv_kw_dc": 26.710733932444089, "annual_kwh": 33067.888608365785, "avg_daily_kwh": 90.596955091413108, "psh_daily_kwh": 98.295500871394253, "canopy_area_m2": 133.55366966222044, "lon": -73.985545811306324, "lat": 40.729470494528272 }, "geometry": { "type": "Point", "coordinates": [ -73.985545811306324, 40.729470494528272 ] } },
{ "type": "Feature", "properties": { "name": null, "bbl": "1004520048", "shape_area": "270.125", "construction_year": "1900", "ground_elevation": "27", "mappluto_bbl": "1004520048", "objectid": "209421", "feature_code": "2100", "shape_length": "93.101799222735167", "height_roof": "66.14", "last_status_type": "Constructed", "bin": "1006463", "last_edited_date": "2017-08-22T17:37:03Z", "geom_source": "Photogrammetric", "doitt_id": "294900", "address": "219 EAST 10 STREET", "bldgclass": "C7", "numfloors": 6.0, "unitsres": 21, "yearbuilt": 1900, "latitude": 40.7295126, "longitude": -73.9856147, "roof_area_m2": 154.96195545260105, "pv_kw_dc": 26.343532426942176, "annual_kwh": 32613.293144554413, "avg_daily_kwh": 89.351488067272371, "psh_daily_kwh": 96.944199331147203, "canopy_area_m2": 131.71766213471088, "lon": -73.985624782757412, "lat": 40.729503861047533 }, "geometry": { "type": "Point", "coordinates": [ -73.985624782757412, 40.729503861047533 ] } },
{ "type": "Feature", "properties": { "name": null, "bbl": "1004520050", "shape_area": "279.203125", "construction_year": "1900", "ground_elevation": "28", "mappluto_bbl": "1004520050", "objectid": "297223", "feature_code": "2100", "shape_length": "91.328532475465082", "height_roof": "68.19", "last_status_type": "Constructed", "bin": "1006465", "last_edited_date": "2017-08-22T19:37:25Z", "geom_source": "Photogrammetric", "doitt_id": "391175", "address": "215 EAST 10 STREET", "bldgclass": "C7", "numfloors": 6.0, "unitsres": 24, "yearbuilt": 1900, "latitude": 40.7295812, "longitude": -73.9857734, "roof_area_m2": 160.16422982483857, "pv_kw_dc": 27.227919070222555, "annual_kwh": 33708.163808935526, "avg_daily_kwh": 92.351133723111033, "psh_daily_kwh": 100.198742178419, "canopy_area_m2": 136.13959535111277, "lon": -73.985781711247128, "lat": 40.729571395879731 }, "geometry": { "type": "Point", "coordinates": [ -73.985781711247128, 40.729571395879731 ] } },
{ "type": "Feature", "properties": { "name": null, "bbl": "1004520052", "shape_area": "292.921875", "construction_year": "1900", "ground_elevation": "28", "mappluto_bbl": "1004520052", "objectid": "864133", "feature_code": "2100", "shape_length": "105.07497707252442", "height_roof": "71.78", "last_status_type": "Constructed", "bin": "1006467", "last_edited_date": "2017-08-22T18:08:48Z", "geom_source": "Photogrammetric", "doitt_id": "795768", "address": "211 EAST 10 STREET", "bldgclass": "C1", "numfloors": 6.0, "unitsres": 20, "yearbuilt": 1900, "latitude": 40.7296471, "longitude": -73.9859322, "roof_area_m2": 168.04442290487094, "pv_kw_dc": 28.567551893828064, "annual_kwh": 35366.629244559146, "avg_daily_kwh": 96.894874642627798, "psh_daily_kwh": 105.12859096928726, "canopy_area_m2": 142.83775946914031, "lon": -73.985936378692557, "lat": 40.729639698087816 }, "geometry": { "type": "Point", "coordinates": [ -73.985936378692557, 40.729639698087816 ] } },
{ "type": "Feature", "properties": { "name": null, "bbl": "1004520017", "shape_area": "251.890625", "construction_year": "1900", "ground_elevation": "27", "mappluto_bbl": "1004520017", "objectid": "655917", "feature_code": "2100", "shape_length": "85.100052250181022", "height_roof": "62.87", "last_status_type": "Constructed", "bin": "1006440", "last_edited_date": "2017-08-22T19:06:26Z", "geom_source": "Photogrammetric", "doitt_id": "502751", "address": "318 EAST 11 STREET", "bldgclass": "C7", "numfloors": 6.0, "unitsres": 16, "yearbuilt": 1900, "latitude": 40.7297486, "longitude": -73.9854451, "roof_area_m2": 144.49744406191067, "pv_kw_dc": 24.564565490524814, "annual_kwh": 30410.932077269721, "avg_daily_kwh": 83.317622129506091, "psh_daily_kwh": 90.397601005131321, "canopy_area_m2": 122.82282745262407, "lon": -73.985438965570367, "lat": 40.729775172707697 }, "geometry": { "type": "Point", "coordinates": [ -73.985438965570367, 40.729775172707697 ] } },
{ "type": "Feature", "properties": { "name": null, "bbl": "1004540047", "shape_area": "558.47265625", "construction_year": "1920", "ground_elevation": "23", "mappluto_bbl": "1004540047", "objectid": "525242", "feature_code": "2100", "shape_length": "129.70573206277163", "height_roof": "67.06", "last_status_type": "Constructed", "bin": "1006500", "last_edited_date": "2017-08-22T18:29:42Z", "geom_source": "Photogrammetric", "doitt_id": "852422", "address": "345 EAST 12 STREET", "bldgclass": "C7", "numfloors": 6.0, "unitsres": 37, "yearbuilt": 1920, "latitude": 40.7304373, "longitude": -73.9839403, "roof_area_m2": 320.37465870545839, "pv_kw_dc": 54.463691979927923, "annual_kwh": 67426.050671150762, "avg_daily_kwh": 184.72890594835826, "psh_daily_kwh": 200.42638648613476, "canopy_area_m2": 272.31845989963961, "lon": -73.983946559995786, "lat": 40.730433204069563 }, "geometry": { "type": "Point", "coordinates": [ -73.983946559995786, 40.730433204069563 ] } },
{ "type": "Feature", "properties": { "name": null, "bbl": "1004540050", "shape_area": "561.94921875", "construction_year": "1900", "ground_elevation": "23", "mappluto_bbl": "1004540050", "objectid": "248078", "feature_code": "2100", "shape_length": "130.24553924351571", "height_roof": "66.78", "last_status_type": "Constructed", "bin": "1006501", "last_edited_date": "2017-08-22T18:37:38Z", "geom_source": "Photogrammetric", "doitt_id": "301303", "address": "339 EAST 12 STREET", "bldgclass": "C1", "numfloors": 6.0, "unitsres": 37, "yearbuilt": 1900, "latitude": 40.7305032, "longitude": -73.9840991, "roof_area_m2": 322.36612241102728, "pv_kw_dc": 54.80224080987464, "annual_kwh": 67845.174122624798, "avg_daily_kwh": 185.87718937705424, "psh_daily_kwh": 201.67224618033868, "canopy_area_m2": 274.01120404937319, "lon": -73.984106525561657, "lat": 40.730500497036402 }, "geometry": { "type": "Point", "coordinates": [ -73.984106525561657, 40.730500497036402 ] } },
{ "type": "Feature", "properties": { "name": null, "bbl": "1004540056", "shape_area": "322.86328125", "construction_year": "1900", "ground_elevation": "24", "mappluto_bbl": "1004540056", "objectid": "293025", "feature_code": "2100", "shape_length": "103.76620727759494", "height_roof": "71.14", "last_status_type": "Constructed", "bin": "1006503", "last_edited_date": "2017-08-22T18:03:05Z", "geom_source": "Photogrammetric", "doitt_id": "65586", "address": "329 EAST 12 STREET", "bldgclass": "C1", "numfloors": 6.0, "unitsres": 24, "yearbuilt": 1900, "latitude": 40.7306625, "longitude": -73.9844743, "roof_area_m2": 185.22073085256858, "pv_kw_dc": 31.487524244936658, "annual_kwh": 38981.555015231585, "avg_daily_kwh": 106.79878086364818, "psh_daily_kwh": 115.8740892213669, "canopy_area_m2": 157.43762122468328, "lon": -73.984481690278471, "lat": 40.730657313397707 }, "geometry": { "type": "Point", "coordinates": [ -73.984481690278471, 40.730657313397707 ] } },
{ "type": "Feature", "properties": { "name": null, "bbl": "1004520021", "shape_area": "277.98046875", "construction_year": "1900", "ground_elevation": "26", "mappluto_bbl": "1004520021", "objectid": "997490", "feature_code": "2100", "shape_length": "98.656818188509646", "height_roof": "67.42", "last_status_type": "Constructed", "bin": "1006442", "last_edited_date": "2017-08-22T17:52:04Z", "geom_source": "Photogrammetric", "doitt_id": "738587", "address": "326 EAST 11 STREET", "bldgclass": "C4", "numfloors": 6.0, "unitsres": 15, "yearbuilt": 1900, "latitude": 40.7296141, "longitude": -73.9851276, "roof_area_m2": 159.46880053302641, "pv_kw_dc": 27.109696090614491, "annual_kwh": 33561.803760180737, "avg_daily_kwh": 91.950147288166406, "psh_daily_kwh": 99.76368161346133, "canopy_area_m2": 135.54848045307244, "lon": -73.985115570724744, "lat": 40.729635231934232 }, "geometry": { "type": "Point", "coordinates": [ -73.985115570724744, 40.729635231934232 ] } },
{ "type": "Feature", "properties": { "name": null, "bbl": "1004520019", "shape_area": "260.6875", "construction_year": "1900", "ground_elevation": "27", "mappluto_bbl": "1004520019", "objectid": "759847", "feature_code": "2100", "shape_length": "89.623945326397418", "height_roof": "74.23", "last_status_type": "Constructed", "bin": "1006441", "last_edited_date": "2017-08-22T18:50:08Z", "geom_source": "Photogrammetric", "doitt_id": "268911", "address": "322 EAST 11 STREET", "bldgclass": "C6", "numfloors": 6.0, "unitsres": 24, "yearbuilt": 1900, "latitude": 40.7296827, "longitude": -73.9852863, "roof_area_m2": 149.54448194765115, "pv_kw_dc": 25.422561931100695, "annual_kwh": 31473.13167070266, "avg_daily_kwh": 86.227758001925096, "psh_daily_kwh": 93.555027906450562, "canopy_area_m2": 127.11280965550347, "lon": -73.985275766199109, "lat": 40.729702411271653 }, "geometry": { "type": "Point", "coordinates": [ -73.985275766199109, 40.729702411271653 ] } },
{ "type": "Feature", "properties": { "name": null, "bbl": "1004510014", "shape_area": "286.578125", "construction_year": "1900", "ground_elevation": "29", "mappluto_bbl": "1004510014", "objectid": "192341", "feature_code": "2100", "shape_length": "93.101326453259674", "height_roof": "67.65", "last_status_type": "Constructed", "bin": "1006405", "last_edited_date": "2017-08-22T19:39:41Z", "geom_source": "Photogrammetric", "doitt_id": "489618", "address": "206 EAST 10 STREET", "bldgclass": "C4", "numfloors": 6.0, "unitsres": 26, "yearbuilt": 1900, "latitude": 40.729348, "longitude": -73.986358, "roof_area_m2": 164.40341514346923, "pv_kw_dc": 27.948580574389769, "annual_kwh": 34600.342751094533, "avg_daily_kwh": 94.795459592039819, "psh_daily_kwh": 102.85077651375434, "canopy_area_m2": 139.74290287194884, "lon": -73.986344895314971, "lat": 40.729368999880592 }, "geometry": { "type": "Point", "coordinates": [ -73.986344895314971, 40.729368999880592 ] } },
{ "type": "Feature", "properties": { "name": null, "bbl": "1004540059", "shape_area": "468.2265625", "construction_year": "1900", "ground_elevation": "24", "mappluto_bbl": "1004540059", "objectid": "579947", "feature_code": "2100", "shape_length": "155.99703339252255", "height_roof": "73.47", "last_status_type": "Constructed", "bin": "1006505", "last_edited_date": "2017-08-22T18:11:34Z", "geom_source": "Photogrammetric", "doitt_id": "207566", "address": "323 EAST 12 STREET", "bldgclass": "C4", "numfloors": 6.0, "unitsres": 37, "yearbuilt": 1900, "latitude": 40.7307421, "longitude": -73.9846655, "roof_area_m2": 268.60033157115004, "pv_kw_dc": 45.662056367095509, "annual_kwh": 56529.625782464238, "avg_daily_kwh": 154.87568707524449, "psh_daily_kwh": 168.03636743091147, "canopy_area_m2": 228.31028183547753, "lon": -73.984676456579479, "lat": 40.730734673231602 }, "geometry": { "type": "Point", "coordinates": [ -73.984676456579479, 40.730734673231602 ] } },
{ "type": "Feature", "properties": { "name": null, "bbl": "1004540060", "shape_area": "558.78515625", "construction_year": "1920", "ground_elevation": "25", "mappluto_bbl": "1004540060", "objectid": "305638", "feature_code": "2100", "shape_length": "130.61815980512642", "height_roof": "64.37", "last_status_type": "Constructed", "bin": "1006506", "last_edited_date": "2017-08-22T18:02:53Z", "geom_source": "Photogrammetric", "doitt_id": "59239", "address": "321 EAST 12 STREET", "bldgclass": "C6", "numfloors": 6.0, "unitsres": 36, "yearbuilt": 1920, "latitude": 40.7308025, "longitude": -73.9848062, "roof_area_m2": 320.55407877868998, "pv_kw_dc": 54.494193392377298, "annual_kwh": 67463.811419763093, "avg_daily_kwh": 184.83236005414545, "psh_daily_kwh": 200.53863168394844, "canopy_area_m2": 272.47096696188646, "lon": -73.984814991900777, "lat": 40.730798698871929 }, "geometry": { "type": "Point", "coordinates": [ -73.984814991900777, 40.730798698871929 ] } },
{ "type": "Feature", "properties": { "name": null, "bbl": "1004540063", "shape_area": "541.09765625", "construction_year": "1900", "ground_elevation": "25", "mappluto_bbl": "1004540063", "objectid": "154696", "feature_code": "2100", "shape_length": "128.32537247314161", "height_roof": "65", "last_status_type": "Constructed", "bin": "1006507", "last_edited_date": "2017-08-22T18:38:52Z", "geom_source": "Photogrammetric", "doitt_id": "594458", "address": "315 EAST 12 STREET", "bldgclass": "C6", "numfloors": 6.0, "unitsres": 36, "yearbuilt": 1900, "latitude": 40.7308684, "longitude": -73.984965, "roof_area_m2": 310.39929791871037, "pv_kw_dc": 52.767880646180771, "annual_kwh": 65326.636239971791, "avg_daily_kwh": 178.9770855889638, "psh_daily_kwh": 194.18580077794525, "canopy_area_m2": 263.83940323090383, "lon": -73.984971499102414, "lat": 40.730864716984875 }, "geometry": { "type": "Point", "coordinates": [ -73.984971499102414, 40.730864716984875 ] } },
{ "type": "Feature", "properties": { "name": null, "bbl": "1004530008", "shape_area": "575.00390625", "construction_year": "1920", "ground_elevation": "29", "mappluto_bbl": "1004530008", "objectid": "711284", "feature_code": "2100", "shape_length": "103.73342032886217", "height_roof": "67.05", "last_status_type": "Constructed", "bin": "1006476", "last_edited_date": "2017-08-22T17:54:21Z", "geom_source": "Photogrammetric", "doitt_id": "759581", "address": "188 2 AVENUE", "bldgclass": "C7", "numfloors": 6.0, "unitsres": 20, "yearbuilt": 1920, "latitude": 40.7307697, "longitude": -73.9856866, "roof_area_m2": 329.85426234594991, "pv_kw_dc": 56.075224598811488, "annual_kwh": 69421.128053328619, "avg_daily_kwh": 190.19487137898253, "psh_daily_kwh": 206.35682652362627, "canopy_area_m2": 280.37612299405743, "lon": -73.985699663703812, "lat": 40.730777230966126 }, "geometry": { "type": "Point", "coordinates": [ -73.985699663703812, 40.730777230966126 ] } },
{ "type": "Feature", "properties": { "name": null, "bbl": "1004540057", "shape_area": "314.21484375", "construction_year": "1900", "ground_elevation": "24", "mappluto_bbl": "1004540057", "objectid": "254461", "feature_code": "2100", "shape_length": "102.61019728850138", "height_roof": "71.99", "last_status_type": "Constructed", "bin": "1006504", "last_edited_date": "2017-08-22T18:37:48Z", "geom_source": "Photogrammetric", "doitt_id": "45794", "address": "327 EAST 12 STREET", "bldgclass": "C7", "numfloors": 6.0, "unitsres": 22, "yearbuilt": 1900, "latitude": 40.7306982, "longitude": -73.9845573, "roof_area_m2": 180.25608952844576, "pv_kw_dc": 30.643535219835783, "annual_kwh": 37936.696602156699, "avg_daily_kwh": 103.93615507440191, "psh_daily_kwh": 112.76820960899568, "canopy_area_m2": 153.2176760991789, "lon": -73.984566884417603, "lat": 40.730693651157836 }, "geometry": { "type": "Point", "coordinates": [ -73.984566884417603, 40.730693651157836 ] } },
{ "type": "Feature", "properties": { "name": null, "bbl": "1004540032", "shape_area": "449.828125", "construction_year": "1920", "ground_elevation": "20", "mappluto_bbl": "1004540032", "objectid": "848224", "feature_code": "2100", "shape_length": "109.68038490351033", "height_roof": "71.34", "last_status_type": "Constructed", "bin": "1006487", "last_edited_date": "2017-08-22T18:26:10Z", "geom_source": "Photogrammetric", "doitt_id": "14352", "address": "346 EAST 13 STREET", "bldgclass": "C1", "numfloors": 6.0, "unitsres": 24, "yearbuilt": 1920, "latitude": 40.7307338, "longitude": -73.9838465, "roof_area_m2": 258.04941867347594, "pv_kw_dc": 43.868401174490913, "annual_kwh": 54309.080654019752, "avg_daily_kwh": 148.79200179183493, "psh_daily_kwh": 161.43571632212655, "canopy_area_m2": 219.34200587245454, "lon": -73.983828847218689, "lat": 40.730761853031531 }, "geometry": { "type": "Point", "coordinates": [ -73.983828847218689, 40.730761853031531 ] } },
{ "type": "Feature", "properties": { "name": null, "bbl": "1004540024", "shape_area": "507.8203125", "construction_year": "1900", "ground_elevation": "24", "mappluto_bbl": "1004540024", "objectid": "853062", "feature_code": "2100", "shape_length": "120.04037218233174", "height_roof": "63.13", "last_status_type": "Constructed", "bin": "1006483", "last_edited_date": "2017-08-22T18:43:40Z", "geom_source": "Photogrammetric", "doitt_id": "409650", "address": "334 EAST 13 STREET", "bldgclass": "C7", "numfloors": 6.0, "unitsres": 34, "yearbuilt": 1900, "latitude": 40.730904, "longitude": -73.9842505, "roof_area_m2": 291.32416688439389, "pv_kw_dc": 49.525108370346963, "annual_kwh": 61312.08416248954, "avg_daily_kwh": 167.97831277394394, "psh_daily_kwh": 182.25239880287683, "canopy_area_m2": 247.62554185173479, "lon": -73.98423344052199, "lat": 40.730928495207593 }, "geometry": { "type": "Point", "coordinates": [ -73.98423344052199, 40.730928495207593 ] } },
{ "type": "Feature", "properties": { "name": null, "bbl": "1004680027", "shape_area": "473.8515625", "construction_year": "1900", "ground_elevation": "26", "mappluto_bbl": "1004680027", "objectid": "865047", "feature_code": "2100", "shape_length": "107.11310309663351", "height_roof": "67.97", "last_status_type": "Constructed", "bin": "1077726", "last_edited_date": "2017-08-22T18:25:57Z", "geom_source": "Photogrammetric", "doitt_id": "710671", "address": "236 EAST 13 STREET", "bldgclass": "C7", "numfloors": 6.0, "unitsres": 84, "yearbuilt": 1900, "latitude": 40.7317634, "longitude": -73.9862889, "roof_area_m2": 793.56645788258538, "pv_kw_dc": 134.90629784003951, "annual_kwh": 167013.99672596893, "avg_daily_kwh": 457.57259376977788, "psh_daily_kwh": 496.4551760513454, "canopy_area_m2": 674.5314892001976, "lon": -73.986133988839882, "lat": 40.731734521184293 }, "geometry": { "type": "Point", "coordinates": [ -73.986133988839882, 40.731734521184293 ] } },
{ "type": "Feature", "properties": { "name": null, "bbl": "1004680027", "shape_area": "473.8515625", "construction_year": "1900", "ground_elevation": "26", "mappluto_bbl": "1004680027", "objectid": "865047", "feature_code": "2100", "shape_length": "107.11310309663351", "height_roof": "67.97", "last_status_type": "Constructed", "bin": "1077726", "last_edited_date": "2017-08-22T18:25:57Z", "geom_source": "Photogrammetric", "doitt_id": "710671", "address": "236 EAST 13 STREET", "bldgclass": "C7", "numfloors": 6.0, "unitsres": 84, "yearbuilt": 1900, "latitude": 40.7317634, "longitude": -73.9862889, "roof_area_m2": 793.56645788258538, "pv_kw_dc": 134.90629784003951, "annual_kwh": 167013.99672596893, "avg_daily_kwh": 457.57259376977788, "psh_daily_kwh": 496.4551760513454, "canopy_area_m2": 674.5314892001976, "lon": -73.986133988839882, "lat": 40.731734521184293 }, "geometry": { "type": "Point", "coordinates": [ -73.986133988839882, 40.731734521184293 ] } },
{ "type": "Feature", "properties": { "name": null, "bbl": "1004680027", "shape_area": "473.8515625", "construction_year": "1900", "ground_elevation": "26", "mappluto_bbl": "1004680027", "objectid": "865047", "feature_code": "2100", "shape_length": "107.11310309663351", "height_roof": "67.97", "last_status_type": "Constructed", "bin": "1077726", "last_edited_date": "2017-08-22T18:25:57Z", "geom_source": "Photogrammetric", "doitt_id": "710671", "address": "236 EAST 13 STREET", "bldgclass": "C7", "numfloors": 6.0, "unitsres": 84, "yearbuilt": 1900, "latitude": 40.7317634, "longitude": -73.9862889, "roof_area_m2": 793.56645788258538, "pv_kw_dc": 134.90629784003951, "annual_kwh": 167013.99672596893, "avg_daily_kwh": 457.57259376977788, "psh_daily_kwh": 496.4551760513454, "canopy_area_m2": 674.5314892001976, "lon": -73.986133988839882, "lat": 40.731734521184293 }, "geometry": { "type": "Point", "coordinates": [ -73.986133988839882, 40.731734521184293 ] } },
{ "type": "Feature", "properties": { "name": null, "bbl": "1004540004", "shape_area": "622.87890625", "construction_year": "1920", "ground_elevation": "26", "mappluto_bbl": "1004540004", "objectid": "903700", "feature_code": "2100", "shape_length": "141.18449050742311", "height_roof": "67.81", "last_status_type": "Constructed", "bin": "1006479", "last_edited_date": "2017-08-22T18:42:43Z", "geom_source": "Photogrammetric", "doitt_id": "41201", "address": "198 2 AVENUE", "bldgclass": "C7", "numfloors": 6.0, "unitsres": 33, "yearbuilt": 1920, "latitude": 40.7311347, "longitude": -73.9853943, "roof_area_m2": 357.31782870091672, "pv_kw_dc": 60.744030879155844, "annual_kwh": 75201.110228394929, "avg_daily_kwh": 206.03043898190393, "psh_daily_kwh": 223.53803363529352, "canopy_area_m2": 303.72015439577922, "lon": -73.985390532051056, "lat": 40.731143969788604 }, "geometry": { "type": "Point", "coordinates": [ -73.985390532051056, 40.731143969788604 ] } },
{ "type": "Feature", "properties": { "name": null, "bbl": "1004640046", "shape_area": "336.953125", "construction_year": "1900", "ground_elevation": "35", "mappluto_bbl": "1004640046", "objectid": "17299", "feature_code": "2100", "shape_length": "104.49225196816481", "height_roof": "63.95", "last_status_type": "Constructed", "bin": "1006752", "last_edited_date": "2017-08-22T17:34:15Z", "geom_source": "Photogrammetric", "doitt_id": "727141", "address": "27 ST MARKS PLACE", "bldgclass": "C7", "numfloors": 6.0, "unitsres": 20, "yearbuilt": 1900, "latitude": 40.7291451, "longitude": -73.9883497, "roof_area_m2": 193.3022489656893, "pv_kw_dc": 32.861382324167181, "annual_kwh": 40682.391317318972, "avg_daily_kwh": 111.4586063488191, "psh_daily_kwh": 120.92988695293523, "canopy_area_m2": 164.3069116208359, "lon": -73.988348413829584, "lat": 40.729154616462701 }, "geometry": { "type": "Point", "coordinates": [ -73.988348413829584, 40.729154616462701 ] } },
{ "type": "Feature", "properties": { "name": null, "bbl": "1004640051", "shape_area": "339.3984375", "construction_year": "1900", "ground_elevation": "37", "mappluto_bbl": "1004640051", "objectid": "460482", "feature_code": "2100", "shape_length": "99.920744060299185", "height_roof": "67.24", "last_status_type": "Constructed", "bin": "1006755", "last_edited_date": "2017-08-22T18:15:58Z", "geom_source": "Photogrammetric", "doitt_id": "328036", "address": "17 ST MARKS PLACE", "bldgclass": "C7", "numfloors": 6.0, "unitsres": 22, "yearbuilt": 1900, "latitude": 40.7293208, "longitude": -73.988761, "roof_area_m2": 194.69835293012613, "pv_kw_dc": 33.098719998121446, "annual_kwh": 40976.215357674351, "avg_daily_kwh": 112.26360371965576, "psh_daily_kwh": 121.8032895930869, "canopy_area_m2": 165.49359999060721, "lon": -73.988757548717089, "lat": 40.72932828063751 }, "geometry": { "type": "Point", "coordinates": [ -73.988757548717089, 40.72932828063751 ] } },
{ "type": "Feature", "properties": { "name": null, "bbl": "1004650057", "shape_area": "306.28515625", "construction_year": "1900", "ground_elevation": "34", "mappluto_bbl": "1004650057", "objectid": "267245", "feature_code": "2100", "shape_length": "90.889612798392747", "height_roof": "69.09", "last_status_type": "Constructed", "bin": "1006801", "last_edited_date": "2017-08-22T17:48:52Z", "geom_source": "Photogrammetric", "doitt_id": "297443", "address": "233 EAST 9 STREET", "bldgclass": "C1", "numfloors": 6.0, "unitsres": 18, "yearbuilt": 1900, "latitude": 40.729576, "longitude": -73.9877074, "roof_area_m2": 175.71425845379528, "pv_kw_dc": 29.871423937145199, "annual_kwh": 36980.822834185754, "avg_daily_kwh": 101.31732283338563, "psh_daily_kwh": 109.92684008869433, "canopy_area_m2": 149.35711968572599, "lon": -73.987715208042616, "lat": 40.729571511706418 }, "geometry": { "type": "Point", "coordinates": [ -73.987715208042616, 40.729571511706418 ] } },
{ "type": "Feature", "properties": { "name": null, "bbl": "1004650050", "shape_area": "573.49609375", "construction_year": "1900", "ground_elevation": "33", "mappluto_bbl": "1004650050", "objectid": "707498", "feature_code": "2100", "shape_length": "140.87340944644933", "height_roof": "65.19", "last_status_type": "Constructed", "bin": "1006798", "last_edited_date": "2017-08-22T18:09:26Z", "geom_source": "Photogrammetric", "doitt_id": "179395", "address": "151 2 AVENUE", "bldgclass": "C7", "numfloors": 6.0, "unitsres": 27, "yearbuilt": 1900, "latitude": 40.7296336, "longitude": -73.9873574, "roof_area_m2": 328.99354923132273, "pv_kw_dc": 55.928903369324864, "annual_kwh": 69239.982371224178, "avg_daily_kwh": 189.69858183897034, "psh_daily_kwh": 205.8183643991155, "canopy_area_m2": 279.6445168466243, "lon": -73.987341871527789, "lat": 40.729636404504099 }, "geometry": { "type": "Point", "coordinates": [ -73.987341871527789, 40.729636404504099 ] } },
{ "type": "Feature", "properties": { "name": null, "bbl": "1004660021", "shape_area": "419.90625", "construction_year": "1910", "ground_elevation": "34", "mappluto_bbl": "1004660021", "objectid": "542226", "feature_code": "2100", "shape_length": "100.98147354395454", "height_roof": "63.64", "last_status_type": "Constructed", "bin": "1006814", "last_edited_date": "2017-08-22T17:30:54Z", "geom_source": "Photogrammetric", "doitt_id": "659435", "address": "224 EAST 11 STREET", "bldgclass": "C6", "numfloors": 6.0, "unitsres": 26, "yearbuilt": 1910, "latitude": 40.7306409, "longitude": -73.9875737, "roof_area_m2": 240.87989979489893, "pv_kw_dc": 40.949582965132819, "annual_kwh": 50695.583710834428, "avg_daily_kwh": 138.89201016666968, "psh_daily_kwh": 150.69446531168876, "canopy_area_m2": 204.74791482566408, "lon": -73.987556592466845, "lat": 40.730668458085084 }, "geometry": { "type": "Point", "coordinates": [ -73.987556592466845, 40.730668458085084 ] } },
{ "type": "Feature", "properties": { "name": null, "bbl": "1004660018", "shape_area": "420.4609375", "construction_year": "1920", "ground_elevation": "34", "mappluto_bbl": "1004660018", "objectid": "312190", "feature_code": "2100", "shape_length": "103.89751656399201", "height_roof": "67.48", "last_status_type": "Constructed", "bin": "1006812", "last_edited_date": "2017-08-22T18:02:33Z", "geom_source": "Photogrammetric", "doitt_id": "14710", "address": "218 EAST 11 STREET", "bldgclass": "C1", "numfloors": 6.0, "unitsres": 24, "yearbuilt": 1920, "latitude": 40.730726, "longitude": -73.9877793, "roof_area_m2": 241.2024884461531, "pv_kw_dc": 41.004423035846031, "annual_kwh": 50763.475718377384, "avg_daily_kwh": 139.07801566678737, "psh_daily_kwh": 150.89627677191339, "canopy_area_m2": 205.02211517923013, "lon": -73.987762197406227, "lat": 40.730756351789879 }, "geometry": { "type": "Point", "coordinates": [ -73.987762197406227, 40.730756351789879 ] } },
{ "type": "Feature", "properties": { "name": null, "bbl": "1004670047", "shape_area": "282.2265625", "construction_year": "1900", "ground_elevation": "32", "mappluto_bbl": "1004670047", "objectid": "761093", "feature_code": "2100", "shape_length": "102.43079716535972", "height_roof": "72.44", "last_status_type": "Constructed", "bin": "1006839", "last_edited_date": "2017-08-22T17:58:11Z", "geom_source": "Photogrammetric", "doitt_id": "696531", "address": "229 EAST 11 STREET", "bldgclass": "C7", "numfloors": 6.0, "unitsres": 24, "yearbuilt": 1900, "latitude": 40.7309867, "longitude": -73.987238, "roof_area_m2": 161.90472762158484, "pv_kw_dc": 27.523803695669422, "annual_kwh": 34074.468975238742, "avg_daily_kwh": 93.354709521202039, "psh_daily_kwh": 101.28759760006346, "canopy_area_m2": 137.6190184783471, "lon": -73.987243461980498, "lat": 40.730980278244097 }, "geometry": { "type": "Point", "coordinates": [ -73.987243461980498, 40.730980278244097 ] } },
{ "type": "Feature", "properties": { "name": null, "bbl": "1004680045", "shape_area": "280.89453125", "construction_year": "1930", "ground_elevation": "30", "mappluto_bbl": "1004680045", "objectid": "389829", "feature_code": "2100", "shape_length": "102.74930227370677", "height_roof": "63.43", "last_status_type": "Constructed", "bin": "1006874", "last_edited_date": "2017-08-22T17:34:33Z", "geom_source": "Photogrammetric", "doitt_id": "143976", "address": "233 EAST 12 STREET", "bldgclass": "C5", "numfloors": 6.0, "unitsres": 22, "yearbuilt": 1930, "latitude": 40.7314724, "longitude": -73.9863936, "roof_area_m2": 161.13006963334539, "pv_kw_dc": 27.392111837668718, "annual_kwh": 33911.434455033872, "avg_daily_kwh": 92.908039602832531, "psh_daily_kwh": 100.80297156262088, "canopy_area_m2": 136.96055918834358, "lon": -73.986395895151645, "lat": 40.73146509048626 }, "geometry": { "type": "Point", "coordinates": [ -73.986395895151645, 40.73146509048626 ] } },
{ "type": "Feature", "properties": { "name": null, "bbl": "1004610009", "shape_area": "355.24609375", "construction_year": "1930", "ground_elevation": "40", "mappluto_bbl": "1004610009", "objectid": "246815", "feature_code": "2100", "shape_length": "108.69387364557647", "height_roof": "68.91", "last_status_type": "Constructed", "bin": "1006611", "last_edited_date": "2017-08-22T19:38:33Z", "geom_source": "Photogrammetric", "doitt_id": "486284", "address": "202 EAST 6 STREET", "bldgclass": "C7", "numfloors": 6.0, "unitsres": 16, "yearbuilt": 1930, "latitude": 40.7280007, "longitude": -73.9904786, "roof_area_m2": 203.80607233398692, "pv_kw_dc": 34.647032296777773, "annual_kwh": 42893.02598341088, "avg_daily_kwh": 117.51513968057776, "psh_daily_kwh": 127.5010788521422, "canopy_area_m2": 173.23516148388887, "lon": -73.990467813063901, "lat": 40.728024974713186 }, "geometry": { "type": "Point", "coordinates": [ -73.990467813063901, 40.728024974713186 ] } },
{ "type": "Feature", "properties": { "name": null, "bbl": "1005560015", "shape_area": "1289.09765625", "construction_year": "1900", "ground_elevation": "38", "mappluto_bbl": "1005560015", "objectid": "469209", "feature_code": "2100", "shape_length": "151.47277271500411", "height_roof": "73.46", "last_status_type": "Constructed", "bin": "1078005", "last_edited_date": "2017-08-22T18:33:34Z", "geom_source": "Photogrammetric", "doitt_id": "144023", "address": "85 EAST 10 STREET", "bldgclass": "C4", "numfloors": 6.0, "unitsres": 107, "yearbuilt": 1900, "latitude": 40.7311791, "longitude": -73.989605, "roof_area_m2": 739.48562418109236, "pv_kw_dc": 125.71255611078571, "annual_kwh": 155632.1444651527, "avg_daily_kwh": 426.3894368908293, "psh_daily_kwh": 462.62220648769136, "canopy_area_m2": 628.56278055392852, "lon": -73.989615416803119, "lat": 40.731162232425596 }, "geometry": { "type": "Point", "coordinates": [ -73.989615416803119, 40.731162232425596 ] } },
{ "type": "Feature", "properties": { "name": null, "bbl": "1005560052", "shape_area": "653.7734375", "construction_year": "1900", "ground_elevation": "40", "mappluto_bbl": "1005560052", "objectid": "905970", "feature_code": "2100", "shape_length": "112.65414463975743", "height_roof": "68.54", "last_status_type": "Constructed", "bin": "1008980", "last_edited_date": "2017-08-22T17:53:14Z", "geom_source": "Photogrammetric", "doitt_id": "831079", "address": "126 EAST 12 STREET", "bldgclass": "C6", "numfloors": 6.0, "unitsres": 24, "yearbuilt": 1900, "latitude": 40.7320546, "longitude": -73.9889842, "roof_area_m2": 375.02314370826809, "pv_kw_dc": 63.753934430405572, "annual_kwh": 78927.370824842103, "avg_daily_kwh": 216.23937212285509, "psh_daily_kwh": 234.61447870389247, "canopy_area_m2": 318.76967215202785, "lon": -73.988963093663969, "lat": 40.732074235161356 }, "geometry": { "type": "Point", "coordinates": [ -73.988963093663969, 40.732074235161356 ] } },
{ "type": "Feature", "properties": { "name": null, "bbl": "1005580048", "shape_area": "299.2421875", "construction_year": "1900", "ground_elevation": "42", "mappluto_bbl": "1005580048", "objectid": "600913", "feature_code": "2100", "shape_length": "79.108824471663524", "height_roof": "61.45", "last_status_type": "Constructed", "bin": "1009028", "last_edited_date": "2017-08-22T19:30:00Z", "geom_source": "Photogrammetric", "doitt_id": "193439", "address": "111 EAST 12 STREET", "bldgclass": "C7", "numfloors": 6.0, "unitsres": 9, "yearbuilt": 1900, "latitude": 40.7326749, "longitude": -73.9892331, "roof_area_m2": 171.65578556038079, "pv_kw_dc": 29.181483545264737, "annual_kwh": 36126.676629037742, "avg_daily_kwh": 98.977196243939019, "psh_daily_kwh": 107.38785944657423, "canopy_area_m2": 145.90741772632367, "lon": -73.989255130174286, "lat": 40.732645381324055 }, "geometry": { "type": "Point", "coordinates": [ -73.989255130174286, 40.732645381324055 ] } },
{ "type": "Feature", "properties": { "name": null, "bbl": "1004680027", "shape_area": "458.26171875", "construction_year": "1900", "ground_elevation": "28", "mappluto_bbl": "1004680027", "objectid": "797221", "feature_code": "2100", "shape_length": "110.08218480031471", "height_roof": "67.46", "last_status_type": "Constructed", "bin": "1077725", "last_edited_date": "2017-08-22T17:57:37Z", "geom_source": "Photogrammetric", "doitt_id": "302822", "address": "236 EAST 13 STREET", "bldgclass": "C7", "numfloors": 6.0, "unitsres": 84, "yearbuilt": 1900, "latitude": 40.7317634, "longitude": -73.9862889, "roof_area_m2": 793.56645788258538, "pv_kw_dc": 134.90629784003951, "annual_kwh": 167013.99672596893, "avg_daily_kwh": 457.57259376977788, "psh_daily_kwh": 496.4551760513454, "canopy_area_m2": 674.5314892001976, "lon": -73.986269803469284, "lat": 40.731790436298915 }, "geometry": { "type": "Point", "coordinates": [ -73.986269803469284, 40.731790436298915 ] } },
{ "type": "Feature", "properties": { "name": null, "bbl": "1004680027", "shape_area": "458.26171875", "construction_year": "1900", "ground_elevation": "28", "mappluto_bbl": "1004680027", "objectid": "797221", "feature_code": "2100", "shape_length": "110.08218480031471", "height_roof": "67.46", "last_status_type": "Constructed", "bin": "1077725", "last_edited_date": "2017-08-22T17:57:37Z", "geom_source": "Photogrammetric", "doitt_id": "302822", "address": "236 EAST 13 STREET", "bldgclass": "C7", "numfloors": 6.0, "unitsres": 84, "yearbuilt": 1900, "latitude": 40.7317634, "longitude": -73.9862889, "roof_area_m2": 793.56645788258538, "pv_kw_dc": 134.90629784003951, "annual_kwh": 167013.99672596893, "avg_daily_kwh": 457.57259376977788, "psh_daily_kwh": 496.4551760513454, "canopy_area_m2": 674.5314892001976, "lon": -73.986269803469284, "lat": 40.731790436298915 }, "geometry": { "type": "Point", "coordinates": [ -73.986269803469284, 40.731790436298915 ] } },
{ "type": "Feature", "properties": { "name": null, "bbl": "1004680027", "shape_area": "458.26171875", "construction_year": "1900", "ground_elevation": "28", "mappluto_bbl": "1004680027", "objectid": "797221", "feature_code": "2100", "shape_length": "110.08218480031471", "height_roof": "67.46", "last_status_type": "Constructed", "bin": "1077725", "last_edited_date": "2017-08-22T17:57:37Z", "geom_source": "Photogrammetric", "doitt_id": "302822", "address": "236 EAST 13 STREET", "bldgclass": "C7", "numfloors": 6.0, "unitsres": 84, "yearbuilt": 1900, "latitude": 40.7317634, "longitude": -73.9862889, "roof_area_m2": 793.56645788258538, "pv_kw_dc": 134.90629784003951, "annual_kwh": 167013.99672596893, "avg_daily_kwh": 457.57259376977788, "psh_daily_kwh": 496.4551760513454, "canopy_area_m2": 674.5314892001976, "lon": -73.986269803469284, "lat": 40.731790436298915 }, "geometry": { "type": "Point", "coordinates": [ -73.986269803469284, 40.731790436298915 ] } },
{ "type": "Feature", "properties": { "name": null, "bbl": "1004680027", "shape_area": "451.28515625", "construction_year": "1900", "ground_elevation": "28", "mappluto_bbl": "1004680027", "objectid": "307413", "feature_code": "2100", "shape_length": "108.45098043280836", "height_roof": "68.76", "last_status_type": "Constructed", "bin": "1083490", "last_edited_date": "2017-08-22T17:35:42Z", "geom_source": "Photogrammetric", "doitt_id": "837196", "address": "236 EAST 13 STREET", "bldgclass": "C7", "numfloors": 6.0, "unitsres": 84, "yearbuilt": 1900, "latitude": 40.7317634, "longitude": -73.9862889, "roof_area_m2": 793.56645788258538, "pv_kw_dc": 134.90629784003951, "annual_kwh": 167013.99672596893, "avg_daily_kwh": 457.57259376977788, "psh_daily_kwh": 496.4551760513454, "canopy_area_m2": 674.5314892001976, "lon": -73.986401365706655, "lat": 40.731845610334219 }, "geometry": { "type": "Point", "coordinates": [ -73.986401365706655, 40.731845610334219 ] } },
{ "type": "Feature", "properties": { "name": null, "bbl": "1004680027", "shape_area": "451.28515625", "construction_year": "1900", "ground_elevation": "28", "mappluto_bbl": "1004680027", "objectid": "307413", "feature_code": "2100", "shape_length": "108.45098043280836", "height_roof": "68.76", "last_status_type": "Constructed", "bin": "1083490", "last_edited_date": "2017-08-22T17:35:42Z", "geom_source": "Photogrammetric", "doitt_id": "837196", "address": "236 EAST 13 STREET", "bldgclass": "C7", "numfloors": 6.0, "unitsres": 84, "yearbuilt": 1900, "latitude": 40.7317634, "longitude": -73.9862889, "roof_area_m2": 793.56645788258538, "pv_kw_dc": 134.90629784003951, "annual_kwh": 167013.99672596893, "avg_daily_kwh": 457.57259376977788, "psh_daily_kwh": 496.4551760513454, "canopy_area_m2": 674.5314892001976, "lon": -73.986401365706655, "lat": 40.731845610334219 }, "geometry": { "type": "Point", "coordinates": [ -73.986401365706655, 40.731845610334219 ] } },
{ "type": "Feature", "properties": { "name": null, "bbl": "1004680027", "shape_area": "451.28515625", "construction_year": "1900", "ground_elevation": "28", "mappluto_bbl": "1004680027", "objectid": "307413", "feature_code": "2100", "shape_length": "108.45098043280836", "height_roof": "68.76", "last_status_type": "Constructed", "bin": "1083490", "last_edited_date": "2017-08-22T17:35:42Z", "geom_source": "Photogrammetric", "doitt_id": "837196", "address": "236 EAST 13 STREET", "bldgclass": "C7", "numfloors": 6.0, "unitsres": 84, "yearbuilt": 1900, "latitude": 40.7317634, "longitude": -73.9862889, "roof_area_m2": 793.56645788258538, "pv_kw_dc": 134.90629784003951, "annual_kwh": 167013.99672596893, "avg_daily_kwh": 457.57259376977788, "psh_daily_kwh": 496.4551760513454, "canopy_area_m2": 674.5314892001976, "lon": -73.986401365706655, "lat": 40.731845610334219 }, "geometry": { "type": "Point", "coordinates": [ -73.986401365706655, 40.731845610334219 ] } },
{ "type": "Feature", "properties": { "name": null, "bbl": "1004680024", "shape_area": "338.09375", "construction_year": "1900", "ground_elevation": "32", "mappluto_bbl": "1004680024", "objectid": "946774", "feature_code": "2100", "shape_length": "105.69240758848531", "height_roof": "76.45", "last_status_type": "Constructed", "bin": "1006863", "last_edited_date": "2017-08-22T17:52:40Z", "geom_source": "Photogrammetric", "doitt_id": "384749", "address": "228 EAST 13 STREET", "bldgclass": "C6", "numfloors": 6.0, "unitsres": 28, "yearbuilt": 1900, "latitude": 40.7319226, "longitude": -73.9866678, "roof_area_m2": 193.9453408526829, "pv_kw_dc": 32.970707944956096, "annual_kwh": 40817.736435855644, "avg_daily_kwh": 111.8294148927552, "psh_daily_kwh": 121.33220523743842, "canopy_area_m2": 164.85353972478046, "lon": -73.986654719959347, "lat": 40.731941467813954 }, "geometry": { "type": "Point", "coordinates": [ -73.986654719959347, 40.731941467813954 ] } },
{ "type": "Feature", "properties": { "name": null, "bbl": "1004680023", "shape_area": "353.8046875", "construction_year": "1930", "ground_elevation": "32", "mappluto_bbl": "1004680023", "objectid": "697768", "feature_code": "2100", "shape_length": "107.92253505965978", "height_roof": "76.33", "last_status_type": "Constructed", "bin": "1006862", "last_edited_date": "2017-08-22T17:29:13Z", "geom_source": "Photogrammetric", "doitt_id": "148352", "address": "226 EAST 13 STREET", "bldgclass": "C4", "numfloors": 6.0, "unitsres": 28, "yearbuilt": 1930, "latitude": 40.731961, "longitude": -73.986758, "roof_area_m2": 202.95387045038288, "pv_kw_dc": 34.502157976565087, "annual_kwh": 42713.67157498758, "avg_daily_kwh": 117.023757739692, "psh_daily_kwh": 126.96794135375951, "canopy_area_m2": 172.51078988282543, "lon": -73.986742954544809, "lat": 40.731978413293859 }, "geometry": { "type": "Point", "coordinates": [ -73.986742954544809, 40.731978413293859 ] } },
{ "type": "Feature", "properties": { "name": null, "bbl": "1004680021", "shape_area": "337.39453125", "construction_year": "1920", "ground_elevation": "33", "mappluto_bbl": "1004680021", "objectid": "823695", "feature_code": "2100", "shape_length": "104.38902478246045", "height_roof": "75.63", "last_status_type": "Constructed", "bin": "1006861", "last_edited_date": "2017-08-22T17:43:32Z", "geom_source": "Photogrammetric", "doitt_id": "428091", "address": "224 EAST 13 STREET", "bldgclass": "C7", "numfloors": 6.0, "unitsres": 27, "yearbuilt": 1920, "latitude": 40.7319967, "longitude": -73.9868482, "roof_area_m2": 193.5378378773049, "pv_kw_dc": 32.901432439141836, "annual_kwh": 40731.97335965759, "avg_daily_kwh": 111.59444756070573, "psh_daily_kwh": 121.07727137604195, "canopy_area_m2": 164.50716219570916, "lon": -73.986834812913116, "lat": 40.7320172319383 }, "geometry": { "type": "Point", "coordinates": [ -73.986834812913116, 40.7320172319383 ] } },
{ "type": "Feature", "properties": { "name": null, "bbl": "1004690046", "shape_area": "385.3984375", "construction_year": "1920", "ground_elevation": "32", "mappluto_bbl": "1004690046", "objectid": "924427", "feature_code": "2100", "shape_length": "105.66506748308029", "height_roof": "78.78", "last_status_type": "Constructed", "bin": "1006916", "last_edited_date": "2017-08-22T18:07:48Z", "geom_source": "Photogrammetric", "doitt_id": "481620", "address": "235 EAST 13 STREET", "bldgclass": "C4", "numfloors": 6.0, "unitsres": 23, "yearbuilt": 1920, "latitude": 40.7322492, "longitude": -73.9862492, "roof_area_m2": 221.07559380788689, "pv_kw_dc": 37.582850947340766, "annual_kwh": 46527.569472807867, "avg_daily_kwh": 127.47279307618594, "psh_daily_kwh": 138.30489148621402, "canopy_area_m2": 187.91425473670384, "lon": -73.986250016534783, "lat": 40.732242406001248 }, "geometry": { "type": "Point", "coordinates": [ -73.986250016534783, 40.732242406001248 ] } },
{ "type": "Feature", "properties": { "name": null, "bbl": "1004690047", "shape_area": "494.7578125", "construction_year": "1920", "ground_elevation": "32", "mappluto_bbl": "1004690047", "objectid": "693834", "feature_code": "2100", "shape_length": "120.83674212194894", "height_roof": "78.2", "last_status_type": "Constructed", "bin": "1006917", "last_edited_date": "2009-02-14T00:00:00Z", "geom_source": "Photogrammetric", "doitt_id": "232321", "address": "231 EAST 13 STREET", "bldgclass": "C4", "numfloors": 6.0, "unitsres": 26, "yearbuilt": 1920, "latitude": 40.7322959, "longitude": -73.9863574, "roof_area_m2": 283.80099084438365, "pv_kw_dc": 48.246168443545223, "annual_kwh": 59728.756533108986, "avg_daily_kwh": 163.64042885783283, "psh_daily_kwh": 177.54589987224642, "canopy_area_m2": 241.23084221772609, "lon": -73.986363579060068, "lat": 40.73228441497043 }, "geometry": { "type": "Point", "coordinates": [ -73.986363579060068, 40.73228441497043 ] } },
{ "type": "Feature", "properties": { "name": null, "bbl": "1004690014", "shape_area": "264.84765625", "construction_year": "1920", "ground_elevation": "36", "mappluto_bbl": "1004690014", "objectid": "703676", "feature_code": "2100", "shape_length": "86.765240731673032", "height_roof": "52.86", "last_status_type": "Constructed", "bin": "1006895", "last_edited_date": "2017-08-22T19:05:57Z", "geom_source": "Photogrammetric", "doitt_id": "474296", "address": "212 EAST 14 STREET", "bldgclass": "CB", "numfloors": 6.0, "unitsres": 10, "yearbuilt": 1920, "latitude": 40.73279, "longitude": -73.9867434, "roof_area_m2": 151.92002121654514, "pv_kw_dc": 25.826403606812672, "annual_kwh": 31973.087665234088, "avg_daily_kwh": 87.597500452696138, "psh_daily_kwh": 95.041165273070632, "canopy_area_m2": 129.13201803406335, "lon": -73.986712578124965, "lat": 40.732828989843192 }, "geometry": { "type": "Point", "coordinates": [ -73.986712578124965, 40.732828989843192 ] } },
{ "type": "Feature", "properties": { "name": null, "bbl": "1005590043", "shape_area": "265.17578125", "construction_year": "1900", "ground_elevation": "40", "mappluto_bbl": "1005590043", "objectid": "591049", "feature_code": "2100", "shape_length": "89.934229907321424", "height_roof": "65.33", "last_status_type": "Constructed", "bin": "1009084", "last_edited_date": "2017-08-22T18:11:47Z", "geom_source": "Photogrammetric", "doitt_id": "466703", "address": "139 EAST 13 STREET", "bldgclass": "C4", "numfloors": 6.0, "unitsres": 20, "yearbuilt": 1900, "latitude": 40.7330426, "longitude": -73.9881433, "roof_area_m2": 152.11115333995741, "pv_kw_dc": 25.858896067792763, "annual_kwh": 32013.313331927442, "avg_daily_kwh": 87.707707758705325, "psh_daily_kwh": 95.160737529477373, "canopy_area_m2": 129.29448033896381, "lon": -73.988146643451927, "lat": 40.733024196442159 }, "geometry": { "type": "Point", "coordinates": [ -73.988146643451927, 40.733024196442159 ] } },
{ "type": "Feature", "properties": { "name": null, "bbl": "1004400003", "shape_area": "429.03515625", "construction_year": "1905", "ground_elevation": "22", "mappluto_bbl": "1004400003", "objectid": "688399", "feature_code": "2100", "shape_length": "103.35160791484024", "height_roof": "71.05", "last_status_type": "Constructed", "bin": "1005978", "last_edited_date": "2017-08-22T18:09:50Z", "geom_source": "Photogrammetric", "doitt_id": "363935", "address": "202 1 AVENUE", "bldgclass": "C7", "numfloors": 6.0, "unitsres": 20, "yearbuilt": 1905, "latitude": 40.7301298, "longitude": -73.9830817, "roof_area_m2": 246.11586516455412, "pv_kw_dc": 41.839697077974201, "annual_kwh": 51797.544982532061, "avg_daily_kwh": 141.91108214392347, "psh_daily_kwh": 153.97008524694505, "canopy_area_m2": 209.198485389871, "lon": -73.98309996821547, "lat": 40.730144243892184 }, "geometry": { "type": "Point", "coordinates": [ -73.98309996821547, 40.730144243892184 ] } },
{ "type": "Feature", "properties": { "name": null, "bbl": "1004400007", "shape_area": "350.125", "construction_year": "1912", "ground_elevation": "22", "mappluto_bbl": "1004400007", "objectid": "536089", "feature_code": "2100", "shape_length": "83.835253903922691", "height_roof": "62.91", "last_status_type": "Constructed", "bin": "1005981", "last_edited_date": "2017-08-22T18:29:43Z", "geom_source": "Photogrammetric", "doitt_id": "109243", "address": "210 1 AVENUE", "bldgclass": "C7", "numfloors": 6.0, "unitsres": 20, "yearbuilt": 1912, "latitude": 40.7303274, "longitude": -73.982959, "roof_area_m2": 200.85483932679486, "pv_kw_dc": 34.145322685555122, "annual_kwh": 42271.909484717238, "avg_daily_kwh": 115.81345064306093, "psh_daily_kwh": 125.65478748284283, "canopy_area_m2": 170.72661342777562, "lon": -73.982976766842114, "lat": 40.730347781214817 }, "geometry": { "type": "Point", "coordinates": [ -73.982976766842114, 40.730347781214817 ] } },
{ "type": "Feature", "properties": { "name": null, "bbl": "1004400024", "shape_area": "521.4453125", "construction_year": "1900", "ground_elevation": "18", "mappluto_bbl": "1004400024", "objectid": "1079689", "feature_code": "2100", "shape_length": "128.25940026733224", "height_roof": "68.2", "last_status_type": "Constructed", "bin": "1005989", "last_edited_date": "2021-08-20T18:04:20Z", "geom_source": "Photogrammetric", "doitt_id": "774610", "address": "432 EAST 13 STREET", "bldgclass": "C7", "numfloors": 6.0, "unitsres": 38, "yearbuilt": 1900, "latitude": 40.7299101, "longitude": -73.9819019, "roof_area_m2": 299.13236183768544, "pv_kw_dc": 50.852501512406526, "annual_kwh": 62955.396872359277, "avg_daily_kwh": 172.48053937632679, "psh_daily_kwh": 187.13720556565602, "canopy_area_m2": 254.26250756203262, "lon": -73.981890076459635, "lat": 40.72993098370231 }, "geometry": { "type": "Point", "coordinates": [ -73.981890076459635, 40.72993098370231 ] } },
{ "type": "Feature", "properties": { "name": null, "bbl": "1004410035", "shape_area": "592.109375", "construction_year": "1900", "ground_elevation": "16", "mappluto_bbl": "1004410035", "objectid": "840391", "feature_code": "2100", "shape_length": "139.5754584476046", "height_roof": "68.12", "last_status_type": "Constructed", "bin": "1006022", "last_edited_date": "2017-08-22T18:09:11Z", "geom_source": "Photogrammetric", "doitt_id": "252482", "address": "211 AVENUE A", "bldgclass": "C7", "numfloors": 6.0, "unitsres": 35, "yearbuilt": 1900, "latitude": 40.7299758, "longitude": -73.9810432, "roof_area_m2": 339.68004558559551, "pv_kw_dc": 57.745607749551233, "annual_kwh": 71489.062393944419, "avg_daily_kwh": 195.86044491491623, "psh_daily_kwh": 212.50383651834855, "canopy_area_m2": 288.72803874775616, "lon": -73.981031422073187, "lat": 40.729968048095621 }, "geometry": { "type": "Point", "coordinates": [ -73.981031422073187, 40.729968048095621 ] } },
{ "type": "Feature", "properties": { "name": null, "bbl": "1004410031", "shape_area": "284.7734375", "construction_year": "1900", "ground_elevation": "16", "mappluto_bbl": "1004410031", "objectid": "269948", "feature_code": "2100", "shape_length": "94.775375626812789", "height_roof": "66.72", "last_status_type": "Constructed", "bin": "1006020", "last_edited_date": "2017-08-22T18:03:17Z", "geom_source": "Photogrammetric", "doitt_id": "196819", "address": "221 AVENUE A", "bldgclass": "C7", "numfloors": 6.0, "unitsres": 22, "yearbuilt": 1900, "latitude": 40.7302612, "longitude": -73.9808338, "roof_area_m2": 163.36017128155984, "pv_kw_dc": 27.771229117865175, "annual_kwh": 34380.781647917087, "avg_daily_kwh": 94.193922323060505, "psh_daily_kwh": 102.19812315374384, "canopy_area_m2": 138.85614558932588, "lon": -73.980811899700882, "lat": 40.730260364624336 }, "geometry": { "type": "Point", "coordinates": [ -73.980811899700882, 40.730260364624336 ] } },
{ "type": "Feature", "properties": { "name": null, "bbl": "1004550042", "shape_area": "200.74609375", "construction_year": "1910", "ground_elevation": "23", "mappluto_bbl": "1004550042", "objectid": "611611", "feature_code": "2100", "shape_length": "62.872461691113109", "height_roof": "69.71991288", "last_status_type": "Constructed", "bin": "1083488", "last_edited_date": "2017-08-22T17:56:02Z", "geom_source": "Photogrammetric", "doitt_id": "186395", "address": "219 1 AVENUE", "bldgclass": "C7", "numfloors": 6.0, "unitsres": 9, "yearbuilt": 1910, "latitude": 40.7308545, "longitude": -73.9832511, "roof_area_m2": 115.15899228698763, "pv_kw_dc": 19.577028688787898, "annual_kwh": 24236.361516719418, "avg_daily_kwh": 66.400990456765527, "psh_daily_kwh": 72.043465574739457, "canopy_area_m2": 97.885143443939484, "lon": -73.98324956719911, "lat": 40.730867872221474 }, "geometry": { "type": "Point", "coordinates": [ -73.98324956719911, 40.730867872221474 ] } },
{ "type": "Feature", "properties": { "name": null, "bbl": "1004400008", "shape_area": "482.44921875", "construction_year": "1910", "ground_elevation": "20", "mappluto_bbl": "1004400008", "objectid": "535062", "feature_code": "2100", "shape_length": "94.350199799004457", "height_roof": "65.42", "last_status_type": "Constructed", "bin": "1005982", "last_edited_date": "2017-08-22T19:31:11Z", "geom_source": "Photogrammetric", "doitt_id": "278536", "address": "214 1 AVENUE", "bldgclass": "C7", "numfloors": 6.0, "unitsres": 25, "yearbuilt": 1910, "latitude": 40.7304207, "longitude": -73.9828832, "roof_area_m2": 276.76110711765489, "pv_kw_dc": 47.049388210001332, "annual_kwh": 58247.142603981651, "avg_daily_kwh": 159.58121261364835, "psh_daily_kwh": 173.14174861280492, "canopy_area_m2": 235.24694105000665, "lon": -73.982898380034555, "lat": 40.730431802745485 }, "geometry": { "type": "Point", "coordinates": [ -73.982898380034555, 40.730431802745485 ] } },
{ "type": "Feature", "properties": { "name": null, "bbl": "1004550050", "shape_area": "496.99609375", "construction_year": "1910", "ground_elevation": "25", "mappluto_bbl": "1004550050", "objectid": "912299", "feature_code": "2100", "shape_length": "109.37701194458455", "height_roof": "67.51", "last_status_type": "Constructed", "bin": "1006534", "last_edited_date": "2017-08-22T19:26:36Z", "geom_source": "Photogrammetric", "doitt_id": "280646", "address": "329 EAST 13 STREET", "bldgclass": "C1", "numfloors": 6.0, "unitsres": 24, "yearbuilt": 1910, "latitude": 40.73128, "longitude": -73.9839546, "roof_area_m2": 285.09750327373428, "pv_kw_dc": 48.466575556534828, "annual_kwh": 60001.620538990115, "avg_daily_kwh": 164.38800147668525, "psh_daily_kwh": 178.35699804804815, "canopy_area_m2": 242.33287778267413, "lon": -73.983969380809611, "lat": 40.731267554400844 }, "geometry": { "type": "Point", "coordinates": [ -73.983969380809611, 40.731267554400844 ] } },
{ "type": "Feature", "properties": { "name": null, "bbl": "1004550021", "shape_area": "465.6484375", "construction_year": "1900", "ground_elevation": "26", "mappluto_bbl": "1004550021", "objectid": "607504", "feature_code": "2100", "shape_length": "115.8410302586008", "height_roof": "64.41", "last_status_type": "Constructed", "bin": "1006516", "last_edited_date": "2017-08-22T17:42:17Z", "geom_source": "Photogrammetric", "doitt_id": "621289", "address": "328 EAST 14 STREET", "bldgclass": "C7", "numfloors": 6.0, "unitsres": 33, "yearbuilt": 1900, "latitude": 40.7316011, "longitude": -73.983922, "roof_area_m2": 267.1167657490796, "pv_kw_dc": 45.409850177343536, "annual_kwh": 56217.394519551301, "avg_daily_kwh": 154.0202589576748, "psh_daily_kwh": 167.10824865262421, "canopy_area_m2": 227.04925088671766, "lon": -73.983904320243539, "lat": 40.731623499961884 }, "geometry": { "type": "Point", "coordinates": [ -73.983904320243539, 40.731623499961884 ] } },
{ "type": "Feature", "properties": { "name": null, "bbl": "1004070031", "shape_area": "319.54296875", "construction_year": "1900", "ground_elevation": "12", "mappluto_bbl": "1004070031", "objectid": "246257", "feature_code": "2100", "shape_length": "101.44611990238423", "height_roof": "61.95", "last_status_type": "Constructed", "bin": "1005247", "last_edited_date": "2017-08-22T19:19:04Z", "geom_source": "Photogrammetric", "doitt_id": "122248", "address": "228 AVENUE B", "bldgclass": "C7", "numfloors": 6.0, "unitsres": 21, "yearbuilt": 1900, "latitude": 40.7292864, "longitude": -73.9784564, "roof_area_m2": 183.30987199932162, "pv_kw_dc": 31.162678239884674, "annual_kwh": 38579.395660977229, "avg_daily_kwh": 105.69697441363624, "psh_daily_kwh": 114.67865592277559, "canopy_area_m2": 155.81339119942336, "lon": -73.978443453375078, "lat": 40.729280487199347 }, "geometry": { "type": "Point", "coordinates": [ -73.978443453375078, 40.729280487199347 ] } },
{ "type": "Feature", "properties": { "name": null, "bbl": "1004070029", "shape_area": "512.7578125", "construction_year": "1900", "ground_elevation": "12", "mappluto_bbl": "1004070029", "objectid": "701118", "feature_code": "2100", "shape_length": "116.97337523290234", "height_roof": "61.52", "last_status_type": "Constructed", "bin": "1005246", "last_edited_date": "2017-08-22T19:28:18Z", "geom_source": "Photogrammetric", "doitt_id": "406322", "address": "232 AVENUE B", "bldgclass": "C7", "numfloors": 6.0, "unitsres": 25, "yearbuilt": 1900, "latitude": 40.7293715, "longitude": -73.978395, "roof_area_m2": 294.15448526832205, "pv_kw_dc": 50.006262495614749, "annual_kwh": 61907.752969571062, "avg_daily_kwh": 169.61028210841386, "psh_daily_kwh": 184.02304598386229, "canopy_area_m2": 250.03131247807374, "lon": -73.978399682049044, "lat": 40.729382471290165 }, "geometry": { "type": "Point", "coordinates": [ -73.978399682049044, 40.729382471290165 ] } },
{ "type": "Feature", "properties": { "name": null, "bbl": "1004070027", "shape_area": "299.1171875", "construction_year": "1920", "ground_elevation": "13", "mappluto_bbl": "1004070027", "objectid": "760582", "feature_code": "2100", "shape_length": "95.787483805802708", "height_roof": "67.42", "last_status_type": "Constructed", "bin": "1005244", "last_edited_date": "2017-08-22T19:11:18Z", "geom_source": "Photogrammetric", "doitt_id": "409652", "address": "538 EAST 14 STREET", "bldgclass": "C7", "numfloors": 6.0, "unitsres": 20, "yearbuilt": 1920, "latitude": 40.7294072, "longitude": -73.978727, "roof_area_m2": 171.59801645414387, "pv_kw_dc": 29.171662797204462, "annual_kwh": 36114.51854293912, "avg_daily_kwh": 98.943886419011292, "psh_daily_kwh": 107.3517190937124, "canopy_area_m2": 145.8583139860223, "lon": -73.978710346002785, "lat": 40.729428570249411 }, "geometry": { "type": "Point", "coordinates": [ -73.978710346002785, 40.729428570249411 ] } },
{ "type": "Feature", "properties": { "name": null, "bbl": "1004070054", "shape_area": "406.6640625", "construction_year": "1900", "ground_elevation": "16", "mappluto_bbl": "1004070054", "objectid": "138543", "feature_code": "2100", "shape_length": "110.80348338754645", "height_roof": "59.35", "last_status_type": "Constructed", "bin": "1005262", "last_edited_date": "2017-08-22T19:40:51Z", "geom_source": "Photogrammetric", "doitt_id": "361004", "address": "513 EAST 13 STREET", "bldgclass": "C7", "numfloors": 6.0, "unitsres": 27, "yearbuilt": 1900, "latitude": 40.729627, "longitude": -73.980033, "roof_area_m2": 233.28441571918995, "pv_kw_dc": 39.658350672262294, "annual_kwh": 49097.038132260721, "avg_daily_kwh": 134.51243323907048, "psh_daily_kwh": 145.94273047392525, "canopy_area_m2": 198.29175336131146, "lon": -73.980048390885386, "lat": 40.729619081944264 }, "geometry": { "type": "Point", "coordinates": [ -73.980048390885386, 40.729619081944264 ] } },
{ "type": "Feature", "properties": { "name": null, "bbl": "1004070018", "shape_area": "575.02734375", "construction_year": "1900", "ground_elevation": "14", "mappluto_bbl": "1004070018", "objectid": "9694", "feature_code": "2100", "shape_length": "134.22690063269607", "height_roof": "63.92", "last_status_type": "Constructed", "bin": "1005239", "last_edited_date": "2017-08-22T17:48:18Z", "geom_source": "Photogrammetric", "doitt_id": "543494", "address": "520 EAST 14 STREET", "bldgclass": "C7", "numfloors": 6.0, "unitsres": 44, "yearbuilt": 1900, "latitude": 40.7296901, "longitude": -73.9793944, "roof_area_m2": 329.88315566647168, "pv_kw_dc": 56.080136463300192, "annual_kwh": 69427.208941565637, "avg_daily_kwh": 190.21153134675518, "psh_daily_kwh": 206.37490218494469, "canopy_area_m2": 280.40068231650093, "lon": -73.979379294651508, "lat": 40.729709959139321 }, "geometry": { "type": "Point", "coordinates": [ -73.979379294651508, 40.729709959139321 ] } },
{ "type": "Feature", "properties": { "name": null, "bbl": "1004690040", "shape_area": "446.7890625", "construction_year": "1920", "ground_elevation": "31", "mappluto_bbl": "1004690040", "objectid": "906011", "feature_code": "2100", "shape_length": "111.5613081265428", "height_roof": "71.57", "last_status_type": "Constructed", "bin": "1006912", "last_edited_date": "2017-08-22T18:25:16Z", "geom_source": "Photogrammetric", "doitt_id": "677156", "address": "245 EAST 13 STREET", "bldgclass": "C7", "numfloors": 6.0, "unitsres": 24, "yearbuilt": 1920, "latitude": 40.7320927, "longitude": -73.9858775, "roof_area_m2": 256.29705731486325, "pv_kw_dc": 43.570499743526753, "annual_kwh": 53940.278682486118, "avg_daily_kwh": 147.78158543146881, "psh_daily_kwh": 160.33943905617843, "canopy_area_m2": 217.85249871763375, "lon": -73.985882009858884, "lat": 40.732087337915665 }, "geometry": { "type": "Point", "coordinates": [ -73.985882009858884, 40.732087337915665 ] } },
{ "type": "Feature", "properties": { "name": null, "bbl": "1004690042", "shape_area": "359.51953125", "construction_year": "1920", "ground_elevation": "31", "mappluto_bbl": "1004690042", "objectid": "25298", "feature_code": "2100", "shape_length": "101.60890852935391", "height_roof": "71.5", "last_status_type": "Constructed", "bin": "1006913", "last_edited_date": "2017-08-22T18:52:53Z", "geom_source": "Photogrammetric", "doitt_id": "406573", "address": "243 EAST 13 STREET", "bldgclass": "C7", "numfloors": 6.0, "unitsres": 18, "yearbuilt": 1920, "latitude": 40.7321394, "longitude": -73.9859822, "roof_area_m2": 206.22714957682896, "pv_kw_dc": 35.058615428060925, "annual_kwh": 43402.565899939422, "avg_daily_kwh": 118.91113945188883, "psh_daily_kwh": 129.0157047752642, "canopy_area_m2": 175.2930771403046, "lon": -73.985990283969755, "lat": 40.732128482184507 }, "geometry": { "type": "Point", "coordinates": [ -73.985990283969755, 40.732128482184507 ] } },
{ "type": "Feature", "properties": { "name": null, "bbl": "1004690043", "shape_area": "277.7734375", "construction_year": "1900", "ground_elevation": "31", "mappluto_bbl": "1004690043", "objectid": "839246", "feature_code": "2100", "shape_length": "101.94482245582513", "height_roof": "79.87", "last_status_type": "Constructed", "bin": "1006914", "last_edited_date": "2017-08-22T18:26:23Z", "geom_source": "Photogrammetric", "doitt_id": "124035", "address": "241 EAST 13 STREET", "bldgclass": "C1", "numfloors": 6.0, "unitsres": 23, "yearbuilt": 1900, "latitude": 40.7321751, "longitude": -73.9860688, "roof_area_m2": 159.34207786895396, "pv_kw_dc": 27.088153237722175, "annual_kwh": 33535.133708300054, "avg_daily_kwh": 91.877078652876861, "psh_daily_kwh": 99.684403914817608, "canopy_area_m2": 135.44076618861087, "lon": -73.98607721011463, "lat": 40.732162841455711 }, "geometry": { "type": "Point", "coordinates": [ -73.98607721011463, 40.732162841455711 ] } },
{ "type": "Feature", "properties": { "name": null, "bbl": "1004690044", "shape_area": "392.2265625", "construction_year": "1920", "ground_elevation": "32", "mappluto_bbl": "1004690044", "objectid": "416313", "feature_code": "2100", "shape_length": "109.00394167630088", "height_roof": "78.91", "last_status_type": "Constructed", "bin": "1006915", "last_edited_date": "2017-08-22T18:16:48Z", "geom_source": "Photogrammetric", "doitt_id": "548036", "address": "239 EAST 13 STREET", "bldgclass": "C4", "numfloors": 6.0, "unitsres": 24, "yearbuilt": 1920, "latitude": 40.7322107, "longitude": -73.9861517, "roof_area_m2": 224.98999054414355, "pv_kw_dc": 38.248298392504402, "annual_kwh": 47351.393409920449, "avg_daily_kwh": 129.72984495868616, "psh_daily_kwh": 140.7537380844162, "canopy_area_m2": 191.24149196252202, "lon": -73.986155507336903, "lat": 40.732202964036439 }, "geometry": { "type": "Point", "coordinates": [ -73.986155507336903, 40.732202964036439 ] } },
{ "type": "Feature", "properties": { "name": null, "bbl": "1004690027", "shape_area": "523.51171875", "construction_year": "1920", "ground_elevation": "31", "mappluto_bbl": "1004690027", "objectid": "693814", "feature_code": "2100", "shape_length": "114.90032362209064", "height_roof": "66.99", "last_status_type": "Constructed", "bin": "1006905", "last_edited_date": "2017-08-22T17:54:34Z", "geom_source": "Photogrammetric", "doitt_id": "766112", "address": "238 EAST 14 STREET", "bldgclass": "C7", "numfloors": 6.0, "unitsres": 21, "yearbuilt": 1920, "latitude": 40.7323891, "longitude": -73.9857909, "roof_area_m2": 300.29401989683765, "pv_kw_dc": 51.049983382462401, "annual_kwh": 63199.879427488449, "avg_daily_kwh": 173.15035459585877, "psh_daily_kwh": 187.86393884746164, "canopy_area_m2": 255.24991691231199, "lon": -73.985771046563713, "lat": 40.732414435205925 }, "geometry": { "type": "Point", "coordinates": [ -73.985771046563713, 40.732414435205925 ] } },
{ "type": "Feature", "properties": { "name": null, "bbl": "1004690023", "shape_area": "517.5859375", "construction_year": "1920", "ground_elevation": "32", "mappluto_bbl": "1004690023", "objectid": "485827", "feature_code": "2100", "shape_length": "115.63588122491521", "height_roof": "65.68", "last_status_type": "Constructed", "bin": "1006903", "last_edited_date": "2017-08-22T18:15:46Z", "geom_source": "Photogrammetric", "doitt_id": "746582", "address": "230 EAST 14 STREET", "bldgclass": "C7", "numfloors": 6.0, "unitsres": 33, "yearbuilt": 1920, "latitude": 40.7325127, "longitude": -73.9860831, "roof_area_m2": 296.89861481200774, "pv_kw_dc": 50.472764518041316, "annual_kwh": 62485.282473335152, "avg_daily_kwh": 171.19255472146617, "psh_daily_kwh": 185.73977342639205, "canopy_area_m2": 252.36382259020658, "lon": -73.986064559245079, "lat": 40.732538340578195 }, "geometry": { "type": "Point", "coordinates": [ -73.986064559245079, 40.732538340578195 ] } },
{ "type": "Feature", "properties": { "name": null, "bbl": "1004690021", "shape_area": "517.3671875", "construction_year": "1920", "ground_elevation": "33", "mappluto_bbl": "1004690021", "objectid": "956062", "feature_code": "2100", "shape_length": "114.44748387844456", "height_roof": "65.21", "last_status_type": "Constructed", "bin": "1006902", "last_edited_date": "2017-08-22T17:39:22Z", "geom_source": "Photogrammetric", "doitt_id": "547089", "address": "226 EAST 14 STREET", "bldgclass": "C7", "numfloors": 6.0, "unitsres": 36, "yearbuilt": 1920, "latitude": 40.7325731, "longitude": -73.9862274, "roof_area_m2": 296.77456694570816, "pv_kw_dc": 50.451676380770387, "annual_kwh": 62459.175359393739, "avg_daily_kwh": 171.12102838190066, "psh_daily_kwh": 185.66216908123502, "canopy_area_m2": 252.25838190385193, "lon": -73.986211800355335, "lat": 40.732598551056853 }, "geometry": { "type": "Point", "coordinates": [ -73.986211800355335, 40.732598551056853 ] } }
]
}
