{"type": "FeatureCollection", "crs": {"type": "name", "properties": {"name": "EPSG:4326"}}, "features": [{"type": "Feature", "id": 7091, "geometry": {"type": "Polygon", "coordinates": [[[-73.9429982894666, 40.6954247935003], [-73.9432990631745, 40.6953895393011], [-73.9434083266857, 40.6959529683865], [-73.9408082785929, 40.6962523346504], [-73.9407509221615, 40.6959736693327], [-73.9429953740009, 40.6957128904671], [-73.9429389882864, 40.6954317448921], [-73.9429982894666, 40.6954247935003]]]}, "properties": {"OBJECTID": 7091, "OVERLAY": "C2-4", "Shape__Area": 85788.0710144043, "Shape__Length": 1873.684691397954}}, {"type": "Feature", "id": 7494, "geometry": {"type": "Polygon", "coordinates": [[[-73.9307931794042, 40.6969699196311], [-73.9312120218774, 40.6969238690454], [-73.9316107740228, 40.6971358631754], [-73.9312980365691, 40.6973304002237], [-73.929958553974, 40.6974839822113], [-73.9307931794042, 40.6969699196311]]]}, "properties": {"OBJECTID": 7494, "OVERLAY": "C2-3", "Shape__Area": 44375.592346191406, "Shape__Length": 1037.5631112465896}}, {"type": "Feature", "id": 7732, "geometry": {"type": "Polygon", "coordinates": [[[-73.9448301470942, 40.723113192665], [-73.9449272122795, 40.7231038495175], [-73.9449721004024, 40.7233773746798], [-73.9442470646645, 40.7234459842258], [-73.9442025371492, 40.7231736071066], [-73.9448301470942, 40.723113192665]]]}, "properties": {"OBJECTID": 7732, "OVERLAY": "C2-4", "Shape__Area": 20292.60203552246, "Shape__Length": 605.413940932897}}, {"type": "Feature", "id": 1804, "geometry": {"type": "Polygon", "coordinates": [[[-73.9812707903048, 40.7242533912015], [-73.9820475030854, 40.7231868704526], [-73.9823625674211, 40.7233205898726], [-73.9815863294057, 40.7243864293165], [-73.9812707903048, 40.7242533912015]]]}, "properties": {"OBJECTID": 1804, "OVERLAY": "C1-5", "Shape__Area": 44406.90103149414, "Shape__Length": 1088.1591183897647}}, {"type": "Feature", "id": 2136, "geometry": {"type": "Polygon", "coordinates": [[[-73.9858126601051, 40.7308900801412], [-73.9855063154214, 40.7307611269891], [-73.9858658037957, 40.7302662179094], [-73.9861744824047, 40.7303953973224], [-73.9858126601051, 40.7308900801412]]]}, "properties": {"OBJECTID": 2136, "OVERLAY": "C1-5", "Shape__Area": 20064.269165039062, "Shape__Length": 606.9341621338344}}, {"type": "Feature", "id": 3132, "geometry": {"type": "Polygon", "coordinates": [[[-73.9471845616237, 40.7472090628291], [-73.947367389073, 40.7466682796775], [-73.9476750771584, 40.7467277137279], [-73.947492337454, 40.7472682965893], [-73.9471845616237, 40.7472090628291]]]}, "properties": {"OBJECTID": 3132, "OVERLAY": "C1-5", "Shape__Area": 17891.631393432617, "Shape__Length": 582.7205686730541}}, {"type": "Feature", "id": 2061, "geometry": {"type": "Polygon", "coordinates": [[[-73.984525375601, 40.7295128862423], [-73.9842097874207, 40.7293798472672], [-73.9845452215114, 40.7289185972339], [-73.9848605441219, 40.7290519990688], [-73.984525375601, 40.7295128862423]]]}, "properties": {"OBJECTID": 2061, "OVERLAY": "C1-5", "Shape__Area": 19197.437576293945, "Shape__Length": 583.949011055086}}, {"type": "Feature", "id": 8442, "geometry": {"type": "Polygon", "coordinates": [[[-73.9524147775463, 40.7300321339409], [-73.9531878875507, 40.7299627343223], [-73.9533322708545, 40.7302142762142], [-73.9525596268762, 40.7302853015107], [-73.9524147775463, 40.7300321339409]]]}, "properties": {"OBJECTID": 8442, "OVERLAY": "C2-4", "Shape__Area": 20719.6474609375, "Shape__Length": 632.053704387419}}, {"type": "Feature", "id": 6475, "geometry": {"type": "Polygon", "coordinates": [[[-73.9600794014822, 40.7050961316178], [-73.9605538080763, 40.7055207099449], [-73.9601597324833, 40.7057756423706], [-73.95968696295, 40.7053493628403], [-73.9600794014822, 40.7050961316178]]]}, "properties": {"OBJECTID": 6475, "OVERLAY": "C1-3", "Shape__Area": 29054.805786132812, "Shape__Length": 692.3369366165786}}, {"type": "Feature", "id": 2159, "geometry": {"type": "Polygon", "coordinates": [[[-73.9704246097567, 40.7489137934632], [-73.970247164129, 40.7488388913772], [-73.9705853891409, 40.7483598278023], [-73.9707699985538, 40.7484378181266], [-73.9704246097567, 40.7489137934632]]]}, "properties": {"OBJECTID": 2159, "OVERLAY": "C1-5", "Shape__Area": 11364.186050415039, "Shape__Length": 510.91872492405446}}, {"type": "Feature", "id": 6807, "geometry": {"type": "Polygon", "coordinates": [[[-73.9565636872079, 40.6941696205575], [-73.9569353343917, 40.6941268570736], [-73.9569888279325, 40.6943960494267], [-73.9562449762355, 40.6944801083904], [-73.956191783975, 40.6942124124607], [-73.9565636872079, 40.6941696205575]]]}, "properties": {"OBJECTID": 6807, "OVERLAY": "C2-4", "Shape__Area": 20626.934997558594, "Shape__Length": 614.8958507033385}}, {"type": "Feature", "id": 2107, "geometry": {"type": "Polygon", "coordinates": [[[-74.0029334383015, 40.7246273840444], [-74.003557505264, 40.7249272423459], [-74.0033618473208, 40.7251578569506], [-74.0027412612331, 40.7248538938941], [-74.0029334383015, 40.7246273840444]]]}, "properties": {"OBJECTID": 2107, "OVERLAY": "C1-5", "Shape__Area": 20276.229110717773, "Shape__Length": 607.3910025681308}}, {"type": "Feature", "id": 9601, "geometry": {"type": "Polygon", "coordinates": [[[-73.9581475503286, 40.7180033829006], [-73.9583726051952, 40.7177939400671], [-73.9592232214745, 40.7183194634558], [-73.9589940190952, 40.7185309650263], [-73.9581475503286, 40.7180033829006]]]}, "properties": {"OBJECTID": 9601, "OVERLAY": "C2-4", "Shape__Area": 30115.480560302734, "Shape__Length": 805.4989496191135}}, {"type": "Feature", "id": 6976, "geometry": {"type": "Polygon", "coordinates": [[[-73.9551491814321, 40.733073894137], [-73.9552258092171, 40.7330666658572], [-73.9553190651644, 40.7336290182283], [-73.9549639123998, 40.7336625616015], [-73.9548683366556, 40.7331003890372], [-73.9551491814321, 40.733073894137]]]}, "properties": {"OBJECTID": 6976, "OVERLAY": "C2-4", "Shape__Area": 20549.405517578125, "Shape__Length": 612.042149218164}}, {"type": "Feature", "id": 5648, "geometry": {"type": "Polygon", "coordinates": [[[-73.9829255999453, 40.7017356684436], [-73.982942277074, 40.7014610912704], [-73.984653314066, 40.7015219383542], [-73.9846066636523, 40.7022900130781], [-73.984246394278, 40.7022772653205], [-73.9842763939096, 40.7017833952988], [-73.9829255999453, 40.7017356684436]]]}, "properties": {"OBJECTID": 5648, "OVERLAY": "C2-4", "Shape__Area": 65541.17739868164, "Shape__Length": 1510.286104800425}}, {"type": "Feature", "id": 6312, "geometry": {"type": "Polygon", "coordinates": [[[-73.9561242026824, 40.7027842314902], [-73.9563423569687, 40.7026430493088], [-73.9568193574252, 40.7030713362604], [-73.956403020235, 40.7033401766718], [-73.9559255702989, 40.7029127784438], [-73.9561242026824, 40.7027842314902]]]}, "properties": {"OBJECTID": 6312, "OVERLAY": "C1-3", "Shape__Area": 30985.219512939453, "Shape__Length": 712.015725678949}}, {"type": "Feature", "id": 2445, "geometry": {"type": "Polygon", "coordinates": [[[-73.9962112004586, 40.7549418589086], [-73.9965546976175, 40.7544704559399], [-73.9981266615257, 40.755132851827], [-73.9977836256479, 40.755603602978], [-73.9962112004586, 40.7549418589086]]]}, "properties": {"OBJECTID": 2445, "OVERLAY": "C2-5", "Shape__Area": 97697.94789123535, "Shape__Length": 1388.2510508203661}}, {"type": "Feature", "id": 4314, "geometry": {"type": "Polygon", "coordinates": [[[-73.9441476989625, 40.7548064591035], [-73.9443604714725, 40.7545844883521], [-73.9445201847438, 40.7546659855071], [-73.944871088513, 40.7546784260611], [-73.9455229078154, 40.7550137512817], [-73.9456673633859, 40.7552513404763], [-73.9458670679238, 40.7553532384542], [-73.9456507882745, 40.7555734201028], [-73.9453822117599, 40.7554363811085], [-73.9452374481487, 40.7551982817298], [-73.9447529011709, 40.7549490083243], [-73.9444027325445, 40.7549365938808], [-73.9441476989625, 40.7548064591035]]]}, "properties": {"OBJECTID": 4314, "OVERLAY": "C1-3", "Shape__Area": 53005.25378417969, "Shape__Length": 1260.3101162946432}}, {"type": "Feature", "id": 1466, "geometry": {"type": "Polygon", "coordinates": [[[-73.9880764126023, 40.7240624677406], [-73.9884002666339, 40.7242014124956], [-73.9880265322127, 40.7247172616521], [-73.9877002899427, 40.7245797546147], [-73.9880764126023, 40.7240624677406]]]}, "properties": {"OBJECTID": 1466, "OVERLAY": "C2-5", "Shape__Area": 22189.864364624023, "Shape__Length": 636.4089780345727}}, {"type": "Feature", "id": 6381, "geometry": {"type": "Polygon", "coordinates": [[[-73.9422143807311, 40.703888066517], [-73.9424925938672, 40.7038619505175], [-73.9425846420864, 40.7044192936121], [-73.9420773039288, 40.7044711790824], [-73.9419909390952, 40.7039090405201], [-73.9422143807311, 40.703888066517]]]}, "properties": {"OBJECTID": 6381, "OVERLAY": "C1-3", "Shape__Area": 28971.39421081543, "Shape__Length": 692.9287369219311}}, {"type": "Feature", "id": 2299, "geometry": {"type": "Polygon", "coordinates": [[[-73.9642254308542, 40.7562508635164], [-73.9639097719547, 40.7561177478042], [-73.9642564749484, 40.755641973882], [-73.9645721820588, 40.7557750211307], [-73.9642254308542, 40.7562508635164]]]}, "properties": {"OBJECTID": 2299, "OVERLAY": "C1-5", "Shape__Area": 19818.847457885742, "Shape__Length": 596.3767184940907}}, {"type": "Feature", "id": 3040, "geometry": {"type": "Polygon", "coordinates": [[[-73.9346018493156, 40.7584394066205], [-73.934617440011, 40.7584225436026], [-73.9352373358691, 40.7587162333424], [-73.9350272612508, 40.7589443400051], [-73.9344069276215, 40.7586502256587], [-73.9346018493156, 40.7584394066205]]]}, "properties": {"OBJECTID": 3040, "OVERLAY": "C1-3", "Shape__Area": 20502.24607849121, "Shape__Length": 607.7253266839374}}, {"type": "Feature", "id": 1735, "geometry": {"type": "Polygon", "coordinates": [[[-74.0020412962749, 40.7250359256895], [-74.0022355637849, 40.7247964865599], [-74.0024961459423, 40.7249229370202], [-74.0022975029216, 40.7251602532719], [-74.0020412962749, 40.7250359256895]]]}, "properties": {"OBJECTID": 1735, "OVERLAY": "C1-5", "Shape__Area": 8707.736694335938, "Shape__Length": 374.91971968131134}}, {"type": "Feature", "id": 1612, "geometry": {"type": "Polygon", "coordinates": [[[-73.9853942016388, 40.7171630638804], [-73.9855845468583, 40.7167935841879], [-73.9860760308491, 40.716942213557], [-73.98588484285, 40.7173118983671], [-73.9853942016388, 40.7171630638804]]]}, "properties": {"OBJECTID": 1612, "OVERLAY": "C2-5", "Shape__Area": 21195.131866455078, "Shape__Length": 582.3569124358173}}, {"type": "Feature", "id": 4809, "geometry": {"type": "Polygon", "coordinates": [[[-73.9590611491923, 40.743607390681], [-73.9593696174808, 40.7430996778422], [-73.9596319377125, 40.7431494933803], [-73.9595409255925, 40.7433257897435], [-73.9594854248502, 40.743419558048], [-73.9594162401114, 40.7435257584071], [-73.9593185864291, 40.7436565685345], [-73.9590611491923, 40.743607390681]]]}, "properties": {"OBJECTID": 4809, "OVERLAY": "C2-5", "Shape__Area": 15517.151763916016, "Shape__Length": 556.6973370273798}}, {"type": "Feature", "id": 5496, "geometry": {"type": "Polygon", "coordinates": [[[-73.9589744839272, 40.7111444530934], [-73.9591293386921, 40.7109028875451], [-73.9596201027446, 40.7110824767529], [-73.9594685007668, 40.7113250418665], [-73.9589744839272, 40.7111444530934]]]}, "properties": {"OBJECTID": 5496, "OVERLAY": "C2-3", "Shape__Area": 14826.047241210938, "Shape__Length": 498.6955110322629}}, {"type": "Feature", "id": 1904, "geometry": {"type": "Polygon", "coordinates": [[[-73.9964692319315, 40.7426791316466], [-73.9961535243845, 40.7425461715759], [-73.9964736240521, 40.7421051728561], [-73.9967893408045, 40.7422381185504], [-73.9964692319315, 40.7426791316466]]]}, "properties": {"OBJECTID": 1904, "OVERLAY": "C2-5", "Shape__Area": 18353.116607666016, "Shape__Length": 567.0626087297954}}, {"type": "Feature", "id": 4738, "geometry": {"type": "Polygon", "coordinates": [[[-73.9517698465142, 40.742580767318], [-73.9518380738812, 40.7423829715357], [-73.9522359836336, 40.7424622972263], [-73.9522765939181, 40.7424836903012], [-73.9522961515699, 40.7425156357929], [-73.9522936963272, 40.7425482664567], [-73.9522741454408, 40.7425746333134], [-73.9518621977987, 40.742791926268], [-73.9517416454335, 40.7426625251638], [-73.9517698465142, 40.742580767318]]]}, "properties": {"OBJECTID": 4738, "OVERLAY": "C2-5", "Shape__Area": 13515.050872802734, "Shape__Length": 465.44610838694024}}, {"type": "Feature", "id": 6375, "geometry": {"type": "Polygon", "coordinates": [[[-73.9453939699998, 40.7108372385106], [-73.9454402016707, 40.7111199065677], [-73.9450826794384, 40.7111539550947], [-73.9450360740062, 40.7108714235939], [-73.9453939699998, 40.7108372385106]]]}, "properties": {"OBJECTID": 6375, "OVERLAY": "C2-4", "Shape__Area": 10370.412139892578, "Shape__Length": 407.41239144449617}}, {"type": "Feature", "id": 8035, "geometry": {"type": "Polygon", "coordinates": [[[-73.9546754201869, 40.7358504411176], [-73.9545829664953, 40.7352920698604], [-73.9549477439325, 40.735257610212], [-73.9550413034861, 40.7358149649359], [-73.9546754201869, 40.7358504411176]]]}, "properties": {"OBJECTID": 8035, "OVERLAY": "C2-4", "Shape__Area": 20906.12956237793, "Shape__Length": 613.8370458061527}}, {"type": "Feature", "id": 5542, "geometry": {"type": "Polygon", "coordinates": [[[-73.9602588290436, 40.6942038145976], [-73.9605546870797, 40.6941694861596], [-73.9606127762404, 40.6944427874372], [-73.9603168556767, 40.6944768179324], [-73.9602588290436, 40.6942038145976]]]}, "properties": {"OBJECTID": 5542, "OVERLAY": "C2-4", "Shape__Area": 8366.0263671875, "Shape__Length": 367.604539462518}}, {"type": "Feature", "id": 1950, "geometry": {"type": "Polygon", "coordinates": [[[-73.9838930465255, 40.713307411781], [-73.984296877562, 40.7132618062687], [-73.9843887248266, 40.7137793431528], [-73.9833282567591, 40.7138883057593], [-73.9833307891785, 40.7139080083984], [-73.9830875323082, 40.7139336608908], [-73.9829872999593, 40.7134096965951], [-73.9838930465255, 40.713307411781]]]}, "properties": {"OBJECTID": 1950, "OVERLAY": "C1-5", "Shape__Area": 69265.28005981445, "Shape__Length": 1122.1462451589057}}, {"type": "Feature", "id": 8233, "geometry": {"type": "Polygon", "coordinates": [[[-73.9616970028398, 40.7140474494723], [-73.9617285080804, 40.7139976680113], [-73.9620538616997, 40.7141161964647], [-73.96190235224, 40.7143556138293], [-73.962914075832, 40.7147459003969], [-73.9627519149967, 40.7150031608457], [-73.9614325912483, 40.7144652737967], [-73.9616970028398, 40.7140474494723]]]}, "properties": {"OBJECTID": 8233, "OVERLAY": "C2-4", "Shape__Area": 50701.42788696289, "Shape__Length": 1219.2395756231356}}, {"type": "Feature", "id": 6561, "geometry": {"type": "Polygon", "coordinates": [[[-73.9401872233246, 40.7091699730335], [-73.9405450761835, 40.709135579672], [-73.9406483379016, 40.7097708716845], [-73.9402905475924, 40.7098056706285], [-73.9401872233246, 40.7091699730335]]]}, "properties": {"OBJECTID": 6561, "OVERLAY": "C1-3", "Shape__Area": 23329.40284729004, "Shape__Length": 666.5893887633733}}, {"type": "Feature", "id": 6229, "geometry": {"type": "Polygon", "coordinates": [[[-73.9372756377823, 40.7149119245294], [-73.9372938522376, 40.7146369679946], [-73.9386639502407, 40.7146915152084], [-73.938644790579, 40.7149657366346], [-73.9372756377823, 40.7149119245294]]]}, "properties": {"OBJECTID": 6229, "OVERLAY": "C2-4", "Shape__Area": 38086.51173400879, "Shape__Length": 960.7489888468976}}, {"type": "Feature", "id": 5688, "geometry": {"type": "Polygon", "coordinates": [[[-73.9459741601175, 40.7145009141613], [-73.9460159751463, 40.7147399455292], [-73.9449411555486, 40.7148424090248], [-73.9449859965316, 40.7151147565968], [-73.9446255634527, 40.7151491607089], [-73.944539698949, 40.7146373582509], [-73.9459741601175, 40.7145009141613]]]}, "properties": {"OBJECTID": 5688, "OVERLAY": "C2-4", "Shape__Area": 45332.44689941406, "Shape__Length": 1177.5813168805382}}, {"type": "Feature", "id": 7692, "geometry": {"type": "Polygon", "coordinates": [[[-73.9465278726747, 40.6940975121057], [-73.9461700176387, 40.6941387679921], [-73.9460573517361, 40.6935850032211], [-73.9464193864637, 40.693543341697], [-73.9465278726747, 40.6940975121057]]]}, "properties": {"OBJECTID": 7692, "OVERLAY": "C2-4", "Shape__Area": 20608.492309570312, "Shape__Length": 610.1899420505466}}, {"type": "Feature", "id": 2090, "geometry": {"type": "Polygon", "coordinates": [[[-73.9839287058869, 40.7173199923928], [-73.9832664924998, 40.7171245341635], [-73.9834528730429, 40.7167445259476], [-73.9841209074578, 40.7169442550384], [-73.9839287058869, 40.7173199923928]]]}, "properties": {"OBJECTID": 2090, "OVERLAY": "C2-5", "Shape__Area": 29161.08038330078, "Shape__Length": 690.5406441976193}}, {"type": "Feature", "id": 7005, "geometry": {"type": "Polygon", "coordinates": [[[-73.9484564904822, 40.7019089587232], [-73.9487280290636, 40.701733300913], [-73.9492073697809, 40.7021590423589], [-73.9489333006494, 40.7023366011491], [-73.9484564904822, 40.7019089587232]]]}, "properties": {"OBJECTID": 7005, "OVERLAY": "C2-4", "Shape__Area": 20288.091537475586, "Shape__Length": 607.2112046039869}}, {"type": "Feature", "id": 7995, "geometry": {"type": "Polygon", "coordinates": [[[-73.9620196188186, 40.694002642866], [-73.962132551606, 40.6939899008971], [-73.9621864613896, 40.6942608091474], [-73.961267561189, 40.6943656826005], [-73.9612068819056, 40.694094482576], [-73.9620196188186, 40.694002642866]]]}, "properties": {"OBJECTID": 7995, "OVERLAY": "C2-4", "Shape__Area": 25863.526885986328, "Shape__Length": 717.2238144975145}}, {"type": "Feature", "id": 6661, "geometry": {"type": "Polygon", "coordinates": [[[-73.9549313146152, 40.6910642250313], [-73.9552959838739, 40.691022288068], [-73.9553496097024, 40.6912905664216], [-73.9546156278468, 40.6913744908303], [-73.9545621169742, 40.6911066822497], [-73.9549313146152, 40.6910642250313]]]}, "properties": {"OBJECTID": 6661, "OVERLAY": "C2-4", "Shape__Area": 20331.446258544922, "Shape__Length": 609.2123017348216}}, {"type": "Feature", "id": 6080, "geometry": {"type": "Polygon", "coordinates": [[[-73.9306048916608, 40.6901155286759], [-73.9309701031692, 40.6900738780326], [-73.9310837703322, 40.6906307850715], [-73.9307184475557, 40.6906719047043], [-73.9306048916608, 40.6901155286759]]]}, "properties": {"OBJECTID": 6080, "OVERLAY": "C2-4", "Shape__Area": 21017.99853515625, "Shape__Length": 615.2917027504534}}, {"type": "Feature", "id": 6275, "geometry": {"type": "Polygon", "coordinates": [[[-73.9507329638084, 40.7116747505294], [-73.9506864216565, 40.7113889939419], [-73.9490611872028, 40.7115402835562], [-73.949016608378, 40.7112670640696], [-73.9509993859176, 40.7110789105112], [-73.9510922967469, 40.7116404646004], [-73.9507329638084, 40.7116747505294]]]}, "properties": {"OBJECTID": 6275, "OVERLAY": "C2-4", "Shape__Area": 66438.78038024902, "Shape__Length": 1519.6971367318342}}, {"type": "Feature", "id": 5439, "geometry": {"type": "Polygon", "coordinates": [[[-73.9444640271704, 40.7174813961493], [-73.9447426564111, 40.7174547292226], [-73.9448319134763, 40.7180078870957], [-73.9444761646292, 40.7180421353895], [-73.9443844924982, 40.717489007593], [-73.9444640271704, 40.7174813961493]]]}, "properties": {"OBJECTID": 5439, "OVERLAY": "C2-4", "Shape__Area": 20254.27667236328, "Shape__Length": 605.6329486611841}}, {"type": "Feature", "id": 1652, "geometry": {"type": "Polygon", "coordinates": [[[-73.9971053700626, 40.742947036722], [-73.9967896587927, 40.7428140784001], [-73.9971074728868, 40.7423720783088], [-73.9974261402109, 40.7425062641256], [-73.9971053700626, 40.742947036722]]]}, "properties": {"OBJECTID": 1652, "OVERLAY": "C2-5", "Shape__Area": 18440.051391601562, "Shape__Length": 568.0231165122786}}, {"type": "Feature", "id": 1798, "geometry": {"type": "Polygon", "coordinates": [[[-73.989508421342, 40.7269176383125], [-73.9891923548185, 40.7267852711745], [-73.9895201720877, 40.7263366038981], [-73.9898359363715, 40.7264696671118], [-73.989508421342, 40.7269176383125]]]}, "properties": {"OBJECTID": 1798, "OVERLAY": "C2-5", "Shape__Area": 18693.436965942383, "Shape__Length": 573.8262695026942}}, {"type": "Feature", "id": 5631, "geometry": {"type": "Polygon", "coordinates": [[[-73.9398683890935, 40.7092116059708], [-73.9399494764594, 40.7092040065582], [-73.9400401065858, 40.7097529253827], [-73.9395032952781, 40.7098043942176], [-73.9394161724837, 40.7092539837699], [-73.9398683890935, 40.7092116059708]]]}, "properties": {"OBJECTID": 5631, "OVERLAY": "C1-3", "Shape__Area": 30161.825744628906, "Shape__Length": 702.5141768502513}}, {"type": "Feature", "id": 5880, "geometry": {"type": "Polygon", "coordinates": [[[-73.9620518792529, 40.7330192041011], [-73.9620677284588, 40.7334281211631], [-73.9604431147796, 40.7335823107389], [-73.9604887290424, 40.7338545833768], [-73.9600413026155, 40.7338978983372], [-73.9598302342836, 40.7326379281607], [-73.9603671371215, 40.7325859522357], [-73.9604127492075, 40.7328582258412], [-73.9619553183696, 40.732708877758], [-73.9620518792529, 40.7330192041011]]]}, "properties": {"OBJECTID": 5880, "OVERLAY": "C2-4", "Shape__Area": 181861.11776733398, "Shape__Length": 2087.691742397428}}, {"type": "Feature", "id": 7795, "geometry": {"type": "Polygon", "coordinates": [[[-73.9303276340097, 40.6935778309884], [-73.9302972306684, 40.6934317880451], [-73.9307427578058, 40.6933796291257], [-73.9307730302529, 40.6935250352101], [-73.9310402761308, 40.6934934030269], [-73.9310684961358, 40.6936289507831], [-73.9303558361162, 40.6937133041652], [-73.9303276340097, 40.6935778309884]]]}, "properties": {"OBJECTID": 7795, "OVERLAY": "C2-4", "Shape__Area": 16717.614685058594, "Shape__Length": 607.4834037623357}}, {"type": "Feature", "id": 1944, "geometry": {"type": "Polygon", "coordinates": [[[-73.9777800419385, 40.7215046125229], [-73.9778577404674, 40.721397728878], [-73.9781930069599, 40.7215399356217], [-73.9778505791766, 40.722011948071], [-73.9775147749437, 40.7218695133061], [-73.9777800419385, 40.7215046125229]]]}, "properties": {"OBJECTID": 1944, "OVERLAY": "C1-5", "Shape__Area": 20915.97055053711, "Shape__Length": 605.8174170230952}}, {"type": "Feature", "id": 7600, "geometry": {"type": "Polygon", "coordinates": [[[-73.9440760215407, 40.7073607606498], [-73.9441649900677, 40.7079220206486], [-73.9434381975604, 40.7079905072418], [-73.943349938459, 40.7074300646971], [-73.9440760215407, 40.7073607606498]]]}, "properties": {"OBJECTID": 7600, "OVERLAY": "C1-3", "Shape__Area": 41770.56123352051, "Shape__Length": 817.5376824567215}}, {"type": "Feature", "id": 1838, "geometry": {"type": "Polygon", "coordinates": [[[-73.9786372320841, 40.727869290296], [-73.9789997361362, 40.727371596123], [-73.9793153044043, 40.7275046494136], [-73.9789518060495, 40.7280037122621], [-73.9786372320841, 40.727869290296]]]}, "properties": {"OBJECTID": 1838, "OVERLAY": "C1-5", "Shape__Area": 20758.62547302246, "Shape__Length": 615.1741835931067}}, {"type": "Feature", "id": 1340, "geometry": {"type": "Polygon", "coordinates": [[[-74.0006184323215, 40.7284858761631], [-74.0004240108793, 40.7287168872836], [-73.9998030972864, 40.7284110264764], [-73.9999974513331, 40.7281796039616], [-74.0006184323215, 40.7284858761631]]]}, "properties": {"OBJECTID": 1340, "OVERLAY": "C1-5", "Shape__Area": 20505.6845703125, "Shape__Length": 610.131215237102}}, {"type": "Feature", "id": 6083, "geometry": {"type": "Polygon", "coordinates": [[[-73.9406336630952, 40.7115775597809], [-73.9406065522525, 40.7115228901754], [-73.9405717837483, 40.7113033852507], [-73.9409296702307, 40.7112691221894], [-73.9409752904374, 40.7115450387862], [-73.9406336630952, 40.7115775597809]]]}, "properties": {"OBJECTID": 6083, "OVERLAY": "C2-4", "Shape__Area": 10102.36262512207, "Shape__Length": 398.60595647289534}}, {"type": "Feature", "id": 6415, "geometry": {"type": "Polygon", "coordinates": [[[-73.9444575052676, 40.7141416955182], [-73.944411337973, 40.7138666248191], [-73.9447748894684, 40.7138325641646], [-73.9448209042889, 40.7141120444467], [-73.9459119138058, 40.7140097508682], [-73.9459556770824, 40.7142813834798], [-73.9445041216099, 40.7144194526285], [-73.9444575052676, 40.7141416955182]]]}, "properties": {"OBJECTID": 6415, "OVERLAY": "C2-4", "Shape__Area": 51012.04080200195, "Shape__Length": 1217.1910093890704}}, {"type": "Feature", "id": 1861, "geometry": {"type": "Polygon", "coordinates": [[[-73.979328659818, 40.7241930120806], [-73.9790398989671, 40.7240713289759], [-73.9793576745424, 40.7236350355172], [-73.9796441653174, 40.7237558340314], [-73.979328659818, 40.7241930120806]]]}, "properties": {"OBJECTID": 1861, "OVERLAY": "C2-5", "Shape__Area": 16562.282974243164, "Shape__Length": 545.72141785186}}, {"type": "Feature", "id": 8359, "geometry": {"type": "Polygon", "coordinates": [[[-73.9419124933337, 40.6903037979501], [-73.942261859283, 40.6902631786907], [-73.9423801018694, 40.6908331144367], [-73.9420267085117, 40.6908734348554], [-73.9419124933337, 40.6903037979501]]]}, "properties": {"OBJECTID": 8359, "OVERLAY": "C2-4", "Shape__Area": 20703.75567626953, "Shape__Length": 617.2637417841208}}, {"type": "Feature", "id": 1363, "geometry": {"type": "Polygon", "coordinates": [[[-73.9625056424599, 40.7586107894524], [-73.9621899793695, 40.7584776636716], [-73.962364941971, 40.7582375877572], [-73.9626806042733, 40.7583707130632], [-73.9625056424599, 40.7586107894524]]]}, "properties": {"OBJECTID": 1363, "OVERLAY": "C1-5", "Shape__Area": 10000.027633666992, "Shape__Length": 400.00056514181944}}, {"type": "Feature", "id": 8788, "geometry": {"type": "Polygon", "coordinates": [[[-73.9439827927316, 40.7112586949074], [-73.9439364993412, 40.7109764413729], [-73.9442954438647, 40.7109421602587], [-73.9443414502828, 40.7112226548124], [-73.9439827927316, 40.7112586949074]]]}, "properties": {"OBJECTID": 8788, "OVERLAY": "C2-4", "Shape__Area": 10361.082244873047, "Shape__Length": 407.20484759690834}}, {"type": "Feature", "id": 8453, "geometry": {"type": "Polygon", "coordinates": [[[-73.9440764245373, 40.7051509708256], [-73.9444474852468, 40.7051155280487], [-73.9445398939827, 40.7056737359465], [-73.9440028023358, 40.705724670023], [-73.9439096793911, 40.7051668980958], [-73.9440764245373, 40.7051509708256]]]}, "properties": {"OBJECTID": 8453, "OVERLAY": "C2-3", "Shape__Area": 30772.36524963379, "Shape__Length": 710.1719381845785}}, {"type": "Feature", "id": 1718, "geometry": {"type": "Polygon", "coordinates": [[[-73.9755919005678, 40.7454538803328], [-73.9757729984729, 40.7452091139954], [-73.9760898855493, 40.7453424363023], [-73.9759122925221, 40.7455889814665], [-73.9755919005678, 40.7454538803328]]]}, "properties": {"OBJECTID": 1718, "OVERLAY": "C2-5", "Shape__Area": 10332.169891357422, "Shape__Length": 406.6028213627504}}, {"type": "Feature", "id": 2124, "geometry": {"type": "Polygon", "coordinates": [[[-73.9944025563375, 40.7574113455242], [-73.9947559389979, 40.756938921991], [-73.9957462257086, 40.7573572645748], [-73.9957565507789, 40.7573430991082], [-73.9963375612226, 40.7575879753939], [-73.9959698040608, 40.7580926106974], [-73.9949933364444, 40.7576810604908], [-73.9950044102413, 40.7576658847581], [-73.9944025563375, 40.7574113455242]]]}, "properties": {"OBJECTID": 2124, "OVERLAY": "C2-5", "Shape__Area": 101849.53384399414, "Shape__Length": 1418.4061903159459}}, {"type": "Feature", "id": 8479, "geometry": {"type": "Polygon", "coordinates": [[[-73.9540976268754, 40.7323039466875], [-73.9540056295208, 40.7317451552334], [-73.9543704799356, 40.7317110468307], [-73.9544595837523, 40.7322695684989], [-73.9540976268754, 40.7323039466875]]]}, "properties": {"OBJECTID": 8479, "OVERLAY": "C2-4", "Shape__Area": 20812.523391723633, "Shape__Length": 613.1279953388531}}, {"type": "Feature", "id": 5774, "geometry": {"type": "Polygon", "coordinates": [[[-73.9556146720902, 40.7359107879775], [-73.9556948418826, 40.7359031780362], [-73.9557878396401, 40.7364669353969], [-73.9554259985215, 40.7365005019336], [-73.9553325545465, 40.7359375662731], [-73.9556146720902, 40.7359107879775]]]}, "properties": {"OBJECTID": 5774, "OVERLAY": "C2-4", "Shape__Area": 20913.849578857422, "Shape__Length": 615.9282414132723}}, {"type": "Feature", "id": 8147, "geometry": {"type": "Polygon", "coordinates": [[[-73.9303109963836, 40.6916474912097], [-73.9306625971033, 40.6916068634901], [-73.9307802727636, 40.6921624547848], [-73.9304236905181, 40.6922033428013], [-73.9303109963836, 40.6916474912097]]]}, "properties": {"OBJECTID": 8147, "OVERLAY": "C2-4", "Shape__Area": 20355.367095947266, "Shape__Length": 608.5642646994055}}, {"type": "Feature", "id": 1930, "geometry": {"type": "Polygon", "coordinates": [[[-73.9840017087086, 40.7213610339459], [-73.9845328100412, 40.7203290556276], [-73.9848594837106, 40.7204218173397], [-73.984325734998, 40.7214556671498], [-73.9840017087086, 40.7213610339459]]]}, "properties": {"OBJECTID": 1930, "OVERLAY": "C1-5", "Shape__Area": 38976.721099853516, "Shape__Length": 1001.3161201907219}}, {"type": "Feature", "id": 6009, "geometry": {"type": "Polygon", "coordinates": [[[-73.9562254389177, 40.7017415724605], [-73.9563016818692, 40.7016922794776], [-73.95678287495, 40.7021255534622], [-73.9563693944997, 40.7023936177132], [-73.9558893864186, 40.701958837713], [-73.9562254389177, 40.7017415724605]]]}, "properties": {"OBJECTID": 6009, "OVERLAY": "C1-3", "Shape__Area": 31080.826614379883, "Shape__Length": 714.1867426757159}}, {"type": "Feature", "id": 7099, "geometry": {"type": "Polygon", "coordinates": [[[-73.9552193861316, 40.7352313492787], [-73.9555784244642, 40.7351974275066], [-73.9556706385024, 40.7357564579488], [-73.9553129907086, 40.735790216654], [-73.9552193861316, 40.7352313492787]]]}, "properties": {"OBJECTID": 7099, "OVERLAY": "C2-4", "Shape__Area": 20540.94580078125, "Shape__Length": 610.6703868295789}}, {"type": "Feature", "id": 7148, "geometry": {"type": "Polygon", "coordinates": [[[-73.9395625988943, 40.7068607045856], [-73.9388510122636, 40.706930223803], [-73.9391442318936, 40.7063329373972], [-73.9394703054906, 40.70630166795], [-73.9395625988943, 40.7068607045856]]]}, "properties": {"OBJECTID": 7148, "OVERLAY": "C1-3", "Shape__Area": 29788.808151245117, "Shape__Length": 727.6024362740052}}, {"type": "Feature", "id": 7440, "geometry": {"type": "Polygon", "coordinates": [[[-73.9306705294885, 40.6975874022268], [-73.9309207726147, 40.6975583526611], [-73.9299723318174, 40.6981420448282], [-73.929541943116, 40.6977328647122], [-73.9295731602283, 40.6977147862118], [-73.9306705294885, 40.6975874022268]]]}, "properties": {"OBJECTID": 7440, "OVERLAY": "C2-3", "Shape__Area": 33276.453186035156, "Shape__Length": 918.0532075883069}}, {"type": "Feature", "id": 3186, "geometry": {"type": "Polygon", "coordinates": [[[-73.9352416246053, 40.7590458053597], [-73.9354519863634, 40.7588179271989], [-73.9360796915391, 40.7591153097318], [-73.9358715990414, 40.7593405500103], [-73.9352416246053, 40.7590458053597]]]}, "properties": {"OBJECTID": 3186, "OVERLAY": "C1-3", "Shape__Area": 20632.09815979004, "Shape__Length": 611.5265524392046}}, {"type": "Feature", "id": 2259, "geometry": {"type": "Polygon", "coordinates": [[[-74.00351635243, 40.7262619909801], [-74.0031995747106, 40.7261060473502], [-74.0035002531262, 40.7257435296214], [-74.003196910565, 40.7255949508288], [-74.0033900821769, 40.7253620492979], [-74.0038218287467, 40.7255745937673], [-74.0035681020888, 40.7261995994122], [-74.00351635243, 40.7262619909801]]]}, "properties": {"OBJECTID": 2259, "OVERLAY": "C2-5", "Shape__Area": 29705.175048828125, "Shape__Length": 868.8218773771446}}, {"type": "Feature", "id": 1583, "geometry": {"type": "Polygon", "coordinates": [[[-73.9842109341931, 40.7171987435147], [-73.9842740546526, 40.7170747590942], [-73.9854475757106, 40.7174305113723], [-73.9853850812137, 40.717552686484], [-73.9842109341931, 40.7171987435147]]]}, "properties": {"OBJECTID": 1583, "OVERLAY": "C2-5", "Shape__Area": 16842.25958251953, "Shape__Length": 796.4839068274241}}, {"type": "Feature", "id": 7832, "geometry": {"type": "Polygon", "coordinates": [[[-73.9611379146294, 40.7136429688134], [-73.9614606262742, 40.713133217996], [-73.9619479705977, 40.7133123863419], [-73.9616253567488, 40.7138216882896], [-73.9611379146294, 40.7136429688134]]]}, "properties": {"OBJECTID": 7832, "OVERLAY": "C2-3", "Shape__Area": 30914.320434570312, "Shape__Length": 712.1734196946418}}, {"type": "Feature", "id": 8745, "geometry": {"type": "Polygon", "coordinates": [[[-73.9399460107204, 40.7159724552326], [-73.9400150988197, 40.7163892799593], [-73.938216989821, 40.7168516579518], [-73.9380427597942, 40.7164618692932], [-73.9399460107204, 40.7159724552326]]]}, "properties": {"OBJECTID": 8745, "OVERLAY": "C2-4", "Shape__Area": 81230.61222839355, "Shape__Length": 1386.1410279681031}}, {"type": "Feature", "id": 6836, "geometry": {"type": "Polygon", "coordinates": [[[-73.945674226597, 40.694374424443], [-73.9459910320981, 40.6943381775071], [-73.9461006102539, 40.694892571203], [-73.9457401002701, 40.6949340847554], [-73.945629289971, 40.6943795658649], [-73.945674226597, 40.694374424443]]]}, "properties": {"OBJECTID": 6836, "OVERLAY": "C2-4", "Shape__Area": 20690.501831054688, "Shape__Length": 611.1532282577579}}, {"type": "Feature", "id": 2353, "geometry": {"type": "Polygon", "coordinates": [[[-74.0001048976486, 40.7320283536154], [-74.0004445427693, 40.7315613860353], [-74.000757279529, 40.7317103429056], [-74.0004150102185, 40.73218057395], [-74.0001048976486, 40.7320283536154]]]}, "properties": {"OBJECTID": 2353, "OVERLAY": "C1-5", "Shape__Area": 19919.864501953125, "Shape__Length": 594.8138074797585}}, {"type": "Feature", "id": 7191, "geometry": {"type": "Polygon", "coordinates": [[[-73.9559673136396, 40.7377871496367], [-73.9595837178832, 40.7358295700088], [-73.9597928100538, 40.7360532681568], [-73.9579475641441, 40.7370521396812], [-73.9580450784895, 40.7371672583534], [-73.9562604728937, 40.7381332481471], [-73.9559673136396, 40.7377871496367]]]}, "properties": {"OBJECTID": 7191, "OVERLAY": "C2-4", "Shape__Area": 153489.07606506348, "Shape__Length": 2764.6123193998305}}, {"type": "Feature", "id": 1961, "geometry": {"type": "Polygon", "coordinates": [[[-73.9835970581567, 40.7307893701877], [-73.9832814799943, 40.7306563097831], [-73.9836397941124, 40.7301636191223], [-73.9839582457577, 40.730297676718], [-73.9835970581567, 40.7307893701877]]]}, "properties": {"OBJECTID": 1961, "OVERLAY": "C1-5", "Shape__Area": 20607.168212890625, "Shape__Length": 611.2267058119448}}, {"type": "Feature", "id": 1383, "geometry": {"type": "Polygon", "coordinates": [[[-73.9910439753723, 40.7248573876289], [-73.991261271285, 40.724560110171], [-73.9915363079723, 40.7246758884848], [-73.9913709554379, 40.724991775783], [-73.9910439753723, 40.7248573876289]]]}, "properties": {"OBJECTID": 1383, "OVERLAY": "C2-5", "Shape__Area": 11735.934478759766, "Shape__Length": 437.9427513702428}}, {"type": "Feature", "id": 1632, "geometry": {"type": "Polygon", "coordinates": [[[-73.9773635875014, 40.7220774870142], [-73.9774128568895, 40.7220097126241], [-73.9777488296662, 40.7221521999456], [-73.9774059823147, 40.7226247818769], [-73.9770694777097, 40.722482057525], [-73.9773635875014, 40.7220774870142]]]}, "properties": {"OBJECTID": 1632, "OVERLAY": "C1-5", "Shape__Area": 20984.359085083008, "Shape__Length": 606.7288487479159}}, {"type": "Feature", "id": 6289, "geometry": {"type": "Polygon", "coordinates": [[[-73.9472645484552, 40.7007375862617], [-73.9474712390238, 40.7006034918252], [-73.9479433174441, 40.7010262248776], [-73.9476695612817, 40.7012031603725], [-73.9471983588553, 40.7007805274659], [-73.9472645484552, 40.7007375862617]]]}, "properties": {"OBJECTID": 6289, "OVERLAY": "C2-4", "Shape__Area": 20103.075790405273, "Shape__Length": 603.0729293084055}}, {"type": "Feature", "id": 5960, "geometry": {"type": "Polygon", "coordinates": [[[-73.9501299146802, 40.7016818645132], [-73.950105148345, 40.7025495836998], [-73.9500268046, 40.7026000135123], [-73.9489241374967, 40.7016199523753], [-73.950142874871, 40.7008257522176], [-73.9501206616481, 40.7015617204669], [-73.9499768341454, 40.701433113532], [-73.9497977985333, 40.7015482867449], [-73.9500239259491, 40.7017504835011], [-73.9501299146802, 40.7016818645132]]]}, "properties": {"OBJECTID": 5960, "OVERLAY": "C2-4", "Shape__Area": 105494.20175170898, "Shape__Length": 1789.6717618427651}}, {"type": "Feature", "id": 7534, "geometry": {"type": "Polygon", "coordinates": [[[-73.9392271198799, 40.6913685868193], [-73.9395769258421, 40.6913282001728], [-73.9396853904537, 40.6918877919921], [-73.93933973471, 40.6919276309408], [-73.9392271198799, 40.6913685868193]]]}, "properties": {"OBJECTID": 7534, "OVERLAY": "C2-4", "Shape__Area": 20098.345184326172, "Shape__Length": 607.2036991573226}}, {"type": "Feature", "id": 9598, "geometry": {"type": "Polygon", "coordinates": [[[-73.9568416954299, 40.7181124244675], [-73.9573059193153, 40.7176804318652], [-73.9575887072314, 40.7178575415802], [-73.9571211687659, 40.7182859779631], [-73.9568416954299, 40.7181124244675]]]}, "properties": {"OBJECTID": 9598, "OVERLAY": "C1-4", "Shape__Area": 20464.552032470703, "Shape__Length": 607.7168464998975}}, {"type": "Feature", "id": 8024, "geometry": {"type": "Polygon", "coordinates": [[[-73.9513370511844, 40.7146622901388], [-73.9515892550325, 40.7146377647959], [-73.951652172393, 40.7150013877219], [-73.9513729020892, 40.7152270866524], [-73.9513445402309, 40.7152297536889], [-73.9512379136907, 40.7146719295828], [-73.9513370511844, 40.7146622901388]]]}, "properties": {"OBJECTID": 8024, "OVERLAY": "C2-4", "Shape__Area": 16741.44108581543, "Shape__Length": 558.0450688571211}}, {"type": "Feature", "id": 8565, "geometry": {"type": "Polygon", "coordinates": [[[-73.9526709202821, 40.6953544043089], [-73.9526172095414, 40.6950829892206], [-73.9533513562735, 40.694997853849], [-73.9534058192609, 40.6952703846364], [-73.9526709202821, 40.6953544043089]]]}, "properties": {"OBJECTID": 8565, "OVERLAY": "C2-4", "Shape__Area": 20644.729278564453, "Shape__Length": 612.4360371575107}}, {"type": "Feature", "id": 6979, "geometry": {"type": "Polygon", "coordinates": [[[-73.9488107260646, 40.6940158694701], [-73.9488160339648, 40.6940152648849], [-73.9489260589043, 40.6945723963626], [-73.9485616762934, 40.694614192592], [-73.9484510937398, 40.6940567957669], [-73.9488107260646, 40.6940158694701]]]}, "properties": {"OBJECTID": 6979, "OVERLAY": "C2-4", "Shape__Area": 20994.903121948242, "Shape__Length": 615.1481942676626}}, {"type": "Feature", "id": 6744, "geometry": {"type": "Polygon", "coordinates": [[[-73.9435752737787, 40.6956489516373], [-73.9435171049311, 40.6953665555582], [-73.9438782635832, 40.6953248853927], [-73.9439346202207, 40.6956100368774], [-73.9458309924589, 40.6953889262528], [-73.9457744698497, 40.6951060809277], [-73.9461306655387, 40.6950649749823], [-73.9462439996067, 40.6956303168826], [-73.9436334431205, 40.6959313458758], [-73.9435752737787, 40.6956489516373]]]}, "properties": {"OBJECTID": 6744, "OVERLAY": "C2-4", "Shape__Area": 96949.5154876709, "Shape__Length": 2091.287040881126}}, {"type": "Feature", "id": 6252, "geometry": {"type": "Polygon", "coordinates": [[[-73.9401479332193, 40.6929868749655], [-73.9401035527905, 40.6927672076806], [-73.9427105125571, 40.6924688449747], [-73.94282439682, 40.6930324113039], [-73.9424660177446, 40.6930734293876], [-73.9424094986633, 40.6927915999008], [-73.9405171302804, 40.6930081798067], [-73.9405741089125, 40.6932899627292], [-73.9402174167066, 40.6933307810713], [-73.9401479332193, 40.6929868749655]]]}, "properties": {"OBJECTID": 6252, "OVERLAY": "C2-4", "Shape__Area": 96756.67202758789, "Shape__Length": 2085.480728257326}}, {"type": "Feature", "id": 5505, "geometry": {"type": "Polygon", "coordinates": [[[-73.9358041197896, 40.699342785764], [-73.9358272395292, 40.6993195330133], [-73.9369880305228, 40.6999713907893], [-73.9365498278826, 40.7004233838272], [-73.9364222381993, 40.7003516083176], [-73.9358041197896, 40.699342785764]]]}, "properties": {"OBJECTID": 5505, "OVERLAY": "C2-4", "Shape__Area": 47328.03771972656, "Shape__Length": 1064.8079552407205}}, {"type": "Feature", "id": 1824, "geometry": {"type": "Polygon", "coordinates": [[[-73.9998004519826, 40.7307079405783], [-73.9991851964205, 40.7304041693145], [-73.9993943649512, 40.7301567009202], [-74.0000101506893, 40.7304607322242], [-73.9998004519826, 40.7307079405783]]]}, "properties": {"OBJECTID": 1824, "OVERLAY": "C1-5", "Shape__Area": 21799.589614868164, "Shape__Length": 621.1297060123197}}, {"type": "Feature", "id": 2310, "geometry": {"type": "Polygon", "coordinates": [[[-73.9814379419225, 40.7165418560747], [-73.9807697303986, 40.7163414918224], [-73.9808990418206, 40.7160804220699], [-73.9815674287994, 40.7162802155839], [-73.9814379419225, 40.7165418560747]]]}, "properties": {"OBJECTID": 2310, "OVERLAY": "C2-5", "Shape__Area": 20255.321090698242, "Shape__Length": 601.6771609544239}}, {"type": "Feature", "id": 1818, "geometry": {"type": "Polygon", "coordinates": [[[-73.9763254793373, 40.7407789123576], [-73.9760098506151, 40.7406458556198], [-73.97635690417, 40.7401697570769], [-73.9766724199873, 40.7403029641352], [-73.9763254793373, 40.7407789123576]]]}, "properties": {"OBJECTID": 1818, "OVERLAY": "C2-5", "Shape__Area": 19830.338821411133, "Shape__Length": 596.6069734511665}}, {"type": "Feature", "id": 2316, "geometry": {"type": "Polygon", "coordinates": [[[-74.004997065032, 40.7462749316164], [-74.0046932316665, 40.7461474452723], [-74.0050206311672, 40.7456966792426], [-74.0053249793582, 40.7458243799285], [-74.004997065032, 40.7462749316164]]]}, "properties": {"OBJECTID": 2316, "OVERLAY": "C2-5", "Shape__Area": 18055.17315673828, "Shape__Length": 567.7048808341918}}, {"type": "Feature", "id": 1377, "geometry": {"type": "Polygon", "coordinates": [[[-73.9784554524537, 40.7254029312583], [-73.9781605053269, 40.7252786729567], [-73.9784889157215, 40.7248277948297], [-73.9787815725811, 40.7249510640172], [-73.9784554524537, 40.7254029312583]]]}, "properties": {"OBJECTID": 1377, "OVERLAY": "C1-5", "Shape__Area": 17482.105575561523, "Shape__Length": 561.7868405423044}}, {"type": "Feature", "id": 5213, "geometry": {"type": "Polygon", "coordinates": [[[-73.9493624879726, 40.7155747211709], [-73.9495098379397, 40.7155603083766], [-73.9496018342448, 40.7161146642561], [-73.9492456761908, 40.7161494998364], [-73.9491520518233, 40.7155953032454], [-73.9493624879726, 40.7155747211709]]]}, "properties": {"OBJECTID": 5213, "OVERLAY": "C2-4", "Shape__Area": 20310.814498901367, "Shape__Length": 606.6888208954279}}, {"type": "Feature", "id": 7377, "geometry": {"type": "Polygon", "coordinates": [[[-73.9462289736657, 40.725376797986], [-73.9465585921241, 40.725265944742], [-73.9466653034963, 40.7254533551077], [-73.9459964202682, 40.7256769306934], [-73.9458910602385, 40.7254904406684], [-73.9462289736657, 40.725376797986]]]}, "properties": {"OBJECTID": 7377, "OVERLAY": "C2-4", "Shape__Area": 15013.953750610352, "Shape__Length": 553.1621290002585}}, {"type": "Feature", "id": 6787, "geometry": {"type": "Polygon", "coordinates": [[[-73.9434045228503, 40.7258065848803], [-73.9434771505908, 40.7257998649329], [-73.9435110057338, 40.7260041512901], [-73.942783126238, 40.7260714516783], [-73.9427496200967, 40.7258671796895], [-73.9434045228503, 40.7258065848803]]]}, "properties": {"OBJECTID": 6787, "OVERLAY": "C2-4", "Shape__Area": 15240.50375366211, "Shape__Length": 556.3874890098596}}, {"type": "Feature", "id": 6295, "geometry": {"type": "Polygon", "coordinates": [[[-73.9378134709037, 40.696315555519], [-73.9385442411567, 40.6962321111845], [-73.9386010554894, 40.6965102288959], [-73.9378702256328, 40.6965934961566], [-73.9378134709037, 40.696315555519]]]}, "properties": {"OBJECTID": 6295, "OVERLAY": "C2-4", "Shape__Area": 21005.23666381836, "Shape__Length": 614.8428431213995}}, {"type": "Feature", "id": 6544, "geometry": {"type": "Polygon", "coordinates": [[[-73.9580439796535, 40.704457176309], [-73.9582305832237, 40.7043361217243], [-73.9584694654255, 40.7045489189612], [-73.9580537054834, 40.7048177600979], [-73.957816055412, 40.7046050371995], [-73.9580439796535, 40.704457176309]]]}, "properties": {"OBJECTID": 6544, "OVERLAY": "C1-3", "Shape__Area": 15393.714096069336, "Shape__Length": 505.98528636859277}}, {"type": "Feature", "id": 1575, "geometry": {"type": "Polygon", "coordinates": [[[-73.9981067749253, 40.7127564861929], [-73.9987021411562, 40.712173879251], [-73.9988026202109, 40.7125226950032], [-73.998687622017, 40.7126352287845], [-73.9984202984285, 40.7126674267976], [-73.998502744307, 40.7128161445495], [-73.9982042220317, 40.7131082668721], [-73.9981067749253, 40.7127564861929]]]}, "properties": {"OBJECTID": 1575, "OVERLAY": "C2-5", "Shape__Area": 24814.802276611328, "Shape__Length": 850.5561851028356}}, {"type": "Feature", "id": 5903, "geometry": {"type": "Polygon", "coordinates": [[[-73.9447585170603, 40.7160107574877], [-73.9451276026783, 40.7159747847939], [-73.9452194761056, 40.7165327605527], [-73.9448536860835, 40.7165670736766], [-73.9447585170603, 40.7160107574877]]]}, "properties": {"OBJECTID": 5903, "OVERLAY": "C2-4", "Shape__Area": 21007.725860595703, "Shape__Length": 614.5902906289547}}, {"type": "Feature", "id": 2067, "geometry": {"type": "Polygon", "coordinates": [[[-74.0035576914666, 40.7425925432997], [-74.0038780869479, 40.7421526757428], [-74.0041969266986, 40.7422869202676], [-74.0038735323977, 40.7427253416893], [-74.0035576914666, 40.7425925432997]]]}, "properties": {"OBJECTID": 2067, "OVERLAY": "C2-5", "Shape__Area": 18408.471969604492, "Shape__Length": 567.3492754463373}}, {"type": "Feature", "id": 2087, "geometry": {"type": "Polygon", "coordinates": [[[-73.9829658533575, 40.7305233142411], [-73.982650252848, 40.7303902854169], [-73.9830084079721, 40.729897820905], [-73.9833241004128, 40.7300307199974], [-73.9829658533575, 40.7305233142411]]]}, "properties": {"OBJECTID": 2087, "OVERLAY": "C1-5", "Shape__Area": 20507.56703186035, "Shape__Length": 610.1514047075773}}, {"type": "Feature", "id": 6000, "geometry": {"type": "Polygon", "coordinates": [[[-73.9596460380788, 40.7048333093325], [-73.9596946055785, 40.7047471680804], [-73.9599248472745, 40.7049544580312], [-73.9595261628741, 40.7052125871204], [-73.9594646124779, 40.7051550966037], [-73.9596460380788, 40.7048333093325]]]}, "properties": {"OBJECTID": 6000, "OVERLAY": "C1-3", "Shape__Area": 9111.785064697266, "Shape__Length": 432.75977052474695}}, {"type": "Feature", "id": 5336, "geometry": {"type": "Polygon", "coordinates": [[[-73.9397547657452, 40.706283605226], [-73.9402913531623, 40.7062309203031], [-73.9403794753728, 40.706784233171], [-73.939849511099, 40.7068346859937], [-73.9397547657452, 40.706283605226]]]}, "properties": {"OBJECTID": 5336, "OVERLAY": "C1-3", "Shape__Area": 30221.554458618164, "Shape__Length": 703.6337681262412}}, {"type": "Feature", "id": 8253, "geometry": {"type": "Polygon", "coordinates": [[[-73.9455519502609, 40.7072211883112], [-73.9456444696028, 40.7077776743381], [-73.945095001952, 40.7078297351005], [-73.9450052244758, 40.7072729203562], [-73.9455519502609, 40.7072211883112]]]}, "properties": {"OBJECTID": 8253, "OVERLAY": "C2-3", "Shape__Area": 31295.874221801758, "Shape__Length": 715.0089668025277}}, {"type": "Feature", "id": 7660, "geometry": {"type": "Polygon", "coordinates": [[[-73.9323986572185, 40.6966823539692], [-73.9325533418414, 40.6967692370534], [-73.9332417495395, 40.6966922032992], [-73.9327965356133, 40.6971566430708], [-73.9324114914266, 40.6972012514382], [-73.9320715962451, 40.6970195907923], [-73.9323986572185, 40.6966823539692]]]}, "properties": {"OBJECTID": 7660, "OVERLAY": "C2-3", "Shape__Area": 35290.177017211914, "Shape__Length": 831.589753176617}}, {"type": "Feature", "id": 1732, "geometry": {"type": "Polygon", "coordinates": [[[-73.9791046562055, 40.7272275454696], [-73.9794343108574, 40.7267749423171], [-73.9797502584767, 40.7269074703983], [-73.9794202240007, 40.7273605984753], [-73.9791046562055, 40.7272275454696]]]}, "properties": {"OBJECTID": 1732, "OVERLAY": "C1-5", "Shape__Area": 18862.84390258789, "Shape__Length": 577.257224468507}}, {"type": "Feature", "id": 8347, "geometry": {"type": "Polygon", "coordinates": [[[-73.9297014412372, 40.697089948337], [-73.9303841991595, 40.6970148850377], [-73.9295487393237, 40.6975312800709], [-73.9293414904353, 40.6975519899934], [-73.9291880523032, 40.6974054885152], [-73.9297014412372, 40.697089948337]]]}, "properties": {"OBJECTID": 8347, "OVERLAY": "C2-3", "Shape__Area": 25346.97964477539, "Shape__Length": 798.9269635791434}}, {"type": "Feature", "id": 8539, "geometry": {"type": "Polygon", "coordinates": [[[-73.954327034705, 40.7337222342065], [-73.9542371083621, 40.7331690783509], [-73.9546047077646, 40.7331337951386], [-73.9546920633845, 40.7336871162913], [-73.954327034705, 40.7337222342065]]]}, "properties": {"OBJECTID": 8539, "OVERLAY": "C2-4", "Shape__Area": 20777.820388793945, "Shape__Length": 610.7633698451734}}, {"type": "Feature", "id": 6710, "geometry": {"type": "Polygon", "coordinates": [[[-73.9491050220588, 40.6969878583564], [-73.9494082696871, 40.6969530440498], [-73.949519998823, 40.697517862273], [-73.9491631900629, 40.6975587433956], [-73.9490488570789, 40.6969943072935], [-73.9491050220588, 40.6969878583564]]]}, "properties": {"OBJECTID": 6710, "OVERLAY": "C2-4", "Shape__Area": 20896.32537841797, "Shape__Length": 617.0142613395113}}, {"type": "Feature", "id": 2110, "geometry": {"type": "Polygon", "coordinates": [[[-73.981559477524, 40.714827348756], [-73.9816929802203, 40.7145723463714], [-73.9831721129165, 40.7150182806429], [-73.9830441667069, 40.7152640661188], [-73.981559477524, 40.714827348756]]]}, "properties": {"OBJECTID": 2110, "OVERLAY": "C1-5", "Shape__Area": 43303.76899719238, "Shape__Length": 1078.645343874194}}, {"type": "Feature", "id": 5737, "geometry": {"type": "Polygon", "coordinates": [[[-73.9929503743383, 40.6973658814224], [-73.9926103437015, 40.6972743905355], [-73.9927344080709, 40.6970167617781], [-73.9930732505924, 40.6971107196346], [-73.9929503743383, 40.6973658814224]]]}, "properties": {"OBJECTID": 5737, "OVERLAY": "C1-5", "Shape__Area": 9948.886489868164, "Shape__Length": 398.9845342865984}}, {"type": "Feature", "id": 3106, "geometry": {"type": "Polygon", "coordinates": [[[-73.9537143542876, 40.7442908348169], [-73.9537377311497, 40.7442210783286], [-73.9540883977078, 40.7442890493299], [-73.953907316789, 40.7448289840217], [-73.9535565855738, 40.7447616310976], [-73.9537143542876, 40.7442908348169]]]}, "properties": {"OBJECTID": 3106, "OVERLAY": "C1-5", "Shape__Area": 20364.347091674805, "Shape__Length": 606.7607975106833}}, {"type": "Feature", "id": 8393, "geometry": {"type": "Polygon", "coordinates": [[[-73.9517384928011, 40.6936775563102], [-73.9520956438736, 40.6936362972245], [-73.9522046736055, 40.6941898123103], [-73.9518476793637, 40.6942310609922], [-73.9517384928011, 40.6936775563102]]]}, "properties": {"OBJECTID": 8393, "OVERLAY": "C2-4", "Shape__Area": 20422.793487548828, "Shape__Length": 608.1393221143519}}, {"type": "Feature", "id": 1592, "geometry": {"type": "Polygon", "coordinates": [[[-73.9849022003052, 40.7234003316542], [-73.9852760128624, 40.7228908033261], [-73.9855818357122, 40.7230194068705], [-73.9852103337587, 40.7235302188046], [-73.9849022003052, 40.7234003316542]]]}, "properties": {"OBJECTID": 1592, "OVERLAY": "C2-5", "Shape__Area": 20679.592041015625, "Shape__Length": 619.7893260891592}}, {"type": "Feature", "id": 7829, "geometry": {"type": "Polygon", "coordinates": [[[-73.9432362644238, 40.7103252483561], [-73.9435939347162, 40.7102897044818], [-73.9436814154972, 40.7108258108317], [-73.943323462178, 40.7108596438661], [-73.9432362644238, 40.7103252483561]]]}, "properties": {"OBJECTID": 7829, "OVERLAY": "C1-3", "Shape__Area": 19650.539337158203, "Shape__Length": 593.0129757383515}}, {"type": "Feature", "id": 6827, "geometry": {"type": "Polygon", "coordinates": [[[-73.954442146699, 40.7344303080464], [-73.9543513413808, 40.733871755241], [-73.9547161801316, 40.7338368433909], [-73.9548077416308, 40.7343950188938], [-73.954442146699, 40.7344303080464]]]}, "properties": {"OBJECTID": 6827, "OVERLAY": "C2-4", "Shape__Area": 20913.44076538086, "Shape__Length": 614.027193789608}}, {"type": "Feature", "id": 2279, "geometry": {"type": "Polygon", "coordinates": [[[-73.9823605458659, 40.7361610082757], [-73.9826849267562, 40.7362980031397], [-73.9823610637079, 40.7367361141161], [-73.9820429503125, 40.7366020783946], [-73.9823605458659, 40.7361610082757]]]}, "properties": {"OBJECTID": 2279, "OVERLAY": "C1-5", "Shape__Area": 18646.65643310547, "Shape__Length": 569.9431800730848}}, {"type": "Feature", "id": 1492, "geometry": {"type": "Polygon", "coordinates": [[[-73.9799398281251, 40.7269869861094], [-73.9802504198175, 40.7271172651109], [-73.9799200500632, 40.7275713373825], [-73.979609565993, 40.7274404298625], [-73.9799398281251, 40.7269869861094]]]}, "properties": {"OBJECTID": 1492, "OVERLAY": "C1-5", "Shape__Area": 18585.09194946289, "Shape__Length": 574.6449507696927}}, {"type": "Feature", "id": 3607, "geometry": {"type": "Polygon", "coordinates": [[[-73.9518572988374, 40.7431224562828], [-73.9520136791313, 40.7431523058152], [-73.9519111037854, 40.743443948103], [-73.9514918376561, 40.7433614470282], [-73.9514958003748, 40.7433501815518], [-73.9514865322508, 40.7433483811367], [-73.9515058626214, 40.7433003850425], [-73.9518572988374, 40.7431224562828]]]}, "properties": {"OBJECTID": 3607, "OVERLAY": "C2-5", "Shape__Area": 10013.898513793945, "Shape__Length": 416.84590887961394}}, {"type": "Feature", "id": 2373, "geometry": {"type": "Polygon", "coordinates": [[[-73.9836110525709, 40.7261826443223], [-73.9839268896481, 40.7263153212278], [-73.9835864663436, 40.7267833578499], [-73.9832708633614, 40.7266503567705], [-73.9836110525709, 40.7261826443223]]]}, "properties": {"OBJECTID": 2373, "OVERLAY": "C1-5", "Shape__Area": 19481.74935913086, "Shape__Length": 589.6349478109895}}, {"type": "Feature", "id": 1638, "geometry": {"type": "Polygon", "coordinates": [[[-73.9826204754612, 40.7281114236803], [-73.9822873483449, 40.7285693987662], [-73.981971769101, 40.7284363536403], [-73.9823045566873, 40.7279788467708], [-73.9826204754612, 40.7281114236803]]]}, "properties": {"OBJECTID": 1638, "OVERLAY": "C2-5", "Shape__Area": 19059.982147216797, "Shape__Length": 581.1995903865027}}, {"type": "Feature", "id": 2302, "geometry": {"type": "Polygon", "coordinates": [[[-73.986818094494, 40.7177604594647], [-73.9870858459388, 40.7172425010232], [-73.9877601268706, 40.717445631621], [-73.9874924482811, 40.7179647316699], [-73.986818094494, 40.7177604594647]]]}, "properties": {"OBJECTID": 2302, "OVERLAY": "C2-5", "Shape__Area": 40820.954818725586, "Shape__Length": 808.1791970408498}}, {"type": "Feature", "id": 8376, "geometry": {"type": "Polygon", "coordinates": [[[-73.9935104426848, 40.6975188880229], [-73.993171576171, 40.6974249755822], [-73.9932934990393, 40.6971717928314], [-73.9936323419534, 40.6972657490399], [-73.9935104426848, 40.6975188880229]]]}, "properties": {"OBJECTID": 8376, "OVERLAY": "C1-5", "Shape__Area": 9823.364349365234, "Shape__Length": 396.4676898462017}}, {"type": "Feature", "id": 1709, "geometry": {"type": "Polygon", "coordinates": [[[-74.0013677144194, 40.7472980614588], [-74.0010527105093, 40.7471653427245], [-74.0014013867491, 40.7466854734745], [-74.0017172202894, 40.7468182885067], [-74.0013677144194, 40.7472980614588]]]}, "properties": {"OBJECTID": 1709, "OVERLAY": "C1-5", "Shape__Area": 19957.24397277832, "Shape__Length": 599.3629369783202}}, {"type": "Feature", "id": 9604, "geometry": {"type": "Polygon", "coordinates": [[[-73.9575955602766, 40.7180783222021], [-73.9577456971613, 40.7179377618245], [-73.9580262212995, 40.7181160537981], [-73.9575514179919, 40.7185575790803], [-73.9572706639689, 40.7183824934926], [-73.9575955602766, 40.7180783222021]]]}, "properties": {"OBJECTID": 9604, "OVERLAY": "C1-4", "Shape__Area": 21034.26287841797, "Shape__Length": 618.5871891747431}}, {"type": "Feature", "id": 2093, "geometry": {"type": "Polygon", "coordinates": [[[-74.0028741359187, 40.7272844252049], [-74.0030917637525, 40.727020525392], [-74.0032269758122, 40.7270358600495], [-74.0030047031941, 40.7275788982147], [-74.002657467484, 40.7275471566145], [-74.0028741359187, 40.7272844252049]]]}, "properties": {"OBJECTID": 2093, "OVERLAY": "C1-5", "Shape__Area": 13808.250076293945, "Shape__Length": 568.54201129796}}, {"type": "Feature", "id": 2425, "geometry": {"type": "Polygon", "coordinates": [[[-73.9840705854399, 40.7218921848363], [-73.9837546518218, 40.7217596703206], [-73.9838250131298, 40.7216636075464], [-73.9858281800073, 40.7222686808049], [-73.9860580186481, 40.7223646437533], [-73.9856866329196, 40.7228753086986], [-73.9853822342936, 40.7227473035491], [-73.9855526103231, 40.7225137814898], [-73.9840705854399, 40.7218921848363]]]}, "properties": {"OBJECTID": 2425, "OVERLAY": "C2-5", "Shape__Area": 63717.06755065918, "Shape__Length": 1685.5878276659696}}, {"type": "Feature", "id": 1406, "geometry": {"type": "Polygon", "coordinates": [[[-73.9870861698505, 40.7129677237022], [-73.9874290341208, 40.7129390650693], [-73.9875209518148, 40.7135240117115], [-73.9871704016032, 40.7135524887575], [-73.9870861698505, 40.7129677237022]]]}, "properties": {"OBJECTID": 1406, "OVERLAY": "C1-5", "Shape__Area": 20734.627319335938, "Shape__Length": 622.311626138918}}, {"type": "Feature", "id": 5390, "geometry": {"type": "Polygon", "coordinates": [[[-73.9426550124434, 40.6909782065035], [-73.9430112714404, 40.6909377658065], [-73.9431197072419, 40.6914865068031], [-73.9427675829677, 40.6915264771211], [-73.9426550124434, 40.6909782065035]]]}, "properties": {"OBJECTID": 5390, "OVERLAY": "C2-4", "Shape__Area": 20077.532302856445, "Shape__Length": 602.9663757897652}}, {"type": "Feature", "id": 5236, "geometry": {"type": "Polygon", "coordinates": [[[-73.9310400343483, 40.6923098500745], [-73.9313966179555, 40.6922689727567], [-73.931510221091, 40.6928308238971], [-73.931151754185, 40.6928721200783], [-73.9310400343483, 40.6923098500745]]]}, "properties": {"OBJECTID": 5236, "OVERLAY": "C2-4", "Shape__Area": 20770.29182434082, "Shape__Length": 614.8290161764153}}, {"type": "Feature", "id": 1546, "geometry": {"type": "Polygon", "coordinates": [[[-73.9996569523444, 40.7326442099458], [-74.0000045244702, 40.7321663538783], [-74.0003149132773, 40.7323187707904], [-73.9999666476921, 40.732796782672], [-73.9996569523444, 40.7326442099458]]]}, "properties": {"OBJECTID": 1546, "OVERLAY": "C2-5", "Shape__Area": 20319.314407348633, "Shape__Length": 602.7312270116981}}, {"type": "Feature", "id": 2296, "geometry": {"type": "Polygon", "coordinates": [[[-73.981067393074, 40.7217837438124], [-73.9807593467771, 40.7216538761733], [-73.981128514749, 40.7211469781932], [-73.9814373417887, 40.7212768080587], [-73.981067393074, 40.7217837438124]]]}, "properties": {"OBJECTID": 2296, "OVERLAY": "C2-5", "Shape__Area": 20636.01043701172, "Shape__Length": 617.8090022066772}}, {"type": "Feature", "id": 2047, "geometry": {"type": "Polygon", "coordinates": [[[-73.9797133600842, 40.7137794661891], [-73.9807693075463, 40.7136637741902], [-73.9808201333478, 40.7141129546808], [-73.9797133600842, 40.7137794661891]]]}, "properties": {"OBJECTID": 2047, "OVERLAY": "C1-5", "Shape__Area": 24249.88362121582, "Shape__Length": 790.0118761265111}}, {"type": "Feature", "id": 6965, "geometry": {"type": "Polygon", "coordinates": [[[-73.9679684169687, 40.6933268791445], [-73.968701392728, 40.6932412177789], [-73.9687553082549, 40.6935126110496], [-73.9680225262785, 40.6935951759458], [-73.9679684169687, 40.6933268791445]]]}, "properties": {"OBJECTID": 6965, "OVERLAY": "C2-4", "Shape__Area": 20439.367156982422, "Shape__Length": 609.9568339480359}}, {"type": "Feature", "id": 8090, "geometry": {"type": "Polygon", "coordinates": [[[-73.9441229966955, 40.7120834078657], [-73.9444812677995, 40.7120491204443], [-73.9445154463765, 40.7122610811955], [-73.9441576247227, 40.7122957471555], [-73.9441229966955, 40.7120834078657]]]}, "properties": {"OBJECTID": 8090, "OVERLAY": "C2-4", "Shape__Area": 7791.968185424805, "Shape__Length": 355.8635875631242}}, {"type": "Feature", "id": 7105, "geometry": {"type": "Polygon", "coordinates": [[[-73.956735828191, 40.7033608213051], [-73.9569725256909, 40.7032075321208], [-73.9574587355824, 40.7036355829958], [-73.9570370539609, 40.7039077321868], [-73.956556104892, 40.7034772114266], [-73.956735828191, 40.7033608213051]]]}, "properties": {"OBJECTID": 7105, "OVERLAY": "C1-3", "Shape__Area": 31406.080459594727, "Shape__Length": 716.9239051574954}}, {"type": "Feature", "id": 1646, "geometry": {"type": "Polygon", "coordinates": [[[-73.9628559780301, 40.7581308130322], [-73.9625399009421, 40.7579975124684], [-73.9628915228921, 40.757515022106], [-73.9632071686007, 40.7576481657897], [-73.9628559780301, 40.7581308130322]]]}, "properties": {"OBJECTID": 1646, "OVERLAY": "C1-5", "Shape__Area": 20110.24252319336, "Shape__Length": 602.0716064116675}}, {"type": "Feature", "id": 5877, "geometry": {"type": "Polygon", "coordinates": [[[-73.9470473536193, 40.7006450858766], [-73.9469124341187, 40.7005240723117], [-73.9464947779649, 40.7005708316397], [-73.9462919884958, 40.700389769328], [-73.9464292217428, 40.7003007419871], [-73.9470579450976, 40.7002303507683], [-73.9473252619271, 40.7004655818861], [-73.9470473536193, 40.7006450858766]]]}, "properties": {"OBJECTID": 5877, "OVERLAY": "C2-4", "Shape__Area": 25446.82666015625, "Shape__Length": 702.1399106249148}}, {"type": "Feature", "id": 7451, "geometry": {"type": "Polygon", "coordinates": [[[-73.9659481725223, 40.6930869193693], [-73.9666728298415, 40.6930014134422], [-73.966726314122, 40.6932712973887], [-73.9660034137004, 40.6933581558396], [-73.9659481725223, 40.6930869193693]]]}, "properties": {"OBJECTID": 7451, "OVERLAY": "C2-4", "Shape__Area": 20257.98501586914, "Shape__Length": 605.742316975028}}, {"type": "Feature", "id": 7059, "geometry": {"type": "Polygon", "coordinates": [[[-73.9623968441179, 40.7153699386398], [-73.9614131882588, 40.7149680872115], [-73.9613303760421, 40.7150442075025], [-73.9610245658348, 40.7148948636626], [-73.9613209301229, 40.7146188598507], [-73.9626301507388, 40.7151537146708], [-73.9623968441179, 40.7153699386398]]]}, "properties": {"OBJECTID": 7059, "OVERLAY": "C2-4", "Shape__Area": 44385.0895690918, "Shape__Length": 1089.9631485348318}}, {"type": "Feature", "id": 8834, "geometry": {"type": "Polygon", "coordinates": [[[-73.9426382119563, 40.7149594262371], [-73.9426932941259, 40.7153249952649], [-73.942293287122, 40.7153639955918], [-73.9423145271411, 40.715108358462], [-73.9426382119563, 40.7149594262371]]]}, "properties": {"OBJECTID": 8834, "OVERLAY": "C2-4", "Shape__Area": 11511.887649536133, "Shape__Length": 444.0394814672338}}, {"type": "Feature", "id": 7743, "geometry": {"type": "Polygon", "coordinates": [[[-73.9410603790729, 40.7185228858409], [-73.9410781704537, 40.7185211902814], [-73.9409815533077, 40.7186930995353], [-73.941047150467, 40.7190903716201], [-73.9406892149904, 40.7191245845787], [-73.9406141226813, 40.7186853057939], [-73.9407202239282, 40.7185553123802], [-73.9410603790729, 40.7185228858409]]]}, "properties": {"OBJECTID": 7743, "OVERLAY": "C2-4", "Shape__Area": 20809.146591186523, "Shape__Length": 631.1346829212323}}, {"type": "Feature", "id": 7245, "geometry": {"type": "Polygon", "coordinates": [[[-73.9513577082219, 40.7256764701787], [-73.9515010014803, 40.7259283652592], [-73.9511614918994, 40.7260399245387], [-73.9510181393038, 40.725788047024], [-73.9513577082219, 40.7256764701787]]]}, "properties": {"OBJECTID": 7245, "OVERLAY": "C2-4", "Shape__Area": 10251.32145690918, "Shape__Length": 405.02654173725637}}, {"type": "Feature", "id": 5728, "geometry": {"type": "Polygon", "coordinates": [[[-73.9583404293031, 40.713566080167], [-73.9584229702616, 40.7134359663862], [-73.9596426772811, 40.7139329015128], [-73.9593723229765, 40.7141855311537], [-73.9582910659212, 40.7136438916387], [-73.9583404293031, 40.713566080167]]]}, "properties": {"OBJECTID": 5728, "OVERLAY": "C2-4", "Shape__Area": 37307.04804992676, "Shape__Length": 945.2394162517676}}, {"type": "Feature", "id": 7388, "geometry": {"type": "Polygon", "coordinates": [[[-73.9615463945125, 40.7129977387079], [-73.9619268588638, 40.7123967498451], [-73.9624106981406, 40.7125743473022], [-73.9620363607544, 40.7131766419081], [-73.9615463945125, 40.7129977387079]]]}, "properties": {"OBJECTID": 7388, "OVERLAY": "C2-3", "Shape__Area": 36382.36360168457, "Shape__Length": 785.3605511553133}}, {"type": "Feature", "id": 5230, "geometry": {"type": "Polygon", "coordinates": [[[-73.9599139041926, 40.7061665096648], [-73.9601211932481, 40.7060322991657], [-73.9605983409226, 40.706459772449], [-73.9601868433198, 40.7067270702017], [-73.9597088646931, 40.7062992599462], [-73.9599139041926, 40.7061665096648]]]}, "properties": {"OBJECTID": 5230, "OVERLAY": "C1-3", "Shape__Area": 30679.57928466797, "Shape__Length": 709.0268310413903}}, {"type": "Feature", "id": 3736, "geometry": {"type": "Polygon", "coordinates": [[[-73.9531199618255, 40.7424634798803], [-73.9539098551719, 40.7420547387507], [-73.9540190404562, 40.7420785846], [-73.9538452255986, 40.7426024347], [-73.9531199618255, 40.7424634798803]]]}, "properties": {"OBJECTID": 3736, "OVERLAY": "C2-5", "Shape__Area": 23601.2353515625, "Shape__Length": 700.3073709982666}}, {"type": "Feature", "id": 2456, "geometry": {"type": "Polygon", "coordinates": [[[-73.9838942005002, 40.7292468083253], [-73.9835786136566, 40.7291137667149], [-73.9839132882044, 40.7286535665892], [-73.9842292548213, 40.7287860832468], [-73.9838942005002, 40.7292468083253]]]}, "properties": {"OBJECTID": 2456, "OVERLAY": "C1-5", "Shape__Area": 19172.352828979492, "Shape__Length": 583.4464285456875}}, {"type": "Feature", "id": 1792, "geometry": {"type": "Polygon", "coordinates": [[[-73.9902753133342, 40.7136619194267], [-73.9923126775291, 40.7134916473085], [-73.9923542440584, 40.7137807518209], [-73.9903148269433, 40.7139452585266], [-73.9902753133342, 40.7136619194267]]]}, "properties": {"OBJECTID": 1792, "OVERLAY": "C1-5", "Shape__Area": 59612.59408569336, "Shape__Length": 1346.5115658726795}}, {"type": "Feature", "id": 6796, "geometry": {"type": "Polygon", "coordinates": [[[-73.9554217302631, 40.7079818838246], [-73.9555908109977, 40.7077117957361], [-73.9566075443115, 40.7080713956917], [-73.9564449321085, 40.7083315109414], [-73.9554217302631, 40.7079818838246]]]}, "properties": {"OBJECTID": 6796, "OVERLAY": "C1-3", "Shape__Area": 33253.004135131836, "Shape__Length": 835.7527984722875}}, {"type": "Feature", "id": 1460, "geometry": {"type": "Polygon", "coordinates": [[[-73.9648567536233, 40.7565170905373], [-73.9645410910158, 40.7563839774604], [-73.9648878892461, 40.7559080675113], [-73.9652035988788, 40.7560411130244], [-73.9648567536233, 40.7565170905373]]]}, "properties": {"OBJECTID": 1460, "OVERLAY": "C1-5", "Shape__Area": 19824.433547973633, "Shape__Length": 596.4883145424558}}, {"type": "Feature", "id": 2405, "geometry": {"type": "Polygon", "coordinates": [[[-73.9877529263022, 40.7293186747389], [-73.9874383316373, 40.7291858221154], [-73.9877678611723, 40.7287336067514], [-73.9880834735265, 40.7288665918637], [-73.9877529263022, 40.7293186747389]]]}, "properties": {"OBJECTID": 2405, "OVERLAY": "C1-5", "Shape__Area": 18816.456100463867, "Shape__Length": 576.5738050972392}}, {"type": "Feature", "id": 1815, "geometry": {"type": "Polygon", "coordinates": [[[-73.9846951542556, 40.7189014538571], [-73.9852239544455, 40.7178676859964], [-73.9855542891326, 40.7179677160573], [-73.9850222870169, 40.7190015174228], [-73.9846951542556, 40.7189014538571]]]}, "properties": {"OBJECTID": 1815, "OVERLAY": "C1-5", "Shape__Area": 39680.999252319336, "Shape__Length": 1004.9329079609539}}, {"type": "Feature", "id": 7815, "geometry": {"type": "Polygon", "coordinates": [[[-73.9513545480006, 40.7238940121359], [-73.9516212588278, 40.7236449174842], [-73.9517290449101, 40.723833736544], [-73.951385313393, 40.72394730828], [-73.9513545480006, 40.7238940121359]]]}, "properties": {"OBJECTID": 7815, "OVERLAY": "C2-4", "Shape__Area": 4999.941360473633, "Shape__Length": 317.1334518716392}}, {"type": "Feature", "id": 3856, "geometry": {"type": "Polygon", "coordinates": [[[-73.9539531500292, 40.7435816713679], [-73.9539741415564, 40.7435191764609], [-73.9543238398043, 40.743587006788], [-73.9542296011536, 40.7438680122321], [-73.9538797653846, 40.743800156353], [-73.9539531500292, 40.7435816713679]]]}, "properties": {"OBJECTID": 3856, "OVERLAY": "C1-5", "Shape__Area": 10568.090637207031, "Shape__Length": 411.35911147907484}}, {"type": "Feature", "id": 7337, "geometry": {"type": "Polygon", "coordinates": [[[-73.9542115679719, 40.7330119673021], [-73.9541213064064, 40.7324567408986], [-73.9544877320368, 40.732421921352], [-73.9545836603992, 40.7329764455071], [-73.9542115679719, 40.7330119673021]]]}, "properties": {"OBJECTID": 7337, "OVERLAY": "C2-4", "Shape__Area": 21019.128814697266, "Shape__Length": 613.8740211341808}}, {"type": "Feature", "id": 8742, "geometry": {"type": "Polygon", "coordinates": [[[-73.9527167337498, 40.6911348795808], [-73.9518595525951, 40.6912329845558], [-73.9517498284955, 40.6906769147862], [-73.9521063835877, 40.6906359417717], [-73.9521618173889, 40.6909168646896], [-73.952660875124, 40.6908588924783], [-73.9527167337498, 40.6911348795808]]]}, "properties": {"OBJECTID": 8742, "OVERLAY": "C2-4", "Shape__Area": 34730.48583984375, "Shape__Length": 890.4817421004011}}, {"type": "Feature", "id": 1984, "geometry": {"type": "Polygon", "coordinates": [[[-73.9853369053751, 40.7243766616251], [-73.9850213789703, 40.7242435689545], [-73.9853579939861, 40.7237807332925], [-73.9856735697836, 40.7239137548156], [-73.9853369053751, 40.7243766616251]]]}, "properties": {"OBJECTID": 1984, "OVERLAY": "C2-5", "Shape__Area": 19273.257354736328, "Shape__Length": 585.4646375796356}}, {"type": "Feature", "id": 8642, "geometry": {"type": "Polygon", "coordinates": [[[-74.0027663752515, 40.726628331361], [-74.0031995747106, 40.7261060473502], [-74.00351635243, 40.7262619909801], [-74.0030831556235, 40.726784277072], [-74.0027663752515, 40.726628331361]]]}, "properties": {"OBJECTID": 8642, "OVERLAY": "C1-5", "Shape__Area": 23529.174880981445, "Shape__Length": 659.1618719265336}}, {"type": "Feature", "id": 5937, "geometry": {"type": "Polygon", "coordinates": [[[-73.945943473476, 40.7107887937002], [-73.9459891212091, 40.711067628688], [-73.9456305320154, 40.7111017801737], [-73.9455855356312, 40.7108227238265], [-73.945943473476, 40.7107887937002]]]}, "properties": {"OBJECTID": 5937, "OVERLAY": "C2-4", "Shape__Area": 10249.889114379883, "Shape__Length": 404.9934843596218}}, {"type": "Feature", "id": 8150, "geometry": {"type": "Polygon", "coordinates": [[[-73.9401747131787, 40.7121836849334], [-73.9406137271297, 40.7120743902803], [-73.940749693944, 40.7123406847203], [-73.9387093861467, 40.7128486268075], [-73.9385973090386, 40.7125763678256], [-73.9401747131787, 40.7121836849334]]]}, "properties": {"OBJECTID": 8150, "OVERLAY": "C2-4", "Shape__Area": 61492.24533081055, "Shape__Length": 1391.3304410591127}}, {"type": "Feature", "id": 7978, "geometry": {"type": "Polygon", "coordinates": [[[-73.9444331532851, 40.7167677690643], [-73.9446296890051, 40.7167491925677], [-73.944722519284, 40.7172998957047], [-73.9443588114796, 40.7173340524662], [-73.9442675569891, 40.7167834218407], [-73.9444331532851, 40.7167677690643]]]}, "properties": {"OBJECTID": 7978, "OVERLAY": "C2-4", "Shape__Area": 20501.71336364746, "Shape__Length": 607.228327156073}}, {"type": "Feature", "id": 2791, "geometry": {"type": "Polygon", "coordinates": [[[-73.947654693016, 40.745818450158], [-73.9478339893135, 40.745288087925], [-73.9481357071813, 40.7453509967133], [-73.9479574795464, 40.7458773022094], [-73.947654693016, 40.745818450158]]]}, "properties": {"OBJECTID": 2791, "OVERLAY": "C1-5", "Shape__Area": 17219.90103149414, "Shape__Length": 570.8040931364503}}, {"type": "Feature", "id": 8768, "geometry": {"type": "Polygon", "coordinates": [[[-73.986688798464, 40.7265378516964], [-73.9863732389978, 40.726404792484], [-73.9867144873748, 40.7259354986903], [-73.9870305437626, 40.7260678717446], [-73.986688798464, 40.7265378516964]]]}, "properties": {"OBJECTID": 8768, "OVERLAY": "C2-5", "Shape__Area": 19553.910446166992, "Shape__Length": 591.0784837923538}}, {"type": "Feature", "id": 8164, "geometry": {"type": "Polygon", "coordinates": [[[-73.9452664601859, 40.7256359721585], [-73.9453414988893, 40.7256290117451], [-73.9453861096453, 40.7259013811655], [-73.9446555908227, 40.7259691423929], [-73.9446105296244, 40.7256968156984], [-73.9452664601859, 40.7256359721585]]]}, "properties": {"OBJECTID": 8164, "OVERLAY": "C2-4", "Shape__Area": 20404.18687438965, "Shape__Length": 608.0856915686198}}, {"type": "Feature", "id": 5757, "geometry": {"type": "Polygon", "coordinates": [[[-73.958426654109, 40.6906582385125], [-73.9584914639911, 40.6906506993937], [-73.9585451925267, 40.6909224018561], [-73.9574361773161, 40.6910513756077], [-73.957382141998, 40.6907797580655], [-73.958426654109, 40.6906582385125]]]}, "properties": {"OBJECTID": 5757, "OVERLAY": "C2-4", "Shape__Area": 31146.072875976562, "Shape__Length": 822.5187185801443}}, {"type": "Feature", "id": 8021, "geometry": {"type": "Polygon", "coordinates": [[[-73.9303735527668, 40.6943560480993], [-73.9300556014055, 40.6946891703583], [-73.929411950649, 40.6943235553628], [-73.9297286997961, 40.6939897515427], [-73.9303735527668, 40.6943560480993]]]}, "properties": {"OBJECTID": 8021, "OVERLAY": "C2-3", "Shape__Area": 33437.972076416016, "Shape__Length": 745.8709445443629}}, {"type": "Feature", "id": 1629, "geometry": {"type": "Polygon", "coordinates": [[[-73.9790328661285, 40.7282240914906], [-73.9793484421083, 40.7283569591707], [-73.9789912523832, 40.7288478718114], [-73.9786800043342, 40.7287166590982], [-73.9790328661285, 40.7282240914906]]]}, "properties": {"OBJECTID": 1629, "OVERLAY": "C1-5", "Shape__Area": 20296.218017578125, "Shape__Length": 607.3967530091649}}, {"type": "Feature", "id": 1964, "geometry": {"type": "Polygon", "coordinates": [[[-73.9829964520307, 40.7227852521459], [-73.9833190412844, 40.7229212402513], [-73.9829752072812, 40.723392024942], [-73.9826565127699, 40.723256766782], [-73.9829964520307, 40.7227852521459]]]}, "properties": {"OBJECTID": 1964, "OVERLAY": "C1-5", "Shape__Area": 19938.66343688965, "Shape__Length": 595.5313619412512}}, {"type": "Feature", "id": 7878, "geometry": {"type": "Polygon", "coordinates": [[[-73.9464880388538, 40.7100048838527], [-73.9468459365173, 40.7099707356781], [-73.9469355675026, 40.7105154350368], [-73.9465776669603, 40.7105495834876], [-73.9464880388538, 40.7100048838527]]]}, "properties": {"OBJECTID": 7878, "OVERLAY": "C1-3", "Shape__Area": 20000.05157470703, "Shape__Length": 600.0006201391955}}, {"type": "Feature", "id": 7715, "geometry": {"type": "Polygon", "coordinates": [[[-73.9943552553868, 40.6948908690663], [-73.9957389115529, 40.6952715159209], [-73.99561001648, 40.6955384491859], [-73.9942272392874, 40.6951580511814], [-73.9943552553868, 40.6948908690663]]]}, "properties": {"OBJECTID": 7715, "OVERLAY": "C1-3", "Shape__Area": 42258.21376037598, "Shape__Length": 1022.9294522623536}}, {"type": "Feature", "id": 6292, "geometry": {"type": "Polygon", "coordinates": [[[-73.9925140746221, 40.6995878863421], [-73.9922558691326, 40.7001240387806], [-73.9919170029795, 40.7000300983644], [-73.9921751753254, 40.6994940214198], [-73.9925140746221, 40.6995878863421]]]}, "properties": {"OBJECTID": 6292, "OVERLAY": "C1-5", "Shape__Area": 20802.89778137207, "Shape__Length": 616.0586513775368}}, {"type": "Feature", "id": 7964, "geometry": {"type": "Polygon", "coordinates": [[[-73.9550247269308, 40.6993110167416], [-73.9552029125334, 40.6992903780433], [-73.9552583412235, 40.6995685291751], [-73.9537062471248, 40.6997475451137], [-73.9535206738885, 40.6994852185942], [-73.9550247269308, 40.6993110167416]]]}, "properties": {"OBJECTID": 7964, "OVERLAY": "C2-4", "Shape__Area": 46424.38133239746, "Shape__Length": 1118.1516970316761}}, {"type": "Feature", "id": 2711, "geometry": {"type": "Polygon", "coordinates": [[[-73.9593573785006, 40.7412268705949], [-73.9594620281731, 40.7409129176601], [-73.9597239882415, 40.7409646770757], [-73.959619340906, 40.7412786302466], [-73.9593573785006, 40.7412268705949]]]}, "properties": {"OBJECTID": 2711, "OVERLAY": "C2-5", "Shape__Area": 8850.15348815918, "Shape__Length": 386.0065082876917}}, {"type": "Feature", "id": 2319, "geometry": {"type": "Polygon", "coordinates": [[[-73.9666807657714, 40.7540139011696], [-73.9663653386151, 40.7538810452506], [-73.9667180774282, 40.7533963784448], [-73.967033724304, 40.7535294928162], [-73.9666807657714, 40.7540139011696]]]}, "properties": {"OBJECTID": 2319, "OVERLAY": "C1-5", "Shape__Area": 20169.335968017578, "Shape__Length": 603.4879523664239}}, {"type": "Feature", "id": 6684, "geometry": {"type": "Polygon", "coordinates": [[[-73.9568730449212, 40.6903766507849], [-73.9570956472569, 40.6903504047729], [-73.9571495155742, 40.6906218026774], [-73.9564259071649, 40.6907071184816], [-73.9563718453235, 40.6904357426797], [-73.9568730449212, 40.6903766507849]]]}, "properties": {"OBJECTID": 6684, "OVERLAY": "C2-4", "Shape__Area": 20309.080780029297, "Shape__Length": 606.1834601106787}}, {"type": "Feature", "id": 5316, "geometry": {"type": "Polygon", "coordinates": [[[-73.9504504042748, 40.7223102739747], [-73.951169938978, 40.7235725475284], [-73.9508402315371, 40.7236829871124], [-73.950119000603, 40.7224212835043], [-73.9504504042748, 40.7223102739747]]]}, "properties": {"OBJECTID": 5316, "OVERLAY": "C2-4", "Shape__Area": 50182.63821411133, "Shape__Length": 1202.7631629005293}}, {"type": "Feature", "id": 9595, "geometry": {"type": "Polygon", "coordinates": [[[-73.9554927651263, 40.7200431098179], [-73.955948826926, 40.7196127963854], [-73.9562279513087, 40.719786681466], [-73.9557725343899, 40.7202163883974], [-73.9554927651263, 40.7200431098179]]]}, "properties": {"OBJECTID": 9595, "OVERLAY": "C1-4", "Shape__Area": 20124.923950195312, "Shape__Length": 602.5078847724716}}, {"type": "Feature", "id": 5808, "geometry": {"type": "Polygon", "coordinates": [[[-73.9557620037125, 40.6920311052257], [-73.9561313206167, 40.6919884154763], [-73.9563034745094, 40.6928569125251], [-73.9559345374378, 40.6928995597449], [-73.9557620037125, 40.6920311052257]]]}, "properties": {"OBJECTID": 5808, "OVERLAY": "C2-4", "Shape__Area": 33131.89164733887, "Shape__Length": 847.0748535025161}}, {"type": "Feature", "id": 5459, "geometry": {"type": "Polygon", "coordinates": [[[-73.9441896982528, 40.7080778931628], [-73.9442777057759, 40.7086330768043], [-73.9435463974516, 40.7087024110744], [-73.9434568490269, 40.7081475178848], [-73.9441896982528, 40.7080778931628]]]}, "properties": {"OBJECTID": 5459, "OVERLAY": "C1-3", "Shape__Area": 41666.22514343262, "Shape__Length": 816.4959593439562}}, {"type": "Feature", "id": 2362, "geometry": {"type": "Polygon", "coordinates": [[[-73.9871486395721, 40.7290634839509], [-73.9868361648344, 40.7289315241191], [-73.9871646803536, 40.7284794490278], [-73.9874789409606, 40.7286118674301], [-73.9871486395721, 40.7290634839509]]]}, "properties": {"OBJECTID": 2362, "OVERLAY": "C1-5", "Shape__Area": 18694.947235107422, "Shape__Length": 575.1129212507966}}, {"type": "Feature", "id": 8264, "geometry": {"type": "Polygon", "coordinates": [[[-73.9456454783869, 40.7027568459257], [-73.9462627001639, 40.7023568652862], [-73.9467405154381, 40.7027821173805], [-73.9462522501156, 40.7030959764387], [-73.9456454783869, 40.7027568459257]]]}, "properties": {"OBJECTID": 8264, "OVERLAY": "C2-3", "Shape__Area": 40892.78318786621, "Shape__Length": 814.5722346745581}}, {"type": "Feature", "id": 2903, "geometry": {"type": "Polygon", "coordinates": [[[-73.9481327852054, 40.7462267995381], [-73.9481796125474, 40.7460869881185], [-73.9484973473871, 40.7461482183072], [-73.9483167844699, 40.7466911637189], [-73.9479979025592, 40.7466295173865], [-73.9481327852054, 40.7462267995381]]]}, "properties": {"OBJECTID": 2903, "OVERLAY": "C1-5", "Shape__Area": 18563.717742919922, "Shape__Length": 590.0050235203687}}, {"type": "Feature", "id": 1779, "geometry": {"type": "Polygon", "coordinates": [[[-73.9764752408173, 40.7232902647728], [-73.9765427258753, 40.7231984337713], [-73.9768852323085, 40.7233425692502], [-73.9765363829527, 40.7238234031842], [-73.976190428569, 40.7236778152436], [-73.9764752408173, 40.7232902647728]]]}, "properties": {"OBJECTID": 1779, "OVERLAY": "C1-5", "Shape__Area": 21818.2986907959, "Shape__Length": 618.2735381063093}}, {"type": "Feature", "id": 2111, "geometry": {"type": "Polygon", "coordinates": [[[-73.9804762455903, 40.729473877795], [-73.9808350423737, 40.7289828473946], [-73.9811483920997, 40.7291147696249], [-73.9807915131134, 40.7296067765634], [-73.9804762455903, 40.729473877795]]]}, "properties": {"OBJECTID": 2111, "OVERLAY": "C2-5", "Shape__Area": 20384.35597229004, "Shape__Length": 608.569307689922}}, {"type": "Feature", "id": 6095, "geometry": {"type": "Polygon", "coordinates": [[[-73.9440059020568, 40.71520393533], [-73.9439564754162, 40.7149344712821], [-73.9428774449238, 40.7150544869268], [-73.9428354250901, 40.7147994423407], [-73.9442729989271, 40.7146627247251], [-73.9443571959627, 40.7151706183591], [-73.9440059020568, 40.71520393533]]]}, "properties": {"OBJECTID": 6095, "OVERLAY": "C2-4", "Shape__Area": 45831.99501037598, "Shape__Length": 1181.3494173780853}}, {"type": "Feature", "id": 8348, "geometry": {"type": "Polygon", "coordinates": [[[-73.9441971934356, 40.7058573062466], [-73.9445669952976, 40.7058219975524], [-73.9446582588963, 40.7063864732135], [-73.9441216663757, 40.7064365976219], [-73.9440276501445, 40.705873493479], [-73.9441971934356, 40.7058573062466]]]}, "properties": {"OBJECTID": 8348, "OVERLAY": "C2-3", "Shape__Area": 31112.667068481445, "Shape__Length": 714.6096026136929}}, {"type": "Feature", "id": 8680, "geometry": {"type": "Polygon", "coordinates": [[[-73.9685370644361, 40.7577571164129], [-73.9673727634361, 40.7572674733282], [-73.9675453603257, 40.7570279264417], [-73.9687116080104, 40.7575193522294], [-73.9685370644361, 40.7577571164129]]]}, "properties": {"OBJECTID": 8680, "OVERLAY": "C2-5", "Shape__Area": 36663.923278808594, "Shape__Length": 936.7185616678767}}, {"type": "Feature", "id": 7020, "geometry": {"type": "Polygon", "coordinates": [[[-73.9544755312832, 40.6906560563279], [-73.9552100398796, 40.6905725283386], [-73.9552644177364, 40.6908438669847], [-73.9545301345661, 40.690927370194], [-73.9544755312832, 40.6906560563279]]]}, "properties": {"OBJECTID": 7020, "OVERLAY": "C2-4", "Shape__Area": 20592.218841552734, "Shape__Length": 611.8458392114001}}, {"type": "Feature", "id": 8016, "geometry": {"type": "Polygon", "coordinates": [[[-73.9357848943742, 40.6977612469577], [-73.9359949334497, 40.6975416532416], [-73.9365997767482, 40.6978811616313], [-73.9362706881323, 40.6981932885073], [-73.9356862811877, 40.6978643465345], [-73.9357848943742, 40.6977612469577]]]}, "properties": {"OBJECTID": 8016, "OVERLAY": "C2-3", "Shape__Area": 29834.105407714844, "Shape__Length": 701.1696682485916}}, {"type": "Feature", "id": 6072, "geometry": {"type": "Polygon", "coordinates": [[[-73.9610827592019, 40.7087258474127], [-73.9611358152492, 40.7084566313538], [-73.9616781611984, 40.7085175985883], [-73.9615397503861, 40.7091830401988], [-73.9610049855395, 40.709120481883], [-73.9610827592019, 40.7087258474127]]]}, "properties": {"OBJECTID": 6072, "OVERLAY": "C1-3", "Shape__Area": 36995.65417480469, "Shape__Length": 792.0199911264499}}, {"type": "Feature", "id": 2205, "geometry": {"type": "Polygon", "coordinates": [[[-73.9917489948397, 40.7599212564756], [-73.9917876160463, 40.7598683203549], [-73.9921064854124, 40.760002806022], [-73.9917474976363, 40.7604971409044], [-73.9914273429287, 40.7603621111535], [-73.9917489948397, 40.7599212564756]]]}, "properties": {"OBJECTID": 2205, "OVERLAY": "C1-5", "Shape__Area": 20824.311431884766, "Shape__Length": 613.9090644980164}}, {"type": "Feature", "id": 5477, "geometry": {"type": "Polygon", "coordinates": [[[-73.9329606683316, 40.6958255375388], [-73.9326394190662, 40.6961567900813], [-73.9320637597072, 40.6958298239611], [-73.9323838774643, 40.6954979293798], [-73.9329606683316, 40.6958255375388]]]}, "properties": {"OBJECTID": 5477, "OVERLAY": "C2-3", "Shape__Area": 29905.92987060547, "Shape__Length": 698.752812598633}}, {"type": "Feature", "id": 2466, "geometry": {"type": "Polygon", "coordinates": [[[-73.97787546578, 40.7289151172704], [-73.9777005898897, 40.7291551979148], [-73.9758900163414, 40.7283905054814], [-73.9760610265809, 40.7281487923335], [-73.97787546578, 40.7289151172704]]]}, "properties": {"OBJECTID": 2466, "OVERLAY": "C1-5", "Shape__Area": 57458.480865478516, "Shape__Length": 1349.1773934064329}}, {"type": "Feature", "id": 8417, "geometry": {"type": "Polygon", "coordinates": [[[-73.9580107372605, 40.7135992360685], [-73.957028966623, 40.7132403786639], [-73.9568694925199, 40.7134933526603], [-73.9565443324158, 40.7133745232514], [-73.9568633085582, 40.7128685327079], [-73.9581683117802, 40.7133456420556], [-73.9580107372605, 40.7135992360685]]]}, "properties": {"OBJECTID": 8417, "OVERLAY": "C2-4", "Shape__Area": 51277.39653015137, "Shape__Length": 1212.1976517274284}}, {"type": "Feature", "id": 6450, "geometry": {"type": "Polygon", "coordinates": [[[-73.9441246687929, 40.7227427537882], [-73.9448556562767, 40.7226730231239], [-73.9449005412417, 40.7229453668601], [-73.944169479122, 40.72301732023], [-73.9441246687929, 40.7227427537882]]]}, "properties": {"OBJECTID": 6450, "OVERLAY": "C2-4", "Shape__Area": 20508.45538330078, "Shape__Length": 609.3357694521426}}, {"type": "Feature", "id": 7778, "geometry": {"type": "Polygon", "coordinates": [[[-73.9495211340612, 40.7224493727974], [-73.9498362827717, 40.722307371367], [-73.9506495204044, 40.7237387677443], [-73.9499709058256, 40.7239645100013], [-73.9498284907376, 40.7237118722084], [-73.9501742341796, 40.7235974063775], [-73.9495124173063, 40.7224533006012], [-73.9495211340612, 40.7224493727974]]]}, "properties": {"OBJECTID": 7778, "OVERLAY": "C2-4", "Shape__Area": 67628.0768737793, "Shape__Length": 1537.8430893890863}}, {"type": "Feature", "id": 2274, "geometry": {"type": "Polygon", "coordinates": [[[-74.0004893890768, 40.7301295781275], [-74.0005407385604, 40.7300688692047], [-74.0013386323328, 40.7304545649349], [-74.001161196156, 40.7307053729188], [-74.0012185688883, 40.7307332862898], [-74.0011336714799, 40.7308538022216], [-74.0002432537783, 40.7304205773826], [-74.0004893890768, 40.7301295781275]]]}, "properties": {"OBJECTID": 2274, "OVERLAY": "C1-5", "Shape__Area": 41879.63218688965, "Shape__Length": 879.7821822986648}}, {"type": "Feature", "id": 1610, "geometry": {"type": "Polygon", "coordinates": [[[-74.0035014770705, 40.7252262446637], [-74.0037085160539, 40.7249819840403], [-74.0040338372648, 40.7251447077298], [-74.0039182917519, 40.7254291519789], [-74.0035014770705, 40.7252262446637]]]}, "properties": {"OBJECTID": 1610, "OVERLAY": "C1-5", "Shape__Area": 12883.455322265625, "Shape__Length": 459.43073299403045}}, {"type": "Feature", "id": 5600, "geometry": {"type": "Polygon", "coordinates": [[[-73.9452143807545, 40.7230588070396], [-73.9452987970011, 40.7230501617583], [-73.945448869175, 40.7233131421616], [-73.9451689740472, 40.7233441839606], [-73.9451232207958, 40.7230681424377], [-73.9452143807545, 40.7230588070396]]]}, "properties": {"OBJECTID": 5600, "OVERLAY": "C2-4", "Shape__Area": 6440.65217590332, "Shape__Length": 333.32750251722445}}, {"type": "Feature", "id": 6264, "geometry": {"type": "Polygon", "coordinates": [[[-73.9460481521962, 40.7229784196103], [-73.9462315852213, 40.7229584699739], [-73.9463753409015, 40.7232103888631], [-73.9456212534296, 40.7232940239358], [-73.9454777728231, 40.7230404500006], [-73.9460481521962, 40.7229784196103]]]}, "properties": {"OBJECTID": 6264, "OVERLAY": "C2-4", "Shape__Area": 20444.87075805664, "Shape__Length": 622.939780056197}}, {"type": "Feature", "id": 6951, "geometry": {"type": "Polygon", "coordinates": [[[-73.9485606497473, 40.7037936816632], [-73.948618055836, 40.7037565476752], [-73.9490950730045, 40.7041828053282], [-73.9488123354089, 40.7043656315506], [-73.9483363320885, 40.7039387860571], [-73.9485606497473, 40.7037936816632]]]}, "properties": {"OBJECTID": 6951, "OVERLAY": "C2-4", "Shape__Area": 20947.03109741211, "Shape__Length": 613.3395722286524}}, {"type": "Feature", "id": 2328, "geometry": {"type": "Polygon", "coordinates": [[[-73.9765052803907, 40.7433995709808], [-73.9761054622058, 40.7432303573044], [-73.9769278860019, 40.742106784847], [-73.9773337490303, 40.7422776961429], [-73.9765052803907, 40.7433995709808]]]}, "properties": {"OBJECTID": 2328, "OVERLAY": "C2-5", "Shape__Area": 59833.02827453613, "Shape__Length": 1192.650006673537}}, {"type": "Feature", "id": 2961, "geometry": {"type": "Polygon", "coordinates": [[[-73.9521592989056, 40.7422810401153], [-73.9530075925776, 40.7418805636436], [-73.9534432056979, 40.7419642382902], [-73.9526564184419, 40.7423713664945], [-73.9521592989056, 40.7422810401153]]]}, "properties": {"OBJECTID": 2961, "OVERLAY": "C2-5", "Shape__Area": 26193.2578125, "Shape__Length": 806.4959518083754}}, {"type": "Feature", "id": 2228, "geometry": {"type": "Polygon", "coordinates": [[[-73.9872252583717, 40.7139541586305], [-73.9871873202671, 40.7137128328701], [-73.9875460113153, 40.7136834831586], [-73.9875780368218, 40.7138872865871], [-73.9885501027693, 40.7138060748409], [-73.9885940492224, 40.714097948206], [-73.9872646104373, 40.7142046066995], [-73.9872252583717, 40.7139541586305]]]}, "properties": {"OBJECTID": 2228, "OVERLAY": "C1-5", "Shape__Area": 46885.368392944336, "Shape__Length": 1103.9615168938733}}, {"type": "Feature", "id": 8302, "geometry": {"type": "Polygon", "coordinates": [[[-73.9733236289427, 40.6933894239912], [-73.9733541704746, 40.6933721322099], [-73.9739492073856, 40.6933948622999], [-73.9739220967407, 40.6938060601301], [-73.9732016617916, 40.6937785397613], [-73.973173784577, 40.6936395075636], [-73.9731815171317, 40.6935694413466], [-73.9732005544876, 40.6935192836021], [-73.973230752158, 40.6934717003158], [-73.9732721960887, 40.6934276892671], [-73.9733236289427, 40.6933894239912]]]}, "properties": {"OBJECTID": 8302, "OVERLAY": "C1-3", "Shape__Area": 30043.68212890625, "Shape__Length": 680.6079038393489}}, {"type": "Feature", "id": 7143, "geometry": {"type": "Polygon", "coordinates": [[[-73.9427960927636, 40.690213347203], [-73.9428665062305, 40.6902051866068], [-73.9429758938018, 40.6907587460103], [-73.9426141573256, 40.6908002023479], [-73.9425090754481, 40.690246611434], [-73.9427960927636, 40.690213347203]]]}, "properties": {"OBJECTID": 7143, "OVERLAY": "C2-4", "Shape__Area": 20560.847900390625, "Shape__Length": 609.4429760992496}}, {"type": "Feature", "id": 5546, "geometry": {"type": "Polygon", "coordinates": [[[-73.9539850795981, 40.7315952618715], [-73.9538930684197, 40.7310369862581], [-73.9542682797526, 40.7310016369217], [-73.9543601796755, 40.731559217], [-73.9539850795981, 40.7315952618715]]]}, "properties": {"OBJECTID": 5546, "OVERLAY": "C2-4", "Shape__Area": 21466.429962158203, "Shape__Length": 619.2937655507222}}, {"type": "Feature", "id": 8425, "geometry": {"type": "Polygon", "coordinates": [[[-73.9579272218587, 40.7111690787181], [-73.9580497984753, 40.7109740952642], [-73.9585391263387, 40.7111528943054], [-73.9581572504376, 40.7117594430271], [-73.9576678960609, 40.7115815870044], [-73.9579272218587, 40.7111690787181]]]}, "properties": {"OBJECTID": 8425, "OVERLAY": "C1-3", "Shape__Area": 36880.93621826172, "Shape__Length": 791.2168492417312}}, {"type": "Feature", "id": 5769, "geometry": {"type": "Polygon", "coordinates": [[[-73.9716262979951, 40.6977833693424], [-73.9709093446052, 40.697755632891], [-73.970603191477, 40.6961939914097], [-73.9713200157927, 40.6962211588207], [-73.9716262979951, 40.6977833693424]]]}, "properties": {"OBJECTID": 5769, "OVERLAY": "C2-4", "Shape__Area": 112272.4740447998, "Shape__Length": 1548.7918850617311}}, {"type": "Feature", "id": 6765, "geometry": {"type": "Polygon", "coordinates": [[[-73.9943063058207, 40.6906365726475], [-73.9944217196028, 40.690395214605], [-73.9960802057085, 40.6908532813892], [-73.9959620772796, 40.69109471843], [-73.9943063058207, 40.6906365726475]]]}, "properties": {"OBJECTID": 6765, "OVERLAY": "C1-3", "Shape__Area": 45821.66564941406, "Shape__Length": 1165.2884611130305}}, {"type": "Feature", "id": 7346, "geometry": {"type": "Polygon", "coordinates": [[[-73.9429824281404, 40.6946779208548], [-73.9431451412365, 40.6946592040387], [-73.9432553708577, 40.6952202969686], [-73.9429047242452, 40.6952609059888], [-73.9427921904262, 40.6946998025741], [-73.9429824281404, 40.6946779208548]]]}, "properties": {"OBJECTID": 7346, "OVERLAY": "C2-4", "Shape__Area": 20399.414642333984, "Shape__Length": 610.829198893178}}, {"type": "Feature", "id": 5377, "geometry": {"type": "Polygon", "coordinates": [[[-73.9404049581449, 40.7105095686324], [-73.9407629287236, 40.71047584914], [-73.9408670349682, 40.71111630841], [-73.9405090304043, 40.7111498372992], [-73.9404049581449, 40.7105095686324]]]}, "properties": {"OBJECTID": 5377, "OVERLAY": "C1-3", "Shape__Area": 23508.217727661133, "Shape__Length": 670.163959176633}}, {"type": "Feature", "id": 5531, "geometry": {"type": "Polygon", "coordinates": [[[-73.9543212427067, 40.7070690271355], [-73.9543287582609, 40.7070394519146], [-73.9556076826619, 40.7071316017746], [-73.9555734310167, 40.707379835277], [-73.9555102182788, 40.7074783250228], [-73.9543212427067, 40.7070690271355]]]}, "properties": {"OBJECTID": 5531, "OVERLAY": "C2-3", "Shape__Area": 25402.840591430664, "Shape__Length": 859.8177947006197}}, {"type": "Feature", "id": 5391, "geometry": {"type": "Polygon", "coordinates": [[[-73.9457825557434, 40.7187929271621], [-73.9458843641725, 40.7187834845816], [-73.9459448997031, 40.718836911473], [-73.9454129713302, 40.7191620823801], [-73.9452389196973, 40.7189028346973], [-73.9453473511028, 40.7188332929885], [-73.9457825557434, 40.7187929271621]]]}, "properties": {"OBJECTID": 5391, "OVERLAY": "C2-4", "Shape__Area": 13540.726211547852, "Shape__Length": 510.18358352606873}}, {"type": "Feature", "id": 2391, "geometry": {"type": "Polygon", "coordinates": [[[-73.9966505199496, 40.7435720357008], [-73.9963350079188, 40.743438800595], [-73.9966851265471, 40.7429583006516], [-73.9970005115189, 40.7430911223718], [-73.9966505199496, 40.7435720357008]]]}, "properties": {"OBJECTID": 2391, "OVERLAY": "C2-5", "Shape__Area": 20010.157775878906, "Shape__Length": 600.3065855417423}}, {"type": "Feature", "id": 1902, "geometry": {"type": "Polygon", "coordinates": [[[-73.9758663449281, 40.7414087597619], [-73.9755506383278, 40.7412758062203], [-73.9759048601094, 40.7407898842655], [-73.9762204881203, 40.7409229412882], [-73.9758663449281, 40.7414087597619]]]}, "properties": {"OBJECTID": 1902, "OVERLAY": "C2-5", "Shape__Area": 20240.5888671875, "Shape__Length": 604.8120947490588}}, {"type": "Feature", "id": 2048, "geometry": {"type": "Polygon", "coordinates": [[[-73.9857783681988, 40.7237696574781], [-73.985462540783, 40.7236365299478], [-73.9857980721549, 40.7231756271195], [-73.9861124110849, 40.7233103447588], [-73.9857783681988, 40.7237696574781]]]}, "properties": {"OBJECTID": 2048, "OVERLAY": "C2-5", "Shape__Area": 19167.995239257812, "Shape__Length": 583.2889349802251}}, {"type": "Feature", "id": 6905, "geometry": {"type": "Polygon", "coordinates": [[[-73.9325265908922, 40.6998145347918], [-73.9328707442749, 40.6996686368656], [-73.9332045507051, 40.6998611535298], [-73.9335453392972, 40.7006337095506], [-73.9332039318047, 40.7007221736866], [-73.9328980654045, 40.7000287767684], [-73.9325265908922, 40.6998145347918]]]}, "properties": {"OBJECTID": 6905, "OVERLAY": "C2-4", "Shape__Area": 40437.67204284668, "Shape__Length": 1017.9872934556232}}, {"type": "Feature", "id": 2245, "geometry": {"type": "Polygon", "coordinates": [[[-73.9599354469297, 40.7586635637965], [-73.9601036623679, 40.7584327146486], [-73.9617276710165, 40.7591120141043], [-73.9619116183416, 40.7588596148701], [-73.9622282272796, 40.7589914458891], [-73.9618722880676, 40.7594798418121], [-73.9599354469297, 40.7586635637965]]]}, "properties": {"OBJECTID": 2245, "OVERLAY": "C2-5", "Shape__Area": 70111.62393188477, "Shape__Length": 1631.6895112108598}}, {"type": "Feature", "id": 1693, "geometry": {"type": "Polygon", "coordinates": [[[-73.9814069622265, 40.7281982341204], [-73.9817412706911, 40.7277425895606], [-73.9820517901274, 40.7278728294576], [-73.9817193056661, 40.7283299169149], [-73.9814069622265, 40.7281982341204]]]}, "properties": {"OBJECTID": 1693, "OVERLAY": "C2-5", "Shape__Area": 18760.85804748535, "Shape__Length": 577.6963091603349}}, {"type": "Feature", "id": 6519, "geometry": {"type": "Polygon", "coordinates": [[[-73.9620567941362, 40.7134803378014], [-73.9621245676783, 40.7133752425948], [-73.9626074307406, 40.7135514259772], [-73.9622845788033, 40.714061689622], [-73.961796698438, 40.7138836571866], [-73.9620567941362, 40.7134803378014]]]}, "properties": {"OBJECTID": 6519, "OVERLAY": "C2-3", "Shape__Area": 30789.412872314453, "Shape__Length": 711.1139462478234}}, {"type": "Feature", "id": 1355, "geometry": {"type": "Polygon", "coordinates": [[[-73.9776727086799, 40.7389306817889], [-73.9773568337322, 40.7387979771556], [-73.9777086345166, 40.7383180130755], [-73.9780230211222, 40.7384500771088], [-73.9776727086799, 40.7389306817889]]]}, "properties": {"OBJECTID": 1355, "OVERLAY": "C2-5", "Shape__Area": 19973.305892944336, "Shape__Length": 599.942779605233}}, {"type": "Feature", "id": 6513, "geometry": {"type": "Polygon", "coordinates": [[[-73.9314541502606, 40.6930098251767], [-73.9315443302968, 40.6929995229481], [-73.9316573438229, 40.6935584450701], [-73.9313036041238, 40.6935987917868], [-73.9311803809415, 40.6930410996187], [-73.9314541502606, 40.6930098251767]]]}, "properties": {"OBJECTID": 6513, "OVERLAY": "C2-4", "Shape__Area": 20730.0606842041, "Shape__Length": 613.3132537168539}}, {"type": "Feature", "id": 6619, "geometry": {"type": "Polygon", "coordinates": [[[-73.9579332141323, 40.7342565152296], [-73.9582017843631, 40.7342312096812], [-73.958290491817, 40.7347893246054], [-73.9580192686183, 40.7348148599225], [-73.9579332141323, 40.7342565152296]]]}, "properties": {"OBJECTID": 6619, "OVERLAY": "C2-4", "Shape__Area": 15436.828170776367, "Shape__Length": 560.3744272223398}}, {"type": "Feature", "id": 1996, "geometry": {"type": "Polygon", "coordinates": [[[-73.9772626838985, 40.7495704284331], [-73.9770904881589, 40.749806710561], [-73.9767750840553, 40.7496732860364], [-73.9769470057275, 40.7494373834337], [-73.9772626838985, 40.7495704284331]]]}, "properties": {"OBJECTID": 1996, "OVERLAY": "C1-5", "Shape__Area": 9834.372909545898, "Shape__Length": 396.68757850833606}}, {"type": "Feature", "id": 7552, "geometry": {"type": "Polygon", "coordinates": [[[-73.9445875541012, 40.7181849172355], [-73.9448560152389, 40.7181592636185], [-73.9449517178862, 40.7187176032669], [-73.9445937970194, 40.7187518869046], [-73.9445011961434, 40.7181931702407], [-73.9445875541012, 40.7181849172355]]]}, "properties": {"OBJECTID": 7552, "OVERLAY": "C2-4", "Shape__Area": 20426.308197021484, "Shape__Length": 609.442697360708}}, {"type": "Feature", "id": 2978, "geometry": {"type": "Polygon", "coordinates": [[[-73.9543889549347, 40.7422806938512], [-73.9544300428685, 40.7421637009027], [-73.9547799625598, 40.7422269031417], [-73.954602536247, 40.7427559722932], [-73.9542564438935, 40.7426896291713], [-73.9543889549347, 40.7422806938512]]]}, "properties": {"OBJECTID": 2978, "OVERLAY": "C1-5", "Shape__Area": 19746.441802978516, "Shape__Length": 595.0566450735038}}, {"type": "Feature", "id": 2483, "geometry": {"type": "Polygon", "coordinates": [[[-73.9637651483287, 40.7568824908165], [-73.96344933092, 40.7567495890265], [-73.9638048019377, 40.7562617939377], [-73.9641204613101, 40.7563949099346], [-73.9637651483287, 40.7568824908165]]]}, "properties": {"OBJECTID": 2483, "OVERLAY": "C1-5", "Shape__Area": 20313.718292236328, "Shape__Length": 606.2743731362509}}, {"type": "Feature", "id": 2337, "geometry": {"type": "Polygon", "coordinates": [[[-73.9835142713112, 40.7212098704628], [-73.9840449257716, 40.7201725560867], [-73.9843652355995, 40.7202782676534], [-73.9838340065575, 40.7213104856242], [-73.9835142713112, 40.7212098704628]]]}, "properties": {"OBJECTID": 2337, "OVERLAY": "C1-5", "Shape__Area": 38974.461334228516, "Shape__Length": 1002.1045204300302}}, {"type": "Feature", "id": 7103, "geometry": {"type": "Polygon", "coordinates": [[[-73.9398345060191, 40.6905453791442], [-73.9400325195245, 40.6905223600064], [-73.9401448639081, 40.691088123788], [-73.9397868439724, 40.6911289653248], [-73.9396760577284, 40.6905637981518], [-73.9398345060191, 40.6905453791442]]]}, "properties": {"OBJECTID": 7103, "OVERLAY": "C2-4", "Shape__Area": 20873.62126159668, "Shape__Length": 617.0462115958275}}, {"type": "Feature", "id": 1744, "geometry": {"type": "Polygon", "coordinates": [[[-74.0025979436642, 40.7303991539961], [-74.0029311677455, 40.7302937162389], [-74.0031974836919, 40.7307516024653], [-74.0028642565583, 40.7308570400861], [-74.0025979436642, 40.7303991539961]]]}, "properties": {"OBJECTID": 1744, "OVERLAY": "C1-5", "Shape__Area": 18242.164428710938, "Shape__Length": 564.8931515479385}}, {"type": "Feature", "id": 7695, "geometry": {"type": "Polygon", "coordinates": [[[-73.9585003095236, 40.7118841267817], [-73.9588874760213, 40.7112801794982], [-73.9593717196202, 40.7114571154215], [-73.958989087408, 40.7120617674317], [-73.9585003095236, 40.7118841267817]]]}, "properties": {"OBJECTID": 7695, "OVERLAY": "C2-3", "Shape__Area": 36587.35578918457, "Shape__Length": 788.4127325476657}}, {"type": "Feature", "id": 5254, "geometry": {"type": "Polygon", "coordinates": [[[-73.9403654361004, 40.7171500106094], [-73.9407235353431, 40.7171168748481], [-73.9408124528326, 40.7176731694805], [-73.9404583082736, 40.7177077438768], [-73.9403654361004, 40.7171500106094]]]}, "properties": {"OBJECTID": 5254, "OVERLAY": "C2-4", "Shape__Area": 20344.739379882812, "Shape__Length": 607.9682670259255}}, {"type": "Feature", "id": 6748, "geometry": {"type": "Polygon", "coordinates": [[[-73.9595966462805, 40.7312244163605], [-73.9601336101265, 40.7311724334349], [-73.9602238620728, 40.7317196721945], [-73.9596856034904, 40.7317717802559], [-73.9595966462805, 40.7312244163605]]]}, "properties": {"OBJECTID": 6748, "OVERLAY": "C2-4", "Shape__Area": 30181.115173339844, "Shape__Length": 702.2802332096239}}, {"type": "Feature", "id": 7910, "geometry": {"type": "Polygon", "coordinates": [[[-73.9494753218567, 40.6976994364566], [-73.9495547293871, 40.697690278853], [-73.9496667703777, 40.6982433750436], [-73.9493102072772, 40.698284519677], [-73.9491981620997, 40.6977313925217], [-73.9494753218567, 40.6976994364566]]]}, "properties": {"OBJECTID": 7910, "OVERLAY": "C2-4", "Shape__Area": 20389.63475036621, "Shape__Length": 607.7930922726969}}, {"type": "Feature", "id": 1910, "geometry": {"type": "Polygon", "coordinates": [[[-73.9708663890057, 40.7482901513903], [-73.9705379217186, 40.7481513862565], [-73.9708771747308, 40.7476861087964], [-73.9712050107496, 40.7478243117991], [-73.9708663890057, 40.7482901513903]]]}, "properties": {"OBJECTID": 1910, "OVERLAY": "C1-5", "Shape__Area": 20160.7589263916, "Shape__Length": 595.732804061913}}, {"type": "Feature", "id": 8145, "geometry": {"type": "Polygon", "coordinates": [[[-73.9604090238861, 40.7140483113995], [-73.9599591627419, 40.7138642166013], [-73.9600882129214, 40.7136536823777], [-73.9610843658822, 40.7140395680678], [-73.961228585627, 40.7138134336486], [-73.96155364013, 40.7139324460922], [-73.9612581378729, 40.7143957840519], [-73.9604090238861, 40.7140483113995]]]}, "properties": {"OBJECTID": 8145, "OVERLAY": "C2-4", "Shape__Area": 45769.28565979004, "Shape__Length": 1182.6128398567248}}, {"type": "Feature", "id": 6891, "geometry": {"type": "Polygon", "coordinates": [[[-73.934012554118, 40.6904754205494], [-73.9340346051191, 40.6904728640255], [-73.9341422772692, 40.6910208999085], [-73.9337783033276, 40.6910628188746], [-73.9336696174723, 40.6905151746919], [-73.934012554118, 40.6904754205494]]]}, "properties": {"OBJECTID": 6891, "OVERLAY": "C2-4", "Shape__Area": 20634.786102294922, "Shape__Length": 608.1433611216402}}, {"type": "Feature", "id": 5540, "geometry": {"type": "Polygon", "coordinates": [[[-73.9443144648001, 40.7257233378849], [-73.9444079877049, 40.7257138367747], [-73.9444416669472, 40.7259180930577], [-73.9437174235075, 40.7259850643158], [-73.9436848228441, 40.7257873001214], [-73.9443144648001, 40.7257233378849]]]}, "properties": {"OBJECTID": 5540, "OVERLAY": "C2-4", "Shape__Area": 14925.140060424805, "Shape__Length": 552.05546363501}}, {"type": "Feature", "id": 8786, "geometry": {"type": "Polygon", "coordinates": [[[-73.9551857339405, 40.6950668677102], [-73.9544726616385, 40.6951484048591], [-73.9544189958045, 40.6948786952963], [-73.9551314361099, 40.6947950366232], [-73.9551857339405, 40.6950668677102]]]}, "properties": {"OBJECTID": 8786, "OVERLAY": "C2-4", "Shape__Area": 19948.415115356445, "Shape__Length": 599.4110850710671}}, {"type": "Feature", "id": 2102, "geometry": {"type": "Polygon", "coordinates": [[[-73.9809380317658, 40.7288379843234], [-73.9813028433393, 40.7283426219713], [-73.9816144901183, 40.7284740113685], [-73.981253209663, 40.7289706765088], [-73.9809380317658, 40.7288379843234]]]}, "properties": {"OBJECTID": 2102, "OVERLAY": "C2-5", "Shape__Area": 20538.40641784668, "Shape__Length": 612.2725293152532}}, {"type": "Feature", "id": 7936, "geometry": {"type": "Polygon", "coordinates": [[[-73.9570736115288, 40.7125378158458], [-73.957193534246, 40.7123424163112], [-73.9576817298197, 40.7125199623282], [-73.9575620427773, 40.7127149833381], [-73.9570736115288, 40.7125378158458]]]}, "properties": {"OBJECTID": 7936, "OVERLAY": "C1-4", "Shape__Area": 11774.097290039062, "Shape__Length": 456.9984590108793}}, {"type": "Feature", "id": 5938, "geometry": {"type": "Polygon", "coordinates": [[[-73.9434887938617, 40.7121440998167], [-73.9438497593273, 40.712109556336], [-73.9438823254337, 40.712324135174], [-73.9435244689619, 40.7123585992355], [-73.9434887938617, 40.7121440998167]]]}, "properties": {"OBJECTID": 5938, "OVERLAY": "C2-4", "Shape__Area": 7907.038711547852, "Shape__Length": 358.32776541663736}}, {"type": "Feature", "id": 1487, "geometry": {"type": "Polygon", "coordinates": [[[-73.9858244781277, 40.7277264601066], [-73.9855085845162, 40.7275933453756], [-73.9858507376044, 40.727123926458], [-73.9861657347691, 40.7272571707252], [-73.9858244781277, 40.7277264601066]]]}, "properties": {"OBJECTID": 1487, "OVERLAY": "C1-5", "Shape__Area": 19546.142333984375, "Shape__Length": 590.9374175606315}}, {"type": "Feature", "id": 6064, "geometry": {"type": "Polygon", "coordinates": [[[-73.9575708143643, 40.7321295435732], [-73.9578394982143, 40.7321040425964], [-73.9579312984472, 40.7326630064745], [-73.9576616474881, 40.7326886576937], [-73.9575708143643, 40.7321295435732]]]}, "properties": {"OBJECTID": 6064, "OVERLAY": "C2-4", "Shape__Area": 15429.738189697266, "Shape__Length": 560.8402777267144}}, {"type": "Feature", "id": 2128, "geometry": {"type": "Polygon", "coordinates": [[[-73.9816707745307, 40.7246103175225], [-73.9819877896042, 40.7247439761167], [-73.9816652306557, 40.7251856007165], [-73.9813487654867, 40.7250527562925], [-73.9816707745307, 40.7246103175225]]]}, "properties": {"OBJECTID": 2128, "OVERLAY": "C1-5", "Shape__Area": 18475.466033935547, "Shape__Length": 568.9677759337069}}, {"type": "Feature", "id": 8743, "geometry": {"type": "Polygon", "coordinates": [[[-73.9388470494611, 40.7145189099554], [-73.9388670636142, 40.7142423223911], [-73.9417566300228, 40.7143522392961], [-73.941901014339, 40.7146365431621], [-73.9388470494611, 40.7145189099554]]]}, "properties": {"OBJECTID": 8743, "OVERLAY": "C2-4", "Shape__Area": 83460.98002624512, "Shape__Length": 1861.7214334335342}}, {"type": "Feature", "id": 5448, "geometry": {"type": "Polygon", "coordinates": [[[-73.9445435990601, 40.7252598076894], [-73.9452697586712, 40.7251910914582], [-73.9453144493827, 40.7254633970247], [-73.9445881305469, 40.7255321846002], [-73.9445435990601, 40.7252598076894]]]}, "properties": {"OBJECTID": 5448, "OVERLAY": "C2-4", "Shape__Area": 20282.74073791504, "Shape__Length": 605.6757526339821}}, {"type": "Feature", "id": 5866, "geometry": {"type": "Polygon", "coordinates": [[[-73.9470781630027, 40.6972205372656], [-73.9471631742512, 40.697210779644], [-73.9472647906088, 40.6977762329665], [-73.9469081423761, 40.6978170891613], [-73.9468065419328, 40.697251714778], [-73.9470781630027, 40.6972205372656]]]}, "properties": {"OBJECTID": 5866, "OVERLAY": "C2-4", "Shape__Area": 20791.495834350586, "Shape__Length": 615.8482878206249}}, {"type": "Feature", "id": 8757, "geometry": {"type": "Polygon", "coordinates": [[[-73.9587083503363, 40.7047617147964], [-73.9584331256415, 40.7049391075191], [-73.9581962151591, 40.7047256103359], [-73.9584710670729, 40.7045478830499], [-73.9587083503363, 40.7047617147964]]]}, "properties": {"OBJECTID": 8757, "OVERLAY": "C2-4", "Shape__Area": 10188.809341430664, "Shape__Length": 403.7767523344196}}, {"type": "Feature", "id": 8022, "geometry": {"type": "Polygon", "coordinates": [[[-73.9454822951689, 40.693643947304], [-73.9458402545058, 40.6936026296672], [-73.945952883103, 40.6941651998499], [-73.9455947502885, 40.6942067122642], [-73.9454822951689, 40.693643947304]]]}, "properties": {"OBJECTID": 8022, "OVERLAY": "C2-4", "Shape__Area": 20824.648147583008, "Shape__Length": 615.573294756013}}, {"type": "Feature", "id": 2414, "geometry": {"type": "Polygon", "coordinates": [[[-73.9880285818916, 40.7278567023775], [-73.9877130254193, 40.727723229026], [-73.9880283177388, 40.7272909512785], [-73.988339449694, 40.7274221369338], [-73.9880285818916, 40.7278567023775]]]}, "properties": {"OBJECTID": 2414, "OVERLAY": "C2-5", "Shape__Area": 17897.718032836914, "Shape__Length": 559.0305781827049}}, {"type": "Feature", "id": 5554, "geometry": {"type": "Polygon", "coordinates": [[[-73.9441896982528, 40.7080778931628], [-73.9449282241519, 40.7080077243832], [-73.9450174684161, 40.7085629332672], [-73.9442777057759, 40.7086330768043], [-73.9441896982528, 40.7080778931628]]]}, "properties": {"OBJECTID": 5554, "OVERLAY": "C2-3", "Shape__Area": 42079.16296386719, "Shape__Length": 820.5489488596179}}, {"type": "Feature", "id": 6636, "geometry": {"type": "Polygon", "coordinates": [[[-73.93653574388, 40.6924310169129], [-73.9368035541815, 40.6924004991001], [-73.9369137511168, 40.6929532991455], [-73.9365576523222, 40.6929941713089], [-73.9364469225584, 40.6924411364961], [-73.93653574388, 40.6924310169129]]]}, "properties": {"OBJECTID": 6636, "OVERLAY": "C2-4", "Shape__Area": 20362.330490112305, "Shape__Length": 607.3862373395842}}, {"type": "Feature", "id": 1630, "geometry": {"type": "Polygon", "coordinates": [[[-73.985346870533, 40.7315268965786], [-73.9850430983261, 40.7313988628528], [-73.9854016131352, 40.7309052698809], [-73.9857074019581, 40.7310339891076], [-73.985346870533, 40.7315268965786]]]}, "properties": {"OBJECTID": 1630, "OVERLAY": "C1-5", "Shape__Area": 19840.258850097656, "Shape__Length": 604.0742417611494}}, {"type": "Feature", "id": 6585, "geometry": {"type": "Polygon", "coordinates": [[[-73.9478304752861, 40.701347486478], [-73.9481037061002, 40.701170751181], [-73.9485748246137, 40.7015935325051], [-73.9483015532962, 40.7017699969383], [-73.9478304752861, 40.701347486478]]]}, "properties": {"OBJECTID": 6585, "OVERLAY": "C2-4", "Shape__Area": 20070.97235107422, "Shape__Length": 602.6449031648527}}, {"type": "Feature", "id": 5368, "geometry": {"type": "Polygon", "coordinates": [[[-73.9586952058847, 40.7040384126573], [-73.9588190045676, 40.7039588391536], [-73.9591207242022, 40.7042304897537], [-73.9588801230146, 40.7046506486234], [-73.9584036674062, 40.7042258032566], [-73.9586952058847, 40.7040384126573]]]}, "properties": {"OBJECTID": 5368, "OVERLAY": "C1-3", "Shape__Area": 25040.6941986084, "Shape__Length": 650.7993853891927}}, {"type": "Feature", "id": 9590, "geometry": {"type": "Polygon", "coordinates": [[[-73.9570838779192, 40.7185614103271], [-73.9571459817599, 40.7185031335293], [-73.9574234218756, 40.718676603578], [-73.9569551382639, 40.719112058443], [-73.9566792262403, 40.7189411236876], [-73.9570838779192, 40.7185614103271]]]}, "properties": {"OBJECTID": 9590, "OVERLAY": "C1-4", "Shape__Area": 20333.87092590332, "Shape__Length": 608.6002192974655}}, {"type": "Feature", "id": 5268, "geometry": {"type": "Polygon", "coordinates": [[[-73.9471761481281, 40.7250632755884], [-73.9473890460652, 40.7249946659893], [-73.9474964399164, 40.7251836148732], [-73.9468231831535, 40.725400581733], [-73.9467162893138, 40.7252114703656], [-73.9471761481281, 40.7250632755884]]]}, "properties": {"OBJECTID": 5268, "OVERLAY": "C2-4", "Shape__Area": 15193.66633605957, "Shape__Length": 555.1737292296248}}, {"type": "Feature", "id": 7177, "geometry": {"type": "Polygon", "coordinates": [[[-73.9465213261514, 40.7248846697502], [-73.947201382992, 40.7246579111176], [-73.9473091416143, 40.7248467396844], [-73.9466283207346, 40.7250737489357], [-73.9465213261514, 40.7248846697502]]]}, "properties": {"OBJECTID": 7177, "OVERLAY": "C2-4", "Shape__Area": 15443.885864257812, "Shape__Length": 561.8427079259329}}, {"type": "Feature", "id": 7675, "geometry": {"type": "Polygon", "coordinates": [[[-73.9432206143079, 40.7037935380238], [-73.9432909508196, 40.7037869260178], [-73.9433821986361, 40.7043414431763], [-73.9428523311605, 40.7043926392916], [-73.9427588487361, 40.7038369409326], [-73.9432206143079, 40.7037935380238]]]}, "properties": {"OBJECTID": 7675, "OVERLAY": "C1-3", "Shape__Area": 30246.839645385742, "Shape__Length": 704.4610795352115}}, {"type": "Feature", "id": 2606, "geometry": {"type": "Polygon", "coordinates": [[[-73.959789498839, 40.7399455272339], [-73.9600035080404, 40.7392941961911], [-73.960039979206, 40.7392318883211], [-73.960067012027, 40.7392251006657], [-73.9602742244361, 40.7393378276268], [-73.9602603537537, 40.7393615242016], [-73.9600520839729, 40.7399953959644], [-73.959789498839, 40.7399455272339]]]}, "properties": {"OBJECTID": 2606, "OVERLAY": "C2-5", "Shape__Area": 19610.11964416504, "Shape__Length": 670.4272842329219}}, {"type": "Feature", "id": 2463, "geometry": {"type": "Polygon", "coordinates": [[[-74.0058467638502, 40.745107842118], [-74.00554172639, 40.7449792153092], [-74.0058724162058, 40.7445238981644], [-74.0061782242065, 40.7446526564388], [-74.0058467638502, 40.745107842118]]]}, "properties": {"OBJECTID": 2463, "OVERLAY": "C2-5", "Shape__Area": 18338.45443725586, "Shape__Length": 572.5876560914996}}, {"type": "Feature", "id": 7134, "geometry": {"type": "Polygon", "coordinates": [[[-73.9629487171802, 40.7120636429654], [-73.9629810974819, 40.7120117092097], [-73.9634692361828, 40.7121893090124], [-73.96316261767, 40.7126739392111], [-73.9626770366923, 40.7124993565617], [-73.9629487171802, 40.7120636429654]]]}, "properties": {"OBJECTID": 7134, "OVERLAY": "C2-3", "Shape__Area": 29336.21144104004, "Shape__Length": 691.4969005808261}}, {"type": "Feature", "id": 7724, "geometry": {"type": "Polygon", "coordinates": [[[-73.9592116712272, 40.7007872511232], [-73.9598597255515, 40.7003689451408], [-73.9603361826125, 40.7007983962221], [-73.9600619353325, 40.700976653249], [-73.9598231118481, 40.7007616944053], [-73.959383673526, 40.7010463280851], [-73.9591442145703, 40.7008307912819], [-73.9592116712272, 40.7007872511232]]]}, "properties": {"OBJECTID": 7724, "OVERLAY": "C2-2", "Shape__Area": 36940.84762573242, "Shape__Length": 930.3148568111391}}, {"type": "Feature", "id": 7475, "geometry": {"type": "Polygon", "coordinates": [[[-73.9647995671868, 40.6936839318726], [-73.964907299125, 40.6936712486258], [-73.964960848329, 40.6939400941996], [-73.9642380524825, 40.6940215087939], [-73.9641841444609, 40.693756390898], [-73.9647995671868, 40.6936839318726]]]}, "properties": {"OBJECTID": 7475, "OVERLAY": "C2-4", "Shape__Area": 19953.192657470703, "Shape__Length": 602.3469146288818}}, {"type": "Feature", "id": 8806, "geometry": {"type": "Polygon", "coordinates": [[[-73.9550940903489, 40.6946129707503], [-73.9543814047467, 40.6946930576615], [-73.9543270876899, 40.6944217088482], [-73.9550401656475, 40.6943415782998], [-73.9550940903489, 40.6946129707503]]]}, "properties": {"OBJECTID": 8806, "OVERLAY": "C2-4", "Shape__Area": 19982.768005371094, "Shape__Length": 599.6569112509984}}, {"type": "Feature", "id": 2165, "geometry": {"type": "Polygon", "coordinates": [[[-74.0023297819101, 40.7246666078323], [-74.0025269496889, 40.7244290213885], [-74.0027982053422, 40.7245601607891], [-74.0026010792999, 40.7247908245766], [-74.0023297819101, 40.7246666078323]]]}, "properties": {"OBJECTID": 2165, "OVERLAY": "C1-5", "Shape__Area": 8955.720581054688, "Shape__Length": 379.45567114638266}}, {"type": "Feature", "id": 2214, "geometry": {"type": "Polygon", "coordinates": [[[-73.9821524111623, 40.7230428169404], [-73.9824941786401, 40.7225735139071], [-73.9828097418214, 40.7227065433009], [-73.9824674738438, 40.7231765360758], [-73.9821524111623, 40.7230428169404]]]}, "properties": {"OBJECTID": 2214, "OVERLAY": "C1-5", "Shape__Area": 19561.47560119629, "Shape__Length": 591.2300078538578}}, {"type": "Feature", "id": 6001, "geometry": {"type": "Polygon", "coordinates": [[[-73.9449902477995, 40.7152694051238], [-73.945011137979, 40.7152674528908], [-73.9451023264468, 40.7158212771157], [-73.944743758952, 40.7158549575749], [-73.9446538897011, 40.7153008392343], [-73.9449902477995, 40.7152694051238]]]}, "properties": {"OBJECTID": 6001, "OVERLAY": "C2-4", "Shape__Area": 20331.595993041992, "Shape__Length": 606.7002473228864}}, {"type": "Feature", "id": 6493, "geometry": {"type": "Polygon", "coordinates": [[[-73.9611081249085, 40.6936466268066], [-73.9620477334446, 40.6935384700752], [-73.9621013476306, 40.6938098960785], [-73.9611683197999, 40.6939172963331], [-73.9611081249085, 40.6936466268066]]]}, "properties": {"OBJECTID": 6493, "OVERLAY": "C2-4", "Shape__Area": 26259.989181518555, "Shape__Length": 725.2152675625285}}, {"type": "Feature", "id": 2016, "geometry": {"type": "Polygon", "coordinates": [[[-74.0010625745426, 40.7294455649527], [-74.0012072433881, 40.7292745208909], [-74.0019880817369, 40.7296498366795], [-74.0012932713812, 40.7298791044043], [-74.0010015368817, 40.7301991318898], [-74.0005930419859, 40.7300006914346], [-74.0010625745426, 40.7294455649527]]]}, "properties": {"OBJECTID": 2016, "OVERLAY": "C1-5", "Shape__Area": 53629.90467834473, "Shape__Length": 1056.7231342381301}}, {"type": "Feature", "id": 2941, "geometry": {"type": "Polygon", "coordinates": [[[-73.9411105716106, 40.7555874958911], [-73.9413083854257, 40.7553810469651], [-73.9418893621247, 40.7556871829227], [-73.941681996537, 40.7559040441498], [-73.9411105716106, 40.7555874958911]]]}, "properties": {"OBJECTID": 2941, "OVERLAY": "C1-3", "Shape__Area": 18676.624572753906, "Shape__Length": 582.4458737945224}}, {"type": "Feature", "id": 6261, "geometry": {"type": "Polygon", "coordinates": [[[-73.9760408520098, 40.693747781113], [-73.9759873629187, 40.6934709198423], [-73.9765381530278, 40.6934919244361], [-73.9765916432397, 40.6937687854498], [-73.9760408520098, 40.693747781113]]]}, "properties": {"OBJECTID": 6261, "OVERLAY": "C1-3", "Shape__Area": 15292.992599487305, "Shape__Length": 509.76660516258033}}, {"type": "Feature", "id": 5906, "geometry": {"type": "Polygon", "coordinates": [[[-73.9589753045858, 40.7125357509466], [-73.959139126367, 40.7122741495538], [-73.9596262593135, 40.7124533907137], [-73.9593064819102, 40.712969970552], [-73.9588164545247, 40.7127894104699], [-73.9589753045858, 40.7125357509466]]]}, "properties": {"OBJECTID": 5906, "OVERLAY": "C2-3", "Shape__Area": 31296.371795654297, "Shape__Length": 716.9344354581357}}, {"type": "Feature", "id": 7541, "geometry": {"type": "Polygon", "coordinates": [[[-73.9499204913502, 40.7256557394049], [-73.9506020479196, 40.7254335251462], [-73.9507453697632, 40.7256854148855], [-73.9500641307679, 40.7259075238635], [-73.9499204913502, 40.7256557394049]]]}, "properties": {"OBJECTID": 7541, "OVERLAY": "C2-4", "Shape__Area": 20547.74235534668, "Shape__Length": 610.9581641063589}}, {"type": "Feature", "id": 8537, "geometry": {"type": "Polygon", "coordinates": [[[-73.9581331997757, 40.7034346964325], [-73.9581935311876, 40.7033956919721], [-73.9586679617742, 40.7038228482435], [-73.9582527908272, 40.7040912040577], [-73.9577779123093, 40.7036643899209], [-73.9581331997757, 40.7034346964325]]]}, "properties": {"OBJECTID": 8537, "OVERLAY": "C1-3", "Shape__Area": 30792.198974609375, "Shape__Length": 709.7627591099022}}, {"type": "Feature", "id": 2563, "geometry": {"type": "Polygon", "coordinates": [[[-73.95348465267, 40.7449795868827], [-73.9535083385386, 40.7449088553234], [-73.9538578294009, 40.7449765410834], [-73.9536763745601, 40.7455175810336], [-73.9533269540282, 40.7454505016993], [-73.95348465267, 40.7449795868827]]]}, "properties": {"OBJECTID": 2563, "OVERLAY": "C1-5", "Shape__Area": 20332.068161010742, "Shape__Length": 606.8589973647935}}, {"type": "Feature", "id": 2394, "geometry": {"type": "Polygon", "coordinates": [[[-73.9650325085317, 40.7551433094768], [-73.9646771508339, 40.7556309733877], [-73.9643614441965, 40.7554979264239], [-73.9647192115284, 40.7550069593596], [-73.9650325085317, 40.7551433094768]]]}, "properties": {"OBJECTID": 2394, "OVERLAY": "C1-5", "Shape__Area": 20381.416595458984, "Shape__Length": 607.6375661138932}}, {"type": "Feature", "id": 5219, "geometry": {"type": "Polygon", "coordinates": [[[-73.9485244700862, 40.6925475973243], [-73.9486373713199, 40.6931058543104], [-73.9482707921926, 40.6931479629218], [-73.9481599964915, 40.6925894597855], [-73.9485244700862, 40.6925475973243]]]}, "properties": {"OBJECTID": 5219, "OVERLAY": "C2-4", "Shape__Area": 21095.419708251953, "Shape__Length": 616.5946933613775}}, {"type": "Feature", "id": 3390, "geometry": {"type": "Polygon", "coordinates": [[[-73.9304008241589, 40.7573113197583], [-73.9305765946381, 40.757095105487], [-73.9311938725796, 40.7573867064981], [-73.9309102133586, 40.7577373943597], [-73.9302900870444, 40.7574475362013], [-73.9304008241589, 40.7573113197583]]]}, "properties": {"OBJECTID": 3390, "OVERLAY": "C1-2", "Shape__Area": 30320.255752563477, "Shape__Length": 703.9436987811837}}, {"type": "Feature", "id": 1753, "geometry": {"type": "Polygon", "coordinates": [[[-73.9819374844191, 40.7367459036262], [-73.9822531077017, 40.7368788910615], [-73.9820805918138, 40.737115521408], [-73.9817702522109, 40.7369838364751], [-73.9819374844191, 40.7367459036262]]]}, "properties": {"OBJECTID": 1753, "OVERLAY": "C1-5", "Shape__Area": 9767.992309570312, "Shape__Length": 395.3493423250472}}, {"type": "Feature", "id": 1876, "geometry": {"type": "Polygon", "coordinates": [[[-73.995763169342, 40.755556708442], [-73.9961062358389, 40.7550859074737], [-73.9976786574649, 40.7557476502604], [-73.9973350479843, 40.756219183462], [-73.995763169342, 40.755556708442]]]}, "properties": {"OBJECTID": 1876, "OVERLAY": "C2-5", "Shape__Area": 97715.35372924805, "Shape__Length": 1388.3120050974671}}, {"type": "Feature", "id": 4409, "geometry": {"type": "Polygon", "coordinates": [[[-73.9494857526183, 40.7421913787174], [-73.9498133086823, 40.7420044766384], [-73.9498325572956, 40.7420079672859], [-73.949677682983, 40.7425175472241], [-73.9493998324108, 40.7424654446119], [-73.9494857526183, 40.7421913787174]]]}, "properties": {"OBJECTID": 4409, "OVERLAY": "C1-5", "Shape__Area": 11796.253646850586, "Shape__Length": 491.4553383822839}}, {"type": "Feature", "id": 2872, "geometry": {"type": "Polygon", "coordinates": [[[-73.9534115891701, 40.7432714278989], [-73.9535916346734, 40.742733774435], [-73.953931843354, 40.7428002018489], [-73.9537643909342, 40.7433395601513], [-73.9534115891701, 40.7432714278989]]]}, "properties": {"OBJECTID": 2872, "OVERLAY": "C1-5", "Shape__Area": 20018.24478149414, "Shape__Length": 602.2409539534272}}, {"type": "Feature", "id": 1444, "geometry": {"type": "Polygon", "coordinates": [[[-73.9866514265604, 40.7177099729726], [-73.9859772992346, 40.7175057606979], [-73.9862417612797, 40.7169820432364], [-73.986919117534, 40.7171921184669], [-73.9866514265604, 40.7177099729726]]]}, "properties": {"OBJECTID": 1444, "OVERLAY": "C2-5", "Shape__Area": 41108.516860961914, "Shape__Length": 811.0527286036161}}, {"type": "Feature", "id": 9602, "geometry": {"type": "Polygon", "coordinates": [[[-73.95888586662, 40.716892411094], [-73.9589343437751, 40.7168477459706], [-73.9592075149619, 40.717017516343], [-73.9587431601841, 40.7174493455012], [-73.9584671547262, 40.7172782006369], [-73.95888586662, 40.716892411094]]]}, "properties": {"OBJECTID": 9602, "OVERLAY": "C1-4", "Shape__Area": 19975.067642211914, "Shape__Length": 603.145328537313}}, {"type": "Feature", "id": 5428, "geometry": {"type": "Polygon", "coordinates": [[[-73.9491847795574, 40.696232820814], [-73.9492584726786, 40.6962242588313], [-73.9493688965169, 40.6967830396416], [-73.9490143973776, 40.6968241815692], [-73.9489012844986, 40.6962657594318], [-73.9491847795574, 40.696232820814]]]}, "properties": {"OBJECTID": 5428, "OVERLAY": "C2-4", "Shape__Area": 20548.1767578125, "Shape__Length": 611.3546162775262}}, {"type": "Feature", "id": 8322, "geometry": {"type": "Polygon", "coordinates": [[[-73.9609781707705, 40.7294630510679], [-73.9593162800974, 40.729612018926], [-73.9592356676814, 40.7290926030272], [-73.9596102264066, 40.7290585444883], [-73.9596528048832, 40.7293075222015], [-73.9609335999039, 40.7291835216118], [-73.9609781707705, 40.7294630510679]]]}, "properties": {"OBJECTID": 8322, "OVERLAY": "C2-4", "Shape__Area": 56219.67176818848, "Shape__Length": 1310.8077432862933}}, {"type": "Feature", "id": 5643, "geometry": {"type": "Polygon", "coordinates": [[[-73.9489781081215, 40.7239934066609], [-73.9496499285767, 40.7237709901643], [-73.949794466849, 40.7240248303818], [-73.9491215571134, 40.7242449527354], [-73.9489781081215, 40.7239934066609]]]}, "properties": {"OBJECTID": 5643, "OVERLAY": "C2-4", "Shape__Area": 20375.192169189453, "Shape__Length": 606.7976371489299}}, {"type": "Feature", "id": 5720, "geometry": {"type": "Polygon", "coordinates": [[[-73.9393496068816, 40.7239128597412], [-73.9390457153005, 40.7239424241923], [-73.9390523712038, 40.7239731792191], [-73.9386297358765, 40.7240132714522], [-73.9386029549807, 40.7238498515963], [-73.9389276762369, 40.7236728192942], [-73.9393042780212, 40.7236387477321], [-73.9393496068816, 40.7239128597412]]]}, "properties": {"OBJECTID": 5720, "OVERLAY": "C2-4", "Shape__Area": 19277.218658447266, "Shape__Length": 590.8364679174701}}, {"type": "Feature", "id": 8374, "geometry": {"type": "Polygon", "coordinates": [[[-73.9554681904941, 40.6905057149634], [-73.9552750346712, 40.6895277517183], [-73.9556307635585, 40.6894873978199], [-73.9558314024202, 40.6904994585838], [-73.9562026091103, 40.6904556950134], [-73.9562570954701, 40.6907299535993], [-73.9555288782793, 40.6908129693039], [-73.9554681904941, 40.6905057149634]]]}, "properties": {"OBJECTID": 8374, "OVERLAY": "C2-4", "Shape__Area": 57787.26969909668, "Shape__Length": 1355.5721734416206}}, {"type": "Feature", "id": 8188, "geometry": {"type": "Polygon", "coordinates": [[[-73.9409461629173, 40.7178166885426], [-73.9410458878122, 40.7178069213854], [-73.9406064749378, 40.7183409124968], [-73.9405673453402, 40.7183454389812], [-73.9404849161042, 40.7178618664768], [-73.9409461629173, 40.7178166885426]]]}, "properties": {"OBJECTID": 8188, "OVERLAY": "C2-4", "Shape__Area": 14881.872146606445, "Shape__Length": 574.9510715151106}}, {"type": "Feature", "id": 8840, "geometry": {"type": "Polygon", "coordinates": [[[-73.9606953692668, 40.6987688608849], [-73.9603773306716, 40.6988193606457], [-73.9603191474582, 40.6985482133958], [-73.9606371848045, 40.6984977128936], [-73.9606953692668, 40.6987688608849]]]}, "properties": {"OBJECTID": 8840, "OVERLAY": "C2-4", "Shape__Area": 9008.633499145508, "Shape__Length": 380.36459190330334}}, {"type": "Feature", "id": 1358, "geometry": {"type": "Polygon", "coordinates": [[[-73.9910282959081, 40.7603763672854], [-73.990679506602, 40.7608549578838], [-73.9886136120236, 40.7599834267209], [-73.9887838806599, 40.7597466790794], [-73.9905413807759, 40.7604792641493], [-73.990704589364, 40.7602401114607], [-73.9910282959081, 40.7603763672854]]]}, "properties": {"OBJECTID": 1358, "OVERLAY": "C1-5", "Shape__Area": 75364.62731933594, "Shape__Length": 1708.059955595069}}, {"type": "Feature", "id": 8082, "geometry": {"type": "Polygon", "coordinates": [[[-73.9554871674436, 40.7022242078837], [-73.955707540557, 40.7020819597461], [-73.9561911004419, 40.7025114126193], [-73.9557766863375, 40.7027795004891], [-73.9552949671523, 40.7023482707945], [-73.9554871674436, 40.7022242078837]]]}, "properties": {"OBJECTID": 8082, "OVERLAY": "C1-3", "Shape__Area": 31002.871627807617, "Shape__Length": 713.0714361261487}}, {"type": "Feature", "id": 8723, "geometry": {"type": "Polygon", "coordinates": [[[-73.9871485925149, 40.7171211174608], [-73.9875494574348, 40.7163456294234], [-73.988222297309, 40.7165496955154], [-73.9878222591731, 40.7173251850607], [-73.9871485925149, 40.7171211174608]]]}, "properties": {"OBJECTID": 8723, "OVERLAY": "C2-5", "Shape__Area": 60983.523513793945, "Shape__Length": 1008.9134474209789}}, {"type": "Feature", "id": 5981, "geometry": {"type": "Polygon", "coordinates": [[[-73.9518993384735, 40.7106434372585], [-73.9520181862171, 40.710451844571], [-73.9526543281267, 40.710684800936], [-73.9518237597589, 40.7107652754308], [-73.9518993384735, 40.7106434372585]]]}, "properties": {"OBJECTID": 5981, "OVERLAY": "C2-3", "Shape__Area": 12357.005950927734, "Shape__Length": 554.1191607396061}}, {"type": "Feature", "id": 6562, "geometry": {"type": "Polygon", "coordinates": [[[-73.9431060716696, 40.7081758228309], [-73.9432020429891, 40.7081667516432], [-73.9432921496667, 40.7087223152862], [-73.9427361967526, 40.7087760014238], [-73.9426515347955, 40.7082187840193], [-73.9431060716696, 40.7081758228309]]]}, "properties": {"OBJECTID": 6562, "OVERLAY": "C1-3", "Shape__Area": 31558.336334228516, "Shape__Length": 717.4780801704566}}, {"type": "Feature", "id": 7704, "geometry": {"type": "Polygon", "coordinates": [[[-73.9811355377711, 40.7016723963984], [-73.9809181840035, 40.701389939266], [-73.9827339528317, 40.7014523999881], [-73.9827188825216, 40.7017283632608], [-73.9811355377711, 40.7016723963984]]]}, "properties": {"OBJECTID": 7704, "OVERLAY": "C2-4", "Shape__Area": 47331.89274597168, "Shape__Length": 1163.3587638515082}}, {"type": "Feature", "id": 1847, "geometry": {"type": "Polygon", "coordinates": [[[-73.9657335468669, 40.7536149334106], [-73.9660366292071, 40.7531989849962], [-73.9663520012389, 40.7533324757695], [-73.9660492864252, 40.753747923532], [-73.9657335468669, 40.7536149334106]]]}, "properties": {"OBJECTID": 1847, "OVERLAY": "C1-5", "Shape__Area": 17314.896774291992, "Shape__Length": 546.2978378552237}}, {"type": "Feature", "id": 2285, "geometry": {"type": "Polygon", "coordinates": [[[-73.9827345909047, 40.7273876378503], [-73.9830500317154, 40.7275208681906], [-73.9827253285244, 40.7279672715779], [-73.9824093699641, 40.7278347516793], [-73.9827345909047, 40.7273876378503]]]}, "properties": {"OBJECTID": 2285, "OVERLAY": "C1-5", "Shape__Area": 18602.63673400879, "Shape__Length": 572.0527544205025}}, {"type": "Feature", "id": 6127, "geometry": {"type": "Polygon", "coordinates": [[[-73.9456298812305, 40.7255744603389], [-73.9457304223002, 40.7255409944107], [-73.9458379082323, 40.7257299133549], [-73.9455814634951, 40.7258059818414], [-73.9455480459789, 40.7256017007999], [-73.9456298812305, 40.7255744603389]]]}, "properties": {"OBJECTID": 6127, "OVERLAY": "C2-4", "Shape__Area": 4842.558822631836, "Shape__Length": 281.46846869174453}}, {"type": "Feature", "id": 6668, "geometry": {"type": "Polygon", "coordinates": [[[-73.9436921593202, 40.6961271758389], [-73.946214572904, 40.6958352211542], [-73.9462684262082, 40.6961066203716], [-73.9437460641222, 40.6963985690524], [-73.9436921593202, 40.6961271758389]]]}, "properties": {"OBJECTID": 6668, "OVERLAY": "C2-4", "Shape__Area": 70749.17602539062, "Shape__Length": 1614.983742925323}}, {"type": "Feature", "id": 1793, "geometry": {"type": "Polygon", "coordinates": [[[-74.0031291039006, 40.7488427602062], [-74.0028278508158, 40.7487155858959], [-74.0031794243501, 40.7482315815761], [-74.0034814337095, 40.7483584415766], [-74.0031291039006, 40.7488427602062]]]}, "properties": {"OBJECTID": 1793, "OVERLAY": "C2-5", "Shape__Area": 19255.174255371094, "Shape__Length": 594.1784780688848}}, {"type": "Feature", "id": 1504, "geometry": {"type": "Polygon", "coordinates": [[[-73.9653085667083, 40.755897063811], [-73.9649928575482, 40.7557640194833], [-73.9653501014207, 40.7552737644214], [-73.9656655482618, 40.7554071661029], [-73.9653085667083, 40.755897063811]]]}, "properties": {"OBJECTID": 1504, "OVERLAY": "C1-5", "Shape__Area": 20413.020248413086, "Shape__Length": 608.2603610768751}}, {"type": "Feature", "id": 2091, "geometry": {"type": "Polygon", "coordinates": [[[-73.9893291139636, 40.7260678275981], [-73.9890135123811, 40.7259348296401], [-73.9893548072536, 40.7254653659063], [-73.9896703978225, 40.7255983755435], [-73.9893291139636, 40.7260678275981]]]}, "properties": {"OBJECTID": 2091, "OVERLAY": "C2-5", "Shape__Area": 19545.429443359375, "Shape__Length": 590.9088928958093}}, {"type": "Feature", "id": 7157, "geometry": {"type": "Polygon", "coordinates": [[[-73.9602977102872, 40.708288554876], [-73.9604402953103, 40.7075522494614], [-73.9609780954935, 40.7076064988254], [-73.9608337178494, 40.7083483883602], [-73.9602977102872, 40.708288554876]]]}, "properties": {"OBJECTID": 7157, "OVERLAY": "C1-3", "Shape__Area": 40909.79364013672, "Shape__Length": 845.0011541900469}}, {"type": "Feature", "id": 1452, "geometry": {"type": "Polygon", "coordinates": [[[-73.9957272438812, 40.7437013422836], [-73.9954142398306, 40.743564650406], [-73.9955955335999, 40.7433148937601], [-73.9959110447491, 40.743448130894], [-73.9957272438812, 40.7437013422836]]]}, "properties": {"OBJECTID": 1452, "OVERLAY": "C2-5", "Shape__Area": 10465.952941894531, "Shape__Length": 409.3334304208664}}, {"type": "Feature", "id": 3419, "geometry": {"type": "Polygon", "coordinates": [[[-73.9418504720107, 40.7559973730641], [-73.9420527793304, 40.7557862524172], [-73.9426565334462, 40.756105674794], [-73.9424446833343, 40.7563265360939], [-73.9418504720107, 40.7559973730641]]]}, "properties": {"OBJECTID": 3419, "OVERLAY": "C1-3", "Shape__Area": 19837.133255004883, "Shape__Length": 602.2150580543978}}, {"type": "Feature", "id": 6616, "geometry": {"type": "Polygon", "coordinates": [[[-73.9365951298088, 40.6931813564455], [-73.9369441268393, 40.6931411376505], [-73.9370535064378, 40.6936812299192], [-73.9367032785385, 40.6937214951944], [-73.9365951298088, 40.6931813564455]]]}, "properties": {"OBJECTID": 6616, "OVERLAY": "C2-4", "Shape__Area": 19520.090850830078, "Shape__Length": 594.2614710086314}}, {"type": "Feature", "id": 1696, "geometry": {"type": "Polygon", "coordinates": [[[-73.9781923560944, 40.7285143351059], [-73.9785525971825, 40.7280185528346], [-73.9788496851385, 40.7281439172017], [-73.9784898012477, 40.7286380057026], [-73.9781923560944, 40.7285143351059]]]}, "properties": {"OBJECTID": 1696, "OVERLAY": "C1-5", "Shape__Area": 19384.1240234375, "Shape__Length": 600.2987465283971}}, {"type": "Feature", "id": 2099, "geometry": {"type": "Polygon", "coordinates": [[[-73.9808483762815, 40.7248334001414], [-73.9811658796005, 40.7243974429865], [-73.9814814392935, 40.7245304903946], [-73.9811639812174, 40.7249663880849], [-73.9808483762815, 40.7248334001414]]]}, "properties": {"OBJECTID": 2099, "OVERLAY": "C1-5", "Shape__Area": 18157.174835205078, "Shape__Length": 563.1431005387335}}, {"type": "Feature", "id": 1435, "geometry": {"type": "Polygon", "coordinates": [[[-73.9885493464217, 40.7234120219264], [-73.9888718220373, 40.7235490102244], [-73.9885047625342, 40.7240571784765], [-73.9881811954051, 40.7239183574119], [-73.9885493464217, 40.7234120219264]]]}, "properties": {"OBJECTID": 1435, "OVERLAY": "C2-5", "Shape__Area": 21666.30438232422, "Shape__Length": 627.4111914992961}}, {"type": "Feature", "id": 9593, "geometry": {"type": "Polygon", "coordinates": [[[-73.9574369785763, 40.7175584711508], [-73.957902136197, 40.7171256011644], [-73.9581827023202, 40.7173001025445], [-73.957714032229, 40.7177297971649], [-73.9574369785763, 40.7175584711508]]]}, "properties": {"OBJECTID": 9593, "OVERLAY": "C1-4", "Shape__Area": 20298.22087097168, "Shape__Length": 606.572137320821}}, {"type": "Feature", "id": 7008, "geometry": {"type": "Polygon", "coordinates": [[[-73.9552897766606, 40.7345055562237], [-73.9554616274945, 40.7344893677392], [-73.9555536037618, 40.7350469637294], [-73.9551872366958, 40.7350814462912], [-73.9550983084321, 40.7345235918518], [-73.9552897766606, 40.7345055562237]]]}, "properties": {"OBJECTID": 7008, "OVERLAY": "C2-4", "Shape__Area": 20859.208389282227, "Shape__Length": 613.2410248483397}}, {"type": "Feature", "id": 6676, "geometry": {"type": "Polygon", "coordinates": [[[-73.9568693464058, 40.7278794605641], [-73.9571392120358, 40.7278546649528], [-73.9572311065611, 40.7284033648532], [-73.9569637326732, 40.7284284272602], [-73.9568693464058, 40.7278794605641]]]}, "properties": {"OBJECTID": 6676, "OVERLAY": "C2-4", "Shape__Area": 15121.59326171875, "Shape__Length": 553.2409066305072}}, {"type": "Feature", "id": 2360, "geometry": {"type": "Polygon", "coordinates": [[[-73.978568887096, 40.7377011718915], [-73.9782529119639, 40.7375686119539], [-73.9784348312005, 40.7373197341044], [-73.9787501401079, 40.7374524960388], [-73.978568887096, 40.7377011718915]]]}, "properties": {"OBJECTID": 2360, "OVERLAY": "C2-5", "Shape__Area": 10360.432327270508, "Shape__Length": 407.2137868906068}}, {"type": "Feature", "id": 7601, "geometry": {"type": "Polygon", "coordinates": [[[-73.9492519292055, 40.6949970828669], [-73.9491989325003, 40.6947202156744], [-73.949551724727, 40.6946793335729], [-73.9496066312267, 40.6949562311569], [-73.9522944420867, 40.69464663119], [-73.9523493171757, 40.6949254374367], [-73.9493049299003, 40.6952739500267], [-73.9492519292055, 40.6949970828669]]]}, "properties": {"OBJECTID": 7601, "OVERLAY": "C2-4", "Shape__Area": 97451.07485961914, "Shape__Length": 2115.0951673669356}}, {"type": "Feature", "id": 1578, "geometry": {"type": "Polygon", "coordinates": [[[-73.965593182514, 40.7543738710926], [-73.9652773877849, 40.75424054653], [-73.9656285847372, 40.7537589821588], [-73.9659443235846, 40.7538919725647], [-73.965593182514, 40.7543738710926]]]}, "properties": {"OBJECTID": 1578, "OVERLAY": "C1-5", "Shape__Area": 20074.586044311523, "Shape__Length": 601.4192648253337}}, {"type": "Feature", "id": 5586, "geometry": {"type": "Polygon", "coordinates": [[[-73.9453648191326, 40.6929129558315], [-73.9456943218845, 40.6928752605064], [-73.9458011045594, 40.693432165705], [-73.9454480307861, 40.6934724688569], [-73.9453368659751, 40.6929161528881], [-73.9453648191326, 40.6929129558315]]]}, "properties": {"OBJECTID": 5586, "OVERLAY": "C2-4", "Shape__Area": 20425.42478942871, "Shape__Length": 609.3041842925327}}, {"type": "Feature", "id": 2148, "geometry": {"type": "Polygon", "coordinates": [[[-73.9792101508122, 40.7233845448681], [-73.9789193084257, 40.7232619092326], [-73.9792641710363, 40.7227972431818], [-73.9795500343169, 40.7229178905459], [-73.9792101508122, 40.7233845448681]]]}, "properties": {"OBJECTID": 2148, "OVERLAY": "C2-5", "Shape__Area": 17765.74237060547, "Shape__Length": 571.5723213319501}}, {"type": "Feature", "id": 2480, "geometry": {"type": "Polygon", "coordinates": [[[-73.9882315484052, 40.716270424792], [-73.9884264323064, 40.7158981339317], [-73.9890564711199, 40.7160890740169], [-73.9889563612712, 40.7162803193532], [-73.9891901324684, 40.716351165774], [-73.9890961808601, 40.7165324593631], [-73.9882315484052, 40.716270424792]]]}, "properties": {"OBJECTID": 2480, "OVERLAY": "C2-5", "Shape__Area": 32409.277755737305, "Shape__Length": 807.755205421015}}, {"type": "Feature", "id": 5394, "geometry": {"type": "Polygon", "coordinates": [[[-73.995784601784, 40.6955898875955], [-73.9959075469853, 40.6953306830269], [-73.9964170480054, 40.6954689836498], [-73.9962938205426, 40.6957287884906], [-73.995784601784, 40.6955898875955]]]}, "properties": {"OBJECTID": 5394, "OVERLAY": "C1-3", "Shape__Area": 15077.583587646484, "Shape__Length": 501.0356797980688}}, {"type": "Feature", "id": 7386, "geometry": {"type": "Polygon", "coordinates": [[[-73.9570909842928, 40.6908201180525], [-73.9571882765442, 40.6908086970531], [-73.9572413757775, 40.6910740296549], [-73.9565104928845, 40.6911590209013], [-73.956457436196, 40.690894484034], [-73.9570909842928, 40.6908201180525]]]}, "properties": {"OBJECTID": 7386, "OVERLAY": "C2-4", "Shape__Area": 20021.405044555664, "Shape__Length": 605.3886520350927}}, {"type": "Feature", "id": 1790, "geometry": {"type": "Polygon", "coordinates": [[[-73.9698973644475, 40.7496403654648], [-73.9697143390821, 40.749563104483], [-73.9700672018859, 40.7490768458765], [-73.9702502275102, 40.7491541027013], [-73.9698973644475, 40.7496403654648]]]}, "properties": {"OBJECTID": 1790, "OVERLAY": "C1-5", "Shape__Area": 11736.146255493164, "Shape__Length": 520.6959557008512}}, {"type": "Feature", "id": 4212, "geometry": {"type": "Polygon", "coordinates": [[[-73.9524905236115, 40.7460217654466], [-73.9526705116024, 40.7454843288237], [-73.953019433951, 40.7455519898725], [-73.952844757738, 40.7460895264639], [-73.9524905236115, 40.7460217654466]]]}, "properties": {"OBJECTID": 4212, "OVERLAY": "C1-5", "Shape__Area": 20289.094039916992, "Shape__Length": 604.7791600676597}}, {"type": "Feature", "id": 8405, "geometry": {"type": "Polygon", "coordinates": [[[-73.9359106142962, 40.700018450142], [-73.9355705594776, 40.7001107177147], [-73.9350998863268, 40.6993598913946], [-73.9347703869324, 40.699177472001], [-73.9341962803476, 40.6994208680461], [-73.9341111134177, 40.6991427860588], [-73.9347961899107, 40.6988523421291], [-73.9353859976844, 40.6991788755342], [-73.9359106142962, 40.700018450142]]]}, "properties": {"OBJECTID": 8405, "OVERLAY": "C2-4", "Shape__Area": 67764.57565307617, "Shape__Length": 1560.8148130145457}}, {"type": "Feature", "id": 1764, "geometry": {"type": "Polygon", "coordinates": [[[-73.9840602870366, 40.7301524136247], [-73.9837445925512, 40.7300195165529], [-73.9841049909936, 40.7295239511732], [-73.9844218241618, 40.7296552787341], [-73.9840602870366, 40.7301524136247]]]}, "properties": {"OBJECTID": 1764, "OVERLAY": "C1-5", "Shape__Area": 20666.505966186523, "Shape__Length": 613.3323487008851}}, {"type": "Feature", "id": 2025, "geometry": {"type": "Polygon", "coordinates": [[[-73.9805700139266, 40.7215740556181], [-73.9802668205301, 40.7214462316331], [-73.9806410039983, 40.7209420267843], [-73.9809390585702, 40.7210673302165], [-73.9805700139266, 40.7215740556181]]]}, "properties": {"OBJECTID": 2025, "OVERLAY": "C2-5", "Shape__Area": 20095.713790893555, "Shape__Length": 612.4948799557926}}, {"type": "Feature", "id": 7100, "geometry": {"type": "Polygon", "coordinates": [[[-73.9567650426193, 40.7271693853414], [-73.9568729384239, 40.727159613854], [-73.9570531351207, 40.7273399820379], [-73.9571106790679, 40.727695856761], [-73.9568422573826, 40.7277219081565], [-73.9567475346736, 40.7271709708666], [-73.9567650426193, 40.7271693853414]]]}, "properties": {"OBJECTID": 7100, "OVERLAY": "C2-4", "Shape__Area": 13836.659805297852, "Shape__Length": 525.6096775436793}}, {"type": "Feature", "id": 4189, "geometry": {"type": "Polygon", "coordinates": [[[-73.930151486851, 40.7563480520589], [-73.9307156719808, 40.7566134925954], [-73.9305246059551, 40.756848459002], [-73.9299619852994, 40.7565839910368], [-73.930151486851, 40.7563480520589]]]}, "properties": {"OBJECTID": 4189, "OVERLAY": "C1-2", "Shape__Area": 18478.59246826172, "Shape__Length": 568.4266997021487}}, {"type": "Feature", "id": 2174, "geometry": {"type": "Polygon", "coordinates": [[[-73.9881887018135, 40.7287226707746], [-73.9878730804617, 40.7285896823452], [-73.9882146022969, 40.7281238125119], [-73.9885292514574, 40.728256898973], [-73.9881887018135, 40.7287226707746]]]}, "properties": {"OBJECTID": 2174, "OVERLAY": "C1-5", "Shape__Area": 19404.825256347656, "Shape__Length": 588.3024148187421}}, {"type": "Feature", "id": 5494, "geometry": {"type": "Polygon", "coordinates": [[[-73.959712144673, 40.7319329688662], [-73.9602504459718, 40.7318808561937], [-73.9603411067735, 40.732430568645], [-73.9598042051661, 40.7324825462507], [-73.959712144673, 40.7319329688662]]]}, "properties": {"OBJECTID": 5494, "OVERLAY": "C2-4", "Shape__Area": 30316.700622558594, "Shape__Length": 704.0872865391709}}, {"type": "Feature", "id": 8789, "geometry": {"type": "Polygon", "coordinates": [[[-73.935648633498, 40.7002352608441], [-73.9359884781677, 40.7001430586625], [-73.9362863324929, 40.7006197192827], [-73.9359463880371, 40.7007102329224], [-73.935648633498, 40.7002352608441]]]}, "properties": {"OBJECTID": 8789, "OVERLAY": "C2-4", "Shape__Area": 19086.31414794922, "Shape__Length": 583.9342695471228}}, {"type": "Feature", "id": 2056, "geometry": {"type": "Polygon", "coordinates": [[[-73.9811528570921, 40.7367249833784], [-73.9813250119623, 40.7364878356574], [-73.9816390927139, 40.7366203697741], [-73.9814672040117, 40.7368567795866], [-73.9811528570921, 40.7367249833784]]]}, "properties": {"OBJECTID": 2056, "OVERLAY": "C1-5", "Shape__Area": 9807.32926940918, "Shape__Length": 396.1325303659818}}, {"type": "Feature", "id": 8717, "geometry": {"type": "Polygon", "coordinates": [[[-73.985344064968, 40.7176328735053], [-73.9856748169621, 40.7177415742893], [-73.9856238846759, 40.7178411463571], [-73.9852897376204, 40.7177390817546], [-73.985344064968, 40.7176328735053]]]}, "properties": {"OBJECTID": 8717, "OVERLAY": "C1-5", "Shape__Area": 4014.757598876953, "Shape__Length": 280.13742402348237}}, {"type": "Feature", "id": 5471, "geometry": {"type": "Polygon", "coordinates": [[[-73.9365743890208, 40.6981289201194], [-73.936748010574, 40.697964367718], [-73.9372299850398, 40.698234902457], [-73.9369164533089, 40.6985567588808], [-73.9364186192907, 40.69827655248], [-73.9365743890208, 40.6981289201194]]]}, "properties": {"OBJECTID": 5471, "OVERLAY": "C2-3", "Shape__Area": 24632.81869506836, "Shape__Length": 629.5983323665777}}, {"type": "Feature", "id": 1956, "geometry": {"type": "Polygon", "coordinates": [[[-73.9986338767631, 40.7297812291339], [-73.9992489358451, 40.7300848953073], [-73.999040271276, 40.7303326137854], [-73.9984228386508, 40.7300277668091], [-73.9986338767631, 40.7297812291339]]]}, "properties": {"OBJECTID": 1956, "OVERLAY": "C1-5", "Shape__Area": 21825.085174560547, "Shape__Length": 621.6079122602908}}, {"type": "Feature", "id": 7833, "geometry": {"type": "Polygon", "coordinates": [[[-73.9587640944139, 40.7262609320696], [-73.9591536048697, 40.7262253747104], [-73.9593523032189, 40.7274839047704], [-73.9589726628027, 40.7275206567883], [-73.9587640944139, 40.7262609320696]]]}, "properties": {"OBJECTID": 7833, "OVERLAY": "C2-4", "Shape__Area": 49641.55725097656, "Shape__Length": 1139.2079188503426}}, {"type": "Feature", "id": 3456, "geometry": {"type": "Polygon", "coordinates": [[[-73.9532525068093, 40.7456689020508], [-73.9532749726329, 40.7455995802447], [-73.9536260722167, 40.7456675645198], [-73.9534446622604, 40.7462084563883], [-73.9530992543061, 40.7461417805195], [-73.9532525068093, 40.7456689020508]]]}, "properties": {"OBJECTID": 3456, "OVERLAY": "C1-5", "Shape__Area": 20252.94268798828, "Shape__Length": 605.9605049784471}}, {"type": "Feature", "id": 5520, "geometry": {"type": "Polygon", "coordinates": [[[-73.9659838808491, 40.7135368204174], [-73.9661972931386, 40.7130618854556], [-73.9672846141656, 40.7133559605896], [-73.967069789987, 40.7138303379257], [-73.9659838808491, 40.7135368204174]]]}, "properties": {"OBJECTID": 5520, "OVERLAY": "C2-4", "Shape__Area": 58447.061462402344, "Shape__Length": 1005.0487215738681}}, {"type": "Feature", "id": 7927, "geometry": {"type": "Polygon", "coordinates": [[[-73.9380907165009, 40.6974216068006], [-73.9384472230218, 40.6973802015214], [-73.9386462828898, 40.6983976035244], [-73.9391313581712, 40.6986609251306], [-73.9386183519017, 40.6987195813388], [-73.9383121434903, 40.698553355898], [-73.9380907165009, 40.6974216068006]]]}, "properties": {"OBJECTID": 7927, "OVERLAY": "C2-4", "Shape__Area": 53056.83966064453, "Shape__Length": 1304.9845359291435}}, {"type": "Feature", "id": 1584, "geometry": {"type": "Polygon", "coordinates": [[[-73.9862705243587, 40.7271130657997], [-73.9859551986276, 40.7269796821975], [-73.986268450744, 40.7265488975169], [-73.986589417324, 40.7266842377325], [-73.9862705243587, 40.7271130657997]]]}, "properties": {"OBJECTID": 1584, "OVERLAY": "C2-5", "Shape__Area": 18096.79620361328, "Shape__Length": 560.5809465307968}}, {"type": "Feature", "id": 1713, "geometry": {"type": "Polygon", "coordinates": [[[-73.977638004174, 40.7500383211757], [-73.9773225978769, 40.7499048990554], [-73.9774950642909, 40.7496683644951], [-73.977810744651, 40.7498014079881], [-73.977638004174, 40.7500383211757]]]}, "properties": {"OBJECTID": 1713, "OVERLAY": "C1-5", "Shape__Area": 9861.799270629883, "Shape__Length": 397.23607599226267}}, {"type": "Feature", "id": 1727, "geometry": {"type": "Polygon", "coordinates": [[[-73.9788857579083, 40.7248067054068], [-73.9785938364404, 40.7246837463935], [-73.9789349813605, 40.7242153769302], [-73.9792244775935, 40.7243373702035], [-73.9788857579083, 40.7248067054068]]]}, "properties": {"OBJECTID": 1727, "OVERLAY": "C1-5", "Shape__Area": 17968.539978027344, "Shape__Length": 574.378565336531}}, {"type": "Feature", "id": 6980, "geometry": {"type": "Polygon", "coordinates": [[[-73.9439098758645, 40.7124731678611], [-73.9440036493541, 40.7130350585024], [-73.9436433006251, 40.7130677792311], [-73.9435519063708, 40.7125060092318], [-73.9439098758645, 40.7124731678611]]]}, "properties": {"OBJECTID": 6980, "OVERLAY": "C2-4", "Shape__Area": 20687.466232299805, "Shape__Length": 613.1551284888519}}, {"type": "Feature", "id": 1372, "geometry": {"type": "Polygon", "coordinates": [[[-73.9760610265809, 40.7281487923335], [-73.9767233525035, 40.7272516690587], [-73.9770291768487, 40.7273758260166], [-73.9763767156717, 40.7282821265432], [-73.9760610265809, 40.7281487923335]]]}, "properties": {"OBJECTID": 1372, "OVERLAY": "C2-5", "Shape__Area": 36842.47358703613, "Shape__Length": 947.5016711040641}}, {"type": "Feature", "id": 6290, "geometry": {"type": "Polygon", "coordinates": [[[-73.9451717383065, 40.716692111975], [-73.9452445291263, 40.7166849083134], [-73.9453368590877, 40.7172456442063], [-73.9449684283275, 40.7172799510365], [-73.9448784834306, 40.7167211313769], [-73.9451717383065, 40.716692111975]]]}, "properties": {"OBJECTID": 6290, "OVERLAY": "C2-4", "Shape__Area": 21086.540771484375, "Shape__Length": 616.2272630869383}}, {"type": "Feature", "id": 7335, "geometry": {"type": "Polygon", "coordinates": [[[-73.9655731610946, 40.6931191308251], [-73.9656832131583, 40.6931065375967], [-73.9657367033653, 40.6933779789896], [-73.9623815617641, 40.6937618330714], [-73.962327870753, 40.6934904152768], [-73.9655731610946, 40.6931191308251]]]}, "properties": {"OBJECTID": 7335, "OVERLAY": "C2-4", "Shape__Area": 94088.82243347168, "Shape__Length": 2081.7758052602717}}, {"type": "Feature", "id": 7237, "geometry": {"type": "Polygon", "coordinates": [[[-73.9462414648287, 40.6926344598817], [-73.9458871175519, 40.6926750843705], [-73.9457750853735, 40.6921117452588], [-73.9461311830632, 40.6920710976189], [-73.9462414648287, 40.6926344598817]]]}, "properties": {"OBJECTID": 7237, "OVERLAY": "C2-4", "Shape__Area": 20674.58055114746, "Shape__Length": 614.3222710328312}}, {"type": "Feature", "id": 6347, "geometry": {"type": "Polygon", "coordinates": [[[-73.9452674416876, 40.7174029907276], [-73.9453613061426, 40.7173941148552], [-73.9454528619784, 40.7179501342612], [-73.9450876357555, 40.7179846789233], [-73.9449975908585, 40.7174285059626], [-73.9452674416876, 40.7174029907276]]]}, "properties": {"OBJECTID": 6347, "OVERLAY": "C2-4", "Shape__Area": 20785.83155822754, "Shape__Length": 611.9436090237476}}, {"type": "Feature", "id": 5855, "geometry": {"type": "Polygon", "coordinates": [[[-73.9479863676588, 40.7227650946237], [-73.9480861076068, 40.7227532943314], [-73.948229156081, 40.7230052718257], [-73.9476474340529, 40.7230710602867], [-73.9476322163699, 40.7229457663534], [-73.9475915198007, 40.7228118069235], [-73.9479863676588, 40.7227650946237]]]}, "properties": {"OBJECTID": 5855, "OVERLAY": "C2-4", "Shape__Area": 14361.716186523438, "Shape__Length": 497.6919382164053}}, {"type": "Feature", "id": 3442, "geometry": {"type": "Polygon", "coordinates": [[[-73.9438339200902, 40.7551424779236], [-73.9440462449938, 40.7549201887651], [-73.9443010921892, 40.7550483344576], [-73.9444723805263, 40.7553063651919], [-73.9449032612069, 40.7555309582658], [-73.9452855182328, 40.7555501393215], [-73.9455329222203, 40.7556818258309], [-73.9453015000038, 40.755893679883], [-73.9451611402418, 40.755818970247], [-73.9447807846529, 40.7557998842445], [-73.9441919040324, 40.7554929341897], [-73.9440220639283, 40.7552370838729], [-73.9438339200902, 40.7551424779236]]]}, "properties": {"OBJECTID": 3442, "OVERLAY": "C1-3", "Shape__Area": 52113.06867980957, "Shape__Length": 1242.6983641203035}}, {"type": "Feature", "id": 7770, "geometry": {"type": "Polygon", "coordinates": [[[-73.9709346040632, 40.692859649054], [-73.9709263942397, 40.6928170581124], [-73.9716801194637, 40.6928446333449], [-73.9717338997956, 40.693113930604], [-73.9709793610739, 40.6930918189333], [-73.9709346040632, 40.692859649054]]]}, "properties": {"OBJECTID": 7770, "OVERLAY": "C2-4", "Shape__Area": 20592.36799621582, "Shape__Length": 619.0682579938467}}, {"type": "Feature", "id": 1670, "geometry": {"type": "Polygon", "coordinates": [[[-73.9850500071135, 40.719302014913], [-73.9851239747955, 40.7191803295706], [-73.985449422098, 40.7192790895635], [-73.9849226423348, 40.7202994778534], [-73.984598576671, 40.72020126318], [-73.9850500071135, 40.719302014913]]]}, "properties": {"OBJECTID": 1670, "OVERLAY": "C1-5", "Shape__Area": 39293.07304382324, "Shape__Length": 992.7815845033689}}, {"type": "Feature", "id": 8162, "geometry": {"type": "Polygon", "coordinates": [[[-73.9590008330584, 40.7256324089021], [-73.9590695133401, 40.7260678809031], [-73.9575016371334, 40.726219655674], [-73.9576610371373, 40.7253244316492], [-73.9580244365143, 40.7255113348341], [-73.9582552859395, 40.7257050048449], [-73.9590008330584, 40.7256324089021]]]}, "properties": {"OBJECTID": 8162, "OVERLAY": "C2-4", "Shape__Area": 82909.94430541992, "Shape__Length": 1352.172488055363}}, {"type": "Feature", "id": 8168, "geometry": {"type": "Polygon", "coordinates": [[[-73.9569265387676, 40.6945944397644], [-73.9570227940613, 40.6945832733654], [-73.9570739021477, 40.6948393046759], [-73.9563494719713, 40.6949260694908], [-73.9562977815187, 40.6946673721208], [-73.9569265387676, 40.6945944397644]]]}, "properties": {"OBJECTID": 8168, "OVERLAY": "C2-4", "Shape__Area": 19287.363967895508, "Shape__Length": 596.4124970961639}}, {"type": "Feature", "id": 7478, "geometry": {"type": "Polygon", "coordinates": [[[-73.9626414366805, 40.7153877178006], [-73.9628141750484, 40.7152291938152], [-73.9638528024354, 40.7156526636795], [-73.9643181310217, 40.715792591475], [-73.9640303753689, 40.7160602984381], [-73.9626414366805, 40.7153877178006]]]}, "properties": {"OBJECTID": 7478, "OVERLAY": "C2-4", "Shape__Area": 42893.16465759277, "Shape__Length": 1122.781624046027}}, {"type": "Feature", "id": 6396, "geometry": {"type": "Polygon", "coordinates": [[[-73.9516226804693, 40.7303728391873], [-73.9508511595619, 40.7290220598815], [-73.9511907867488, 40.7289103755344], [-73.9518607315941, 40.7300843465938], [-73.9522425864147, 40.7300475901318], [-73.9523861517189, 40.7302994012209], [-73.9516226804693, 40.7303728391873]]]}, "properties": {"OBJECTID": 6396, "OVERLAY": "C2-4", "Shape__Area": 66739.52938842773, "Shape__Length": 1525.369402882836}}, {"type": "Feature", "id": 2311, "geometry": {"type": "Polygon", "coordinates": [[[-73.9960156942825, 40.7433039588869], [-73.9957001847909, 40.743170722037], [-73.9960488739716, 40.742690344624], [-73.9963645831769, 40.7428233058795], [-73.9960156942825, 40.7433039588869]]]}, "properties": {"OBJECTID": 2311, "OVERLAY": "C2-5", "Shape__Area": 19997.428192138672, "Shape__Length": 599.9488672029255}}, {"type": "Feature", "id": 2068, "geometry": {"type": "Polygon", "coordinates": [[[-73.9781280045462, 40.7383060464849], [-73.9778121221779, 40.7381733547936], [-73.97816193573, 40.7376934276271], [-73.9784779112727, 40.7378259887124], [-73.9781280045462, 40.7383060464849]]]}, "properties": {"OBJECTID": 2068, "OVERLAY": "C2-5", "Shape__Area": 19995.443237304688, "Shape__Length": 599.9094712900112}}, {"type": "Feature", "id": 1870, "geometry": {"type": "Polygon", "coordinates": [[[-73.9843340510029, 40.7286419792133], [-73.9840180848607, 40.7285094637411], [-73.9843406187059, 40.7280659497827], [-73.9846560659379, 40.7281991766114], [-73.9843340510029, 40.7286419792133]]]}, "properties": {"OBJECTID": 1870, "OVERLAY": "C1-5", "Shape__Area": 18451.796615600586, "Shape__Length": 569.0355777363575}}, {"type": "Feature", "id": 1378, "geometry": {"type": "Polygon", "coordinates": [[[-73.983428899325, 40.7298866186131], [-73.983113207358, 40.7297537198055], [-73.9834738150995, 40.7292578700515], [-73.9837894024165, 40.729390911046], [-73.983428899325, 40.7298866186131]]]}, "properties": {"OBJECTID": 1378, "OVERLAY": "C1-5", "Shape__Area": 20642.810577392578, "Shape__Length": 612.8560209433582}}, {"type": "Feature", "id": 1329, "geometry": {"type": "Polygon", "coordinates": [[[-74.0023369264046, 40.7279358439494], [-74.0025376109404, 40.7276924960655], [-74.0029441692881, 40.727732075454], [-74.002847453365, 40.7279314082444], [-74.0026708107403, 40.72791421186], [-74.0026654735593, 40.7279482557239], [-74.0026267973479, 40.7279293018011], [-74.0025929613209, 40.7280613189778], [-74.0023369264046, 40.7279358439494]]]}, "properties": {"OBJECTID": 1329, "OVERLAY": "C1-5", "Shape__Area": 12228.734146118164, "Shape__Length": 503.69651325701165}}, {"type": "Feature", "id": 5706, "geometry": {"type": "Polygon", "coordinates": [[[-73.9442336733665, 40.7160586574641], [-73.9445113634548, 40.7160328290153], [-73.9446039906944, 40.7165904922491], [-73.9442410722314, 40.7166236179354], [-73.9441487528209, 40.7160665570015], [-73.9442336733665, 40.7160586574641]]]}, "properties": {"OBJECTID": 5706, "OVERLAY": "C2-4", "Shape__Area": 20732.92837524414, "Shape__Length": 611.946892491186}}, {"type": "Feature", "id": 6198, "geometry": {"type": "Polygon", "coordinates": [[[-73.9467491765844, 40.7030121932224], [-73.9468925498782, 40.7029201839003], [-73.9473692242853, 40.7033498804525], [-73.9470615134108, 40.7035492684992], [-73.9464446291069, 40.7032076368494], [-73.9467491765844, 40.7030121932224]]]}, "properties": {"OBJECTID": 6198, "OVERLAY": "C2-3", "Shape__Area": 28164.21841430664, "Shape__Length": 690.9268355996753}}, {"type": "Feature", "id": 9605, "geometry": {"type": "Polygon", "coordinates": [[[-73.9564960066209, 40.7190983151909], [-73.9565462648251, 40.7190516166051], [-73.9568297454162, 40.7192286590726], [-73.9563615630021, 40.7196640088737], [-73.9560768941885, 40.7194877248413], [-73.9564960066209, 40.7190983151909]]]}, "properties": {"OBJECTID": 9605, "OVERLAY": "C1-4", "Shape__Area": 20864.532196044922, "Shape__Length": 613.7097991232089}}, {"type": "Feature", "id": 5360, "geometry": {"type": "Polygon", "coordinates": [[[-73.9511161429159, 40.7252538272704], [-73.9505416819474, 40.724248500835], [-73.9502041884997, 40.7243593512802], [-73.9500607324887, 40.7241082324982], [-73.9507394755325, 40.7238848049808], [-73.9515966435999, 40.7253924619622], [-73.9509226976522, 40.7256170699006], [-73.9507788874948, 40.7253653422628], [-73.9511161429159, 40.7252538272704]]]}, "properties": {"OBJECTID": 5360, "OVERLAY": "C2-4", "Shape__Area": 81745.5443725586, "Shape__Length": 1810.3565799394148}}, {"type": "Feature", "id": 2063, "geometry": {"type": "Polygon", "coordinates": [[[-73.9831660538101, 40.7267944526695], [-73.9834816572655, 40.7269274540335], [-73.9831548414762, 40.7273767724114], [-73.9828394011382, 40.7272435423556], [-73.9831660538101, 40.7267944526695]]]}, "properties": {"OBJECTID": 2063, "OVERLAY": "C1-5", "Shape__Area": 18704.411865234375, "Shape__Length": 574.088141029067}}, {"type": "Feature", "id": 3059, "geometry": {"type": "Polygon", "coordinates": [[[-73.948608464493, 40.7448066504624], [-73.9487501668487, 40.7447331827033], [-73.9489548950782, 40.7447723610207], [-73.9487781574469, 40.7453038229883], [-73.9484662644761, 40.7452429897007], [-73.948608464493, 40.7448066504624]]]}, "properties": {"OBJECTID": 3059, "OVERLAY": "C1-5", "Shape__Area": 17333.23941040039, "Shape__Length": 558.7459776141292}}, {"type": "Feature", "id": 4602, "geometry": {"type": "Polygon", "coordinates": [[[-73.9307155105399, 40.7569246919063], [-73.9309049648295, 40.7566915765592], [-73.9315212913505, 40.7569825593179], [-73.931332424283, 40.7572159695828], [-73.9307155105399, 40.7569246919063]]]}, "properties": {"OBJECTID": 4602, "OVERLAY": "C1-2", "Shape__Area": 20076.687545776367, "Shape__Length": 601.8507813877995}}, {"type": "Feature", "id": 2086, "geometry": {"type": "Polygon", "coordinates": [[[-73.9797470479117, 40.723613274507], [-73.9794625915057, 40.7234909862661], [-73.9798024169486, 40.7230244068383], [-73.980085728231, 40.7231439745108], [-73.9797470479117, 40.723613274507]]]}, "properties": {"OBJECTID": 2086, "OVERLAY": "C2-5", "Shape__Area": 17558.102157592773, "Shape__Length": 569.7653897464974}}, {"type": "Feature", "id": 5738, "geometry": {"type": "Polygon", "coordinates": [[[-73.9594669065254, 40.728187579516], [-73.9590949324831, 40.7282226885027], [-73.9590054879321, 40.7276807276622], [-73.959377612114, 40.7276449310269], [-73.9594669065254, 40.728187579516]]]}, "properties": {"OBJECTID": 5738, "OVERLAY": "C2-4", "Shape__Area": 20694.00035095215, "Shape__Length": 606.0995378539262}}, {"type": "Feature", "id": 6571, "geometry": {"type": "Polygon", "coordinates": [[[-73.9474410479297, 40.703540582283], [-73.9475227747854, 40.7034878837858], [-73.947996002952, 40.7039119560408], [-73.9478710166217, 40.7039958164159], [-73.9472563241351, 40.7036596958628], [-73.9474410479297, 40.703540582283]]]}, "properties": {"OBJECTID": 6571, "OVERLAY": "C2-3", "Shape__Area": 14539.21435546875, "Shape__Length": 555.5946627093065}}, {"type": "Feature", "id": 2821, "geometry": {"type": "Polygon", "coordinates": [[[-73.9529528741435, 40.7446411945239], [-73.9531343923659, 40.744099170516], [-73.9534936137041, 40.7441682067071], [-73.9533163551244, 40.7447113676401], [-73.9529528741435, 40.7446411945239]]]}, "properties": {"OBJECTID": 2821, "OVERLAY": "C1-5", "Shape__Area": 21054.42152404785, "Shape__Length": 614.2576719848985}}, {"type": "Feature", "id": 5907, "geometry": {"type": "Polygon", "coordinates": [[[-73.9392118459719, 40.6898781126591], [-73.9392863532224, 40.6898695268704], [-73.9393951542393, 40.6904168551514], [-73.9390436088293, 40.6904575762178], [-73.938933350801, 40.689910205409], [-73.9392118459719, 40.6898781126591]]]}, "properties": {"OBJECTID": 5907, "OVERLAY": "C2-4", "Shape__Area": 19931.93751525879, "Shape__Length": 601.0554672686387}}, {"type": "Feature", "id": 7828, "geometry": {"type": "Polygon", "coordinates": [[[-73.9321214435901, 40.6974245691243], [-73.9322075017032, 40.6974151410468], [-73.93283412986, 40.6977623796555], [-73.9317929858828, 40.6978765719563], [-73.9313815548586, 40.6975056277086], [-73.9321214435901, 40.6974245691243]]]}, "properties": {"OBJECTID": 7828, "OVERLAY": "C2-3", "Shape__Area": 39232.68702697754, "Shape__Length": 914.8646876289957}}, {"type": "Feature", "id": 1470, "geometry": {"type": "Polygon", "coordinates": [[[-73.9840164861203, 40.7246129867026], [-73.9843442808368, 40.7241616378986], [-73.9846551552148, 40.724293569249], [-73.9843272958028, 40.7247443543016], [-73.9840164861203, 40.7246129867026]]]}, "properties": {"OBJECTID": 1470, "OVERLAY": "C2-5", "Shape__Area": 18517.479064941406, "Shape__Length": 572.7919579844148}}, {"type": "Feature", "id": 2134, "geometry": {"type": "Polygon", "coordinates": [[[-73.9806262010667, 40.7223950417495], [-73.980347081664, 40.7222765702292], [-73.9806859924567, 40.7218112279648], [-73.9809631757773, 40.7219280855383], [-73.9806262010667, 40.7223950417495]]]}, "properties": {"OBJECTID": 2134, "OVERLAY": "C2-5", "Shape__Area": 17109.853424072266, "Shape__Length": 564.3412574048892}}, {"type": "Feature", "id": 3560, "geometry": {"type": "Polygon", "coordinates": [[[-73.9528750427441, 40.7425929494152], [-73.9530249945323, 40.7426210092408], [-73.9529242207556, 40.7429056274283], [-73.9525508078882, 40.7431051895831], [-73.9520758001077, 40.7430094788247], [-73.9528750427441, 40.7425929494152]]]}, "properties": {"OBJECTID": 3560, "OVERLAY": "C2-5", "Shape__Area": 22535.093490600586, "Shape__Length": 681.2869503399421}}, {"type": "Feature", "id": 1802, "geometry": {"type": "Polygon", "coordinates": [[[-73.9657705129086, 40.7552631173555], [-73.9654550665395, 40.7551297159586], [-73.9658037868521, 40.7546511472542], [-73.9661193584497, 40.7547843748457], [-73.9657705129086, 40.7552631173555]]]}, "properties": {"OBJECTID": 1802, "OVERLAY": "C1-5", "Shape__Area": 19937.284118652344, "Shape__Length": 598.7453824643169}}, {"type": "Feature", "id": 5429, "geometry": {"type": "Polygon", "coordinates": [[[-73.9688735749241, 40.6927492078934], [-73.9688721160481, 40.6927418791229], [-73.9696185660641, 40.6927692011391], [-73.9696718777334, 40.6930360120255], [-73.9689253417102, 40.6930090802557], [-73.9688735749241, 40.6927492078934]]]}, "properties": {"OBJECTID": 5429, "OVERLAY": "C2-4", "Shape__Area": 19991.587799072266, "Shape__Length": 611.2787054691629}}, {"type": "Feature", "id": 8515, "geometry": {"type": "Polygon", "coordinates": [[[-73.9593385485761, 40.6938503002305], [-73.9600088953461, 40.6937731486137], [-73.9600620911002, 40.6940402592573], [-73.9593922705004, 40.6941175050214], [-73.9593385485761, 40.6938503002305]]]}, "properties": {"OBJECTID": 8515, "OVERLAY": "C2-4", "Shape__Area": 18503.26710510254, "Shape__Length": 572.7812220507443}}, {"type": "Feature", "id": 6425, "geometry": {"type": "Polygon", "coordinates": [[[-73.9347206123943, 40.6971323640728], [-73.9350878461853, 40.6970920369859], [-73.9340143705279, 40.6981524602629], [-73.933402698682, 40.6978252641621], [-73.9340296047753, 40.6972082426176], [-73.9347206123943, 40.6971323640728]]]}, "properties": {"OBJECTID": 6425, "OVERLAY": "C2-3", "Shape__Area": 79808.99615478516, "Shape__Length": 1275.678306130363}}, {"type": "Feature", "id": 6780, "geometry": {"type": "Polygon", "coordinates": [[[-73.95732741626, 40.7305555879072], [-73.9572823587169, 40.7302861200794], [-73.9548160944619, 40.7305247402457], [-73.9547709029866, 40.7302617919616], [-73.957496588902, 40.7300019366486], [-73.9575831345319, 40.7305312065549], [-73.95732741626, 40.7305555879072]]]}, "properties": {"OBJECTID": 6780, "OVERLAY": "C2-4", "Shape__Area": 80083.5934753418, "Shape__Length": 1911.7156733409643}}, {"type": "Feature", "id": 2303, "geometry": {"type": "Polygon", "coordinates": [[[-73.9870691263929, 40.7243137227357], [-73.9873980697795, 40.7238613288648], [-73.9877124151782, 40.7239960412229], [-73.9873847069461, 40.7244467386586], [-73.9870691263929, 40.7243137227357]]]}, "properties": {"OBJECTID": 2303, "OVERLAY": "C2-5", "Shape__Area": 18800.56185913086, "Shape__Length": 576.0144220852186}}, {"type": "Feature", "id": 2180, "geometry": {"type": "Polygon", "coordinates": [[[-73.9899411570889, 40.7263257452747], [-73.9896272503524, 40.7261934641561], [-73.9899683031338, 40.7257239310606], [-73.9902838961517, 40.7258569390117], [-73.9899411570889, 40.7263257452747]]]}, "properties": {"OBJECTID": 2180, "OVERLAY": "C2-5", "Shape__Area": 19491.82098388672, "Shape__Length": 590.3502995459439}}, {"type": "Feature", "id": 1639, "geometry": {"type": "Polygon", "coordinates": [[[-73.9773676568925, 40.749426387017], [-73.9770519780103, 40.7492933423022], [-73.977395048572, 40.7488225867202], [-73.977710766186, 40.7489555755806], [-73.9773676568925, 40.749426387017]]]}, "properties": {"OBJECTID": 1639, "OVERLAY": "C1-5", "Shape__Area": 19610.355743408203, "Shape__Length": 592.2067317611616}}, {"type": "Feature", "id": 3182, "geometry": {"type": "Polygon", "coordinates": [[[-73.9478339893135, 40.745288087925], [-73.947654693016, 40.745818450158], [-73.9468439540665, 40.7456608620703], [-73.9469008078081, 40.7454837459836], [-73.9475367930471, 40.7452261214347], [-73.9478339893135, 40.745288087925]]]}, "properties": {"OBJECTID": 3182, "OVERLAY": "C2-5", "Shape__Area": 36765.819091796875, "Shape__Length": 782.8589084640747}}, {"type": "Feature", "id": 1831, "geometry": {"type": "Polygon", "coordinates": [[[-73.9847608590897, 40.7280550730783], [-73.9844454111464, 40.7279218474343], [-73.9847728532226, 40.7274715754735], [-73.9850884642754, 40.7276045724212], [-73.9847608590897, 40.7280550730783]]]}, "properties": {"OBJECTID": 1831, "OVERLAY": "C1-5", "Shape__Area": 18752.703201293945, "Shape__Length": 575.0534917153}}, {"type": "Feature", "id": 6408, "geometry": {"type": "Polygon", "coordinates": [[[-73.9570045744841, 40.7113377232349], [-73.957393558129, 40.7107231330633], [-73.9578749454971, 40.7108996780168], [-73.9574882610196, 40.711514393118], [-73.9570045744841, 40.7113377232349]]]}, "properties": {"OBJECTID": 6408, "OVERLAY": "C1-3", "Shape__Area": 36875.577407836914, "Shape__Length": 793.7146680837574}}, {"type": "Feature", "id": 8154, "geometry": {"type": "Polygon", "coordinates": [[[-73.9574237411053, 40.7307038941197], [-73.9576090606706, 40.7306865403455], [-73.9577032501468, 40.7312462258024], [-73.9574314504932, 40.7312716793854], [-73.95734047974, 40.7307116914282], [-73.9574237411053, 40.7307038941197]]]}, "properties": {"OBJECTID": 8154, "OVERLAY": "C2-4", "Shape__Area": 15510.276962280273, "Shape__Length": 562.0461539663341}}, {"type": "Feature", "id": 1585, "geometry": {"type": "Polygon", "coordinates": [[[-74.0037597915575, 40.7434620493629], [-74.0040881618648, 40.743006712105], [-74.0043896354306, 40.7431337094152], [-74.0040581869193, 40.7435877743162], [-74.0037597915575, 40.7434620493629]]]}, "properties": {"OBJECTID": 1585, "OVERLAY": "C2-5", "Shape__Area": 17977.163970947266, "Shape__Length": 568.4469104706578}}, {"type": "Feature", "id": 1662, "geometry": {"type": "Polygon", "coordinates": [[[-73.9963649719876, 40.7439657052723], [-73.9960486500064, 40.7438322694513], [-73.9962301469352, 40.7435828846329], [-73.9965456606225, 40.7437161200232], [-73.9963649719876, 40.7439657052723]]]}, "properties": {"OBJECTID": 1662, "OVERLAY": "C2-5", "Shape__Area": 10394.708572387695, "Shape__Length": 407.8859333894005}}, {"type": "Feature", "id": 2349, "geometry": {"type": "Polygon", "coordinates": [[[-73.9877276480157, 40.7234080984218], [-73.9864380444771, 40.722862588993], [-73.9862521451993, 40.723118207202], [-73.9859378068929, 40.7229834908412], [-73.9862956127277, 40.7224849659497], [-73.9882329337816, 40.7232801572414], [-73.9878521271806, 40.7238038936356], [-73.9875377824058, 40.7236691816555], [-73.9877276480157, 40.7234080984218]]]}, "properties": {"OBJECTID": 2349, "OVERLAY": "C2-5", "Shape__Area": 85536.72927856445, "Shape__Length": 1859.311716913904}}, {"type": "Feature", "id": 6849, "geometry": {"type": "Polygon", "coordinates": [[[-73.9434550176123, 40.705210324365], [-73.9435240918085, 40.7052037269056], [-73.9436158567909, 40.7057613652027], [-73.9430785968701, 40.7058123110937], [-73.9429873507799, 40.7052549905074], [-73.9434550176123, 40.705210324365]]]}, "properties": {"OBJECTID": 6849, "OVERLAY": "C1-3", "Shape__Area": 30712.404525756836, "Shape__Length": 709.4643467438244}}, {"type": "Feature", "id": 7636, "geometry": {"type": "Polygon", "coordinates": [[[-73.9439378243016, 40.7037261224334], [-73.9442077844332, 40.7037007447931], [-73.9442995778449, 40.7042528012928], [-73.9437656811531, 40.7043043895843], [-73.9436732909363, 40.7037509879039], [-73.9439378243016, 40.7037261224334]]]}, "properties": {"OBJECTID": 7636, "OVERLAY": "C2-3", "Shape__Area": 30300.023071289062, "Shape__Length": 704.5170494371903}}, {"type": "Feature", "id": 6030, "geometry": {"type": "Polygon", "coordinates": [[[-73.9370659531267, 40.7017769175476], [-73.9366232397953, 40.7006898462787], [-73.9366720055258, 40.700677277652], [-73.9370907502342, 40.7009106850584], [-73.9373008569531, 40.701426587964], [-73.9377901046431, 40.7013004944347], [-73.938145625344, 40.7014986528608], [-73.9370659531267, 40.7017769175476]]]}, "properties": {"OBJECTID": 6030, "OVERLAY": "C2-4", "Shape__Area": 54376.1110534668, "Shape__Length": 1351.0897745278598}}, {"type": "Feature", "id": 7607, "geometry": {"type": "Polygon", "coordinates": [[[-73.9398071698223, 40.7083420815431], [-73.939267348128, 40.7083940258789], [-73.9391652091349, 40.707814698992], [-73.9397115416697, 40.7077628666051], [-73.9398071698223, 40.7083420815431]]]}, "properties": {"OBJECTID": 7607, "OVERLAY": "C1-3", "Shape__Area": 32294.71810913086, "Shape__Length": 729.13931974137}}, {"type": "Feature", "id": 2389, "geometry": {"type": "Polygon", "coordinates": [[[-73.9869430529701, 40.7250541361048], [-73.9866275213337, 40.7249210478481], [-73.9869643441156, 40.7244578275425], [-73.9872799251421, 40.7245908437499], [-73.9869430529701, 40.7250541361048]]]}, "properties": {"OBJECTID": 2389, "OVERLAY": "C2-5", "Shape__Area": 19288.205459594727, "Shape__Length": 585.7643017868684}}, {"type": "Feature", "id": 1940, "geometry": {"type": "Polygon", "coordinates": [[[-74.0017060997956, 40.7298330551085], [-74.0018275340286, 40.7300330256036], [-74.0015712531952, 40.7304808145182], [-74.001089913167, 40.730249091305], [-74.0013658317541, 40.729946412987], [-74.0017060997956, 40.7298330551085]]]}, "properties": {"OBJECTID": 1940, "OVERLAY": "C1-5", "Shape__Area": 26273.014373779297, "Shape__Length": 653.2143112954914}}, {"type": "Feature", "id": 2426, "geometry": {"type": "Polygon", "coordinates": [[[-74.0018391454195, 40.730760567949], [-74.0019620859364, 40.7305865282237], [-74.0024468833308, 40.7304328777544], [-74.0028463704106, 40.7311188723967], [-74.0025264906125, 40.7312331841156], [-74.0022692105656, 40.7307380592595], [-74.0017059573638, 40.7315264038818], [-74.0012070756133, 40.7317046766618], [-74.0011876588595, 40.7316825981976], [-74.0018391454195, 40.730760567949]]]}, "properties": {"OBJECTID": 2426, "OVERLAY": "C1-5", "Shape__Area": 67718.21502685547, "Shape__Length": 1653.532142295315}}, {"type": "Feature", "id": 8377, "geometry": {"type": "Polygon", "coordinates": [[[-73.9569986951566, 40.7285787460742], [-73.9572576293511, 40.7285541982466], [-73.9573550577214, 40.7291172019309], [-73.9570864853765, 40.7291423695373], [-73.9569897231591, 40.728579596406], [-73.9569986951566, 40.7285787460742]]]}, "properties": {"OBJECTID": 8377, "OVERLAY": "C2-4", "Shape__Area": 15494.470764160156, "Shape__Length": 563.4995637739776}}, {"type": "Feature", "id": 5592, "geometry": {"type": "Polygon", "coordinates": [[[-73.9349042936059, 40.6969294402775], [-73.9330309857608, 40.6971427992622], [-73.9338284785546, 40.6963184276281], [-73.9349042936059, 40.6969294402775]]]}, "properties": {"OBJECTID": 5592, "OVERLAY": "C2-3", "Shape__Area": 69412.84506225586, "Shape__Length": 1270.4336883167957}}, {"type": "Feature", "id": 1407, "geometry": {"type": "Polygon", "coordinates": [[[-73.9886344778186, 40.7281129783651], [-73.9883191438081, 40.7279796021555], [-73.9886354715825, 40.7275469509558], [-73.988951040974, 40.7276800039475], [-73.9886344778186, 40.7281129783651]]]}, "properties": {"OBJECTID": 1407, "OVERLAY": "C2-5", "Shape__Area": 18043.74900817871, "Shape__Length": 560.8755125417343}}, {"type": "Feature", "id": 7985, "geometry": {"type": "Polygon", "coordinates": [[[-73.9551153799703, 40.6901128495661], [-73.9547588566404, 40.6901539705958], [-73.9546484341431, 40.6896003526461], [-73.9550049875916, 40.6895594012651], [-73.9551153799703, 40.6901128495661]]]}, "properties": {"OBJECTID": 7985, "OVERLAY": "C2-4", "Shape__Area": 20397.977600097656, "Shape__Length": 607.9591982960037}}, {"type": "Feature", "id": 6671, "geometry": {"type": "Polygon", "coordinates": [[[-73.9580423490932, 40.7349646048321], [-73.9583070330474, 40.7349395911894], [-73.9583971976175, 40.7354990527629], [-73.9581286317892, 40.735524410095], [-73.9580423490932, 40.7349646048321]]]}, "properties": {"OBJECTID": 6671, "OVERLAY": "C2-4", "Shape__Area": 15290.109359741211, "Shape__Length": 559.6237823691147}}, {"type": "Feature", "id": 1948, "geometry": {"type": "Polygon", "coordinates": [[[-73.9994940999033, 40.7113158786641], [-74.0001662500496, 40.7106705608676], [-74.0004489326846, 40.7108410484514], [-73.9997767847392, 40.7114863687845], [-73.9994940999033, 40.7113158786641]]]}, "properties": {"OBJECTID": 1948, "OVERLAY": "C1-5", "Shape__Area": 30000.003662109375, "Shape__Length": 800.0001845348779}}, {"type": "Feature", "id": 7450, "geometry": {"type": "Polygon", "coordinates": [[[-73.9481444310042, 40.7242694015145], [-73.9488198763448, 40.7240457911201], [-73.9489635970489, 40.7242989386166], [-73.9482925360985, 40.724519682793], [-73.9481444310042, 40.7242694015145]]]}, "properties": {"OBJECTID": 7450, "OVERLAY": "C2-4", "Shape__Area": 20387.488662719727, "Shape__Length": 607.288766826437}}, {"type": "Feature", "id": 6863, "geometry": {"type": "Polygon", "coordinates": [[[-73.9719241307956, 40.6928919754689], [-73.9719163150335, 40.6928532731099], [-73.9726791034159, 40.6928811726979], [-73.9727333742738, 40.6931528505607], [-73.9719707953341, 40.6931230495015], [-73.9719241307956, 40.6928919754689]]]}, "properties": {"OBJECTID": 6863, "OVERLAY": "C2-4", "Shape__Area": 20702.533569335938, "Shape__Length": 623.0816894464629}}, {"type": "Feature", "id": 1842, "geometry": {"type": "Polygon", "coordinates": [[[-73.9859518297488, 40.7317818698876], [-73.9856362185015, 40.73164884837], [-73.9859967579477, 40.7311557905181], [-73.9863124634916, 40.7312886813947], [-73.9859518297488, 40.7317818698876]]]}, "properties": {"OBJECTID": 1842, "OVERLAY": "C1-5", "Shape__Area": 20558.447525024414, "Shape__Length": 611.1696028466579}}, {"type": "Feature", "id": 6809, "geometry": {"type": "Polygon", "coordinates": [[[-73.9469076082975, 40.7228835848084], [-73.9469698748067, 40.7228766165422], [-73.9471129915458, 40.7231285711386], [-73.9465418473838, 40.723191921192], [-73.9463982196532, 40.7229405942048], [-73.9469076082975, 40.7228835848084]]]}, "properties": {"OBJECTID": 6809, "OVERLAY": "C2-4", "Shape__Area": 15442.453826904297, "Shape__Length": 519.9919751240351}}, {"type": "Feature", "id": 1645, "geometry": {"type": "Polygon", "coordinates": [[[-73.9651396226175, 40.7549963145962], [-73.9648241775911, 40.7548629114662], [-73.965172649812, 40.7543846903714], [-73.9654882188849, 40.7545179196969], [-73.9651396226175, 40.7549963145962]]]}, "properties": {"OBJECTID": 1645, "OVERLAY": "C1-5", "Shape__Area": 19922.91389465332, "Shape__Length": 598.4576933914859}}, {"type": "Feature", "id": 6909, "geometry": {"type": "Polygon", "coordinates": [[[-73.9591921246727, 40.7334217836766], [-73.9592776302914, 40.7334137715036], [-73.9593248624387, 40.7336903307017], [-73.9583539299169, 40.7337816977499], [-73.9583068523333, 40.7335047311819], [-73.9591921246727, 40.7334217836766]]]}, "properties": {"OBJECTID": 6909, "OVERLAY": "C2-4", "Shape__Area": 27564.66227722168, "Shape__Length": 745.5655909552249}}, {"type": "Feature", "id": 1994, "geometry": {"type": "Polygon", "coordinates": [[[-73.9633124326692, 40.7575033287783], [-73.9629964968596, 40.7573709759305], [-73.9633443577274, 40.7568936347267], [-73.9636601767933, 40.7570265377026], [-73.9633124326692, 40.7575033287783]]]}, "properties": {"OBJECTID": 1994, "OVERLAY": "C1-5", "Shape__Area": 19866.447631835938, "Shape__Length": 597.3971122408666}}, {"type": "Feature", "id": 7058, "geometry": {"type": "Polygon", "coordinates": [[[-73.9592102855488, 40.7289290535195], [-73.9591259619225, 40.7283857078556], [-73.959493794783, 40.728350989034], [-73.9595833363959, 40.7288951323114], [-73.9592102855488, 40.7289290535195]]]}, "properties": {"OBJECTID": 7058, "OVERLAY": "C2-4", "Shape__Area": 20640.957641601562, "Shape__Length": 605.9904138155131}}, {"type": "Feature", "id": 7550, "geometry": {"type": "Polygon", "coordinates": [[[-73.9420609750945, 40.6910443344527], [-73.942411638881, 40.6910039666371], [-73.9425237450936, 40.6915629560714], [-73.9421730583214, 40.6916033260167], [-73.9420609750945, 40.6910443344527]]]}, "properties": {"OBJECTID": 7550, "OVERLAY": "C2-4", "Shape__Area": 20262.432708740234, "Shape__Length": 608.7389001858953}}, {"type": "Feature", "id": 7530, "geometry": {"type": "Polygon", "coordinates": [[[-73.9592121732662, 40.7056470515479], [-73.9594818517561, 40.7054710733323], [-73.9599625500323, 40.7059017077287], [-73.9595584032787, 40.7061645879003], [-73.9591091526707, 40.705762478609], [-73.9591508659291, 40.7056870566535], [-73.9592121732662, 40.7056470515479]]]}, "properties": {"OBJECTID": 7530, "OVERLAY": "C1-3", "Shape__Area": 30159.379760742188, "Shape__Length": 696.2585348727058}}, {"type": "Feature", "id": 1791, "geometry": {"type": "Polygon", "coordinates": [[[-73.975452422916, 40.7456455775861], [-73.9754998636512, 40.7455803747889], [-73.975815789267, 40.745713875038], [-73.9754566266096, 40.7462005823761], [-73.9751445528332, 40.7460687082977], [-73.975452422916, 40.7456455775861]]]}, "properties": {"OBJECTID": 1791, "OVERLAY": "C2-5", "Shape__Area": 20239.1893157959, "Shape__Length": 605.7490795059722}}, {"type": "Feature", "id": 6368, "geometry": {"type": "Polygon", "coordinates": [[[-73.9583821121347, 40.6939603711648], [-73.9591383797928, 40.6938733365042], [-73.9591912206071, 40.6941406887597], [-73.9580786006467, 40.6942689884037], [-73.9580255525617, 40.6940014032321], [-73.9583821121347, 40.6939603711648]]]}, "properties": {"OBJECTID": 6368, "OVERLAY": "C2-4", "Shape__Area": 30754.206512451172, "Shape__Length": 821.2497659906146}}, {"type": "Feature", "id": 1387, "geometry": {"type": "Polygon", "coordinates": [[[-73.9960116130689, 40.7103524783181], [-73.9963650694676, 40.7102977425435], [-73.9966381843992, 40.7113219749379], [-73.9962782461133, 40.7113524209527], [-73.9960116130689, 40.7103524783181]]]}, "properties": {"OBJECTID": 1387, "OVERLAY": "C1-5", "Shape__Area": 37624.797912597656, "Shape__Length": 952.8978434666762}}, {"type": "Feature", "id": 8432, "geometry": {"type": "Polygon", "coordinates": [[[-73.9620197298425, 40.7122500485725], [-73.9623229385145, 40.7117710826858], [-73.9628103724907, 40.7119497944879], [-73.9625083789673, 40.7124276616177], [-73.9620197298425, 40.7122500485725]]]}, "properties": {"OBJECTID": 8432, "OVERLAY": "C2-3", "Shape__Area": 29028.314697265625, "Shape__Length": 687.0075300280392}}, {"type": "Feature", "id": 9594, "geometry": {"type": "Polygon", "coordinates": [[[-73.960068648095, 40.7340611321507], [-73.9605161652563, 40.7340183475151], [-73.9606197228854, 40.7346364945217], [-73.9607269288673, 40.7352764070062], [-73.9602871245486, 40.7353189843973], [-73.9601723325788, 40.734680058541], [-73.960068648095, 40.7340611321507]]]}, "properties": {"OBJECTID": 9594, "OVERLAY": "C2-4", "Shape__Area": 57518.894470214844, "Shape__Length": 1172.1877448465464}}, {"type": "Feature", "id": 1579, "geometry": {"type": "Polygon", "coordinates": [[[-73.979399756468, 40.734572264639], [-73.9745646785054, 40.7325337659714], [-73.9744746341292, 40.7321819813456], [-73.9796378391876, 40.7343588244125], [-73.9794621042965, 40.7345985480986], [-73.979399756468, 40.734572264639]]]}, "properties": {"OBJECTID": 1579, "OVERLAY": "C1-5", "Shape__Area": 159391.6141357422, "Shape__Length": 3418.4103853901343}}, {"type": "Feature", "id": 8243, "geometry": {"type": "Polygon", "coordinates": [[[-73.9509664029503, 40.7108762517489], [-73.9489845982747, 40.7110658468911], [-73.9489385276215, 40.7107866842227], [-73.9505588894408, 40.7106292932772], [-73.9505160226937, 40.7103474400743], [-73.9508728759737, 40.7103138219407], [-73.9509664029503, 40.7108762517489]]]}, "properties": {"OBJECTID": 8243, "OVERLAY": "C2-4", "Shape__Area": 67391.25192260742, "Shape__Length": 1518.7309848422253}}, {"type": "Feature", "id": 5489, "geometry": {"type": "Polygon", "coordinates": [[[-73.9437547288513, 40.713212976271], [-73.9440246599776, 40.7131876485868], [-73.9441189348141, 40.7137397129497], [-73.9437613118745, 40.7137732683421], [-73.9436704059564, 40.713220888356], [-73.9437547288513, 40.713212976271]]]}, "properties": {"OBJECTID": 5489, "OVERLAY": "C2-4", "Shape__Area": 20164.865325927734, "Shape__Length": 604.4898744707866}}, {"type": "Feature", "id": 5821, "geometry": {"type": "Polygon", "coordinates": [[[-73.9792390236653, 40.6928953292858], [-73.9816483242535, 40.692978120282], [-73.9816305687209, 40.6934966373711], [-73.9793127151692, 40.693412956568], [-73.9792390236653, 40.6928953292858]]]}, "properties": {"OBJECTID": 5821, "OVERLAY": "C2-4", "Shape__Area": 123478.54029846191, "Shape__Length": 1690.951915513207}}, {"type": "Feature", "id": 1814, "geometry": {"type": "Polygon", "coordinates": [[[-73.9787672514776, 40.7201542627844], [-73.9790975046245, 40.7202931115949], [-73.9787273448502, 40.7208033726474], [-73.9783997086262, 40.7206590418724], [-73.9787672514776, 40.7201542627844]]]}, "properties": {"OBJECTID": 1814, "OVERLAY": "C1-5", "Shape__Area": 22134.32891845703, "Shape__Length": 632.1172868334032}}, {"type": "Feature", "id": 8835, "geometry": {"type": "Polygon", "coordinates": [[[-73.9420459683006, 40.7152308020006], [-73.9420324527101, 40.7153820431657], [-73.9416481635893, 40.7154189266604], [-73.9420459683006, 40.7152308020006]]]}, "properties": {"OBJECTID": 8835, "OVERLAY": "C2-4", "Shape__Area": 2909.8573455810547, "Shape__Length": 292.4465818715843}}, {"type": "Feature", "id": 6462, "geometry": {"type": "Polygon", "coordinates": [[[-73.9430155176219, 40.7030851425194], [-73.9431729967425, 40.7030700935699], [-73.9432659660038, 40.7036350891804], [-73.9427335567858, 40.7036845112904], [-73.9426416368129, 40.7031208728459], [-73.9430155176219, 40.7030851425194]]]}, "properties": {"OBJECTID": 6462, "OVERLAY": "C1-3", "Shape__Area": 30788.15003967285, "Shape__Length": 711.5772080140515}}, {"type": "Feature", "id": 2884, "geometry": {"type": "Polygon", "coordinates": [[[-73.949597489468, 40.7442886269006], [-73.9497787292125, 40.74419340811], [-73.9499791091546, 40.744232018997], [-73.949891369441, 40.7444954214857], [-73.949482849072, 40.7447061111566], [-73.9489847234747, 40.7446105558333], [-73.949597489468, 40.7442886269006]]]}, "properties": {"OBJECTID": 2884, "OVERLAY": "C2-5", "Shape__Area": 24579.558624267578, "Shape__Length": 702.802500949217}}, {"type": "Feature", "id": 6560, "geometry": {"type": "Polygon", "coordinates": [[[-73.9312207000452, 40.6975733556225], [-73.9315826023186, 40.697899646101], [-73.9305029997878, 40.6980180443806], [-73.9312207000452, 40.6975733556225]]]}, "properties": {"OBJECTID": 6560, "OVERLAY": "C2-3", "Shape__Area": 19958.12107849121, "Shape__Length": 714.6447214518462}}, {"type": "Feature", "id": 7859, "geometry": {"type": "Polygon", "coordinates": [[[-73.957483951368, 40.7118774847655], [-73.9575839984411, 40.7117192892822], [-73.958070881751, 40.7118966242627], [-73.9577536758419, 40.7124004441278], [-73.9572658742307, 40.712222307824], [-73.957483951368, 40.7118774847655]]]}, "properties": {"OBJECTID": 7859, "OVERLAY": "C1-3", "Shape__Area": 30482.64942932129, "Shape__Length": 706.5619932756088}}, {"type": "Feature", "id": 6703, "geometry": {"type": "Polygon", "coordinates": [[[-73.9474228707033, 40.7143594851857], [-73.9476315950551, 40.7143397717828], [-73.9476738845379, 40.7145818753094], [-73.9462310167847, 40.7147194442781], [-73.9461903727407, 40.7144758866678], [-73.9474228707033, 40.7143594851857]]]}, "properties": {"OBJECTID": 6703, "OVERLAY": "C2-4", "Shape__Area": 35940.510986328125, "Shape__Length": 984.1514849691454}}, {"type": "Feature", "id": 6869, "geometry": {"type": "Polygon", "coordinates": [[[-73.9399237999819, 40.7090484883487], [-73.9393916222488, 40.7090988784691], [-73.9393026575652, 40.7085368196982], [-73.9398307225698, 40.7084847366777], [-73.9399237999819, 40.7090484883487]]]}, "properties": {"OBJECTID": 6869, "OVERLAY": "C1-3", "Shape__Area": 30612.78773498535, "Shape__Length": 709.5699389621369}}, {"type": "Feature", "id": 6205, "geometry": {"type": "Polygon", "coordinates": [[[-73.9927534622846, 40.6891931892993], [-73.9927791255248, 40.6891397202211], [-73.9932890659829, 40.6892789182341], [-73.9931738336287, 40.6895180689273], [-73.9944288008831, 40.6898621515428], [-73.9943142647247, 40.6901030197726], [-73.9925499724422, 40.6896171533629], [-73.9927534622846, 40.6891931892993]]]}, "properties": {"OBJECTID": 6205, "OVERLAY": "C2-3", "Shape__Area": 62277.48580932617, "Shape__Length": 1411.7942161283802}}, {"type": "Feature", "id": 2475, "geometry": {"type": "Polygon", "coordinates": [[[-73.9813588011083, 40.7298459089265], [-73.9810432058318, 40.7297128747847], [-73.9813995320094, 40.7292205004772], [-73.9817166277023, 40.7293539967513], [-73.9813588011083, 40.7298459089265]]]}, "properties": {"OBJECTID": 2475, "OVERLAY": "C2-5", "Shape__Area": 20525.965133666992, "Shape__Length": 610.0516542317027}}, {"type": "Feature", "id": 8008, "geometry": {"type": "Polygon", "coordinates": [[[-73.9570736115288, 40.7125378158458], [-73.958381515649, 40.7130122223484], [-73.9582567266979, 40.7132035105061], [-73.9569551512004, 40.7127308312445], [-73.9570736115288, 40.7125378158458]]]}, "properties": {"OBJECTID": 8008, "OVERLAY": "C2-4", "Shape__Area": 31139.257247924805, "Shape__Length": 956.9138178544005}}, {"type": "Feature", "id": 2077, "geometry": {"type": "Polygon", "coordinates": [[[-74.0022876481031, 40.7454576220457], [-74.0023664612387, 40.7453503574922], [-74.0026765347203, 40.7454804712186], [-74.0023241135829, 40.7459632252078], [-74.0020122897066, 40.7458323766593], [-74.0022876481031, 40.7454576220457]]]}, "properties": {"OBJECTID": 2077, "OVERLAY": "C2-5", "Shape__Area": 19796.46893310547, "Shape__Length": 599.1599414700371}}, {"type": "Feature", "id": 5913, "geometry": {"type": "Polygon", "coordinates": [[[-73.9514749670945, 40.6914613463275], [-73.9516577092164, 40.6914402971885], [-73.9517650180237, 40.6919930142695], [-73.9514095783154, 40.6920338327057], [-73.9512986305155, 40.6914816576651], [-73.9514749670945, 40.6914613463275]]]}, "properties": {"OBJECTID": 5913, "OVERLAY": "C2-4", "Shape__Area": 20393.76820373535, "Shape__Length": 607.4667126790288}}, {"type": "Feature", "id": 2498, "geometry": {"type": "Polygon", "coordinates": [[[-73.9360310470355, 40.7594169519656], [-73.9362390276039, 40.7591907955261], [-73.936961787299, 40.7595331997295], [-73.9367557425219, 40.7597513692432], [-73.9360310470355, 40.7594169519656]]]}, "properties": {"OBJECTID": 2498, "OVERLAY": "C1-3", "Shape__Area": 23299.29476928711, "Shape__Length": 669.1556130603086}}, {"type": "Feature", "id": 8718, "geometry": {"type": "Polygon", "coordinates": [[[-73.9831086741065, 40.7170428078238], [-73.9824341780317, 40.7168405711591], [-73.9825685075786, 40.716580760129], [-73.9832410775386, 40.7167809984019], [-73.9831086741065, 40.7170428078238]]]}, "properties": {"OBJECTID": 8718, "OVERLAY": "C2-5", "Shape__Area": 20452.02914428711, "Shape__Length": 605.1011820805879}}, {"type": "Feature", "id": 2106, "geometry": {"type": "Polygon", "coordinates": [[[-73.9888973530333, 40.7266617247851], [-73.988581620346, 40.7265294955769], [-73.9889087424115, 40.7260789433897], [-73.9892243444674, 40.7262119407317], [-73.9888973530333, 40.7266617247851]]]}, "properties": {"OBJECTID": 2106, "OVERLAY": "C2-5", "Shape__Area": 18729.683151245117, "Shape__Length": 574.6854208481}}, {"type": "Feature", "id": 6932, "geometry": {"type": "Polygon", "coordinates": [[[-73.9642468832174, 40.7089482732919], [-73.9642734414666, 40.708814059427], [-73.9648087869497, 40.7088740308786], [-73.9646782096892, 40.7095421081089], [-73.9641412745008, 40.7094819581612], [-73.9642468832174, 40.7089482732919]]]}, "properties": {"OBJECTID": 6932, "OVERLAY": "C2-3", "Shape__Area": 36971.43585205078, "Shape__Length": 792.6430281100432}}, {"type": "Feature", "id": 7238, "geometry": {"type": "Polygon", "coordinates": [[[-73.9601668627759, 40.6937549680037], [-73.9609157356033, 40.6936687718893], [-73.9609751342918, 40.6939360688247], [-73.9602197887404, 40.6940231825104], [-73.9601668627759, 40.6937549680037]]]}, "properties": {"OBJECTID": 7238, "OVERLAY": "C2-4", "Shape__Area": 20837.441360473633, "Shape__Length": 619.4630102915044}}, {"type": "Feature", "id": 2269, "geometry": {"type": "Polygon", "coordinates": [[[-73.9871353284284, 40.7259237660086], [-73.9868192736996, 40.7257913932395], [-73.9871493283623, 40.7253374838386], [-73.9874649233955, 40.7254704860166], [-73.9871353284284, 40.7259237660086]]]}, "properties": {"OBJECTID": 2269, "OVERLAY": "C2-5", "Shape__Area": 18885.873580932617, "Shape__Length": 577.7181699109175}}, {"type": "Feature", "id": 5601, "geometry": {"type": "Polygon", "coordinates": [[[-73.9596201027446, 40.7110824767529], [-73.9591293386921, 40.7109028875451], [-73.9589744839272, 40.7111444530934], [-73.9581328537271, 40.7108367858511], [-73.9584253883028, 40.7103806289946], [-73.9584982335344, 40.7103733899544], [-73.9597717048024, 40.7108399114322], [-73.9596201027446, 40.7110824767529]]]}, "properties": {"OBJECTID": 5601, "OVERLAY": "C1-3", "Shape__Area": 65356.7825012207, "Shape__Length": 1202.7387404334993}}, {"type": "Feature", "id": 1865, "geometry": {"type": "Polygon", "coordinates": [[[-73.9841065276156, 40.7200521349143], [-73.9846297275656, 40.7190293535881], [-73.9849565200156, 40.7191293128343], [-73.984431001317, 40.7201504753004], [-73.9841065276156, 40.7200521349143]]]}, "properties": {"OBJECTID": 1865, "OVERLAY": "C1-5", "Shape__Area": 38859.570373535156, "Shape__Length": 993.8531463108593}}, {"type": "Feature", "id": 1871, "geometry": {"type": "Polygon", "coordinates": [[[-73.9769263112071, 40.722676471465], [-73.976969567989, 40.7226176084086], [-73.9773076934659, 40.722760262229], [-73.9769832398526, 40.723207480034], [-73.9766419257798, 40.7230634414402], [-73.9769263112071, 40.722676471465]]]}, "properties": {"OBJECTID": 1871, "OVERLAY": "C1-5", "Shape__Area": 20038.98565673828, "Shape__Length": 587.5596400646306}}, {"type": "Feature", "id": 8363, "geometry": {"type": "Polygon", "coordinates": [[[-73.9552647302426, 40.7337915668041], [-73.9553452692521, 40.7337839446412], [-73.9554361954, 40.7343351854867], [-73.9550830669132, 40.7343686012361], [-73.9549904388292, 40.7338175296441], [-73.9552647302426, 40.7337915668041]]]}, "properties": {"OBJECTID": 8363, "OVERLAY": "C2-4", "Shape__Area": 20009.586669921875, "Shape__Length": 602.5319014688935}}, {"type": "Feature", "id": 6199, "geometry": {"type": "Polygon", "coordinates": [[[-73.9626904204905, 40.6939195026792], [-73.9630524169865, 40.6938779157966], [-73.9631079853765, 40.6941556293271], [-73.9623860397602, 40.6942380303302], [-73.9623302421006, 40.6939608800991], [-73.9626904204905, 40.6939195026792]]]}, "properties": {"OBJECTID": 6199, "OVERLAY": "C2-4", "Shape__Area": 20703.850952148438, "Shape__Length": 609.4676864173656}}, {"type": "Feature", "id": 1971, "geometry": {"type": "Polygon", "coordinates": [[[-73.9851932555571, 40.7274604684828], [-73.9848776461614, 40.7273274718199], [-73.9852189784709, 40.7268580861721], [-73.9855348231342, 40.726990758655], [-73.9851932555571, 40.7274604684828]]]}, "properties": {"OBJECTID": 1971, "OVERLAY": "C1-5", "Shape__Area": 19550.41909790039, "Shape__Length": 591.0080622999585}}, {"type": "Feature", "id": 2020, "geometry": {"type": "Polygon", "coordinates": [[[-74.0026681011816, 40.7253435529371], [-74.0028679422888, 40.7251018136209], [-74.0032581827571, 40.7252931866639], [-74.0030583436752, 40.7255349266511], [-74.0026681011816, 40.7253435529371]]]}, "properties": {"OBJECTID": 2020, "OVERLAY": "C1-5", "Shape__Area": 13388.49592590332, "Shape__Length": 465.46649401638626}}, {"type": "Feature", "id": 1522, "geometry": {"type": "Polygon", "coordinates": [[[-73.9872488934054, 40.7152222998408], [-73.9872809829075, 40.715095991485], [-73.9880877588311, 40.7153405051347], [-73.9876873093684, 40.7161054844362], [-73.9869500331379, 40.7158820343393], [-73.9871006924886, 40.715601038934], [-73.9871880430561, 40.7154017603208], [-73.9872488934054, 40.7152222998408]]]}, "properties": {"OBJECTID": 1522, "OVERLAY": "C1-5", "Shape__Area": 67316.29490661621, "Shape__Length": 1062.2369603411241}}, {"type": "Feature", "id": 2014, "geometry": {"type": "Polygon", "coordinates": [[[-73.9851897391583, 40.7190525367655], [-73.9857207206783, 40.7180158420685], [-73.9860497359431, 40.7181162199399], [-73.9855153658232, 40.7191513506274], [-73.9851897391583, 40.7190525367655]]]}, "properties": {"OBJECTID": 2014, "OVERLAY": "C1-5", "Shape__Area": 39602.48327636719, "Shape__Length": 1005.986444095024}}, {"type": "Feature", "id": 7965, "geometry": {"type": "Polygon", "coordinates": [[[-73.9464129533745, 40.6953223527017], [-73.9463567948759, 40.6950412854435], [-73.9467114797183, 40.6950007650313], [-73.9467673675768, 40.6952818076782], [-73.948651216385, 40.6950655210681], [-73.948595660727, 40.6947854907563], [-73.9489523342199, 40.6947447355959], [-73.9490633155504, 40.6953043851483], [-73.9464692030805, 40.6956038783258], [-73.9464129533745, 40.6953223527017]]]}, "properties": {"OBJECTID": 7965, "OVERLAY": "C2-4", "Shape__Area": 95850.03732299805, "Shape__Length": 2075.6190639396723}}, {"type": "Feature", "id": 1722, "geometry": {"type": "Polygon", "coordinates": [[[-73.9915179608351, 40.7248936437963], [-73.9916146759973, 40.7247088771722], [-73.9917781078794, 40.7247776743596], [-73.9916594981545, 40.7251103652962], [-73.991449664729, 40.7250241252453], [-73.9915179608351, 40.7248936437963]]]}, "properties": {"OBJECTID": 1722, "OVERLAY": "C2-5", "Shape__Area": 7215.988922119141, "Shape__Length": 367.0923368818544}}, {"type": "Feature", "id": 1771, "geometry": {"type": "Polygon", "coordinates": [[[-73.9825990824181, 40.7224294626772], [-73.9829694448492, 40.7219208822805], [-73.9832852154595, 40.7220536240517], [-73.9829146451269, 40.7225624908855], [-73.9825990824181, 40.7224294626772]]]}, "properties": {"OBJECTID": 1771, "OVERLAY": "C1-5", "Shape__Area": 21188.992309570312, "Shape__Length": 623.7797782206877}}, {"type": "Feature", "id": 6591, "geometry": {"type": "Polygon", "coordinates": [[[-73.9928823438858, 40.6988231765925], [-73.9925435757725, 40.698729048003], [-73.9927968444747, 40.6982031306404], [-73.9931358528784, 40.6982967551188], [-73.9928823438858, 40.6988231765925]]]}, "properties": {"OBJECTID": 6591, "OVERLAY": "C1-5", "Shape__Area": 20416.909698486328, "Shape__Length": 608.3392684939477}}, {"type": "Feature", "id": 7181, "geometry": {"type": "Polygon", "coordinates": [[[-73.9509772413422, 40.6907749756863], [-73.9515082363469, 40.6907142818097], [-73.95161763292, 40.6912608872743], [-73.9509045055828, 40.6913427823327], [-73.9507950404661, 40.69079580065], [-73.9509772413422, 40.6907749756863]]]}, "properties": {"OBJECTID": 7181, "OVERLAY": "C2-4", "Shape__Area": 40302.225021362305, "Shape__Length": 803.023012055199}}, {"type": "Feature", "id": 2206, "geometry": {"type": "Polygon", "coordinates": [[[-73.9836855995933, 40.7148959994779], [-73.9836544332604, 40.7147195805407], [-73.9844234853873, 40.7146559129902], [-73.9841707849757, 40.715043083648], [-73.9836855995933, 40.7148959994779]]]}, "properties": {"OBJECTID": 2206, "OVERLAY": "C1-5", "Shape__Area": 18315.078689575195, "Shape__Length": 581.5872011345065}}, {"type": "Feature", "id": 8704, "geometry": {"type": "Polygon", "coordinates": [[[-73.9510092731047, 40.7239626898944], [-73.9509279612592, 40.7238168492635], [-73.9512749437951, 40.7237169716144], [-73.9510092731047, 40.7239626898944]]]}, "properties": {"OBJECTID": 8704, "OVERLAY": "C2-4", "Shape__Area": 2965.2176055908203, "Shape__Length": 276.46576869302265}}, {"type": "Feature", "id": 6119, "geometry": {"type": "Polygon", "coordinates": [[[-73.9470786703633, 40.7028002502687], [-73.947350874437, 40.7026241691874], [-73.9478293735568, 40.7030517718947], [-73.9475576719442, 40.7032277885895], [-73.9470786703633, 40.7028002502687]]]}, "properties": {"OBJECTID": 6119, "OVERLAY": "C2-4", "Shape__Area": 20260.26383972168, "Shape__Length": 607.3126553161206}}, {"type": "Feature", "id": 3202, "geometry": {"type": "Polygon", "coordinates": [[[-73.9474171356855, 40.7465211316801], [-73.9476007818057, 40.7459779180126], [-73.9479121540378, 40.7460388119339], [-73.9477317909732, 40.7465824120983], [-73.9474171356855, 40.7465211316801]]]}, "properties": {"OBJECTID": 3202, "OVERLAY": "C1-5", "Shape__Area": 18293.73323059082, "Shape__Length": 587.6913384307358}}, {"type": "Feature", "id": 1897, "geometry": {"type": "Polygon", "coordinates": [[[-73.9860576796083, 40.7262717315038], [-73.9857421238463, 40.7261386696567], [-73.986487809378, 40.7251131876173], [-73.9868033404614, 40.7252462762533], [-73.9860576796083, 40.7262717315038]]]}, "properties": {"OBJECTID": 1897, "OVERLAY": "C2-5", "Shape__Area": 42696.685134887695, "Shape__Length": 1053.9351800069426}}, {"type": "Feature", "id": 5881, "geometry": {"type": "Polygon", "coordinates": [[[-73.9694354708746, 40.7132920580069], [-73.9690354043936, 40.7143701163494], [-73.9690401720617, 40.7143712819917], [-73.9689730142739, 40.7145528221627], [-73.9689680691159, 40.7145515637171], [-73.9684533940616, 40.7161631332509], [-73.9665129145179, 40.7155749724191], [-73.9668754735275, 40.7147690402186], [-73.9676612758335, 40.7149827638705], [-73.9680376286365, 40.7141772046365], [-73.9672389016782, 40.7139611511307], [-73.9677966748175, 40.7127212016239], [-73.9685983684515, 40.7130004670657], [-73.9686283485576, 40.7129178641791], [-73.9694706178285, 40.7132076984789], [-73.9694354708746, 40.7132920580069]]]}, "properties": {"OBJECTID": 5881, "OVERLAY": "C2-4", "Shape__Area": 513949.24041748047, "Shape__Length": 3792.75856640004}}, {"type": "Feature", "id": 6760, "geometry": {"type": "Polygon", "coordinates": [[[-73.9537834348152, 40.7105783258626], [-73.9539054486035, 40.7103797985623], [-73.9543019244712, 40.7105252432976], [-73.9537834348152, 40.7105783258626]]]}, "properties": {"OBJECTID": 6760, "OVERLAY": "C2-3", "Shape__Area": 4871.390640258789, "Shape__Length": 346.9123148349541}}, {"type": "Feature", "id": 7092, "geometry": {"type": "Polygon", "coordinates": [[[-73.9445896187192, 40.7131288456732], [-73.9446579718567, 40.7131224245899], [-73.9447496631439, 40.7136793454525], [-73.9443731198632, 40.7137140967464], [-73.9442811222482, 40.713157828307], [-73.9445896187192, 40.7131288456732]]]}, "properties": {"OBJECTID": 7092, "OVERLAY": "C2-4", "Shape__Area": 21502.099349975586, "Shape__Length": 619.1706444475041}}, {"type": "Feature", "id": 8420, "geometry": {"type": "Polygon", "coordinates": [[[-73.9402736017067, 40.7237647217231], [-73.9395386862581, 40.7238362231522], [-73.939503141404, 40.7236212123036], [-73.9402381669749, 40.7235497003516], [-73.9402736017067, 40.7237647217231]]]}, "properties": {"OBJECTID": 8420, "OVERLAY": "C2-4", "Shape__Area": 16215.150161743164, "Shape__Length": 568.664049102446}}, {"type": "Feature", "id": 6545, "geometry": {"type": "Polygon", "coordinates": [[[-73.951294982084, 40.6899816339274], [-73.9513731982524, 40.6899725637109], [-73.9514821363626, 40.6905282130194], [-73.9511256026819, 40.6905692876684], [-73.9510147908169, 40.6900141244044], [-73.951294982084, 40.6899816339274]]]}, "properties": {"OBJECTID": 6545, "OVERLAY": "C2-4", "Shape__Area": 20518.55224609375, "Shape__Length": 609.8056336930781}}, {"type": "Feature", "id": 1496, "geometry": {"type": "Polygon", "coordinates": [[[-73.9953100941866, 40.7561784682521], [-73.9956582027846, 40.755700756586], [-73.9972267301349, 40.7563618209514], [-73.9968823844758, 40.7568403550719], [-73.9953100941866, 40.7561784682521]]]}, "properties": {"OBJECTID": 1496, "OVERLAY": "C2-5", "Shape__Area": 98905.18034362793, "Shape__Length": 1392.4485288953833}}, {"type": "Feature", "id": 8489, "geometry": {"type": "Polygon", "coordinates": [[[-73.9463845475865, 40.6933653759632], [-73.9460279967675, 40.6934064474123], [-73.9459184625167, 40.6928468963229], [-73.946275033974, 40.6928059476911], [-73.9463845475865, 40.6933653759632]]]}, "properties": {"OBJECTID": 8489, "OVERLAY": "C2-4", "Shape__Area": 20608.89096069336, "Shape__Length": 612.1781472930971}}, {"type": "Feature", "id": 1519, "geometry": {"type": "Polygon", "coordinates": [[[-74.0021021936305, 40.7322422691131], [-74.0021216679311, 40.7322353321394], [-74.0025133786671, 40.7326623966455], [-74.0021744804603, 40.732782858248], [-74.0017887717768, 40.7323539023358], [-74.0021021936305, 40.7322422691131]]]}, "properties": {"OBJECTID": 1519, "OVERLAY": "C1-5", "Shape__Area": 19207.478759765625, "Shape__Length": 584.6118556583571}}, {"type": "Feature", "id": 6142, "geometry": {"type": "Polygon", "coordinates": [[[-73.9473154672226, 40.7245456022999], [-73.947822623445, 40.7243778395784], [-73.9479650551469, 40.7246285725608], [-73.9474593240944, 40.7247973145082], [-73.9473154672226, 40.7245456022999]]]}, "properties": {"OBJECTID": 6142, "OVERLAY": "C2-4", "Shape__Area": 15280.441223144531, "Shape__Length": 505.86797238446275}}, {"type": "Feature", "id": 5478, "geometry": {"type": "Polygon", "coordinates": [[[-73.9538820175779, 40.7071429866246], [-73.9537210944093, 40.7073972886376], [-73.9527441526233, 40.707061792485], [-73.9528940501102, 40.7068039843241], [-73.9538820175779, 40.7071429866246]]]}, "properties": {"OBJECTID": 5478, "OVERLAY": "C2-3", "Shape__Area": 30704.749969482422, "Shape__Length": 803.1775791242319}}, {"type": "Feature", "id": 3843, "geometry": {"type": "Polygon", "coordinates": [[[-73.9610634612092, 40.7395453777835], [-73.9611425112303, 40.7394849498052], [-73.9612150278991, 40.7394373328947], [-73.9612807478051, 40.7393995480968], [-73.9613525035154, 40.7393633312694], [-73.9614335843332, 40.7393280081222], [-73.9615158499547, 40.7392950968729], [-73.9616045933825, 40.7392609846463], [-73.9617147597519, 40.7394492111971], [-73.9615916744955, 40.7394972077929], [-73.9614663331331, 40.7395523184124], [-73.9613655104122, 40.7396097208095], [-73.961286510474, 40.7396655500646], [-73.9610634612092, 40.7395453777835]]]}, "properties": {"OBJECTID": 3843, "OVERLAY": "C2-5", "Shape__Area": 12270.478103637695, "Shape__Length": 477.5499046343272}}, {"type": "Feature", "id": 6359, "geometry": {"type": "Polygon", "coordinates": [[[-73.9625117030936, 40.7127562041852], [-73.9625945152633, 40.712626299111], [-73.9630804953722, 40.7128037377532], [-73.9626901210734, 40.7134207328611], [-73.9622021525304, 40.7132417790756], [-73.9625117030936, 40.7127562041852]]]}, "properties": {"OBJECTID": 6359, "OVERLAY": "C2-3", "Shape__Area": 37353.801528930664, "Shape__Length": 798.3153137933996}}, {"type": "Feature", "id": 5624, "geometry": {"type": "Polygon", "coordinates": [[[-73.9574550332639, 40.7314168455864], [-73.9577197282937, 40.7313916946122], [-73.9578124030013, 40.731955541519], [-73.9575466426901, 40.731980751746], [-73.9574550332639, 40.7314168455864]]]}, "properties": {"OBJECTID": 5624, "OVERLAY": "C2-4", "Shape__Area": 15335.515747070312, "Shape__Length": 562.19367410941}}, {"type": "Feature", "id": 6288, "geometry": {"type": "Polygon", "coordinates": [[[-73.9443162264628, 40.7065694435325], [-73.944684918803, 40.7065340051509], [-73.9447757154168, 40.7070874806917], [-73.9442389704813, 40.7071391706612], [-73.944146568873, 40.7065857497516], [-73.9443162264628, 40.7065694435325]]]}, "properties": {"OBJECTID": 6288, "OVERLAY": "C2-3", "Shape__Area": 30529.8497467041, "Shape__Length": 706.9071147812435}}, {"type": "Feature", "id": 5618, "geometry": {"type": "Polygon", "coordinates": [[[-73.934240870573, 40.6919425949231], [-73.9343215393585, 40.6919333152704], [-73.934431514109, 40.6924930416576], [-73.9340749829635, 40.6925341877553], [-73.9339632163431, 40.6919745320415], [-73.934240870573, 40.6919425949231]]]}, "properties": {"OBJECTID": 5618, "OVERLAY": "C2-4", "Shape__Area": 20672.870986938477, "Shape__Length": 612.9304600259608}}, {"type": "Feature", "id": 1688, "geometry": {"type": "Polygon", "coordinates": [[[-73.9994784548689, 40.7300442737239], [-73.999673986711, 40.7298137658285], [-73.9999859026777, 40.729967684829], [-74.0005657161151, 40.7292841441783], [-74.0002537818853, 40.7291302474457], [-74.0004495474751, 40.7288994581457], [-74.0010732764408, 40.7292074091031], [-74.0001021888787, 40.7303522307936], [-73.9994784548689, 40.7300442737239]]]}, "properties": {"OBJECTID": 1688, "OVERLAY": "C1-5", "Shape__Area": 71760.84524536133, "Shape__Length": 1611.0635893478545}}, {"type": "Feature", "id": 6305, "geometry": {"type": "Polygon", "coordinates": [[[-73.9591358663451, 40.6905730698117], [-73.9593669270481, 40.6905452077895], [-73.9594220446528, 40.6908204196361], [-73.9587469630606, 40.6908989367374], [-73.9586927479415, 40.6906265020767], [-73.9591358663451, 40.6905730698117]]]}, "properties": {"OBJECTID": 6305, "OVERLAY": "C2-4", "Shape__Area": 19105.595245361328, "Shape__Length": 580.494696578373}}, {"type": "Feature", "id": 6405, "geometry": {"type": "Polygon", "coordinates": [[[-73.9944249430378, 40.6947454216245], [-73.9945481154034, 40.6944883473036], [-73.9959293105465, 40.6948684550667], [-73.9958053501293, 40.6951251742214], [-73.9944249430378, 40.6947454216245]]]}, "properties": {"OBJECTID": 6405, "OVERLAY": "C1-3", "Shape__Area": 40580.474685668945, "Shape__Length": 1013.6426079031874}}, {"type": "Feature", "id": 1759, "geometry": {"type": "Polygon", "coordinates": [[[-74.0036411781728, 40.7268974619588], [-74.0038611019763, 40.726353966035], [-74.0042798319513, 40.7263945605823], [-74.0040513248531, 40.7269372372418], [-74.0036411781728, 40.7268974619588]]]}, "properties": {"OBJECTID": 1759, "OVERLAY": "C1-5", "Shape__Area": 23638.362716674805, "Shape__Length": 646.3912252321011}}, {"type": "Feature", "id": 7808, "geometry": {"type": "Polygon", "coordinates": [[[-73.9408233433686, 40.6949262613973], [-73.9409031333242, 40.694917082942], [-73.9410168690579, 40.695479527875], [-73.9406518123471, 40.6955217994007], [-73.9405477056076, 40.6949579614864], [-73.9408233433686, 40.6949262613973]]]}, "properties": {"OBJECTID": 7808, "OVERLAY": "C2-4", "Shape__Area": 20952.91098022461, "Shape__Length": 616.8440192127052}}, {"type": "Feature", "id": 6528, "geometry": {"type": "Polygon", "coordinates": [[[-73.9406920895101, 40.6941987899771], [-73.9407563759188, 40.6941913362202], [-73.940867511782, 40.694740933296], [-73.9405143415274, 40.6947814463889], [-73.9404030684769, 40.6942323225722], [-73.9406920895101, 40.6941987899771]]]}, "properties": {"OBJECTID": 6528, "OVERLAY": "C2-4", "Shape__Area": 20063.296173095703, "Shape__Length": 603.1660194352105}}, {"type": "Feature", "id": 5887, "geometry": {"type": "Polygon", "coordinates": [[[-73.9657604173771, 40.6935715873538], [-73.9658352838508, 40.6935629106452], [-73.9658897600077, 40.6938354544716], [-73.9651692357661, 40.6939166207425], [-73.9651156273473, 40.6936463191176], [-73.9657604173771, 40.6935715873538]]]}, "properties": {"OBJECTID": 5887, "OVERLAY": "C2-4", "Shape__Area": 20195.705474853516, "Shape__Length": 603.881553687513}}, {"type": "Feature", "id": 1751, "geometry": {"type": "Polygon", "coordinates": [[[-73.9990066537277, 40.7281877943302], [-73.9995510294164, 40.7284555784514], [-73.9993552856877, 40.7286869515688], [-73.999092023153, 40.728557062205], [-73.9985128851207, 40.729240791823], [-73.9987714995445, 40.7293684131672], [-73.9985739961234, 40.7295996867533], [-73.9980477603408, 40.7293384279527], [-73.9990066537277, 40.7281877943302]]]}, "properties": {"OBJECTID": 1751, "OVERLAY": "C1-5", "Shape__Area": 62414.512283325195, "Shape__Length": 1519.667787141208}}, {"type": "Feature", "id": 2246, "geometry": {"type": "Polygon", "coordinates": [[[-73.9833148708405, 40.7223512440893], [-73.9834788866506, 40.7221265257449], [-73.9838004263019, 40.7222621071341], [-73.9834204193719, 40.7227757019285], [-73.9831039835936, 40.7226423075744], [-73.9833148708405, 40.7223512440893]]]}, "properties": {"OBJECTID": 2246, "OVERLAY": "C1-5", "Shape__Area": 21724.20916748047, "Shape__Length": 631.6400057213996}}, {"type": "Feature", "id": 8234, "geometry": {"type": "Polygon", "coordinates": [[[-73.9624588252015, 40.7197608487644], [-73.9629187370415, 40.7193335599061], [-73.9634837975523, 40.7196849916442], [-73.9632480727236, 40.7198971056164], [-73.9641696813661, 40.7204712514682], [-73.9639772305064, 40.7207067963278], [-73.9624588252015, 40.7197608487644]]]}, "properties": {"OBJECTID": 8234, "OVERLAY": "C2-4", "Shape__Area": 74222.66831970215, "Shape__Length": 1479.9436645408243}}, {"type": "Feature", "id": 3411, "geometry": {"type": "Polygon", "coordinates": [[[-73.9532716542296, 40.7436795035471], [-73.9533655602422, 40.743408876187], [-73.9537242423196, 40.7434787975477], [-73.9536329778539, 40.7437495955556], [-73.9532716542296, 40.7436795035471]]]}, "properties": {"OBJECTID": 3411, "OVERLAY": "C1-5", "Shape__Area": 10493.275634765625, "Shape__Length": 409.75528411497675}}, {"type": "Feature", "id": 3574, "geometry": {"type": "Polygon", "coordinates": [[[-73.9470419359488, 40.7476309243271], [-73.9471336235819, 40.7473597284446], [-73.9474462268117, 40.7474198011127], [-73.9473564946073, 40.7476888243119], [-73.9470419359488, 40.7476309243271]]]}, "properties": {"OBJECTID": 3574, "OVERLAY": "C1-5", "Shape__Area": 9090.756454467773, "Shape__Length": 382.1520807920998}}, {"type": "Feature", "id": 1605, "geometry": {"type": "Polygon", "coordinates": [[[-73.9837546518218, 40.7217596703206], [-73.9840705854399, 40.7218921848363], [-73.9838947487973, 40.7221329530618], [-73.9835784631643, 40.7219991863094], [-73.9837546518218, 40.7217596703206]]]}, "properties": {"OBJECTID": 1605, "OVERLAY": "C1-5", "Shape__Area": 10032.784744262695, "Shape__Length": 400.65666417976297}}, {"type": "Feature", "id": 1642, "geometry": {"type": "Polygon", "coordinates": [[[-73.9782331173735, 40.7208784773546], [-73.9782953603837, 40.7207933468005], [-73.9786316735253, 40.7209352526063], [-73.9782875195748, 40.7214096551245], [-73.9779492296802, 40.721266758284], [-73.9782331173735, 40.7208784773546]]]}, "properties": {"OBJECTID": 1642, "OVERLAY": "C1-5", "Shape__Area": 21106.741470336914, "Shape__Length": 608.6414450753387}}, {"type": "Feature", "id": 5380, "geometry": {"type": "Polygon", "coordinates": [[[-73.9601853741907, 40.7297475980233], [-73.960251691443, 40.7297411633843], [-73.960295614315, 40.7300034211023], [-73.9599464007755, 40.7300372664595], [-73.9599896549893, 40.7302995474645], [-73.9594410942039, 40.7303526530756], [-73.9593566880182, 40.7298280040226], [-73.9601853741907, 40.7297475980233]]]}, "properties": {"OBJECTID": 5380, "OVERLAY": "C2-4", "Shape__Area": 38849.456298828125, "Shape__Length": 886.0965956672273}}, {"type": "Feature", "id": 6265, "geometry": {"type": "Polygon", "coordinates": [[[-73.9394982475752, 40.7070251627459], [-73.9395960297442, 40.707015742515], [-73.9396865170957, 40.7075720900233], [-73.9391315430576, 40.7076237466257], [-73.9390339093565, 40.7070699550526], [-73.9394982475752, 40.7070251627459]]]}, "properties": {"OBJECTID": 6265, "OVERLAY": "C1-3", "Shape__Area": 31819.810028076172, "Shape__Length": 719.9194656145445}}, {"type": "Feature", "id": 1396, "geometry": {"type": "Polygon", "coordinates": [[[-74.0041700699623, 40.7428792522992], [-74.00450260028, 40.7424134866993], [-74.0048181640384, 40.7425466445164], [-74.0044803249098, 40.74300947107], [-74.0041700699623, 40.7428792522992]]]}, "properties": {"OBJECTID": 1396, "OVERLAY": "C2-5", "Shape__Area": 19123.615692138672, "Shape__Length": 584.1579090475972}}, {"type": "Feature", "id": 8380, "geometry": {"type": "Polygon", "coordinates": [[[-73.9392494545496, 40.6906210760437], [-73.9394342511116, 40.6905997241118], [-73.9395410896295, 40.6911468773716], [-73.9391905795603, 40.6911871896954], [-73.9390804769345, 40.6906405999063], [-73.9392494545496, 40.6906210760437]]]}, "properties": {"OBJECTID": 8380, "OVERLAY": "C2-4", "Shape__Area": 19901.907989501953, "Shape__Length": 600.5378964513576}}, {"type": "Feature", "id": 5724, "geometry": {"type": "Polygon", "coordinates": [[[-73.9316066742458, 40.6937472517017], [-73.9316934761016, 40.693737147263], [-73.9318055551108, 40.6942914318888], [-73.9314488714746, 40.6943318691585], [-73.9313396494284, 40.6937783333168], [-73.9316066742458, 40.6937472517017]]]}, "properties": {"OBJECTID": 5724, "OVERLAY": "C2-4", "Shape__Area": 20336.97134399414, "Shape__Length": 607.5113868775943}}, {"type": "Feature", "id": 2043, "geometry": {"type": "Polygon", "coordinates": [[[-73.9821164945164, 40.7239982924588], [-73.9824343028038, 40.7241326271413], [-73.9820902798711, 40.7246036513222], [-73.981771366741, 40.7244697792864], [-73.9821164945164, 40.7239982924588]]]}, "properties": {"OBJECTID": 2043, "OVERLAY": "C1-5", "Shape__Area": 19817.11116027832, "Shape__Length": 594.6723869752567}}, {"type": "Feature", "id": 2292, "geometry": {"type": "Polygon", "coordinates": [[[-73.9867196360783, 40.7296500447006], [-73.9864088591918, 40.729518574693], [-73.9867307735062, 40.7290753755109], [-73.9870433860117, 40.7292073941746], [-73.9867196360783, 40.7296500447006]]]}, "properties": {"OBJECTID": 2292, "OVERLAY": "C1-5", "Shape__Area": 18235.39079284668, "Shape__Length": 566.6900750490731}}, {"type": "Feature", "id": 1699, "geometry": {"type": "Polygon", "coordinates": [[[-73.9965225570585, 40.7122130792565], [-73.9968829602281, 40.7121827972871], [-73.9970370552799, 40.7127377978674], [-73.9966767781764, 40.7127680470018], [-73.9965225570585, 40.7122130792565]]]}, "properties": {"OBJECTID": 1699, "OVERLAY": "C1-5", "Shape__Area": 20670.11134338379, "Shape__Length": 614.3362253132519}}, {"type": "Feature", "id": 1456, "geometry": {"type": "Polygon", "coordinates": [[[-73.9801899067244, 40.7229996155853], [-73.979907331989, 40.7228803580705], [-73.9802450932439, 40.7224166045387], [-73.9805220220955, 40.7225394037827], [-73.9801899067244, 40.7229996155853]]]}, "properties": {"OBJECTID": 1456, "OVERLAY": "C2-5", "Shape__Area": 17145.40721130371, "Shape__Length": 562.8609835948733}}, {"type": "Feature", "id": 6276, "geometry": {"type": "Polygon", "coordinates": [[[-73.9553944061346, 40.7076641025546], [-73.955236186095, 40.7079175702383], [-73.9539058102998, 40.7074607218386], [-73.95406465867, 40.7072113436395], [-73.9553944061346, 40.7076641025546]]]}, "properties": {"OBJECTID": 6276, "OVERLAY": "C1-3", "Shape__Area": 41061.672271728516, "Shape__Length": 1011.7551789535704}}, {"type": "Feature", "id": 7693, "geometry": {"type": "Polygon", "coordinates": [[[-73.9571001376626, 40.6941078934808], [-73.9578240482241, 40.6940245916209], [-73.9578771130593, 40.6942906307101], [-73.9571531772541, 40.6943738428414], [-73.9571001376626, 40.6941078934808]]]}, "properties": {"OBJECTID": 7693, "OVERLAY": "C2-4", "Shape__Area": 19900.58546447754, "Shape__Length": 602.0919981537459}}, {"type": "Feature", "id": 5340, "geometry": {"type": "Polygon", "coordinates": [[[-73.9931979052372, 40.6981678990691], [-73.9928588974016, 40.6980742747719], [-73.9931095244529, 40.69755383163], [-73.9934483903508, 40.6976477451522], [-73.9931979052372, 40.6981678990691]]]}, "properties": {"OBJECTID": 5340, "OVERLAY": "C1-5", "Shape__Area": 20189.07632446289, "Shape__Length": 603.7826811272444}}, {"type": "Feature", "id": 6963, "geometry": {"type": "Polygon", "coordinates": [[[-73.9442584252091, 40.6990491695108], [-73.944618102735, 40.6990078763327], [-73.9447257391933, 40.6995506831811], [-73.944366112056, 40.6995919695143], [-73.9442584252091, 40.6990491695108]]]}, "properties": {"OBJECTID": 6963, "OVERLAY": "C2-4", "Shape__Area": 20170.775115966797, "Shape__Length": 601.7076555322627}}, {"type": "Feature", "id": 2143, "geometry": {"type": "Polygon", "coordinates": [[[-74.0014202643723, 40.7460931956376], [-74.0011041755641, 40.7459607363806], [-74.00128402297, 40.7457077767824], [-74.0016023358029, 40.7458432585205], [-74.0014202643723, 40.7460931956376]]]}, "properties": {"OBJECTID": 2143, "OVERLAY": "C1-5", "Shape__Area": 10499.366653442383, "Shape__Length": 409.9475179723554}}, {"type": "Feature", "id": 1502, "geometry": {"type": "Polygon", "coordinates": [[[-73.9963314066251, 40.7115000019906], [-73.9966862818157, 40.7114697780907], [-73.9968399968709, 40.7120327935228], [-73.9964802347101, 40.7120634346816], [-73.996324972334, 40.7115005501966], [-73.9963314066251, 40.7115000019906]]]}, "properties": {"OBJECTID": 1502, "OVERLAY": "C1-5", "Shape__Area": 20979.274612426758, "Shape__Length": 620.2000970665706}}, {"type": "Feature", "id": 6912, "geometry": {"type": "Polygon", "coordinates": [[[-73.958637462276, 40.7130867183956], [-73.9587547301723, 40.7128994605166], [-73.9590800222533, 40.7130179991745], [-73.9589591135031, 40.7132111517282], [-73.9599185122459, 40.7135822957661], [-73.9597852216418, 40.7137923033227], [-73.9585201937213, 40.7132739752501], [-73.958637462276, 40.7130867183956]]]}, "properties": {"OBJECTID": 6912, "OVERLAY": "C2-4", "Shape__Area": 39630.085205078125, "Shape__Length": 1110.7258276855205}}, {"type": "Feature", "id": 6319, "geometry": {"type": "Polygon", "coordinates": [[[-73.9521188506123, 40.7103208413942], [-73.9534011853743, 40.7101976661771], [-73.9537208345036, 40.7103149156061], [-73.9535452610478, 40.7105977224641], [-73.9530220674086, 40.7106490662176], [-73.9521188506123, 40.7103208413942]]]}, "properties": {"OBJECTID": 6319, "OVERLAY": "C2-3", "Shape__Area": 43424.27621459961, "Shape__Length": 994.4079064776586}}, {"type": "Feature", "id": 5240, "geometry": {"type": "Polygon", "coordinates": [[[-73.9576951610652, 40.7328336860875], [-73.957954564887, 40.7328092089144], [-73.9579784089557, 40.7329556790083], [-73.9577089377724, 40.73297974821], [-73.9576853586124, 40.7328346109103], [-73.9576951610652, 40.7328336860875]]]}, "properties": {"OBJECTID": 5240, "OVERLAY": "C2-4", "Shape__Area": 4024.458221435547, "Shape__Length": 257.427642418261}}, {"type": "Feature", "id": 8827, "geometry": {"type": "Polygon", "coordinates": [[[-73.942208661286, 40.7053261424662], [-73.9423593718722, 40.7053119449185], [-73.9427263606925, 40.7052773710426], [-73.9428132984905, 40.7058388725721], [-73.9422949427223, 40.7058877070921], [-73.942208661286, 40.7053261424662]]]}, "properties": {"OBJECTID": 8827, "OVERLAY": "C1-3", "Shape__Area": 29810.653610229492, "Shape__Length": 701.4224688502353}}, {"type": "Feature", "id": 7994, "geometry": {"type": "Polygon", "coordinates": [[[-73.942727069338, 40.7074882303081], [-73.9430834146855, 40.7074541047602], [-73.9431759784479, 40.7080138148162], [-73.9426282420627, 40.7080654765382], [-73.9425432136089, 40.707505837343], [-73.942727069338, 40.7074882303081]]]}, "properties": {"OBJECTID": 7994, "OVERLAY": "C1-3", "Shape__Area": 31215.720596313477, "Shape__Length": 714.7516214346333}}, {"type": "Feature", "id": 7796, "geometry": {"type": "Polygon", "coordinates": [[[-73.9508589738952, 40.7013346433861], [-73.9512699482308, 40.7010669094038], [-73.9517390053667, 40.7014839415388], [-73.9513280303446, 40.7017516762809], [-73.9508589738952, 40.7013346433861]]]}, "properties": {"OBJECTID": 7796, "OVERLAY": "C2-4", "Shape__Area": 30000.004333496094, "Shape__Length": 699.9999897979369}}, {"type": "Feature", "id": 7255, "geometry": {"type": "Polygon", "coordinates": [[[-73.9423362442657, 40.7051625771415], [-73.942185709156, 40.705176758538], [-73.9420997472621, 40.7046172534089], [-73.9426136400277, 40.7045690181813], [-73.9427026086223, 40.7051280615615], [-73.9423362442657, 40.7051625771415]]]}, "properties": {"OBJECTID": 7255, "OVERLAY": "C1-3", "Shape__Area": 29545.360748291016, "Shape__Length": 698.3692195901926}}, {"type": "Feature", "id": 5927, "geometry": {"type": "Polygon", "coordinates": [[[-73.9442297786287, 40.7044087847927], [-73.9443273302888, 40.7043993523254], [-73.9444213295932, 40.7049648507841], [-73.9438843011155, 40.7050148937338], [-73.943790205304, 40.7044512867665], [-73.9442297786287, 40.7044087847927]]]}, "properties": {"OBJECTID": 5927, "OVERLAY": "C2-3", "Shape__Area": 31112.82957458496, "Shape__Length": 714.7898264344431}}, {"type": "Feature", "id": 8681, "geometry": {"type": "Polygon", "coordinates": [[[-73.9687841881138, 40.7573616565311], [-73.9676494224488, 40.7568834957492], [-73.9678253010329, 40.7566393900934], [-73.9689608445563, 40.7571193485798], [-73.9687841881138, 40.7573616565311]]]}, "properties": {"OBJECTID": 8681, "OVERLAY": "C2-5", "Shape__Area": 36389.45246887207, "Shape__Length": 921.696771005322}}, {"type": "Feature", "id": 5632, "geometry": {"type": "Polygon", "coordinates": [[[-73.9585908441681, 40.6944031710776], [-73.9592387670072, 40.6943293216629], [-73.9592927573277, 40.694589034311], [-73.9581642575018, 40.6947132372299], [-73.9581134704478, 40.6944575802308], [-73.9585908441681, 40.6944031710776]]]}, "properties": {"OBJECTID": 5632, "OVERLAY": "C2-4", "Shape__Area": 30005.661209106445, "Shape__Length": 821.7199564642941}}, {"type": "Feature", "id": 8360, "geometry": {"type": "Polygon", "coordinates": [[[-73.9446808286064, 40.7189025516949], [-73.9449460362318, 40.718877399691], [-73.9439354841129, 40.7194917758931], [-73.9435823015775, 40.7190067506843], [-73.9446808286064, 40.7189025516949]]]}, "properties": {"OBJECTID": 8360, "OVERLAY": "C2-4", "Shape__Area": 35707.86703491211, "Shape__Length": 941.5448084563999}}, {"type": "Feature", "id": 4708, "geometry": {"type": "Polygon", "coordinates": [[[-73.929689799668, 40.7569074687333], [-73.9298236339947, 40.7567411477196], [-73.9303977893215, 40.7570072352285], [-73.9301091685676, 40.7573629699766], [-73.9295380722907, 40.7570960220319], [-73.929689799668, 40.7569074687333]]]}, "properties": {"OBJECTID": 4708, "OVERLAY": "C1-2", "Shape__Area": 28259.1639251709, "Shape__Length": 675.8638036085362}}, {"type": "Feature", "id": 8715, "geometry": {"type": "Polygon", "coordinates": [[[-73.9853856767836, 40.7175515231004], [-73.9854475757106, 40.7174305113723], [-73.9857820636427, 40.7175319082851], [-73.9857156706647, 40.7176617059118], [-73.98551627474, 40.7175882461984], [-73.9853856767836, 40.7175515231004]]]}, "properties": {"OBJECTID": 8715, "OVERLAY": "C1-5", "Shape__Area": 4778.581115722656, "Shape__Length": 297.87360644130644}}, {"type": "Feature", "id": 7719, "geometry": {"type": "Polygon", "coordinates": [[[-73.9461094906727, 40.7139912245615], [-73.9475605407674, 40.7138551547845], [-73.9476040540362, 40.7141265480226], [-73.9461566504319, 40.714263934797], [-73.9461094906727, 40.7139912245615]]]}, "properties": {"OBJECTID": 7719, "OVERLAY": "C2-4", "Shape__Area": 40447.00596618652, "Shape__Length": 1009.4921352589728}}, {"type": "Feature", "id": 7055, "geometry": {"type": "Polygon", "coordinates": [[[-73.9401005027504, 40.7148514989985], [-73.938817067289, 40.7149727739562], [-73.9388334193902, 40.7146981637907], [-73.9401035682124, 40.7147471791264], [-73.940096567188, 40.714842824132], [-73.9401005027504, 40.7148514989985]]]}, "properties": {"OBJECTID": 7055, "OVERLAY": "C2-4", "Shape__Area": 24374.99937438965, "Shape__Length": 849.4833927092702}}, {"type": "Feature", "id": 8074, "geometry": {"type": "Polygon", "coordinates": [[[-73.9489155540461, 40.7226634522487], [-73.949012996907, 40.722652368741], [-73.9491564014781, 40.7229042281767], [-73.948405665753, 40.7229895822278], [-73.9482620779594, 40.722737783011], [-73.9489155540461, 40.7226634522487]]]}, "properties": {"OBJECTID": 8074, "OVERLAY": "C2-4", "Shape__Area": 20332.06787109375, "Shape__Length": 620.8612686926822}}, {"type": "Feature", "id": 5824, "geometry": {"type": "Polygon", "coordinates": [[[-73.9441166526238, 40.6983183446974], [-73.9444730871375, 40.6982765623181], [-73.9445834571512, 40.6988331629208], [-73.9442270132066, 40.6988742585447], [-73.9441166526238, 40.6983183446974]]]}, "properties": {"OBJECTID": 5824, "OVERLAY": "C2-4", "Shape__Area": 20492.195693969727, "Shape__Length": 609.8818286280842}}, {"type": "Feature", "id": 7911, "geometry": {"type": "Polygon", "coordinates": [[[-73.9710180647608, 40.6932797918831], [-73.9710170364985, 40.6932746938196], [-73.9717681732457, 40.6933058572659], [-73.971823465368, 40.6935829856995], [-73.9710739182508, 40.6935565354003], [-73.9710180647608, 40.6932797918831]]]}, "properties": {"OBJECTID": 7911, "OVERLAY": "C2-4", "Shape__Area": 21024.01695251465, "Shape__Length": 622.695551793498}}, {"type": "Feature", "id": 7078, "geometry": {"type": "Polygon", "coordinates": [[[-73.960105751834, 40.6904664399096], [-73.960203699646, 40.6904550138865], [-73.9602632143105, 40.6907225814936], [-73.9595785714014, 40.6908022141069], [-73.959525109813, 40.6905341746064], [-73.960105751834, 40.6904664399096]]]}, "properties": {"OBJECTID": 7078, "OVERLAY": "C2-4", "Shape__Area": 18896.136306762695, "Shape__Length": 580.0960326975529}}, {"type": "Feature", "id": 1888, "geometry": {"type": "Polygon", "coordinates": [[[-74.0032662157629, 40.727936751544], [-74.0032938080042, 40.7277670165288], [-74.0036858477815, 40.7278051808144], [-74.0036675511905, 40.7278486327566], [-74.0035708810729, 40.7283572594383], [-74.0032036123187, 40.7283218442311], [-74.0032662157629, 40.727936751544]]]}, "properties": {"OBJECTID": 1888, "OVERLAY": "C1-5", "Shape__Area": 21341.18162536621, "Shape__Length": 619.6932444068964}}, {"type": "Feature", "id": 8429, "geometry": {"type": "Polygon", "coordinates": [[[-73.9441044929734, 40.7153529168936], [-73.9443784734955, 40.7153270734557], [-73.9444722139881, 40.7158813082425], [-73.9441235839531, 40.7159146844885], [-73.9440316256515, 40.715359790211], [-73.9441044929734, 40.7153529168936]]]}, "properties": {"OBJECTID": 8429, "OVERLAY": "C2-4", "Shape__Area": 19786.75424194336, "Shape__Length": 601.651074420527}}, {"type": "Feature", "id": 5847, "geometry": {"type": "Polygon", "coordinates": [[[-73.9465500852543, 40.6960048098564], [-73.9465086786822, 40.6957924451749], [-73.9491102508834, 40.6954945140986], [-73.9492239907973, 40.6960473450775], [-73.9488655905986, 40.6960891304956], [-73.9488096154914, 40.6958122429279], [-73.9469187022539, 40.6960307360188], [-73.9469721123029, 40.6963098637962], [-73.9466176211502, 40.6963511847532], [-73.9465500852543, 40.6960048098564]]]}, "properties": {"OBJECTID": 5847, "OVERLAY": "C2-4", "Shape__Area": 95238.4734954834, "Shape__Length": 2074.369575435616}}, {"type": "Feature", "id": 8174, "geometry": {"type": "Polygon", "coordinates": [[[-73.9464484782182, 40.70224138914], [-73.9467234921589, 40.7020635080119], [-73.9471947810822, 40.7024846776963], [-73.9469195751147, 40.7026623815511], [-73.9464484782182, 40.70224138914]]]}, "properties": {"OBJECTID": 8174, "OVERLAY": "C2-4", "Shape__Area": 20165.038528442383, "Shape__Length": 603.1545564593158}}, {"type": "Feature", "id": 3969, "geometry": {"type": "Polygon", "coordinates": [[[-73.9478024708809, 40.7451140065585], [-73.9482760028583, 40.7449244158275], [-73.9481875104063, 40.7451852150932], [-73.9478024708809, 40.7451140065585]]]}, "properties": {"OBJECTID": 3969, "OVERLAY": "C1-5", "Shape__Area": 5386.86750793457, "Shape__Length": 356.2145819019138}}, {"type": "Feature", "id": 6680, "geometry": {"type": "Polygon", "coordinates": [[[-73.9961063837624, 40.6949178200999], [-73.9966127005873, 40.6950564727574], [-73.9964876784525, 40.6953200689254], [-73.9959796266095, 40.6951812283553], [-73.9961063837624, 40.6949178200999]]]}, "properties": {"OBJECTID": 6680, "OVERLAY": "C1-3", "Shape__Area": 15266.580551147461, "Shape__Length": 503.2062135394689}}, {"type": "Feature", "id": 6182, "geometry": {"type": "Polygon", "coordinates": [[[-73.982041436267, 40.6941160408256], [-73.9820675043482, 40.693704804025], [-73.982422031445, 40.6937178233982], [-73.982401631418, 40.6941292682629], [-73.982041436267, 40.6941160408256]]]}, "properties": {"OBJECTID": 6182, "OVERLAY": "C1-3", "Shape__Area": 14882.044845581055, "Shape__Length": 498.43546373410936}}, {"type": "Feature", "id": 2003, "geometry": {"type": "Polygon", "coordinates": [[[-74.0017072834485, 40.7456991930497], [-74.0013923420435, 40.7455651604734], [-74.0017405374565, 40.7450871739534], [-74.0020562681943, 40.7452201195614], [-74.0017072834485, 40.7456991930497]]]}, "properties": {"OBJECTID": 2003, "OVERLAY": "C2-5", "Shape__Area": 19931.31446838379, "Shape__Length": 598.6270205377272}}, {"type": "Feature", "id": 2054, "geometry": {"type": "Polygon", "coordinates": [[[-73.9853917540254, 40.7283215217658], [-73.9850795111309, 40.7281896517355], [-73.9854040754041, 40.7277375694017], [-73.9857196877927, 40.7278705646143], [-73.9853917540254, 40.7283215217658]]]}, "properties": {"OBJECTID": 2054, "OVERLAY": "C1-5", "Shape__Area": 18676.215789794922, "Shape__Length": 574.4195681034216}}, {"type": "Feature", "id": 4685, "geometry": {"type": "Polygon", "coordinates": [[[-73.9589856745064, 40.7406645187411], [-73.9596019763116, 40.7388311753135], [-73.9598596768083, 40.7388811076151], [-73.9592563879726, 40.7407190225833], [-73.9589856745064, 40.7406645187411]]]}, "properties": {"OBJECTID": 4685, "OVERLAY": "C2-5", "Shape__Area": 52179.95085144043, "Shape__Length": 1530.8943642175736}}, {"type": "Feature", "id": 4759, "geometry": {"type": "Polygon", "coordinates": [[[-73.9527205943293, 40.7453346518322], [-73.9529025516896, 40.7447914595637], [-73.9532592496193, 40.7448608034191], [-73.9530769071878, 40.7454031874327], [-73.9527205943293, 40.7453346518322]]]}, "properties": {"OBJECTID": 4759, "OVERLAY": "C1-5", "Shape__Area": 20802.989227294922, "Shape__Length": 612.0456288533073}}, {"type": "Feature", "id": 1619, "geometry": {"type": "Polygon", "coordinates": [[[-74.0001025348958, 40.73058060248], [-74.0001442741655, 40.7305312563638], [-74.0009309703449, 40.7309140363597], [-74.000743134455, 40.7311737975237], [-73.9999348752262, 40.7307788197603], [-74.0001025348958, 40.73058060248]]]}, "properties": {"OBJECTID": 1619, "OVERLAY": "C1-5", "Shape__Area": 28225.44288635254, "Shape__Length": 740.3357818322818}}, {"type": "Feature", "id": 7192, "geometry": {"type": "Polygon", "coordinates": [[[-73.9637433947206, 40.7185673794806], [-73.9641566542822, 40.7181834160716], [-73.964608215357, 40.7184658404865], [-73.9634770126052, 40.7194725132508], [-73.9630530539168, 40.7192087698774], [-73.9637433947206, 40.7185673794806]]]}, "properties": {"OBJECTID": 7192, "OVERLAY": "C2-4", "Shape__Area": 75736.36665344238, "Shape__Length": 1279.2249169515544}}, {"type": "Feature", "id": 6694, "geometry": {"type": "Polygon", "coordinates": [[[-73.945379878011, 40.718111942075], [-73.945477974941, 40.7181026493784], [-73.9455694302622, 40.7186580472383], [-73.9452114817582, 40.7186921742934], [-73.9451193690881, 40.7181366182476], [-73.945379878011, 40.718111942075]]]}, "properties": {"OBJECTID": 6694, "OVERLAY": "C2-4", "Shape__Area": 20414.893173217773, "Shape__Length": 608.1159344577216}}, {"type": "Feature", "id": 7619, "geometry": {"type": "Polygon", "coordinates": [[[-73.9547858665269, 40.736551995589], [-73.9546962800944, 40.7360065632029], [-73.955052171245, 40.7359711857139], [-73.9551458108176, 40.7365162168763], [-73.9547858665269, 40.736551995589]]]}, "properties": {"OBJECTID": 7619, "OVERLAY": "C2-4", "Shape__Area": 20032.643463134766, "Shape__Length": 600.5897083732773}}, {"type": "Feature", "id": 8117, "geometry": {"type": "Polygon", "coordinates": [[[-73.9480125876163, 40.6911099074856], [-73.9482270943295, 40.691085162619], [-73.94833559436, 40.6916418322222], [-73.947980161292, 40.6916829363402], [-73.9478697557944, 40.6911263844082], [-73.9480125876163, 40.6911099074856]]]}, "properties": {"OBJECTID": 8117, "OVERLAY": "C2-4", "Shape__Area": 20497.247161865234, "Shape__Length": 610.0236457345832}}, {"type": "Feature", "id": 2223, "geometry": {"type": "Polygon", "coordinates": [[[-74.0033188899743, 40.7440418804348], [-74.003650028491, 40.7435881319775], [-74.0039620262624, 40.7437195074267], [-74.0036307128079, 40.744173375645], [-74.0033188899743, 40.7440418804348]]]}, "properties": {"OBJECTID": 2223, "OVERLAY": "C2-5", "Shape__Area": 18685.115615844727, "Shape__Length": 575.8251829483698}}, {"type": "Feature", "id": 6053, "geometry": {"type": "Polygon", "coordinates": [[[-73.9477798138392, 40.6906729801298], [-73.9481359478252, 40.690632009319], [-73.9481892644823, 40.6909029041853], [-73.9478335490756, 40.6909438645439], [-73.9477798138392, 40.6906729801298]]]}, "properties": {"OBJECTID": 6053, "OVERLAY": "C2-4", "Shape__Area": 9963.00846862793, "Shape__Length": 399.2595826441959}}, {"type": "Feature", "id": 1668, "geometry": {"type": "Polygon", "coordinates": [[[-74.0013174138394, 40.7291582937151], [-74.0015180053315, 40.7289223534347], [-74.0018217712638, 40.7290719829675], [-74.0024129320247, 40.728376631582], [-74.0025961684386, 40.7284670188716], [-74.0023679485057, 40.7289491157031], [-74.0019276082201, 40.7294588587182], [-74.0013174138394, 40.7291582937151]]]}, "properties": {"OBJECTID": 1668, "OVERLAY": "C1-5", "Shape__Area": 47781.14064025879, "Shape__Length": 1175.2963601453453}}, {"type": "Feature", "id": 8317, "geometry": {"type": "Polygon", "coordinates": [[[-73.9490883489884, 40.704598790227], [-73.9489719318195, 40.7044960974334], [-73.9492075582219, 40.7043438737525], [-73.9494472628456, 40.7045577139697], [-73.9497082925355, 40.7043882538148], [-73.9497164701223, 40.7040150915497], [-73.9500823270265, 40.7037787277178], [-73.9500661093277, 40.7045207136958], [-73.9494856471312, 40.7048975479772], [-73.9493239538421, 40.7048066152623], [-73.9490883489884, 40.704598790227]]]}, "properties": {"OBJECTID": 8317, "OVERLAY": "C2-4", "Shape__Area": 49164.7052154541, "Shape__Length": 1239.3338620799273}}, {"type": "Feature", "id": 6743, "geometry": {"type": "Polygon", "coordinates": [[[-73.9438457326157, 40.7030057975722], [-73.9440903224245, 40.7029824213719], [-73.94418288542, 40.7035499680983], [-73.9436480208769, 40.7035996228779], [-73.9435535464381, 40.7030337236233], [-73.9438457326157, 40.7030057975722]]]}, "properties": {"OBJECTID": 6743, "OVERLAY": "C2-3", "Shape__Area": 31151.777236938477, "Shape__Length": 715.5912480139418}}, {"type": "Feature", "id": 1419, "geometry": {"type": "Polygon", "coordinates": [[[-74.0032030618791, 40.744759205873], [-74.002886413437, 40.7446264282158], [-74.0032064101279, 40.7441664066186], [-74.003534932866, 40.7443045833804], [-74.0032030618791, 40.744759205873]]]}, "properties": {"OBJECTID": 1419, "OVERLAY": "C2-5", "Shape__Area": 19351.237365722656, "Shape__Length": 583.2791763849666}}, {"type": "Feature", "id": 7321, "geometry": {"type": "Polygon", "coordinates": [[[-73.9489044030036, 40.6932539788186], [-73.9492609806878, 40.6932130623636], [-73.9493714681849, 40.6937702792237], [-73.9490157487732, 40.6938113494868], [-73.9489044030036, 40.6932539788186]]]}, "properties": {"OBJECTID": 7321, "OVERLAY": "C2-4", "Shape__Area": 20512.014129638672, "Shape__Length": 610.4813739327326}}, {"type": "Feature", "id": 8566, "geometry": {"type": "Polygon", "coordinates": [[[-73.9535839080058, 40.6952500230555], [-73.9535299476109, 40.694976811767], [-73.9542401942015, 40.6948966003866], [-73.954295070391, 40.6951687103801], [-73.9535839080058, 40.6952500230555]]]}, "properties": {"OBJECTID": 8566, "OVERLAY": "C2-4", "Shape__Area": 20021.53338623047, "Shape__Length": 599.4835580540448}}, {"type": "Feature", "id": 1384, "geometry": {"type": "Polygon", "coordinates": [[[-73.9801627193168, 40.7309002983945], [-73.9803376370772, 40.730660232987], [-73.9821787645714, 40.7314364026785], [-73.9820037567149, 40.7316764312198], [-73.9801627193168, 40.7309002983945]]]}, "properties": {"OBJECTID": 1384, "OVERLAY": "C1-5", "Shape__Area": 58337.57273864746, "Shape__Length": 1366.749204873156}}, {"type": "Feature", "id": 2011, "geometry": {"type": "Polygon", "coordinates": [[[-73.9912736669956, 40.7235526373929], [-73.9915257040446, 40.7230429687359], [-73.9923445497143, 40.723269004435], [-73.9922454062305, 40.7235357620318], [-73.9925815540347, 40.7236400775774], [-73.9924790578571, 40.7239158564493], [-73.9912736669956, 40.7235526373929]]]}, "properties": {"OBJECTID": 2011, "OVERLAY": "C2-5", "Shape__Area": 61023.38075256348, "Shape__Length": 1105.2490368210115}}, {"type": "Feature", "id": 1925, "geometry": {"type": "Polygon", "coordinates": [[[-74.0001162720903, 40.7290624042384], [-73.9995066411283, 40.7287616270082], [-73.9997022058077, 40.7285304661555], [-74.00031206755, 40.7288315791495], [-74.0001162720903, 40.7290624042384]]]}, "properties": {"OBJECTID": 1925, "OVERLAY": "C1-5", "Shape__Area": 20169.022384643555, "Shape__Length": 603.139281434045}}, {"type": "Feature", "id": 2315, "geometry": {"type": "Polygon", "coordinates": [[[-73.9876481425164, 40.7294619831198], [-73.9873237689748, 40.7299056123136], [-73.987010008095, 40.7297728819922], [-73.9873325495274, 40.7293289491006], [-73.9876481425164, 40.7294619831198]]]}, "properties": {"OBJECTID": 2315, "OVERLAY": "C1-5", "Shape__Area": 18441.391815185547, "Shape__Length": 569.2505944946405}}, {"type": "Feature", "id": 1676, "geometry": {"type": "Polygon", "coordinates": [[[-73.9890562666972, 40.7275360829429], [-73.9887406977773, 40.7274030293365], [-73.9890871305745, 40.7269291941193], [-73.9894031987553, 40.7270615615436], [-73.9890562666972, 40.7275360829429]]]}, "properties": {"OBJECTID": 1676, "OVERLAY": "C2-5", "Shape__Area": 19768.25762939453, "Shape__Length": 595.366196330868}}, {"type": "Feature", "id": 7135, "geometry": {"type": "Polygon", "coordinates": [[[-73.9623290036617, 40.7198814602952], [-73.9638711221294, 40.7208421817581], [-73.963683899853, 40.7210747839901], [-73.9626530368592, 40.7204325725914], [-73.9624058691039, 40.7206521670463], [-73.9618628979623, 40.7203144926723], [-73.9623290036617, 40.7198814602952]]]}, "properties": {"OBJECTID": 7135, "OVERLAY": "C2-4", "Shape__Area": 75666.04977416992, "Shape__Length": 1524.828097278944}}, {"type": "Feature", "id": 6004, "geometry": {"type": "Polygon", "coordinates": [[[-73.958090465124, 40.7125234356319], [-73.9584125261544, 40.7120210583197], [-73.9588945664344, 40.7121966230568], [-73.9585782817925, 40.7127015702394], [-73.958090465124, 40.7125234356319]]]}, "properties": {"OBJECTID": 6004, "OVERLAY": "C2-3", "Shape__Area": 30370.178756713867, "Shape__Length": 705.6006641669958}}, {"type": "Feature", "id": 5506, "geometry": {"type": "Polygon", "coordinates": [[[-73.9571171727672, 40.7292891414037], [-73.9573789070125, 40.7292643368019], [-73.9574637131682, 40.7297970686649], [-73.9548705952735, 40.7300414945867], [-73.9548222652926, 40.7297775491125], [-73.9571542228414, 40.7295575140372], [-73.9571103812522, 40.7292897854397], [-73.9571171727672, 40.7292891414037]]]}, "properties": {"OBJECTID": 5506, "OVERLAY": "C2-4", "Shape__Area": 77780.470703125, "Shape__Length": 1841.363272819229}}, {"type": "Feature", "id": 7676, "geometry": {"type": "Polygon", "coordinates": [[[-73.9606444158434, 40.7056948566963], [-73.9607040957287, 40.7056560119001], [-73.9611795330384, 40.7060840342245], [-73.960766682339, 40.7063501170141], [-73.9602904416079, 40.7059252526173], [-73.9606444158434, 40.7056948566963]]]}, "properties": {"OBJECTID": 7676, "OVERLAY": "C1-3", "Shape__Area": 30666.68263244629, "Shape__Length": 708.5630615307799}}, {"type": "Feature", "id": 1576, "geometry": {"type": "Polygon", "coordinates": [[[-73.9899797607562, 40.7137257222832], [-73.9900140686291, 40.7139750226298], [-73.9887870186097, 40.7140890710144], [-73.9887409257109, 40.7137901312058], [-73.989689142973, 40.7137109012372], [-73.9896900295322, 40.7137176011159], [-73.9899749930686, 40.7136910774221], [-73.9899797607562, 40.7137257222832]]]}, "properties": {"OBJECTID": 1576, "OVERLAY": "C1-5", "Shape__Area": 36777.82572937012, "Shape__Length": 902.8585905007774}}, {"type": "Feature", "id": 5412, "geometry": {"type": "Polygon", "coordinates": [[[-73.959700116488, 40.7353758087606], [-73.9596067609201, 40.7348170791955], [-73.9599730120764, 40.7347820899552], [-73.9600662928068, 40.7353403617411], [-73.959700116488, 40.7353758087606]]]}, "properties": {"OBJECTID": 5412, "OVERLAY": "C2-4", "Shape__Area": 20983.071334838867, "Shape__Length": 614.8294479437809}}, {"type": "Feature", "id": 7819, "geometry": {"type": "Polygon", "coordinates": [[[-73.9460278231651, 40.7015399133779], [-73.9460914275289, 40.7014986501944], [-73.9465618654113, 40.7019190692779], [-73.9462999678539, 40.7020883310372], [-73.9458291913207, 40.7016687716225], [-73.9460278231651, 40.7015399133779]]]}, "properties": {"OBJECTID": 7819, "OVERLAY": "C2-4", "Shape__Area": 19185.842071533203, "Shape__Length": 593.0069186453841}}, {"type": "Feature", "id": 9591, "geometry": {"type": "Polygon", "coordinates": [[[-73.9592979110004, 40.7165096838912], [-73.9595272804282, 40.7162946048926], [-73.9598006073108, 40.7164659561221], [-73.9593402983021, 40.7168940331016], [-73.9590690599551, 40.7167242736342], [-73.9592979110004, 40.7165096838912]]]}, "properties": {"OBJECTID": 9591, "OVERLAY": "C1-4", "Shape__Area": 19704.910842895508, "Shape__Length": 598.6394113500036}}, {"type": "Feature", "id": 6886, "geometry": {"type": "Polygon", "coordinates": [[[-73.9374161319571, 40.7142482173829], [-73.9374205387834, 40.7141843726605], [-73.9386973856196, 40.7142246650014], [-73.9386746435521, 40.7145133620536], [-73.9374012881336, 40.7144632350841], [-73.9374161319571, 40.7142482173829]]]}, "properties": {"OBJECTID": 6886, "OVERLAY": "C2-4", "Shape__Area": 36642.521240234375, "Shape__Length": 914.85424480855}}, {"type": "Feature", "id": 5804, "geometry": {"type": "Polygon", "coordinates": [[[-73.9513545480006, 40.7238940121359], [-73.9521208520384, 40.725221474479], [-73.9517872616122, 40.7253301339307], [-73.951103246156, 40.7241287126588], [-73.9513545480006, 40.7238940121359]]]}, "properties": {"OBJECTID": 5804, "OVERLAY": "C2-4", "Shape__Area": 49914.2138671875, "Shape__Length": 1216.104244800486}}, {"type": "Feature", "id": 8460, "geometry": {"type": "Polygon", "coordinates": [[[-73.9961692630447, 40.691132599296], [-73.9962767966321, 40.6909105254392], [-73.9976636877439, 40.6912935493185], [-73.9975481882455, 40.6915367692423], [-73.9961593111485, 40.6911531225626], [-73.9961692630447, 40.691132599296]]]}, "properties": {"OBJECTID": 8460, "OVERLAY": "C1-3", "Shape__Area": 38573.37014770508, "Shape__Length": 1007.301720148836}}, {"type": "Feature", "id": 5263, "geometry": {"type": "Polygon", "coordinates": [[[-73.9518973962334, 40.6899162803812], [-73.9519609685055, 40.6899089794563], [-73.9520719077752, 40.6904638446969], [-73.9517153818754, 40.690504955396], [-73.951602596385, 40.6899501304605], [-73.9518973962334, 40.6899162803812]]]}, "properties": {"OBJECTID": 5263, "OVERLAY": "C2-4", "Shape__Area": 20503.265914916992, "Shape__Length": 609.5349576500728}}, {"type": "Feature", "id": 8467, "geometry": {"type": "Polygon", "coordinates": [[[-73.956397417225, 40.7122925354116], [-73.9565211135671, 40.7120982051054], [-73.957008674166, 40.7122767217931], [-73.9568858389628, 40.7124697039754], [-73.956397417225, 40.7122925354116]]]}, "properties": {"OBJECTID": 8467, "OVERLAY": "C1-3", "Shape__Area": 11759.236770629883, "Shape__Length": 456.7930855972388}}, {"type": "Feature", "id": 7565, "geometry": {"type": "Polygon", "coordinates": [[[-73.9507600091089, 40.7118262694788], [-73.951115076167, 40.7117925705887], [-73.9512056602199, 40.712344072942], [-73.9508475307861, 40.7123781778338], [-73.9507600091089, 40.7118262694788]]]}, "properties": {"OBJECTID": 7565, "OVERLAY": "C2-4", "Shape__Area": 20176.068908691406, "Shape__Length": 604.2848117800091}}, {"type": "Feature", "id": 6901, "geometry": {"type": "Polygon", "coordinates": [[[-73.942264706734, 40.72292015872], [-73.9429895522381, 40.7228510257566], [-73.9430350901784, 40.7231261197965], [-73.9423101088008, 40.7231956717144], [-73.942264706734, 40.72292015872]]]}, "properties": {"OBJECTID": 6901, "OVERLAY": "C2-4", "Shape__Area": 20472.51725769043, "Shape__Length": 607.2148752365067}}, {"type": "Feature", "id": 7897, "geometry": {"type": "Polygon", "coordinates": [[[-73.939954958767, 40.6950326241857], [-73.9402718039433, 40.6949960454159], [-73.9403823262757, 40.6955553285049], [-73.9400678902064, 40.6955913883357], [-73.939954958767, 40.6950326241857]]]}, "properties": {"OBJECTID": 7897, "OVERLAY": "C2-4", "Shape__Area": 18236.526626586914, "Shape__Length": 589.0677419175374}}, {"type": "Feature", "id": 2255, "geometry": {"type": "Polygon", "coordinates": [[[-73.9825487614929, 40.7233996136356], [-73.9828700696495, 40.7235359810073], [-73.9825394423178, 40.7239886723861], [-73.9822214025376, 40.7238542397999], [-73.9825487614929, 40.7233996136356]]]}, "properties": {"OBJECTID": 2255, "OVERLAY": "C1-5", "Shape__Area": 19143.7755279541, "Shape__Length": 580.3692062030685}}, {"type": "Feature", "id": 1422, "geometry": {"type": "Polygon", "coordinates": [[[-73.9875841784364, 40.7284679504915], [-73.9872673214258, 40.7283344388688], [-73.987603999451, 40.7278655418828], [-73.987922070395, 40.7280000792952], [-73.9875841784364, 40.7284679504915]]]}, "properties": {"OBJECTID": 1422, "OVERLAY": "C1-5", "Shape__Area": 19579.840759277344, "Shape__Length": 590.4109180483546}}, {"type": "Feature", "id": 6168, "geometry": {"type": "Polygon", "coordinates": [[[-73.9532181516797, 40.6907952604435], [-73.9543096754513, 40.6906703213729], [-73.9543647718016, 40.6909462425397], [-73.9532732412495, 40.6910711830281], [-73.9532181516797, 40.6907952604435]]]}, "properties": {"OBJECTID": 6168, "OVERLAY": "C2-4", "Shape__Area": 31124.89520263672, "Shape__Length": 815.5702576364341}}, {"type": "Feature", "id": 2441, "geometry": {"type": "Polygon", "coordinates": [[[-74.0026952903999, 40.7312885399463], [-74.0029042976393, 40.7312151299078], [-74.0031966371011, 40.731709039359], [-74.0028695364364, 40.7318249479228], [-74.0025768685827, 40.731330131745], [-74.0026952903999, 40.7312885399463]]]}, "properties": {"OBJECTID": 2441, "OVERLAY": "C1-5", "Shape__Area": 19746.376510620117, "Shape__Length": 594.991327788503}}, {"type": "Feature", "id": 6523, "geometry": {"type": "Polygon", "coordinates": [[[-73.9479685274397, 40.7248036304719], [-73.9480499020999, 40.7247770895775], [-73.9481930731782, 40.7250290274786], [-73.9476907998319, 40.7251928435022], [-73.947547864726, 40.7249408276451], [-73.9479685274397, 40.7248036304719]]]}, "properties": {"OBJECTID": 6523, "OVERLAY": "C2-4", "Shape__Area": 15143.59455871582, "Shape__Length": 502.8733861637843}}, {"type": "Feature", "id": 7851, "geometry": {"type": "Polygon", "coordinates": [[[-73.9547545262864, 40.7323968086422], [-73.9551166798272, 40.732362444675], [-73.9552073234274, 40.7329215093183], [-73.954848822273, 40.7329561739699], [-73.9547545262864, 40.7323968086422]]]}, "properties": {"OBJECTID": 7851, "OVERLAY": "C2-4", "Shape__Area": 20668.274475097656, "Shape__Length": 611.9942190891195}}, {"type": "Feature", "id": 5859, "geometry": {"type": "Polygon", "coordinates": [[[-73.9915722957589, 40.698086170901], [-73.9915537626848, 40.6972149326675], [-73.9928498759612, 40.6975745726123], [-73.9924824736006, 40.6983374976206], [-73.9915722957589, 40.698086170901]]]}, "properties": {"OBJECTID": 5859, "OVERLAY": "C1-5", "Shape__Area": 96443.07662963867, "Shape__Length": 1264.5168749675718}}, {"type": "Feature", "id": 1445, "geometry": {"type": "Polygon", "coordinates": [[[-74.0004694927241, 40.7485310267156], [-74.0001537589339, 40.7483980633128], [-74.0005008910769, 40.7479215737746], [-74.0008164374056, 40.7480547910794], [-74.0004694927241, 40.7485310267156]]]}, "properties": {"OBJECTID": 1445, "OVERLAY": "C1-5", "Shape__Area": 19841.218948364258, "Shape__Length": 596.8241853926709}}, {"type": "Feature", "id": 1468, "geometry": {"type": "Polygon", "coordinates": [[[-73.9643967869262, 40.7571482926918], [-73.9640809658133, 40.7570153917377], [-73.9644361219445, 40.7565280241636], [-73.9647517850243, 40.7566611384258], [-73.9643967869262, 40.7571482926918]]]}, "properties": {"OBJECTID": 1468, "OVERLAY": "C1-5", "Shape__Area": 20295.93635559082, "Shape__Length": 605.9179795763898}}, {"type": "Feature", "id": 8421, "geometry": {"type": "Polygon", "coordinates": [[[-73.9441912999537, 40.7124505487181], [-73.9445423331383, 40.7124200307395], [-73.9446329709764, 40.7129705684189], [-73.9442798910728, 40.713003973621], [-73.9441912999537, 40.7124505487181]]]}, "properties": {"OBJECTID": 8421, "OVERLAY": "C2-4", "Shape__Area": 19916.973907470703, "Shape__Length": 601.8516739427907}}, {"type": "Feature", "id": 5596, "geometry": {"type": "Polygon", "coordinates": [[[-73.953820213583, 40.7306045354904], [-73.9518677088761, 40.7307920242218], [-73.9517957600303, 40.7306410130335], [-73.9517208687952, 40.730522531442], [-73.9537751589548, 40.73032737054], [-73.953820213583, 40.7306045354904]]]}, "properties": {"OBJECTID": 5596, "OVERLAY": "C2-4", "Shape__Area": 57005.85385131836, "Shape__Length": 1327.3815974338418}}, {"type": "Feature", "id": 9603, "geometry": {"type": "Polygon", "coordinates": [[[-73.9580310853766, 40.7170056021064], [-73.9584964354098, 40.7165725433542], [-73.9587754033146, 40.7167465609539], [-73.9583102226876, 40.7171784241065], [-73.9580310853766, 40.7170056021064]]]}, "properties": {"OBJECTID": 9603, "OVERLAY": "C1-4", "Shape__Area": 20337.170654296875, "Shape__Length": 606.9930739415602}}, {"type": "Feature", "id": 2324, "geometry": {"type": "Polygon", "coordinates": [[[-74.0040950658775, 40.7475149098209], [-74.003792541708, 40.7473874904156], [-74.0041303454513, 40.7469118645684], [-74.0044389472259, 40.7470421833923], [-74.0040950658775, 40.7475149098209]]]}, "properties": {"OBJECTID": 2324, "OVERLAY": "C2-5", "Shape__Area": 19060.983779907227, "Shape__Length": 587.4061385751467}}, {"type": "Feature", "id": 1892, "geometry": {"type": "Polygon", "coordinates": [[[-73.9884481052631, 40.727279662144], [-73.9881325387717, 40.7271466068661], [-73.9884786978589, 40.726671139911], [-73.9887925828533, 40.7268058375144], [-73.9884481052631, 40.727279662144]]]}, "properties": {"OBJECTID": 1892, "OVERLAY": "C2-5", "Shape__Area": 19753.23907470703, "Shape__Length": 595.1825318897454}}, {"type": "Feature", "id": 1643, "geometry": {"type": "Polygon", "coordinates": [[[-74.0032528223413, 40.7308504461385], [-74.0035187080432, 40.7313038866893], [-74.00318547984, 40.7314093252315], [-74.0029214118577, 40.7309553093474], [-74.0032528223413, 40.7308504461385]]]}, "properties": {"OBJECTID": 1643, "OVERLAY": "C1-5", "Shape__Area": 18038.674865722656, "Shape__Length": 561.2773551464179}}, {"type": "Feature", "id": 8544, "geometry": {"type": "Polygon", "coordinates": [[[-73.9589493722634, 40.698587359176], [-73.9588396766651, 40.6980633099441], [-73.9599792545388, 40.697925151746], [-73.960078523428, 40.698405236862], [-73.9589493722634, 40.698587359176]]]}, "properties": {"OBJECTID": 8544, "OVERLAY": "C2-4", "Shape__Area": 59226.37677001953, "Shape__Length": 1010.4252650440878}}, {"type": "Feature", "id": 6801, "geometry": {"type": "Polygon", "coordinates": [[[-73.9336856380293, 40.696237299251], [-73.9333641929064, 40.6965684420219], [-73.9328128333714, 40.6962552859923], [-73.9331340822498, 40.6959240329698], [-73.9336856380293, 40.696237299251]]]}, "properties": {"OBJECTID": 6801, "OVERLAY": "C2-3", "Shape__Area": 28620.119354248047, "Shape__Length": 681.6056805530859}}, {"type": "Feature", "id": 1560, "geometry": {"type": "Polygon", "coordinates": [[[-73.9631369712417, 40.7588770384109], [-73.9628213056278, 40.7587439143652], [-73.9629962666531, 40.7585038375013], [-73.9633119314789, 40.7586369610723], [-73.9631369712417, 40.7588770384109]]]}, "properties": {"OBJECTID": 1560, "OVERLAY": "C1-5", "Shape__Area": 10000.027648925781, "Shape__Length": 400.0005651418265}}, {"type": "Feature", "id": 6563, "geometry": {"type": "Polygon", "coordinates": [[[-73.9594094887695, 40.6986937315024], [-73.9601146042404, 40.698580176631], [-73.9602267763632, 40.6991302421704], [-73.9590886997208, 40.6993151426361], [-73.9589817454326, 40.6987626158556], [-73.9594094887695, 40.6986937315024]]]}, "properties": {"OBJECTID": 6563, "OVERLAY": "C1-5", "Shape__Area": 65271.370040893555, "Shape__Length": 1050.0411958476434}}, {"type": "Feature", "id": 1405, "geometry": {"type": "Polygon", "coordinates": [[[-73.9639434351684, 40.7577704035244], [-73.9636277874089, 40.7576372618605], [-73.9639780070713, 40.7571566776884], [-73.9642918163379, 40.757292340148], [-73.9639434351684, 40.7577704035244]]]}, "properties": {"OBJECTID": 1405, "OVERLAY": "C1-5", "Shape__Area": 19965.366897583008, "Shape__Length": 599.3127598443665}}, {"type": "Feature", "id": 6669, "geometry": {"type": "Polygon", "coordinates": [[[-73.9438979624248, 40.7139141532944], [-73.9441435079633, 40.7138911133513], [-73.944237471759, 40.714450947921], [-73.9427930380972, 40.71458646941], [-73.9427460649239, 40.7143065601119], [-73.9438341503766, 40.7142086918694], [-73.9437866263149, 40.7139245989419], [-73.9438979624248, 40.7139141532944]]]}, "properties": {"OBJECTID": 6669, "OVERLAY": "C2-4", "Shape__Area": 51497.681884765625, "Shape__Length": 1219.6525932065465}}, {"type": "Feature", "id": 8083, "geometry": {"type": "Polygon", "coordinates": [[[-73.9569237087802, 40.70227133973], [-73.9569359890091, 40.7022634198183], [-73.9574100853647, 40.702690294855], [-73.9569969733218, 40.7029580390943], [-73.956520624707, 40.7025312686807], [-73.9569237087802, 40.70227133973]]]}, "properties": {"OBJECTID": 8083, "OVERLAY": "C1-3", "Shape__Area": 30716.34977722168, "Shape__Length": 709.0488232098036}}, {"type": "Feature", "id": 8676, "geometry": {"type": "Polygon", "coordinates": [[[-73.9550297722595, 40.6934079069647], [-73.9549863074656, 40.6931906825996], [-73.9557110621692, 40.6931079490701], [-73.9557543364039, 40.693325205508], [-73.9550297722595, 40.6934079069647]]]}, "properties": {"OBJECTID": 8676, "OVERLAY": "C2-4", "Shape__Area": 16267.39567565918, "Shape__Length": 566.5144201677117}}, {"type": "Feature", "id": 1359, "geometry": {"type": "Polygon", "coordinates": [[[-74.0024077112381, 40.7299642889994], [-74.0026270465665, 40.7298953160404], [-74.0026587009592, 40.72994937375], [-74.0028150022578, 40.7299002229691], [-74.0029314065739, 40.7300989290077], [-74.0025124050191, 40.730232300651], [-74.0023876747067, 40.7300192915865], [-74.0024077112381, 40.7299642889994]]]}, "properties": {"OBJECTID": 1359, "OVERLAY": "C1-5", "Shape__Area": 11602.843338012695, "Shape__Length": 445.10942089753905}}, {"type": "Feature", "id": 1986, "geometry": {"type": "Polygon", "coordinates": [[[-73.9800950384616, 40.7221695905154], [-73.9798185671559, 40.7220522411031], [-73.9801616694674, 40.7215901789576], [-73.9804335478833, 40.7217048009302], [-73.9800950384616, 40.7221695905154]]]}, "properties": {"OBJECTID": 1986, "OVERLAY": "C2-5", "Shape__Area": 16823.54653930664, "Shape__Length": 560.8594931640921}}, {"type": "Feature", "id": 7605, "geometry": {"type": "Polygon", "coordinates": [[[-73.956397417225, 40.7122925354116], [-73.9568858389628, 40.7124697039754], [-73.9567650785535, 40.7126594251507], [-73.9556123536619, 40.7122388369024], [-73.9557305771169, 40.7120506432159], [-73.956397417225, 40.7122925354116]]]}, "properties": {"OBJECTID": 7605, "OVERLAY": "C2-4", "Shape__Area": 27091.169952392578, "Shape__Length": 862.007352877903}}, {"type": "Feature", "id": 7396, "geometry": {"type": "Polygon", "coordinates": [[[-73.951208511532, 40.7145181135025], [-73.9511685154395, 40.7143088610809], [-73.9495285959464, 40.7144338741338], [-73.949482113337, 40.7141800087765], [-73.9515103029106, 40.7141822415474], [-73.9515625783723, 40.7144845415873], [-73.951208511532, 40.7145181135025]]]}, "properties": {"OBJECTID": 7396, "OVERLAY": "C2-4", "Shape__Area": 43686.058197021484, "Shape__Length": 1399.5782692915254}}, {"type": "Feature", "id": 6609, "geometry": {"type": "Polygon", "coordinates": [[[-73.9546342096942, 40.731684833663], [-73.9550011670887, 40.7316499757693], [-73.9550925361243, 40.732213528076], [-73.9547305242721, 40.7322478614061], [-73.9546342096942, 40.731684833663]]]}, "properties": {"OBJECTID": 6609, "OVERLAY": "C2-4", "Shape__Area": 21058.764373779297, "Shape__Length": 617.3323843594067}}, {"type": "Feature", "id": 5736, "geometry": {"type": "Polygon", "coordinates": [[[-73.9403192983863, 40.7069489325884], [-73.9404043738536, 40.7069405712882], [-73.9404944301739, 40.7075060140079], [-73.9399552513571, 40.7075578376332], [-73.9398556393071, 40.7069937258602], [-73.9403192983863, 40.7069489325884]]]}, "properties": {"OBJECTID": 5736, "OVERLAY": "C1-3", "Shape__Area": 31531.423904418945, "Shape__Length": 718.9253952963935}}, {"type": "Feature", "id": 8392, "geometry": {"type": "Polygon", "coordinates": [[[-73.9310227653426, 40.6947248146425], [-73.9307056041492, 40.6950583858088], [-73.9301856664113, 40.6947630508841], [-73.9305036174751, 40.6944299282689], [-73.9310227653426, 40.6947248146425]]]}, "properties": {"OBJECTID": 8392, "OVERLAY": "C2-3", "Shape__Area": 26964.995483398438, "Shape__Length": 659.5620771156975}}, {"type": "Feature", "id": 6964, "geometry": {"type": "Polygon", "coordinates": [[[-73.9444372213225, 40.7015958249014], [-73.9450028253258, 40.7012291170708], [-73.9454782933256, 40.701656015887], [-73.9446442060055, 40.7021963447563], [-73.944035428029, 40.7018563222416], [-73.9444372213225, 40.7015958249014]]]}, "properties": {"OBJECTID": 6964, "OVERLAY": "C2-3", "Shape__Area": 66861.67678833008, "Shape__Length": 1069.3469772916421}}, {"type": "Feature", "id": 8381, "geometry": {"type": "Polygon", "coordinates": [[[-73.9575277072927, 40.7028489905272], [-73.9575618846134, 40.7028269739066], [-73.9580387917586, 40.7032563687895], [-73.9576289864311, 40.703521574338], [-73.9571481874228, 40.7030934595525], [-73.9575277072927, 40.7028489905272]]]}, "properties": {"OBJECTID": 8381, "OVERLAY": "C1-3", "Shape__Area": 30693.07159423828, "Shape__Length": 709.451892065334}}, {"type": "Feature", "id": 6709, "geometry": {"type": "Polygon", "coordinates": [[[-73.9440760215407, 40.7073607606498], [-73.9448089268288, 40.7072908006218], [-73.9448976746583, 40.7078529721688], [-73.9441649900677, 40.7079220206486], [-73.9440760215407, 40.7073607606498]]]}, "properties": {"OBJECTID": 6709, "OVERLAY": "C2-3", "Shape__Area": 42201.90347290039, "Shape__Length": 821.7325238743737}}, {"type": "Feature", "id": 2879, "geometry": {"type": "Polygon", "coordinates": [[[-73.9610912949777, 40.7398477776253], [-73.9610274033252, 40.7399124953106], [-73.9609391012212, 40.7400198266049], [-73.9608576803854, 40.740148386031], [-73.9605926885714, 40.7400980626585], [-73.9606249288821, 40.7400387203349], [-73.9606863486785, 40.7399424536497], [-73.9607512414781, 40.7398570086126], [-73.9608424735215, 40.7397563287043], [-73.9609195674782, 40.7396829230013], [-73.961142197306, 40.7398019724842], [-73.9610912949777, 40.7398477776253]]]}, "properties": {"OBJECTID": 2879, "OVERLAY": "C2-5", "Shape__Area": 12258.03044128418, "Shape__Length": 477.66647022161305}}, {"type": "Feature", "id": 7053, "geometry": {"type": "Polygon", "coordinates": [[[-73.9396405144781, 40.6920625202935], [-73.9397306896481, 40.6920521603184], [-73.9398395064699, 40.6926161862523], [-73.9394750966501, 40.6926582427704], [-73.9393611928871, 40.6920946100392], [-73.9396405144781, 40.6920625202935]]]}, "properties": {"OBJECTID": 7053, "OVERLAY": "C2-4", "Shape__Area": 21379.042068481445, "Shape__Length": 621.2952756606755}}, {"type": "Feature", "id": 2387, "geometry": {"type": "Polygon", "coordinates": [[[-73.9635437974382, 40.7601842544432], [-73.9621880062377, 40.7596128955197], [-73.962542386516, 40.7591266368239], [-73.9628581090901, 40.7592596842009], [-73.9626754169877, 40.7595103662735], [-73.9637141910802, 40.7599456213047], [-73.9635437974382, 40.7601842544432]]]}, "properties": {"OBJECTID": 2387, "OVERLAY": "C2-5", "Shape__Area": 52670.05783081055, "Shape__Length": 1263.8900808902758}}, {"type": "Feature", "id": 5481, "geometry": {"type": "Polygon", "coordinates": [[[-73.9510311678079, 40.7125205395217], [-73.951231010191, 40.7125015479281], [-73.9513263088929, 40.7130527315492], [-73.9509629272348, 40.7130866733863], [-73.9508731628391, 40.7125355539626], [-73.9510311678079, 40.7125205395217]]]}, "properties": {"OBJECTID": 5481, "OVERLAY": "C2-4", "Shape__Area": 20392.05923461914, "Shape__Length": 606.3403745830625}}, {"type": "Feature", "id": 7989, "geometry": {"type": "Polygon", "coordinates": [[[-73.9454709901106, 40.7251662716343], [-73.9463369173663, 40.7248692698913], [-73.9464806019322, 40.725121039064], [-73.9455161290434, 40.7254385908429], [-73.9454709901106, 40.7251662716343]]]}, "properties": {"OBJECTID": 7989, "OVERLAY": "C2-4", "Shape__Area": 27147.850021362305, "Shape__Length": 754.5686339040637}}, {"type": "Feature", "id": 1700, "geometry": {"type": "Polygon", "coordinates": [[[-73.9767774092507, 40.7401589338796], [-73.9764618927213, 40.7400257280064], [-73.9768166152776, 40.7395390972692], [-73.9776126661603, 40.7398733664399], [-73.9774323470247, 40.7401222423166], [-73.9769488349095, 40.7399237602716], [-73.9767774092507, 40.7401589338796]]]}, "properties": {"OBJECTID": 1700, "OVERLAY": "C2-5", "Shape__Area": 36142.51600646973, "Shape__Length": 908.4602464832714}}, {"type": "Feature", "id": 2192, "geometry": {"type": "Polygon", "coordinates": [[[-74.0054228569816, 40.7456899702332], [-74.0051182617547, 40.7455622581079], [-74.0054474822381, 40.7451089738298], [-74.0057525200814, 40.7452372640963], [-74.0054228569816, 40.7456899702332]]]}, "properties": {"OBJECTID": 2192, "OVERLAY": "C2-5", "Shape__Area": 18196.79376220703, "Shape__Length": 570.1711353620085}}, {"type": "Feature", "id": 8335, "geometry": {"type": "Polygon", "coordinates": [[[-73.9489774780266, 40.7244639406247], [-73.9490471592195, 40.7244412084008], [-73.9491903386926, 40.7246923427218], [-73.9485089305412, 40.7249161390113], [-73.9483640363942, 40.7246640710535], [-73.9489774780266, 40.7244639406247]]]}, "properties": {"OBJECTID": 8335, "OVERLAY": "C2-4", "Shape__Area": 20583.35093688965, "Shape__Length": 611.7072091008661}}, {"type": "Feature", "id": 1846, "geometry": {"type": "Polygon", "coordinates": [[[-74.0048971706665, 40.7464122595663], [-74.0047206520442, 40.7466549228497], [-74.0044110215763, 40.7465273459549], [-74.0045888255466, 40.7462828811767], [-74.0048971706665, 40.7464122595663]]]}, "properties": {"OBJECTID": 1846, "OVERLAY": "C2-5", "Shape__Area": 9895.255905151367, "Shape__Length": 397.9773728196693}}, {"type": "Feature", "id": 2092, "geometry": {"type": "Polygon", "coordinates": [[[-74.0020524457594, 40.7463581115417], [-74.0017380807029, 40.7462232838651], [-74.0019173914292, 40.7459773238342], [-74.0022322316423, 40.7461113099437], [-74.0020524457594, 40.7463581115417]]]}, "properties": {"OBJECTID": 2092, "OVERLAY": "C1-5", "Shape__Area": 10261.252960205078, "Shape__Length": 405.2294753463095}}, {"type": "Feature", "id": 2238, "geometry": {"type": "Polygon", "coordinates": [[[-73.9760115746049, 40.7239289401201], [-73.9760993967575, 40.7238082802083], [-73.9764426770499, 40.7239525612335], [-73.9761016206871, 40.7244226442242], [-73.9757578975365, 40.7242774669921], [-73.9760115746049, 40.7239289401201]]]}, "properties": {"OBJECTID": 2238, "OVERLAY": "C1-5", "Shape__Area": 21278.95684814453, "Shape__Length": 608.6971574146667}}, {"type": "Feature", "id": 7943, "geometry": {"type": "Polygon", "coordinates": [[[-73.9435775133687, 40.7198982200684], [-73.9438759219527, 40.719725716516], [-73.9440570614435, 40.7199734107288], [-73.9436984977612, 40.7201814708019], [-73.9435168635411, 40.7199332805082], [-73.9435775133687, 40.7198982200684]]]}, "properties": {"OBJECTID": 7943, "OVERLAY": "C2-4", "Shape__Area": 12791.483505249023, "Shape__Length": 456.7666048483462}}, {"type": "Feature", "id": 5730, "geometry": {"type": "Polygon", "coordinates": [[[-73.9548573922323, 40.7309441935848], [-73.9548863016458, 40.7309414871786], [-73.9549770934522, 40.7315014923033], [-73.954622354565, 40.7315347025027], [-73.9545281905577, 40.7309750145483], [-73.9548573922323, 40.7309441935848]]]}, "properties": {"OBJECTID": 5730, "OVERLAY": "C2-4", "Shape__Area": 20460.423248291016, "Shape__Length": 610.2057683779022}}, {"type": "Feature", "id": 8716, "geometry": {"type": "Polygon", "coordinates": [[[-73.9841708497138, 40.7172774795277], [-73.9853440329993, 40.7176329347359], [-73.9852897376204, 40.7177390817546], [-73.9841180540485, 40.7173811840215], [-73.9841708497138, 40.7172774795277]]]}, "properties": {"OBJECTID": 8716, "OVERLAY": "C2-5", "Shape__Area": 14353.140029907227, "Shape__Length": 782.0647031952742}}, {"type": "Feature", "id": 5799, "geometry": {"type": "Polygon", "coordinates": [[[-73.9430081792262, 40.7089273898968], [-73.9433662094469, 40.7088940900793], [-73.9434546578009, 40.7094361576621], [-73.9430966494401, 40.7094696027468], [-73.9430081792262, 40.7089273898968]]]}, "properties": {"OBJECTID": 5799, "OVERLAY": "C1-3", "Shape__Area": 19903.465393066406, "Shape__Length": 598.0696523145327}}, {"type": "Feature", "id": 5301, "geometry": {"type": "Polygon", "coordinates": [[[-73.9436180591344, 40.7023150745124], [-73.9437087372377, 40.7028710923919], [-73.9426082568498, 40.7029722401928], [-73.9425167096283, 40.7024205470755], [-73.9436180591344, 40.7023150745124]]]}, "properties": {"OBJECTID": 5301, "OVERLAY": "C1-4", "Shape__Area": 62546.1477355957, "Shape__Length": 1021.8492135976969}}, {"type": "Feature", "id": 3120, "geometry": {"type": "Polygon", "coordinates": [[[-73.9590695829574, 40.742090257937], [-73.959197466702, 40.7417071689816], [-73.9594596209953, 40.7417577944213], [-73.9593984286975, 40.7419413745953], [-73.9599939339752, 40.7420563724405], [-73.9598958776632, 40.7422498249284], [-73.9590695829574, 40.742090257937]]]}, "properties": {"OBJECTID": 3120, "OVERLAY": "C2-5", "Shape__Area": 23227.26300048828, "Shape__Length": 769.976644328754}}, {"type": "Feature", "id": 1508, "geometry": {"type": "Polygon", "coordinates": [[[-73.9863116242644, 40.7168615560831], [-73.9867153341933, 40.7160921289939], [-73.9873829416642, 40.7162948414255], [-73.9869848337565, 40.7170649900747], [-73.9863116242644, 40.7168615560831]]]}, "properties": {"OBJECTID": 1508, "OVERLAY": "C2-5", "Shape__Area": 60344.13740539551, "Shape__Length": 1003.4129356839792}}, {"type": "Feature", "id": 5750, "geometry": {"type": "Polygon", "coordinates": [[[-73.9669471424303, 40.6929690443569], [-73.96767775439, 40.6928828296102], [-73.9677316606614, 40.6931543611498], [-73.9670011518261, 40.6932390922206], [-73.9669471424303, 40.6929690443569]]]}, "properties": {"OBJECTID": 5750, "OVERLAY": "C2-4", "Shape__Area": 20452.942184448242, "Shape__Length": 609.5116418403798}}, {"type": "Feature", "id": 6154, "geometry": {"type": "Polygon", "coordinates": [[[-73.9410717671433, 40.7076341179054], [-73.9414304039304, 40.7075999680301], [-73.9414803203254, 40.7078881796286], [-73.9405691475979, 40.7079751443911], [-73.940615143102, 40.7082639324565], [-73.9400657972255, 40.7083164816672], [-73.9399675463052, 40.7077392584076], [-73.9410717671433, 40.7076341179054]]]}, "properties": {"OBJECTID": 6154, "OVERLAY": "C1-3", "Shape__Area": 59644.122299194336, "Shape__Length": 1240.793634178214}}, {"type": "Feature", "id": 1912, "geometry": {"type": "Polygon", "coordinates": [[[-74.0024671300371, 40.7452133477778], [-74.0027974314178, 40.7447638081329], [-74.0031053729277, 40.7448930274645], [-74.0027767057797, 40.7453432541311], [-74.0024671300371, 40.7452133477778]]]}, "properties": {"OBJECTID": 1912, "OVERLAY": "C2-5", "Shape__Area": 18332.655303955078, "Shape__Length": 570.6638615782904}}, {"type": "Feature", "id": 3449, "geometry": {"type": "Polygon", "coordinates": [[[-73.9482380461196, 40.745938871116], [-73.9484174647739, 40.7453978208247], [-73.9487270469002, 40.7454575167746], [-73.9485470360302, 40.7459988059122], [-73.9482380461196, 40.745938871116]]]}, "properties": {"OBJECTID": 3449, "OVERLAY": "C1-5", "Shape__Area": 17982.345306396484, "Shape__Length": 583.5689527742092}}, {"type": "Feature", "id": 2055, "geometry": {"type": "Polygon", "coordinates": [[[-73.9771326119036, 40.7272357670188], [-73.9768282808547, 40.7271076231794], [-73.9771914017844, 40.7266091216103], [-73.9775052242354, 40.7267414465167], [-73.9771326119036, 40.7272357670188]]]}, "properties": {"OBJECTID": 2055, "OVERLAY": "C2-5", "Shape__Area": 20331.347229003906, "Shape__Length": 611.1071984221122}}, {"type": "Feature", "id": 1385, "geometry": {"type": "Polygon", "coordinates": [[[-73.9864176994282, 40.7311447628726], [-73.9861019943562, 40.7310118722819], [-73.9864631189532, 40.7305180052418], [-73.9867787170225, 40.7306510371197], [-73.9864176994282, 40.7311447628726]]]}, "properties": {"OBJECTID": 1385, "OVERLAY": "C1-5", "Shape__Area": 20586.44841003418, "Shape__Length": 611.7296777330369}}, {"type": "Feature", "id": 6134, "geometry": {"type": "Polygon", "coordinates": [[[-73.9666802201175, 40.6934641109214], [-73.9667639696597, 40.6934542565078], [-73.9668194697775, 40.6937307183247], [-73.9660941606734, 40.6938124293151], [-73.9660396910067, 40.6935394767539], [-73.9666802201175, 40.6934641109214]]]}, "properties": {"OBJECTID": 6134, "OVERLAY": "C2-4", "Shape__Area": 20579.589157104492, "Shape__Length": 609.0354720680342}}, {"type": "Feature", "id": 2026, "geometry": {"type": "Polygon", "coordinates": [[[-73.9982714768138, 40.7299530944605], [-73.997747931046, 40.7296982009392], [-73.9979507671967, 40.7294548134233], [-73.9984770130585, 40.7297129848188], [-73.9982714768138, 40.7299530944605]]]}, "properties": {"OBJECTID": 2026, "OVERLAY": "C1-5", "Shape__Area": 18102.46971130371, "Shape__Length": 555.2137772512054}}, {"type": "Feature", "id": 8149, "geometry": {"type": "Polygon", "coordinates": [[[-73.9591926800758, 40.7001942453331], [-73.9594684209785, 40.7000158035791], [-73.9597099780553, 40.70023169977], [-73.9588004007585, 40.7008188990396], [-73.9585607481982, 40.7006031862465], [-73.9591926800758, 40.7001942453331]]]}, "properties": {"OBJECTID": 8149, "OVERLAY": "C2-4", "Shape__Area": 34083.53080749512, "Shape__Length": 867.3108112840431}}, {"type": "Feature", "id": 1342, "geometry": {"type": "Polygon", "coordinates": [[[-74.0004911737535, 40.7326288025932], [-74.0006106812032, 40.7324622223806], [-74.0009154378764, 40.7326125485183], [-74.0005763483919, 40.7330935743511], [-74.0002671498335, 40.7329410591013], [-74.0004911737535, 40.7326288025932]]]}, "properties": {"OBJECTID": 1342, "OVERLAY": "C1-5", "Shape__Area": 20094.442413330078, "Shape__Length": 600.3995036015485}}, {"type": "Feature", "id": 7416, "geometry": {"type": "Polygon", "coordinates": [[[-73.9505753018848, 40.7096272330487], [-73.9507593577086, 40.7096097168326], [-73.9508482883629, 40.7101647002972], [-73.9504926344423, 40.7101985998301], [-73.9504014486776, 40.7096437790134], [-73.9505753018848, 40.7096272330487]]]}, "properties": {"OBJECTID": 7416, "OVERLAY": "C2-4", "Shape__Area": 20306.30824279785, "Shape__Length": 606.7788809024075}}, {"type": "Feature", "id": 8498, "geometry": {"type": "Polygon", "coordinates": [[[-73.9511378582805, 40.7102943846167], [-73.9514951558762, 40.7102575733311], [-73.9518283001061, 40.710380976988], [-73.9515524842573, 40.710817999079], [-73.9512319408757, 40.7108509260032], [-73.9511378582805, 40.7102943846167]]]}, "properties": {"OBJECTID": 8498, "OVERLAY": "C2-3", "Shape__Area": 28456.919479370117, "Shape__Length": 673.4199336508884}}, {"type": "Feature", "id": 5421, "geometry": {"type": "Polygon", "coordinates": [[[-73.9496231038157, 40.7242500882387], [-73.9498800859309, 40.7241646330669], [-73.9500244591064, 40.7244183828586], [-73.9493424113042, 40.7246423963292], [-73.9491990551272, 40.7243910973246], [-73.9496231038157, 40.7242500882387]]]}, "properties": {"OBJECTID": 5421, "OVERLAY": "C2-4", "Shape__Area": 20652.36000061035, "Shape__Length": 612.4708973331789}}, {"type": "Feature", "id": 8175, "geometry": {"type": "Polygon", "coordinates": [[[-73.9582338585208, 40.733070245465], [-73.9592970291869, 40.7329702815889], [-73.9593413252363, 40.7332488163754], [-73.9582805273059, 40.7333487418953], [-73.9582338585208, 40.733070245465]]]}, "properties": {"OBJECTID": 8175, "OVERLAY": "C2-4", "Shape__Area": 30324.351669311523, "Shape__Length": 797.6353721758492}}, {"type": "Feature", "id": 2765, "geometry": {"type": "Polygon", "coordinates": [[[-73.9458217847611, 40.7459143728686], [-73.9462982420792, 40.7457231734504], [-73.9466155832427, 40.7457852398192], [-73.9465239690309, 40.7460579689474], [-73.9458217847611, 40.7459143728686]]]}, "properties": {"OBJECTID": 2765, "OVERLAY": "C2-5", "Shape__Area": 14885.945281982422, "Shape__Length": 544.0997625222128}}, {"type": "Feature", "id": 2175, "geometry": {"type": "Polygon", "coordinates": [[[-73.9662243211337, 40.7546403256718], [-73.9659087511929, 40.7545070983655], [-73.9662630223192, 40.7540262083684], [-73.9665758050614, 40.7541579507725], [-73.9662243211337, 40.7546403256718]]]}, "properties": {"OBJECTID": 2175, "OVERLAY": "C1-5", "Shape__Area": 19993.03500366211, "Shape__Length": 600.8078004180834}}, {"type": "Feature", "id": 6701, "geometry": {"type": "Polygon", "coordinates": [[[-73.9553578747886, 40.7126332460359], [-73.9555212981353, 40.7123767483279], [-73.9566762295989, 40.7127991510385], [-73.9565080806466, 40.7130646464895], [-73.9553578747886, 40.7126332460359]]]}, "properties": {"OBJECTID": 6701, "OVERLAY": "C2-4", "Shape__Area": 37531.60745239258, "Shape__Length": 921.9720774133438}}, {"type": "Feature", "id": 1975, "geometry": {"type": "Polygon", "coordinates": [[[-73.9862792139837, 40.7302522046587], [-73.9859705040738, 40.7301220745828], [-73.9863041596262, 40.7296627193304], [-73.9866143806649, 40.7297939545205], [-73.9862792139837, 40.7302522046587]]]}, "properties": {"OBJECTID": 1975, "OVERLAY": "C1-5", "Shape__Area": 18749.875701904297, "Shape__Length": 578.4628377580295}}, {"type": "Feature", "id": 1477, "geometry": {"type": "Polygon", "coordinates": [[[-73.999536484382, 40.7297459120295], [-73.9993409735711, 40.7299763944795], [-73.99872906033, 40.7296700336054], [-73.9989228535111, 40.7294431028746], [-73.999536484382, 40.7297459120295]]]}, "properties": {"OBJECTID": 1477, "OVERLAY": "C1-5", "Shape__Area": 20138.15365600586, "Shape__Length": 604.2810919977643}}, {"type": "Feature", "id": 5793, "geometry": {"type": "Polygon", "coordinates": [[[-73.9477650783583, 40.7138359723344], [-73.9492080469273, 40.7136999015379], [-73.949254827334, 40.7139649650053], [-73.9478122643283, 40.7141033661911], [-73.9477650783583, 40.7138359723344]]]}, "properties": {"OBJECTID": 5793, "OVERLAY": "C2-4", "Shape__Area": 39446.17776489258, "Shape__Length": 1001.8936836539551}}, {"type": "Feature", "id": 7963, "geometry": {"type": "Polygon", "coordinates": [[[-73.9557671537587, 40.7074292254892], [-73.9569070624135, 40.7075513322587], [-73.9567419823264, 40.7078106383617], [-73.9563303789771, 40.7077658527081], [-73.9557009692751, 40.7075446321067], [-73.9557671537587, 40.7074292254892]]]}, "properties": {"OBJECTID": 7963, "OVERLAY": "C1-3", "Shape__Area": 26078.455444335938, "Shape__Length": 777.5000809510241}}, {"type": "Feature", "id": 6042, "geometry": {"type": "Polygon", "coordinates": [[[-73.9578372022228, 40.6944883363352], [-73.9579203532398, 40.694478636723], [-73.9579709844985, 40.6947344234239], [-73.9572353344516, 40.6948197146773], [-73.9571846168788, 40.694564453522], [-73.9578372022228, 40.6944883363352]]]}, "properties": {"OBJECTID": 6042, "OVERLAY": "C2-4", "Shape__Area": 19430.26560974121, "Shape__Length": 601.0537174370035}}, {"type": "Feature", "id": 2461, "geometry": {"type": "Polygon", "coordinates": [[[-73.9629543061264, 40.7591276876292], [-73.9626386385054, 40.7589945630874], [-73.9628213056278, 40.7587439143652], [-73.9631369712417, 40.7588770384109], [-73.9629543061264, 40.7591276876292]]]}, "properties": {"OBJECTID": 2461, "OVERLAY": "C2-5", "Shape__Area": 10440.402145385742, "Shape__Length": 408.80803028902017}}, {"type": "Feature", "id": 1620, "geometry": {"type": "Polygon", "coordinates": [[[-73.9844493097537, 40.7240176354596], [-73.9847998824204, 40.7235454749209], [-73.9851055344918, 40.7236743156297], [-73.9847599576134, 40.724149471045], [-73.9844493097537, 40.7240176354596]]]}, "properties": {"OBJECTID": 1620, "OVERLAY": "C2-5", "Shape__Area": 19321.118103027344, "Shape__Length": 590.8708829351915}}, {"type": "Feature", "id": 9600, "geometry": {"type": "Polygon", "coordinates": [[[-73.9589268559398, 40.718839020019], [-73.9590246995048, 40.718747660306], [-73.9593036565749, 40.7189216999807], [-73.9588362019987, 40.7193580551771], [-73.9585568273966, 40.719184519416], [-73.9589268559398, 40.718839020019]]]}, "properties": {"OBJECTID": 9600, "OVERLAY": "C2-4", "Shape__Area": 20517.705123901367, "Shape__Length": 610.3827834407499}}, {"type": "Feature", "id": 7571, "geometry": {"type": "Polygon", "coordinates": [[[-73.9926679580762, 40.6901821853813], [-73.9927851340334, 40.6899388047241], [-73.9942138685753, 40.6903315002303], [-73.9940980977146, 40.6905766843293], [-73.9926679580762, 40.6901821853813]]]}, "properties": {"OBJECTID": 7571, "OVERLAY": "C2-3", "Shape__Area": 39912.34117126465, "Shape__Length": 1032.465517301371}}, {"type": "Feature", "id": 8567, "geometry": {"type": "Polygon", "coordinates": [[[-73.9525860492506, 40.6948985864519], [-73.9525320883829, 40.6946305202127], [-73.9532631530399, 40.6945469384151], [-73.9533171034181, 40.6948154995911], [-73.9525860492506, 40.6948985864519]]]}, "properties": {"OBJECTID": 8567, "OVERLAY": "C2-4", "Shape__Area": 20271.53855895996, "Shape__Length": 607.7573504891536}}, {"type": "Feature", "id": 8106, "geometry": {"type": "Polygon", "coordinates": [[[-73.9362878479294, 40.7015052929997], [-73.9366276015589, 40.7014126728558], [-73.9368079412004, 40.7018440921848], [-73.9353750506694, 40.7022171397853], [-73.9351964976781, 40.7018027983496], [-73.9355495847722, 40.7017065472239], [-73.93563802705, 40.7019181369552], [-73.9363785140938, 40.7017221865143], [-73.9362878479294, 40.7015052929997]]]}, "properties": {"OBJECTID": 8106, "OVERLAY": "C2-4", "Shape__Area": 50291.95518493652, "Shape__Length": 1328.9657188180718}}, {"type": "Feature", "id": 2069, "geometry": {"type": "Polygon", "coordinates": [[[-73.9623229306629, 40.7588614979984], [-73.9620072240824, 40.7587284311411], [-73.9621899793695, 40.7584776636716], [-73.9625056424599, 40.7586107894524], [-73.9623229306629, 40.7588614979984]]]}, "properties": {"OBJECTID": 2069, "OVERLAY": "C2-5", "Shape__Area": 10444.131378173828, "Shape__Length": 408.8826283307875}}, {"type": "Feature", "id": 1763, "geometry": {"type": "Polygon", "coordinates": [[[-73.9780270139188, 40.7259965587424], [-73.977728739121, 40.7258714369229], [-73.9780555827348, 40.7254227209863], [-73.9783512664462, 40.7255472885673], [-73.9780270139188, 40.7259965587424]]]}, "properties": {"OBJECTID": 1763, "OVERLAY": "C1-5", "Shape__Area": 17569.48370361328, "Shape__Length": 561.7293163370833}}, {"type": "Feature", "id": 2012, "geometry": {"type": "Polygon", "coordinates": [[[-73.9875697073664, 40.7253263798737], [-73.9872541116229, 40.7251933770797], [-73.987595508612, 40.7247238599906], [-73.9879110933415, 40.724856875364], [-73.9875697073664, 40.7253263798737]]]}, "properties": {"OBJECTID": 2012, "OVERLAY": "C2-5", "Shape__Area": 19548.608001708984, "Shape__Length": 590.9717475699532}}, {"type": "Feature", "id": 1926, "geometry": {"type": "Polygon", "coordinates": [[[-73.9948601881875, 40.7567958661192], [-73.9952051256697, 40.7563225159702], [-73.996777412395, 40.7569844006066], [-73.9964318916828, 40.7574585235306], [-73.9948601881875, 40.7567958661192]]]}, "properties": {"OBJECTID": 1926, "OVERLAY": "C2-5", "Shape__Area": 98245.91412353516, "Shape__Length": 1390.4238594173717}}, {"type": "Feature", "id": 7336, "geometry": {"type": "Polygon", "coordinates": [[[-73.9686138702019, 40.6927723561961], [-73.9686691219635, 40.6930435913976], [-73.9679279262371, 40.6931308531822], [-73.9678748247488, 40.6928595732017], [-73.9686138702019, 40.6927723561961]]]}, "properties": {"OBJECTID": 7336, "OVERLAY": "C2-4", "Shape__Area": 20761.073440551758, "Shape__Length": 615.3046418232614}}, {"type": "Feature", "id": 6254, "geometry": {"type": "Polygon", "coordinates": [[[-73.9638911455976, 40.6937830040626], [-73.9639865570736, 40.6937723700811], [-73.9640417890938, 40.6940490384629], [-73.9633050334632, 40.6941331371697], [-73.9632486909713, 40.6938546022188], [-73.9638911455976, 40.6937830040626]]]}, "properties": {"OBJECTID": 6254, "OVERLAY": "C2-4", "Shape__Area": 21147.555374145508, "Shape__Length": 618.0173894656194}}, {"type": "Feature", "id": 2404, "geometry": {"type": "Polygon", "coordinates": [[[-73.9756092170882, 40.7289804561609], [-73.9757842408968, 40.7287404372497], [-73.9768887420779, 40.7292061426252], [-73.9767137210245, 40.7294461631999], [-73.9756092170882, 40.7289804561609]]]}, "properties": {"OBJECTID": 2404, "OVERLAY": "C1-5", "Shape__Area": 35000.10238647461, "Shape__Length": 900.0006696111291}}, {"type": "Feature", "id": 1371, "geometry": {"type": "Polygon", "coordinates": [[[-73.9843464743082, 40.725738439904], [-73.9840316968007, 40.7261712246269], [-73.9837158601977, 40.7260385480063], [-73.9840309233045, 40.7256053733575], [-73.9843464743082, 40.725738439904]]]}, "properties": {"OBJECTID": 1371, "OVERLAY": "C2-5", "Shape__Area": 18028.745803833008, "Shape__Length": 560.5747964694593}}, {"type": "Feature", "id": 8269, "geometry": {"type": "Polygon", "coordinates": [[[-73.9405447607955, 40.7084158052127], [-73.9406379091743, 40.7084068733834], [-73.9407275069761, 40.708969406922], [-73.9401905283605, 40.7090197739498], [-73.9400955220114, 40.7084588779122], [-73.9405447607955, 40.7084158052127]]]}, "properties": {"OBJECTID": 8269, "OVERLAY": "C1-3", "Shape__Area": 31097.724090576172, "Shape__Length": 714.0534989327707}}, {"type": "Feature", "id": 8318, "geometry": {"type": "Polygon", "coordinates": [[[-73.9450924358312, 40.6921947794178], [-73.9451904903072, 40.6921835985564], [-73.9452470751215, 40.6924667801963], [-73.9429990803186, 40.6927241153819], [-73.9429434368719, 40.6924398200736], [-73.9450924358312, 40.6921947794178]]]}, "properties": {"OBJECTID": 8318, "OVERLAY": "C2-4", "Shape__Area": 65885.49447631836, "Shape__Length": 1469.5735246123788}}, {"type": "Feature", "id": 7130, "geometry": {"type": "Polygon", "coordinates": [[[-73.9454161038459, 40.7019339907479], [-73.9456349066005, 40.7017910470304], [-73.9461139466553, 40.7022222970486], [-73.9454533301788, 40.7026512456281], [-73.9448408533408, 40.7023097947307], [-73.9454161038459, 40.7019339907479]]]}, "properties": {"OBJECTID": 7130, "OVERLAY": "C2-3", "Shape__Area": 54510.683502197266, "Shape__Length": 947.1887928061694}}, {"type": "Feature", "id": 1528, "geometry": {"type": "Polygon", "coordinates": [[[-73.9775972781127, 40.7265919718441], [-73.9772963281123, 40.7264650743915], [-73.9776238158462, 40.7260154836472], [-73.9779228272391, 40.7261409147518], [-73.9775972781127, 40.7265919718441]]]}, "properties": {"OBJECTID": 1528, "OVERLAY": "C1-5", "Shape__Area": 17801.47344970703, "Shape__Length": 564.7575944820856}}, {"type": "Feature", "id": 5364, "geometry": {"type": "Polygon", "coordinates": [[[-73.9562172421492, 40.690917073239], [-73.9562954479855, 40.6909081707716], [-73.9563492910158, 40.6911777652948], [-73.9556095653236, 40.6912637794532], [-73.9555556506972, 40.6909923871333], [-73.9562172421492, 40.690917073239]]]}, "properties": {"OBJECTID": 5364, "OVERLAY": "C2-4", "Shape__Area": 20680.522842407227, "Shape__Length": 614.3094417915217}}, {"type": "Feature", "id": 9592, "geometry": {"type": "Polygon", "coordinates": [[[-73.9581443961721, 40.7175737104839], [-73.9583338604049, 40.7173973872466], [-73.9586124446347, 40.7175709043984], [-73.9581474497681, 40.7180033189278], [-73.957869152502, 40.7178298611004], [-73.9581443961721, 40.7175737104839]]]}, "properties": {"OBJECTID": 9592, "OVERLAY": "C1-4", "Shape__Area": 20305.651397705078, "Shape__Length": 606.6030601629964}}, {"type": "Feature", "id": 5756, "geometry": {"type": "Polygon", "coordinates": [[[-73.9490496930992, 40.6939881289395], [-73.9494064937172, 40.6939469203683], [-73.9495162458338, 40.6945004121914], [-73.9491613437581, 40.6945414085183], [-73.9490496930992, 40.6939881289395]]]}, "properties": {"OBJECTID": 5756, "OVERLAY": "C2-4", "Shape__Area": 20354.884307861328, "Shape__Length": 607.4950799012372}}, {"type": "Feature", "id": 1328, "geometry": {"type": "Polygon", "coordinates": [[[-73.9795046466804, 40.7275844800713], [-73.9798152176154, 40.7277154239071], [-73.9794532777579, 40.7282128739845], [-73.9791423110328, 40.7280819471201], [-73.9795046466804, 40.7275844800713]]]}, "properties": {"OBJECTID": 1328, "OVERLAY": "C1-5", "Shape__Area": 20399.037384033203, "Shape__Length": 611.2777291323507}}, {"type": "Feature", "id": 2410, "geometry": {"type": "Polygon", "coordinates": [[[-73.9912455711449, 40.7243720934306], [-73.9915209988365, 40.7239945016315], [-73.992347725865, 40.7242445247266], [-73.9921657585603, 40.7247619730836], [-73.9912455711449, 40.7243720934306]]]}, "properties": {"OBJECTID": 2410, "OVERLAY": "C2-5", "Shape__Area": 46863.32734680176, "Shape__Length": 891.0211786034873}}, {"type": "Feature", "id": 8312, "geometry": {"type": "Polygon", "coordinates": [[[-73.9492838949305, 40.7141836137221], [-73.9493286932339, 40.7144507942703], [-73.9478839625532, 40.7145844461026], [-73.9478370225403, 40.7143270976013], [-73.9492838949305, 40.7141836137221]]]}, "properties": {"OBJECTID": 8312, "OVERLAY": "C2-4", "Shape__Area": 38939.38168334961, "Shape__Length": 1000.7438454283188}}, {"type": "Feature", "id": 7230, "geometry": {"type": "Polygon", "coordinates": [[[-73.9545578753529, 40.7351421469686], [-73.9544675160674, 40.7345863500419], [-73.954834596278, 40.7345511901645], [-73.9549243128773, 40.7351077366763], [-73.9545578753529, 40.7351421469686]]]}, "properties": {"OBJECTID": 7230, "OVERLAY": "C2-4", "Shape__Area": 20912.038803100586, "Shape__Length": 613.1811598326334}}, {"type": "Feature", "id": 7771, "geometry": {"type": "Polygon", "coordinates": [[[-73.9699025095107, 40.6928299910388], [-73.9698926154138, 40.6927800207778], [-73.9706489547254, 40.6928069073512], [-73.9707024913777, 40.69307734148], [-73.969945917651, 40.6930492115903], [-73.9699025095107, 40.6928299910388]]]}, "properties": {"OBJECTID": 7771, "OVERLAY": "C2-4", "Shape__Area": 20472.362884521484, "Shape__Length": 618.8460503456478}}, {"type": "Feature", "id": 5656, "geometry": {"type": "Polygon", "coordinates": [[[-73.9432923533853, 40.6941851141987], [-73.9436449487479, 40.6941443374537], [-73.9437006613346, 40.6944262388294], [-73.9433479958148, 40.6944671093632], [-73.9432923533853, 40.6941851141987]]]}, "properties": {"OBJECTID": 5656, "OVERLAY": "C2-4", "Shape__Area": 10274.41455078125, "Shape__Length": 405.5730561810729}}, {"type": "Feature", "id": 2135, "geometry": {"type": "Polygon", "coordinates": [[[-73.9779080090206, 40.7251722989597], [-73.9769692006764, 40.7247767779249], [-73.9772989693418, 40.7243265680076], [-73.9782364099413, 40.724721436853], [-73.9779080090206, 40.7251722989597]]]}, "properties": {"OBJECTID": 2135, "OVERLAY": "C1-5", "Shape__Area": 55815.261657714844, "Shape__Length": 970.0292860958228}}, {"type": "Feature", "id": 2467, "geometry": {"type": "Polygon", "coordinates": [[[-74.0094922863549, 40.7343441829883], [-74.0095459384694, 40.7343351959834], [-74.0095192196435, 40.7345847298977], [-74.0089677561765, 40.7346595730797], [-74.0089736907224, 40.7344310425687], [-74.0094922863549, 40.7343441829883]]]}, "properties": {"OBJECTID": 2467, "OVERLAY": "C1-5", "Shape__Area": 13419.69384765625, "Shape__Length": 492.1258610535495}}, {"type": "Feature", "id": 7637, "geometry": {"type": "Polygon", "coordinates": [[[-73.9436725604257, 40.7110032216084], [-73.9437191097463, 40.7112838040251], [-73.9433603122952, 40.7113179681487], [-73.9433147021887, 40.7110368394397], [-73.9436725604257, 40.7110032216084]]]}, "properties": {"OBJECTID": 7637, "OVERLAY": "C2-4", "Shape__Area": 10322.700912475586, "Shape__Length": 406.44774872021407}}, {"type": "Feature", "id": 2112, "geometry": {"type": "Polygon", "coordinates": [[[-74.0028194740976, 40.7288295539724], [-74.0029013901884, 40.728604951525], [-74.0032067002006, 40.7287550672488], [-74.0032133328996, 40.7287852575227], [-74.0029546699864, 40.7295195050957], [-74.0025174213471, 40.7296577345793], [-74.0028194740976, 40.7288295539724]]]}, "properties": {"OBJECTID": 2112, "OVERLAY": "C1-5", "Shape__Area": 34895.66047668457, "Shape__Length": 918.1426936786911}}, {"type": "Feature", "id": 9606, "geometry": {"type": "Polygon", "coordinates": [[[-73.9556460933833, 40.7192144079664], [-73.9561147183628, 40.718785082928], [-73.9563933274753, 40.7189585973221], [-73.955931102044, 40.7193887444976], [-73.9556460933833, 40.7192144079664]]]}, "properties": {"OBJECTID": 9606, "OVERLAY": "C1-4", "Shape__Area": 20405.901107788086, "Shape__Length": 606.9279405884907}}, {"type": "Feature", "id": 6071, "geometry": {"type": "Polygon", "coordinates": [[[-73.9434287570344, 40.6949157378679], [-73.9437892256477, 40.6948743711142], [-73.9438441701427, 40.6951523863051], [-73.9434849885027, 40.6951937394538], [-73.9434287570344, 40.6949157378679]]]}, "properties": {"OBJECTID": 6071, "OVERLAY": "C2-4", "Shape__Area": 10338.660629272461, "Shape__Length": 406.7289464461073}}, {"type": "Feature", "id": 7422, "geometry": {"type": "Polygon", "coordinates": [[[-73.9596210614415, 40.7142042322176], [-73.9598312011434, 40.7140069714143], [-73.9611343630247, 40.7145422220986], [-73.9608443834166, 40.714809764606], [-73.9596210614415, 40.7142042322176]]]}, "properties": {"OBJECTID": 7422, "OVERLAY": "C2-4", "Shape__Area": 44057.337799072266, "Shape__Length": 1033.9692304372804}}, {"type": "Feature", "id": 7259, "geometry": {"type": "Polygon", "coordinates": [[[-73.9928831106242, 40.6943212463987], [-73.9930055345278, 40.6940639926654], [-73.9943799826716, 40.6944421771276], [-73.9942553663736, 40.6946987802298], [-73.9928831106242, 40.6943212463987]]]}, "properties": {"OBJECTID": 7259, "OVERLAY": "C1-3", "Shape__Area": 40364.166564941406, "Shape__Length": 1009.2627682841521}}, {"type": "Feature", "id": 7900, "geometry": {"type": "Polygon", "coordinates": [[[-73.9578674089832, 40.7104437014537], [-73.9581930429101, 40.7104087839816], [-73.9579659277345, 40.7107713560223], [-73.957238744671, 40.7105111133541], [-73.9578674089832, 40.7104437014537]]]}, "properties": {"OBJECTID": 7900, "OVERLAY": "C1-3", "Shape__Area": 16300.412139892578, "Shape__Length": 636.3003742813421}}, {"type": "Feature", "id": 8564, "geometry": {"type": "Polygon", "coordinates": [[[-73.9487615248372, 40.7014726031289], [-73.9482868884469, 40.7010464971911], [-73.9500039719006, 40.6999403496343], [-73.9501340590711, 40.7005830945459], [-73.9487615248372, 40.7014726031289]]]}, "properties": {"OBJECTID": 8564, "OVERLAY": "C2-4", "Shape__Area": 113878.97720336914, "Shape__Length": 1564.084120430096}}, {"type": "Feature", "id": 6572, "geometry": {"type": "Polygon", "coordinates": [[[-73.9675777708969, 40.6933583030293], [-73.9677586449704, 40.6933373268588], [-73.9678145336625, 40.6936186105551], [-73.9670877811625, 40.6937004903971], [-73.9670324444522, 40.6934215469416], [-73.9675777708969, 40.6933583030293]]]}, "properties": {"OBJECTID": 6572, "OVERLAY": "C2-4", "Shape__Area": 21026.127960205078, "Shape__Length": 613.859669894619}}, {"type": "Feature", "id": 2304, "geometry": {"type": "Polygon", "coordinates": [[[-73.9859528920651, 40.7264158362522], [-73.9856396124856, 40.7268466542983], [-73.9853237694801, 40.7267139830009], [-73.985637334646, 40.7262827750209], [-73.9859528920651, 40.7264158362522]]]}, "properties": {"OBJECTID": 2304, "OVERLAY": "C2-5", "Shape__Area": 17945.88023376465, "Shape__Length": 558.9177380714845}}, {"type": "Feature", "id": 7877, "geometry": {"type": "Polygon", "coordinates": [[[-73.9428533596183, 40.6919838995053], [-73.9427989314913, 40.6917089655404], [-73.9431555591967, 40.6916679311435], [-73.9432099541785, 40.6919431855069], [-73.9450993464738, 40.6917274505003], [-73.9451546603773, 40.6920042874794], [-73.942908334769, 40.6922616063868], [-73.9428533596183, 40.6919838995053]]]}, "properties": {"OBJECTID": 7877, "OVERLAY": "C2-4", "Shape__Area": 74490.94844055176, "Shape__Length": 1666.8391878885209}}, {"type": "Feature", "id": 2321, "geometry": {"type": "Polygon", "coordinates": [[[-73.9818214432294, 40.7292099031225], [-73.9815057576741, 40.7290769998955], [-73.9818669539316, 40.7285804483215], [-73.9821825336488, 40.7287134937321], [-73.9818214432294, 40.7292099031225]]]}, "properties": {"OBJECTID": 2321, "OVERLAY": "C2-5", "Shape__Area": 20673.09132385254, "Shape__Length": 613.4619297844528}}, {"type": "Feature", "id": 1657, "geometry": {"type": "Polygon", "coordinates": [[[-73.9816043072758, 40.7165917413297], [-73.9817335818091, 40.7163298808955], [-73.9824251723195, 40.716536602528], [-73.9822897529093, 40.7167985195184], [-73.9816043072758, 40.7165917413297]]]}, "properties": {"OBJECTID": 1657, "OVERLAY": "C2-5", "Shape__Area": 20974.781997680664, "Shape__Length": 614.8384606747212}}, {"type": "Feature", "id": 5524, "geometry": {"type": "Polygon", "coordinates": [[[-73.9509991729326, 40.7094110132815], [-73.9509821103726, 40.7093103396591], [-73.9515634803221, 40.7095218267786], [-73.9516695491151, 40.7101476357256], [-73.9510881886903, 40.7099362374158], [-73.9509991729326, 40.7094110132815]]]}, "properties": {"OBJECTID": 5524, "OVERLAY": "C2-3", "Shape__Area": 34485.8860168457, "Shape__Length": 817.0940679882648}}, {"type": "Feature", "id": 8155, "geometry": {"type": "Polygon", "coordinates": [[[-73.9431930276517, 40.722831618581], [-73.9439199273452, 40.7227622835624], [-73.9439658675144, 40.7230393000198], [-73.9432373407572, 40.7231060356542], [-73.9431930276517, 40.722831618581]]]}, "properties": {"OBJECTID": 8155, "OVERLAY": "C2-4", "Shape__Area": 20572.392349243164, "Shape__Length": 608.9147946170654}}, {"type": "Feature", "id": 2421, "geometry": {"type": "Polygon", "coordinates": [[[-73.9784910040566, 40.723840021058], [-73.978812874619, 40.7234053174519], [-73.9791052334712, 40.7235285929908], [-73.9787874235933, 40.7239649343805], [-73.9784910040566, 40.723840021058]]]}, "properties": {"OBJECTID": 2421, "OVERLAY": "C2-5", "Shape__Area": 16955.90980529785, "Shape__Length": 550.0990909584333}}, {"type": "Feature", "id": 7096, "geometry": {"type": "Polygon", "coordinates": [[[-73.9594785361745, 40.73051462365], [-73.9600165361605, 40.7304625407748], [-73.9601076424887, 40.7310149759112], [-73.959569311374, 40.7310670915115], [-73.9594785361745, 40.73051462365]]]}, "properties": {"OBJECTID": 7096, "OVERLAY": "C2-4", "Shape__Area": 30499.450958251953, "Shape__Length": 706.4085962269057}}, {"type": "Feature", "id": 7831, "geometry": {"type": "Polygon", "coordinates": [[[-73.9925715990184, 40.6994684389095], [-73.9922328316156, 40.6993743004083], [-73.9924856637848, 40.6988493004657], [-73.9928241554969, 40.6989440064354], [-73.9925715990184, 40.6994684389095]]]}, "properties": {"OBJECTID": 7831, "OVERLAY": "C1-5", "Shape__Area": 20360.59275817871, "Shape__Length": 607.2120106637165}}, {"type": "Feature", "id": 2350, "geometry": {"type": "Polygon", "coordinates": [[[-73.9966596602977, 40.7543264060528], [-73.9968346037997, 40.7540863154846], [-73.9984085426392, 40.7547460178062], [-73.9982301546505, 40.7549881818516], [-73.9966596602977, 40.7543264060528]]]}, "properties": {"OBJECTID": 2350, "OVERLAY": "C2-5", "Shape__Area": 50049.37712097168, "Shape__Length": 1196.4971429580182}}, {"type": "Feature", "id": 6334, "geometry": {"type": "Polygon", "coordinates": [[[-73.9515118598514, 40.6922080558277], [-73.9518041366368, 40.6921743742262], [-73.951858723756, 40.6924498271637], [-73.951501403982, 40.6924908297009], [-73.9514461070876, 40.6922156338421], [-73.9515118598514, 40.6922080558277]]]}, "properties": {"OBJECTID": 6334, "OVERLAY": "C2-4", "Shape__Area": 10177.72509765625, "Shape__Length": 403.54528649041777}}, {"type": "Feature", "id": 7760, "geometry": {"type": "Polygon", "coordinates": [[[-73.9486681432973, 40.6932845388626], [-73.9487790855604, 40.6938379518234], [-73.9484159833893, 40.6938798202045], [-73.9483061527927, 40.6933262020777], [-73.9486681432973, 40.6932845388626]]]}, "properties": {"OBJECTID": 7760, "OVERLAY": "C2-4", "Shape__Area": 20740.242462158203, "Shape__Length": 611.3077786579433}}, {"type": "Feature", "id": 7585, "geometry": {"type": "Polygon", "coordinates": [[[-73.9350355438901, 40.6973475027781], [-73.9352577057533, 40.6971278244842], [-73.9358510780599, 40.6974609034177], [-73.9355378693841, 40.6977808102916], [-73.9349385143068, 40.697443447139], [-73.9350355438901, 40.6973475027781]]]}, "properties": {"OBJECTID": 7585, "OVERLAY": "C2-3", "Shape__Area": 29853.047119140625, "Shape__Length": 701.6160087479535}}, {"type": "Feature", "id": 7021, "geometry": {"type": "Polygon", "coordinates": [[[-73.9438040353886, 40.7102688262225], [-73.9441617038914, 40.7102332814837], [-73.9442502462273, 40.710771884135], [-73.9438922746557, 40.7108055955592], [-73.9438040353886, 40.7102688262225]]]}, "properties": {"OBJECTID": 7021, "OVERLAY": "C1-3", "Shape__Area": 19742.15362548828, "Shape__Length": 594.845080708821}}, {"type": "Feature", "id": 3578, "geometry": {"type": "Polygon", "coordinates": [[[-73.9604239834842, 40.7409271200317], [-73.9604490811011, 40.7407729104558], [-73.9604863299519, 40.7403681505485], [-73.9607520962379, 40.7404198585072], [-73.9607352986389, 40.740574441095], [-73.9607085903548, 40.7408572507511], [-73.960687957623, 40.7409799333409], [-73.9604239834842, 40.7409271200317]]]}, "properties": {"OBJECTID": 3578, "OVERLAY": "C2-5", "Shape__Area": 15228.007598876953, "Shape__Length": 560.9714921988653}}, {"type": "Feature", "id": 5438, "geometry": {"type": "Polygon", "coordinates": [[[-73.9398672743728, 40.6915827878188], [-73.9402346915464, 40.6915404992856], [-73.9402902062645, 40.6918200555726], [-73.9399233188402, 40.691862283324], [-73.9398672743728, 40.6915827878188]]]}, "properties": {"OBJECTID": 5438, "OVERLAY": "C2-4", "Shape__Area": 10607.135391235352, "Shape__Length": 411.9638971676875}}, {"type": "Feature", "id": 2344, "geometry": {"type": "Polygon", "coordinates": [[[-74.0005545066614, 40.7287818332239], [-74.0007493965914, 40.7285504679821], [-74.0013652008882, 40.7288541805305], [-74.0011686111617, 40.7290843338369], [-74.0005545066614, 40.7287818332239]]]}, "properties": {"OBJECTID": 2344, "OVERLAY": "C1-5", "Shape__Area": 20320.521575927734, "Shape__Length": 606.2941667972552}}, {"type": "Feature", "id": 3918, "geometry": {"type": "Polygon", "coordinates": [[[-73.947633410719, 40.7477397958422], [-73.9477220567339, 40.7474744793224], [-73.9480358713249, 40.7475358359614], [-73.9479487363865, 40.7477978350358], [-73.947633410719, 40.7477397958422]]]}, "properties": {"OBJECTID": 3918, "OVERLAY": "C1-5", "Shape__Area": 8902.357955932617, "Shape__Length": 377.86955167184}}, {"type": "Feature", "id": 1408, "geometry": {"type": "Polygon", "coordinates": [[[-73.9771647197532, 40.7256259241871], [-73.9774961910013, 40.7251793377435], [-73.9778072532513, 40.7253107049734], [-73.9774800893278, 40.7257582215716], [-73.9771647197532, 40.7256259241871]]]}, "properties": {"OBJECTID": 1408, "OVERLAY": "C1-5", "Shape__Area": 18524.220275878906, "Shape__Length": 571.8511217395129}}, {"type": "Feature", "id": 1740, "geometry": {"type": "Polygon", "coordinates": [[[-73.9831532650501, 40.7258022103876], [-73.9834680870996, 40.7253680745849], [-73.9837808545258, 40.7254999347037], [-73.9834666151327, 40.725933844509], [-73.9831532650501, 40.7258022103876]]]}, "properties": {"OBJECTID": 1740, "OVERLAY": "C2-5", "Shape__Area": 17905.62939453125, "Shape__Length": 559.4617501931574}}, {"type": "Feature", "id": 5687, "geometry": {"type": "Polygon", "coordinates": [[[-73.9612856030738, 40.7077808714289], [-73.9613137159671, 40.7076362245211], [-73.9618499311106, 40.707691752507], [-73.9617096298434, 40.7083663051401], [-73.9611833851167, 40.7083067770966], [-73.9612856030738, 40.7077808714289]]]}, "properties": {"OBJECTID": 5687, "OVERLAY": "C1-3", "Shape__Area": 36874.99040222168, "Shape__Length": 793.3169819054381}}, {"type": "Feature", "id": 5292, "geometry": {"type": "Polygon", "coordinates": [[[-73.9685628292387, 40.7084991618659], [-73.9684997200452, 40.7069868941772], [-73.9694352989679, 40.7072040318711], [-73.9696005030107, 40.7075396350006], [-73.9688888162737, 40.707386141798], [-73.9690016066663, 40.7105758957097], [-73.9686510934898, 40.7105392076291], [-73.9685628292387, 40.7084991618659]]]}, "properties": {"OBJECTID": 5292, "OVERLAY": "C2-4", "Shape__Area": 148630.56059265137, "Shape__Length": 3162.369314208212}}, {"type": "Feature", "id": 6466, "geometry": {"type": "Polygon", "coordinates": [[[-73.9926849462215, 40.6947376545539], [-73.9928114744575, 40.6944717779896], [-73.994183298703, 40.694849191977], [-73.9940560251386, 40.695114824158], [-73.9926849462215, 40.6947376545539]]]}, "properties": {"OBJECTID": 6466, "OVERLAY": "C1-3", "Shape__Area": 41659.27713012695, "Shape__Length": 1014.8098329738582}}, {"type": "Feature", "id": 7551, "geometry": {"type": "Polygon", "coordinates": [[[-73.9609224522144, 40.6941268138306], [-73.9610160262301, 40.6941159574603], [-73.9610784545597, 40.6943892320579], [-73.9607398505922, 40.6944281732037], [-73.9606817314204, 40.6941547450073], [-73.9609224522144, 40.6941268138306]]]}, "properties": {"OBJECTID": 7551, "OVERLAY": "C2-4", "Shape__Area": 9528.318115234375, "Shape__Length": 390.70367819832256}}, {"type": "Feature", "id": 1651, "geometry": {"type": "Polygon", "coordinates": [[[-73.9999070605403, 40.727134347152], [-74.000178581288, 40.7272682941595], [-73.999580777, 40.7279740944671], [-73.9998460765411, 40.7281049444699], [-73.9996520216695, 40.7283360182356], [-73.9991127826642, 40.7280703841418], [-73.9999070605403, 40.727134347152]]]}, "properties": {"OBJECTID": 1651, "OVERLAY": "C1-5", "Shape__Area": 45250.36013793945, "Shape__Length": 1167.099671707263}}, {"type": "Feature", "id": 1694, "geometry": {"type": "Polygon", "coordinates": [[[-73.9922443213962, 40.7592528118718], [-73.9925600742696, 40.7593857994467], [-73.9922087792289, 40.759859354456], [-73.9918978173494, 40.7597283032505], [-73.9922443213962, 40.7592528118718]]]}, "properties": {"OBJECTID": 1694, "OVERLAY": "C1-5", "Shape__Area": 19657.23565673828, "Shape__Length": 594.6314988231586}}, {"type": "Feature", "id": 1600, "geometry": {"type": "Polygon", "coordinates": [[[-73.975619507131, 40.7244733535003], [-73.9756677035683, 40.724407106915], [-73.976008473245, 40.7245510293888], [-73.9756803890283, 40.7250032224775], [-73.975338391313, 40.724859744531], [-73.975619507131, 40.7244733535003]]]}, "properties": {"OBJECTID": 1600, "OVERLAY": "C1-5", "Shape__Area": 20366.671875, "Shape__Length": 592.9497592437335}}, {"type": "Feature", "id": 2338, "geometry": {"type": "Polygon", "coordinates": [[[-73.9796549485515, 40.7227738420059], [-73.9793715496724, 40.7226542345294], [-73.9797110058309, 40.7221951673046], [-73.9799901237619, 40.7223136403683], [-73.9796549485515, 40.7227738420059]]]}, "properties": {"OBJECTID": 2338, "OVERLAY": "C2-5", "Shape__Area": 17110.38946533203, "Shape__Length": 562.0142773841945}}, {"type": "Feature", "id": 1697, "geometry": {"type": "Polygon", "coordinates": [[[-74.0034350161537, 40.7273965141918], [-74.0035689545464, 40.727064814823], [-74.0039813322334, 40.7271034583453], [-74.0037523563223, 40.7276472374985], [-74.0033486745553, 40.7276103398936], [-74.0034350161537, 40.7273965141918]]]}, "properties": {"OBJECTID": 1697, "OVERLAY": "C1-5", "Shape__Area": 23298.096878051758, "Shape__Length": 643.8037596242656}}, {"type": "Feature", "id": 8238, "geometry": {"type": "Polygon", "coordinates": [[[-73.9466278937699, 40.6998077145776], [-73.9470594168812, 40.6997581731565], [-73.9471140174719, 40.7000400334358], [-73.9445177665379, 40.7003383243966], [-73.9444603629246, 40.700056537182], [-73.9466278937699, 40.6998077145776]]]}, "properties": {"OBJECTID": 8238, "OVERLAY": "C2-4", "Shape__Area": 75643.68264770508, "Shape__Length": 1664.556066099787}}, {"type": "Feature", "id": 4156, "geometry": {"type": "Polygon", "coordinates": [[[-73.9588925601147, 40.7426256707072], [-73.9589840277653, 40.7423510801356], [-73.959342029532, 40.7424166586326], [-73.959268634518, 40.7426211405877], [-73.95916168904, 40.7425990222821], [-73.9591424868664, 40.7426770498228], [-73.9588925601147, 40.7426256707072]]]}, "properties": {"OBJECTID": 4156, "OVERLAY": "C2-5", "Shape__Area": 9719.974731445312, "Shape__Length": 413.84225873293985}}, {"type": "Feature", "id": 1388, "geometry": {"type": "Polygon", "coordinates": [[[-74.0094518548768, 40.7340171127461], [-74.0095823360441, 40.7339952574322], [-74.0095506343411, 40.7342913363448], [-74.0089748354593, 40.7343869211831], [-74.0089823963694, 40.7340957421831], [-74.0094518548768, 40.7340171127461]]]}, "properties": {"OBJECTID": 1388, "OVERLAY": "C1-5", "Shape__Area": 17234.686141967773, "Shape__Length": 547.9153629067207}}, {"type": "Feature", "id": 8384, "geometry": {"type": "Polygon", "coordinates": [[[-73.9565983470389, 40.7119795433009], [-73.9569177234761, 40.711474944857], [-73.957404343728, 40.711652800359], [-73.9570869198425, 40.7121564589334], [-73.9565983470389, 40.7119795433009]]]}, "properties": {"OBJECTID": 8384, "OVERLAY": "C1-3", "Shape__Area": 30532.5486907959, "Shape__Length": 707.2228773230687}}, {"type": "Feature", "id": 8052, "geometry": {"type": "Polygon", "coordinates": [[[-73.954062396093, 40.7101341487146], [-73.9553502753338, 40.7100104190939], [-73.9550690300042, 40.7104524237407], [-73.9546973877056, 40.7104898591249], [-73.9539994047187, 40.7102340929115], [-73.954062396093, 40.7101341487146]]]}, "properties": {"OBJECTID": 8052, "OVERLAY": "C2-3", "Shape__Area": 39204.89825439453, "Shape__Length": 897.8943086053225}}, {"type": "Feature", "id": 1554, "geometry": {"type": "Polygon", "coordinates": [[[-73.9756942231539, 40.7405127971139], [-73.9752207843251, 40.7403132095295], [-73.9755357578467, 40.7398811269394], [-73.9760091933648, 40.7400807132409], [-73.9756942231539, 40.7405127971139]]]}, "properties": {"OBJECTID": 1554, "OVERLAY": "C2-5", "Shape__Area": 26999.918395996094, "Shape__Length": 659.9989823046046}}, {"type": "Feature", "id": 2384, "geometry": {"type": "Polygon", "coordinates": [[[-74.0035760118944, 40.7482284316725], [-74.0032741023898, 40.7481012378269], [-74.0036236791794, 40.7476199688044], [-74.0039261271031, 40.7477471455148], [-74.0035760118944, 40.7482284316725]]]}, "properties": {"OBJECTID": 2384, "OVERLAY": "C2-5", "Shape__Area": 19173.0743560791, "Shape__Length": 592.1017183366107}}, {"type": "Feature", "id": 5633, "geometry": {"type": "Polygon", "coordinates": [[[-73.9729177075462, 40.6929259269584], [-73.9729104450943, 40.6928896336702], [-73.9736617644035, 40.6929171062066], [-73.9737173978258, 40.6931939330488], [-73.9729658234102, 40.6931663734675], [-73.9729177075462, 40.6929259269584]]]}, "properties": {"OBJECTID": 5633, "OVERLAY": "C2-4", "Shape__Area": 20859.148803710938, "Shape__Length": 621.2655736894183}}, {"type": "Feature", "id": 3618, "geometry": {"type": "Polygon", "coordinates": [[[-73.9506985070635, 40.7437213355405], [-73.9508248135237, 40.7436566520803], [-73.9510365859894, 40.7437001422401], [-73.9508568861064, 40.7442401529227], [-73.9500087243475, 40.7440745772977], [-73.9506985070635, 40.7437213355405]]]}, "properties": {"OBJECTID": 3618, "OVERLAY": "C2-5", "Shape__Area": 30880.63702392578, "Shape__Length": 778.9924358126451}}, {"type": "Feature", "id": 1837, "geometry": {"type": "Polygon", "coordinates": [[[-73.9848816436839, 40.7244356986853], [-73.9851971695356, 40.7245687926357], [-73.9844512796464, 40.7255943420094], [-73.9841358119996, 40.7254611622946], [-73.9848816436839, 40.7244356986853]]]}, "properties": {"OBJECTID": 1837, "OVERLAY": "C2-5", "Shape__Area": 42700.64779663086, "Shape__Length": 1054.0123188336213}}, {"type": "Feature", "id": 8172, "geometry": {"type": "Polygon", "coordinates": [[[-73.9497191699893, 40.7155393010255], [-73.9500803354978, 40.7155059700031], [-73.9501628812061, 40.7160654308349], [-73.9498085184542, 40.716097959124], [-73.9497191699893, 40.7155393010255]]]}, "properties": {"OBJECTID": 8172, "OVERLAY": "C2-4", "Shape__Area": 20486.57440185547, "Shape__Length": 609.9479700767491}}, {"type": "Feature", "id": 6082, "geometry": {"type": "Polygon", "coordinates": [[[-73.9606063528838, 40.7066947105598], [-73.9607521871905, 40.7066002741954], [-73.9611094452874, 40.7069207614389], [-73.9610078781922, 40.7074262805502], [-73.9604755060466, 40.7073704167692], [-73.9605390437025, 40.7070423011757], [-73.9603419671477, 40.7068659123902], [-73.9606063528838, 40.7066947105598]]]}, "properties": {"OBJECTID": 6082, "OVERLAY": "C1-3", "Shape__Area": 40665.51753234863, "Shape__Length": 842.9535394993309}}, {"type": "Feature", "id": 6841, "geometry": {"type": "Polygon", "coordinates": [[[-73.9360171869667, 40.7008578023476], [-73.9363526149766, 40.7007667925219], [-73.9365721870368, 40.7012892622366], [-73.9362357057075, 40.7013805566757], [-73.9360171869667, 40.7008578023476]]]}, "properties": {"OBJECTID": 6841, "OVERLAY": "C2-4", "Shape__Area": 19753.49137878418, "Shape__Length": 597.5009740925819}}, {"type": "Feature", "id": 8527, "geometry": {"type": "Polygon", "coordinates": [[[-73.950417799272, 40.7259855392322], [-73.9508351338378, 40.7258487876308], [-73.9509784294889, 40.7261000764141], [-73.9503063070785, 40.7263209245786], [-73.9501628671303, 40.7260690738857], [-73.950417799272, 40.7259855392322]]]}, "properties": {"OBJECTID": 8527, "OVERLAY": "C2-4", "Shape__Area": 20269.801864624023, "Shape__Length": 605.606417709034}}, {"type": "Feature", "id": 6437, "geometry": {"type": "Polygon", "coordinates": [[[-73.9380081055954, 40.7012437086753], [-73.9388764556296, 40.7010318088427], [-73.9392342746411, 40.7012327279044], [-73.9383655147929, 40.7014447553836], [-73.9380081055954, 40.7012437086753]]]}, "properties": {"OBJECTID": 6437, "OVERLAY": "C2-4", "Shape__Area": 25291.898178100586, "Shape__Length": 752.3433651942759}}, {"type": "Feature", "id": 1462, "geometry": {"type": "Polygon", "coordinates": [[[-74.0009213795782, 40.7479107389774], [-74.000605834906, 40.7477775219573], [-74.000955592689, 40.7472974163594], [-74.0012715052035, 40.7474301263417], [-74.0009213795782, 40.7479107389774]]]}, "properties": {"OBJECTID": 1462, "OVERLAY": "C1-5", "Shape__Area": 20007.566772460938, "Shape__Length": 600.1516722486497}}, {"type": "Feature", "id": 4640, "geometry": {"type": "Polygon", "coordinates": [[[-73.9597875921721, 40.740799795682], [-73.9595255206385, 40.74074736099], [-73.9596921824551, 40.7402136364373], [-73.9599544257222, 40.7402646606196], [-73.9597875921721, 40.740799795682]]]}, "properties": {"OBJECTID": 4640, "OVERLAY": "C2-5", "Shape__Area": 15015.946960449219, "Shape__Length": 550.3397717737245}}, {"type": "Feature", "id": 1368, "geometry": {"type": "Polygon", "coordinates": [[[-73.9849653393565, 40.7289078944661], [-73.9846500172179, 40.7287744938159], [-73.9849743160301, 40.7283335853074], [-73.985286961819, 40.7284656249674], [-73.9849653393565, 40.7289078944661]]]}, "properties": {"OBJECTID": 1368, "OVERLAY": "C1-5", "Shape__Area": 18329.160766601562, "Shape__Length": 567.3316319556365}}, {"type": "Feature", "id": 7319, "geometry": {"type": "Polygon", "coordinates": [[[-73.9634088760554, 40.7093892758138], [-73.9635368002114, 40.7087330652034], [-73.9640717280778, 40.7087947833414], [-73.9639439301077, 40.7094503786292], [-73.9634088760554, 40.7093892758138]]]}, "properties": {"OBJECTID": 7319, "OVERLAY": "C2-3", "Shape__Area": 36237.023361206055, "Shape__Length": 783.161280250858}}, {"type": "Feature", "id": 4657, "geometry": {"type": "Polygon", "coordinates": [[[-73.9586035726839, 40.7435223669505], [-73.9587782045012, 40.7429897373025], [-73.9590304493512, 40.7430376415303], [-73.9588504646905, 40.7435695321289], [-73.9586035726839, 40.7435223669505]]]}, "properties": {"OBJECTID": 4657, "OVERLAY": "C2-5", "Shape__Area": 14261.497665405273, "Shape__Length": 542.678441524757}}, {"type": "Feature", "id": 7147, "geometry": {"type": "Polygon", "coordinates": [[[-73.9317773597, 40.6951534295833], [-73.9322104633982, 40.6953994310106], [-73.9318911920944, 40.6957304467141], [-73.9314560486705, 40.6954846463975], [-73.9317773597, 40.6951534295833]]]}, "properties": {"OBJECTID": 7147, "OVERLAY": "C2-3", "Shape__Area": 22479.362365722656, "Shape__Length": 599.7294996675338}}, {"type": "Feature", "id": 6678, "geometry": {"type": "Polygon", "coordinates": [[[-73.9699850202534, 40.6932433282938], [-73.9699832118053, 40.6932343163877], [-73.970745554177, 40.6932594956155], [-73.9708028014318, 40.693546966531], [-73.9700405417111, 40.6935200605217], [-73.9699850202534, 40.6932433282938]]]}, "properties": {"OBJECTID": 6678, "OVERLAY": "C2-4", "Shape__Area": 21922.755630493164, "Shape__Length": 634.4531722584265}}, {"type": "Feature", "id": 6635, "geometry": {"type": "Polygon", "coordinates": [[[-73.9400228017726, 40.6923100119309], [-73.9399657542113, 40.6920255217198], [-73.9403228456371, 40.6919844206997], [-73.9403788380859, 40.69226638785], [-73.9422628852851, 40.6920513116924], [-73.9422060086751, 40.6917676556481], [-73.9425567010232, 40.6917272865061], [-73.9426699323313, 40.6922918729979], [-73.940078847483, 40.6925895298475], [-73.9400228017726, 40.6923100119309]]]}, "properties": {"OBJECTID": 6635, "OVERLAY": "C2-4", "Shape__Area": 96075.65083312988, "Shape__Length": 2077.881341799551}}, {"type": "Feature", "id": 5959, "geometry": {"type": "Polygon", "coordinates": [[[-73.9316328521941, 40.6950713494152], [-73.9313115408432, 40.6954025649289], [-73.9308356717777, 40.6951322664978], [-73.9311528326718, 40.6947986949761], [-73.9316328521941, 40.6950713494152]]]}, "properties": {"OBJECTID": 5959, "OVERLAY": "C2-3", "Shape__Area": 24805.710845947266, "Shape__Length": 630.7610434635245}}, {"type": "Feature", "id": 5604, "geometry": {"type": "Polygon", "coordinates": [[[-73.9575436093283, 40.703807599504], [-73.9575982025611, 40.7037722123981], [-73.9580830981471, 40.7042051453943], [-73.9576677883169, 40.7044723211668], [-73.9571849259188, 40.7040400967954], [-73.9575436093283, 40.703807599504]]]}, "properties": {"OBJECTID": 5604, "OVERLAY": "C1-3", "Shape__Area": 31180.091705322266, "Shape__Length": 715.2429181830526}}, {"type": "Feature", "id": 6243, "geometry": {"type": "Polygon", "coordinates": [[[-73.9497380110913, 40.7030320705374], [-73.9499971003982, 40.7028644675068], [-73.9501003290854, 40.702958812126], [-73.9500875374878, 40.7035410380378], [-73.9497216734578, 40.7037776216148], [-73.949737451073, 40.7030576214221], [-73.9497211305937, 40.7030429908792], [-73.9497380110913, 40.7030320705374]]]}, "properties": {"OBJECTID": 6243, "OVERLAY": "C2-4", "Shape__Area": 26319.35516357422, "Shape__Length": 759.7689622151297}}, {"type": "Feature", "id": 7239, "geometry": {"type": "Polygon", "coordinates": [[[-73.9600154684391, 40.6942391781046], [-73.9600954856617, 40.6942299431983], [-73.9601520020747, 40.6944948828987], [-73.9594813605775, 40.6945683683519], [-73.9594270368505, 40.6943070941847], [-73.9600154684391, 40.6942391781046]]]}, "properties": {"OBJECTID": 7239, "OVERLAY": "C2-4", "Shape__Area": 18219.386917114258, "Shape__Length": 569.5353254985677}}, {"type": "Feature", "id": 1431, "geometry": {"type": "Polygon", "coordinates": [[[-73.9835735157996, 40.7252262612628], [-73.9839148698312, 40.7247584309275], [-73.9842224915335, 40.7248884511995], [-73.9838845111379, 40.7253568016037], [-73.9835735157996, 40.7252262612628]]]}, "properties": {"OBJECTID": 1431, "OVERLAY": "C2-5", "Shape__Area": 19089.6358795166, "Shape__Length": 585.5950522850143}}, {"type": "Feature", "id": 2258, "geometry": {"type": "Polygon", "coordinates": [[[-74.0009639215982, 40.7319711952401], [-74.0010531426917, 40.7318484182359], [-74.0012178521179, 40.7319288977488], [-74.0020185769012, 40.732835765954], [-74.0018550293846, 40.7328920225626], [-74.00070359456, 40.7323294238779], [-74.0009639215982, 40.7319711952401]]]}, "properties": {"OBJECTID": 2258, "OVERLAY": "C1-5", "Shape__Area": 53072.372009277344, "Shape__Length": 1081.521806361263}}, {"type": "Feature", "id": 6978, "geometry": {"type": "Polygon", "coordinates": [[[-73.9455741756068, 40.7079418557046], [-73.9456697723448, 40.7079327426599], [-73.9457606804289, 40.7084881408629], [-73.9452098717023, 40.708540774265], [-73.9451208854329, 40.7079850649678], [-73.9455741756068, 40.7079418557046]]]}, "properties": {"OBJECTID": 6978, "OVERLAY": "C2-3", "Shape__Area": 31332.07699584961, "Shape__Length": 715.1464494327078}}, {"type": "Feature", "id": 5945, "geometry": {"type": "Polygon", "coordinates": [[[-73.9423743351932, 40.7031458861392], [-73.942467392591, 40.7037093524666], [-73.9419674690525, 40.7037562793393], [-73.9418811096022, 40.7031941622566], [-73.9423743351932, 40.7031458861392]]]}, "properties": {"OBJECTID": 5945, "OVERLAY": "C1-3", "Shape__Area": 28662.228881835938, "Shape__Length": 690.6374620179516}}, {"type": "Feature", "id": 2072, "geometry": {"type": "Polygon", "coordinates": [[[-73.9779160554289, 40.7496575093226], [-73.977600076006, 40.7495243408868], [-73.9779433451922, 40.7490535441042], [-73.9782590638112, 40.749186531457], [-73.9779160554289, 40.7496575093226]]]}, "properties": {"OBJECTID": 2072, "OVERLAY": "C1-5", "Shape__Area": 19623.536529541016, "Shape__Length": 592.3798551552486}}, {"type": "Feature", "id": 5355, "geometry": {"type": "Polygon", "coordinates": [[[-73.9395117439079, 40.6928395704862], [-73.9398574778181, 40.6927995203437], [-73.9399723249238, 40.693356864739], [-73.9396243404803, 40.6933967186331], [-73.9395117439079, 40.6928395704862]]]}, "properties": {"OBJECTID": 5355, "OVERLAY": "C2-4", "Shape__Area": 19987.096084594727, "Shape__Length": 605.4771685617021}}, {"type": "Feature", "id": 1474, "geometry": {"type": "Polygon", "coordinates": [[[-74.0015014829526, 40.7317078312758], [-74.0016079950259, 40.7316704218132], [-74.0020207181439, 40.7321257231739], [-74.001688984813, 40.7322432700857], [-74.001275550582, 40.731787180507], [-74.0015014829526, 40.7317078312758]]]}, "properties": {"OBJECTID": 1474, "OVERLAY": "C1-5", "Shape__Area": 20166.912704467773, "Shape__Length": 606.2453302844291}}, {"type": "Feature", "id": 8464, "geometry": {"type": "Polygon", "coordinates": [[[-73.9436180591344, 40.7023150745124], [-73.943981054034, 40.7022803073682], [-73.9440721433852, 40.7028376876376], [-73.9437087372377, 40.7028710923919], [-73.9436180591344, 40.7023150745124]]]}, "properties": {"OBJECTID": 8464, "OVERLAY": "C2-4", "Shape__Area": 20738.058807373047, "Shape__Length": 611.6985026871405}}, {"type": "Feature", "id": 5553, "geometry": {"type": "Polygon", "coordinates": [[[-73.9433366010947, 40.7044951453318], [-73.9434063799339, 40.7044883979041], [-73.9434989269893, 40.7050508031411], [-73.9429612214043, 40.7051009044877], [-73.9428653459415, 40.7045407052232], [-73.9433366010947, 40.7044951453318]]]}, "properties": {"OBJECTID": 5553, "OVERLAY": "C1-3", "Shape__Area": 31069.326858520508, "Shape__Length": 713.7338256901179}}, {"type": "Feature", "id": 4379, "geometry": {"type": "Polygon", "coordinates": [[[-73.9541547222903, 40.7429689107482], [-73.954201037303, 40.7428292884262], [-73.9545550949044, 40.7428974394724], [-73.9543700150379, 40.7434493231466], [-73.9540181608584, 40.7433805969935], [-73.9541547222903, 40.7429689107482]]]}, "properties": {"OBJECTID": 4379, "OVERLAY": "C1-5", "Shape__Area": 20926.382888793945, "Shape__Length": 616.5256307122205}}, {"type": "Feature", "id": 8209, "geometry": {"type": "Polygon", "coordinates": [[[-73.9720211208956, 40.6933987826426], [-73.9720042639411, 40.6933145940792], [-73.9727635833299, 40.6933413828283], [-73.9728187472784, 40.6936181010177], [-73.9720596755305, 40.693591320799], [-73.9720211208956, 40.6933987826426]]]}, "properties": {"OBJECTID": 8209, "OVERLAY": "C2-4", "Shape__Area": 21075.734451293945, "Shape__Length": 625.4684642838849}}, {"type": "Feature", "id": 8364, "geometry": {"type": "Polygon", "coordinates": [[[-73.9598646570407, 40.7153210784395], [-73.9595882898638, 40.7151473047944], [-73.9599694903915, 40.7152463869689], [-73.960256057661, 40.7153616804609], [-73.9601245860341, 40.7154845150677], [-73.9598646570407, 40.7153210784395]]]}, "properties": {"OBJECTID": 8364, "OVERLAY": "C2-4", "Shape__Area": 6351.086074829102, "Shape__Length": 452.11349882275505}}, {"type": "Feature", "id": 6200, "geometry": {"type": "Polygon", "coordinates": [[[-73.9690024015045, 40.6933980101299], [-73.9689642820615, 40.6932072891955], [-73.9697167805982, 40.6932371876701], [-73.9697713643102, 40.6935104510052], [-73.9690195922132, 40.6934840146572], [-73.9690024015045, 40.6933980101299]]]}, "properties": {"OBJECTID": 6200, "OVERLAY": "C2-4", "Shape__Area": 20740.307067871094, "Shape__Length": 620.334541879117}}, {"type": "Feature", "id": 7866, "geometry": {"type": "Polygon", "coordinates": [[[-73.954442476435, 40.6913942886446], [-73.9542565988772, 40.6914155408731], [-73.9542032013494, 40.6911449495851], [-73.9543878565125, 40.6911230494888], [-73.954442476435, 40.6913942886446]]]}, "properties": {"OBJECTID": 7866, "OVERLAY": "C2-4", "Shape__Area": 5188.818161010742, "Shape__Length": 303.61593898533215}}, {"type": "Feature", "id": 2264, "geometry": {"type": "Polygon", "coordinates": [[[-73.9783413310385, 40.7245773886449], [-73.9780378465447, 40.7244495569882], [-73.9783839873152, 40.7239831856236], [-73.9786825044248, 40.7241089821066], [-73.9783413310385, 40.7245773886449]]]}, "properties": {"OBJECTID": 2264, "OVERLAY": "C1-5", "Shape__Area": 18608.027557373047, "Shape__Length": 580.974810452635}}, {"type": "Feature", "id": 9589, "geometry": {"type": "Polygon", "coordinates": [[[-73.9583720727145, 40.7193628690291], [-73.9584353407032, 40.7193047441492], [-73.9587099093067, 40.7194759452573], [-73.9584766283222, 40.719693701048], [-73.9582000507285, 40.7195209065575], [-73.9583720727145, 40.7193628690291]]]}, "properties": {"OBJECTID": 9589, "OVERLAY": "C2-4", "Shape__Area": 10107.784454345703, "Shape__Length": 402.21244777536447}}, {"type": "Feature", "id": 7033, "geometry": {"type": "Polygon", "coordinates": [[[-73.9509882947531, 40.7132424212382], [-73.9513453935336, 40.7132079111455], [-73.9514712969328, 40.7139677000388], [-73.9494563172853, 40.7139645970815], [-73.9494102984723, 40.7136804972325], [-73.95103426809, 40.7135246744036], [-73.9509882947531, 40.7132424212382]]]}, "properties": {"OBJECTID": 7033, "OVERLAY": "C2-4", "Shape__Area": 87796.4768371582, "Shape__Length": 1599.07593843589}}, {"type": "Feature", "id": 1525, "geometry": {"type": "Polygon", "coordinates": [[[-73.9634868892702, 40.7583968843596], [-73.9631712252324, 40.7582637612634], [-73.963522814387, 40.7577813086056], [-73.9638384614351, 40.757914450554], [-73.9634868892702, 40.7583968843596]]]}, "properties": {"OBJECTID": 1525, "OVERLAY": "C1-5", "Shape__Area": 20095.300872802734, "Shape__Length": 601.9059812370798}}]}